,Asset_000,Asset_001,Asset_002,Asset_003,Asset_004,Asset_005,Asset_006,Asset_007,Asset_008,Asset_009,Asset_010,Asset_011,Asset_012,Asset_013,Asset_014,Asset_015,Asset_016,Asset_017,Asset_018,Asset_019,Asset_020,Asset_021,Asset_022,Asset_023,Asset_024,Asset_025,Asset_026,Asset_027,Asset_028,Asset_029,Asset_030,Asset_031,Asset_032,Asset_033,Asset_034,Asset_035,Asset_036,Asset_037,Asset_038,Asset_039,Asset_040,Asset_041,Asset_042,Asset_043,Asset_044,Asset_045,Asset_046,Asset_047,Asset_048,Asset_049,Asset_050,Asset_051,Asset_052,Asset_053,Asset_054,Asset_055,Asset_056,Asset_057,Asset_058,Asset_059,Asset_060,Asset_061,Asset_062,Asset_063,Asset_064,Asset_065,Asset_066,Asset_067,Asset_068,Asset_069,Asset_070,Asset_071,Asset_072,Asset_073,Asset_074,Asset_075,Asset_076,Asset_077,Asset_078,Asset_079
2023-01-02,0.5888450298544621,-0.9323117460672575,0.46103574697451355,1.698226402288935,-1.507501845323789,-2.1212328677686743,1.232639109627896,-0.43182461264508676,-0.13089473974486326,-1.2895220201939799,-0.04107699984122634,1.2745639849033565,-0.3672002219254829,1.173095607269563,0.7098033947332919,-1.174560053799726,0.521361013924903,-1.7230892661696944,0.2548473940003073,0.08391086896474018,-0.7633255766313736,-1.6281374046313388,0.7080952087397101,-0.20036657735475155,-0.356498452781135,0.14269758108036582,1.219214285898614,0.8169463585900878,0.8431889159089434,0.4352946825523487,2.779901551067406,-0.18651976868572837,-0.22217623948328685,-0.8706023612487632,0.6822637210859782,1.1110110177179031,-1.1128093571678,-1.3020270832944285,-1.1358653548393558,0.8447525778741664,0.3958206591567699,0.28281271873522434,-0.29861173795642093,-0.19518962688060867,-0.41974874750583036,0.6680925458418168,0.9954727879469891,0.8485153552547505,0.9042528705074512,-0.029928197744725018,0.49121341375684235,0.5763470058516181,-1.7702267660273836,-0.28117074708469914,-1.1543318391171158,-1.545356413901276,-0.2560994473304528,1.8286385100849476,-1.1293573624976225,0.6669380738035713,-1.050701417752685,-0.33795567858678927,0.5181768916012262,1.0377636837280022,1.315355366388358,0.8553833705221955,-1.151882993264289,-1.377774855876694,0.6680938142037467,0.2958791832439652,-1.2222765635011803,-1.0058645948789495,-1.7229581582391467,1.0430871724355135,0.6774375494205809,0.6909512640590615,-0.17235240198021454,-0.0014756542862676665,1.0076774251011036,-0.7287983606911336
2023-01-03,0.6182737505602234,-0.3860772575335628,0.5896054338505545,0.2471333959607857,-1.3916669169037215,-1.8350879348984444,0.7235963788556508,-0.6117226295920648,-0.20151286221299994,-1.0764211731850735,-0.25456658497209894,-0.11769369156062977,-0.1730744193160051,0.4554838554314636,-0.4472361085250376,-1.2521046074991165,-0.051562541920438354,-1.0529052539597823,0.049697146217003996,-0.982387977936465,-0.8070006204759668,-2.319530222636803,1.0864704353488517,0.8383155669902307,0.5776596200533517,-0.2433723513187903,1.788881043599519,1.0657164429290436,-0.2975554033188815,-0.3438030399325708,1.927014066241494,-0.20410264635052017,-0.03288894335723528,-0.9031055225001954,0.5749375843439944,1.6005906302949258,-0.7435120130022633,-0.9932408145177785,-0.9719353883827615,0.6121234579670909,-0.6321823056811053,-0.28202648937320285,1.3648424061445226,-1.1128010223972746,0.1249279311788863,0.7166719649318031,1.4589859138518624,1.0051991633634105,1.5667262442685792,0.17779419037331123,0.9686739050279715,0.6320742114434518,-0.19553235849069114,-0.37205128189530423,-0.6388905667458817,-1.6107113643714646,-0.006654125385943852,1.6946122075983372,-2.4396252733203188,0.5471995208024885,-0.32667904440898243,-0.9986604779402225,-0.09778275703166427,1.5713405461177585,2.1138270130900687,0.430278825062916,-0.7020714874588699,-1.1912722305842407,0.9620954014411797,0.31503678823762993,-1.1223786580796329,0.39330061876959754,-1.5028681618200435,0.5698236367857765,0.423853873267593,1.4694570102899913,-0.9705287660847424,-0.5165183786233948,1.1080288449254352,0.043052649885432906
2023-01-04,0.639407777073649,-0.5955089898279625,0.7772905912164151,-0.4215210440206149,-1.2362753818191006,-0.7382992802159638,-0.09572881420605928,-0.9915658235389201,-0.5901062115609075,-1.3826866150238886,0.6154701632969295,-0.5847631966048072,-0.7364183827453633,0.3964457338608863,-0.6240936414461067,-0.6475232039554106,0.216713909809173,-0.886811761036335,-0.8539880499962254,-0.6085633176069004,-0.41548111037870333,-2.469602947556087,0.4632439783833014,0.6515596335135941,0.8674813439003533,-0.27086949380750674,1.1627724631566787,1.3705701282650231,0.8503835304602714,0.40877452053684443,1.7586474646640833,0.1655519929839891,0.18243453862547776,-1.4607424939717073,0.26780897571815865,1.8023690021137764,-0.8047793744510781,-1.0772801717212361,-1.0929813560555774,0.9257423317098517,-0.9668730977562163,-0.7569471257586817,1.7900632694545147,-1.5412265490508228,-0.3606251696370924,0.7154020347993872,1.1948827844547392,0.6995361311793012,1.5503369777886593,-0.8641071106164275,1.2730715329873403,0.4032005979089024,-0.1363038097695939,0.5368909167492795,-1.4918023936303166,-0.9689477707578461,0.3403901803822541,0.8880585544223023,-2.1888728051516226,-0.013405402165271432,-0.8560813752120616,-1.0596083698373762,0.5346678457875659,1.0634927719682434,2.0112994124842003,0.9472512462529187,-0.6299795271969071,-0.5023886948749745,0.8635023905620447,-0.8765990654221858,-0.7647963480640282,0.6205147599387217,-1.4797926471483784,1.1611971538508588,0.01277907493754301,1.3651631355295761,0.42432913271379485,-0.06704904700390653,1.6238700018114414,0.5684289853481262
2023-01-05,0.022950853650011645,-0.1583681946805263,0.10500063016128215,-0.5344942924788438,-0.894117941550456,0.3981305432183815,-0.16278492705558353,-1.832605433222554,-1.2235892811793223,-0.9654645842385904,-0.35777829163503133,-1.4863905069526224,-1.4720121554755456,0.6492040539106814,-0.06378753162357928,-0.6423486733553345,0.2996940925260018,-0.3450160314017961,-1.3097111548779066,-0.14469796123287126,-1.0260082519249587,-1.753767409012063,-0.3855485482033951,0.0391172157775308,0.6484211301916462,0.588218016096609,1.493461446350857,1.7722193814966647,1.2301250220996272,0.13356672839521908,1.2534919602197012,-0.21334993847113262,-0.9958162411926669,-0.6312091927617254,0.15463297218497304,0.8350182143472394,-0.039168833605537,-0.9418672312442982,-0.6237209172608196,0.6283956522939544,-1.4296179645853806,-0.19780448054654298,1.857353468153083,-1.4135364376717872,0.1642591058393485,1.2350429186689662,1.3557413509561382,0.3652964813380171,0.7627460397862906,-0.23349161961175036,0.0962202548732726,0.49721485817213545,0.01609546515516754,0.5387251305294474,-1.1493001204084599,-0.4927306123685423,-0.0024224390366387382,1.4233771150463979,-1.3761963798229904,0.20751090057849994,-0.8209923666602442,-1.3160994238981985,1.7207817746302447,0.9076872692814356,2.8238330818790245,-0.14322071415216034,-0.6957221765041482,-1.015230979125659,1.1887622381158234,-1.1219994414341212,-0.11175016868128407,0.6919778991808626,-1.3485938084653408,1.207131226171469,1.6030155447809997,0.6505837522775417,-0.03808609493153547,-0.4250573969248831,2.0458178877552475,-0.07534552662296488
2023-01-06,0.9447985105366157,0.1076574858246185,0.45366245899498897,-0.4746774532230913,-0.6173002986697096,0.1920595174680359,-0.050205848125807626,-1.2131793333748317,-1.4945618824721218,-1.3810960734182072,0.08910567688171096,-1.4081214322362297,-2.3708802766420094,0.43532194936577023,0.6379813556952817,-1.1405322727123735,0.4033866610178854,-0.8969423455219422,-1.8985455369689261,-0.9612283480130004,-0.6697063823500232,-1.6889042232153666,-0.4543470012596418,-0.3846951559317813,1.58802789059069,0.04306429887712397,0.9449162012294616,1.43221776536012,1.228536981678791,0.5245413558375958,1.6681064059741524,0.18804619134468636,0.8078772356553918,-1.403419088052037,0.09085637863681743,0.8179689238954293,0.7747350744078063,-0.570978250496786,-1.5697343272665252,0.5610052190006147,-1.1831135421144117,-0.3897021016414708,1.3365596876306585,-1.1933547502644066,0.1325422868186759,0.8919812286874664,1.3790872915914345,0.45680592362505545,1.5199450106020682,-0.0007468914637385558,0.22888660661780091,-0.6682055617950678,0.4381397863891449,-0.26275822970236035,-0.41530465256802435,-0.28308123426420995,0.3666586412059665,1.8811903987530982,-2.6660819002667884,-0.5883810235190294,-0.3740888045466081,-0.0045457577120982685,1.5773235232854892,-0.6876504718677131,2.4145625279770813,0.08445878356096118,-0.03076623697694855,-1.1698303476620842,0.7246591284148709,-0.09381681578690848,0.680780697357867,0.044752864922449204,-0.5003281887545723,0.7028574623321278,0.9896337243611667,0.23478391976833776,-0.10077705521214285,0.10846420921333028,0.6374776555203611,0.4961641991599941
2023-01-09,0.892989243707071,-0.2584774494889017,0.3323835852410938,-0.8889322030289221,-1.4184042621646191,-0.19520398190927743,-0.8276364620736046,-1.9094675341801566,-2.170734664185648,-0.7006407548663409,-0.9182088353851818,-1.0559138405917112,-1.4686143754083583,0.7471284798164791,0.2580425178310672,-0.9899348956963736,0.12390430435700273,0.46028218144427635,-1.204711718527886,-0.5972365206241799,0.9030569912183988,-1.3906033729022607,0.21306169494588215,-0.29910416178291166,1.5139520850524872,-0.24976987019194163,0.16032422655115805,0.4894160957599206,1.0700467664617126,0.9119769022772267,2.200517981553964,0.12488962080970753,0.9819436495325156,-0.9553920076091057,0.1002166488418687,0.1634176604743516,-0.19996526275578141,-0.7032480134356334,-1.4645910392550388,1.4397085123299356,-0.32919611855863806,-0.089095760236693,2.315202330914514,-0.8382961498852547,0.6495685618797772,0.4891969748251998,0.5395146943610736,0.13625484914345976,1.795428557164109,-0.40714860047743445,0.12726250835730632,-0.17576531330042577,0.36579112088526683,0.5965748312222392,0.40628406306941456,-0.4513750209221889,0.4194989021349892,2.0655816294180025,-2.402792183205496,-0.7403256792064663,-0.6074287440786285,0.5749898731135563,1.378146989820699,-1.9023826354733677,2.004109241255523,-0.46773439216105345,0.0003220541773113429,-1.221873562704527,-0.06267596939968187,-0.09024386663194234,0.5583871426953829,0.6129513827617099,-0.273678885635464,1.087612432062559,1.4214892168925708,-0.6609642024063408,0.43479516434995014,-0.2828939026398946,-0.2269520186511146,0.03139256292771198
2023-01-10,1.2673878214059595,0.6733360058217335,-0.36074921322624826,-0.09168303235287195,-0.426627815578984,0.6332248097633152,-2.7832532611358216,-0.26898589693513486,-1.4194448422541242,-1.8670485508142367,-1.3834568258875204,-0.25644770194494887,-0.9975999353331049,0.4810086135146614,0.3899521900142036,-0.8384447023886392,-0.2686610511712586,0.006301206689231413,-0.7499390433978632,-0.8571088268442538,0.08202812027287647,-1.5789713108528096,-0.571651436276605,-0.3742579761241251,0.16959990476442172,-0.1415802331073928,0.6103064722746849,0.308161195813488,0.6744696178731099,0.6661277957072925,1.2597847106451696,0.6568701173311344,0.3592451947117003,-1.2612715433138284,-0.04539383131698263,0.7052096678953477,-0.2947288658902166,0.4412835529893161,-1.313696895100519,2.0574697992954984,-0.7388224817702569,-0.9285876329656821,1.9590169363894825,-1.2528594538639635,-0.7891696248460313,0.8210172621150947,0.8806729710718729,-0.5893393754049056,1.838730912380919,0.08802912891491449,0.7134320515436703,0.2231985530777917,0.3515025445054221,0.652120712366105,0.4175135356336452,-0.5705254809565582,1.0213877340680246,1.0092799195263176,-2.7041306404571515,-1.1320257314957882,-0.6398351437531755,0.7377942229349602,0.6204176228420671,-1.4690006440270362,1.5676925833258302,0.40955269028380625,0.7786042466783556,-1.0609829619198927,0.612618351147671,-1.2554837375528627,1.8668322889815097,0.34330390559524715,0.21929488083830817,1.0875489483769352,1.4615856408230987,-0.07938776013672269,0.7602648226483425,-0.4665837523943589,-0.2947282581332981,0.2392862080726341
2023-01-11,0.9545993574916928,0.8930619767898088,-0.08870974018314995,0.25684707814312396,-0.2306934018006223,0.014734936903002087,-2.2143855262860894,-1.4637356180752055,-1.447381646723416,-1.398503296235489,-0.757554276344432,-0.02613856600735912,-1.1843716142139573,0.44438112342142544,0.5158935740563229,-0.6267015520294156,-0.747563927831452,0.38237014474980735,0.699462281952324,-1.0621095650141577,-0.4614120168157223,-1.940695932907474,0.828887636491934,-0.8275582700121709,0.3297579868889343,-0.2535958025702867,-0.03911027562515222,-0.6635023443575713,0.7844087170357481,0.9570684446950254,0.9049922149708477,1.3942049938406453,-0.8356602376887177,-2.1059282608939807,-0.8685473963675882,0.7687675925770867,-0.6240831667264753,0.06650001594667156,-1.1367337618588629,2.3135543077423892,-0.1381528084075921,-0.6462380959537122,1.8412286180910156,-0.47006434211061504,0.4578645864388277,1.4386413818429706,0.3306653044495836,-0.3593414289092179,1.9455388736852515,-0.558021978021575,1.1192718064909264,-0.09539089569951742,0.6119741602802844,0.17300682121830063,-0.754911210507482,-1.0664711310659658,1.167326476202172,0.09827626659291185,-2.8107363059382164,-0.596947007728047,-0.03135647431108954,0.9539506168547988,-0.029935403978774183,-0.3935477045142624,1.1185154506340644,0.3006845163644142,0.6393886238997619,-0.9896823470358973,1.25067675033521,-0.39591818739785184,1.9601193118129578,0.025569807393956284,0.4305781052609404,1.0617597761906732,1.398852955966667,-0.42840712029279276,0.527669061485961,-0.34392496093875286,-0.46181354974768773,0.21448549393935973
2023-01-12,2.0639831820710666,1.1869905118814188,-0.08808806131431962,0.05040872325819115,0.3541320996336978,0.9606486969795123,-1.3174171991774652,-1.8446435035162896,-1.241617060638033,-0.42335905536796187,0.4446163086064721,-0.5863501840432955,-0.9179864325144412,0.5042516193773953,0.14721184152628325,-1.2349888126259934,-0.5224446598923592,-0.783770052963714,-0.4806502546394397,-0.745278556180364,0.1716979710512986,-0.9092218611118577,1.0496616237995076,-1.05709852946761,0.861679594698328,-0.6276076383749318,-0.3966623204301614,-0.3549811163510207,0.6535661586983816,0.5036435552293498,-0.43594650692666914,0.8962961467857806,-1.2276186464431187,-1.4254867952764545,-0.924957825627211,0.7370756543597891,-1.6498838565004745,0.20653872890548694,0.3757102600345072,1.6000781327586588,-0.15133246543798395,-1.2244317287167577,1.1562721945280376,-1.2725191140941141,1.402309392136163,0.957222691881327,0.0883426841515602,-0.2751216675199433,1.6969911906388708,-1.5191417259070894,1.447388536534653,-0.6227006131611014,0.9276052024774459,0.14361876714511068,-0.351830436618225,-0.3984513912801625,0.9573502505819341,0.37346777025445094,-2.3301805998020497,0.5787417268632015,0.08504041746256141,0.6244026566928503,-0.5300058191510584,-0.4252394963628899,0.9424507528036804,0.09695845108767272,1.5915858713053386,-1.5932228675220437,1.3867887342978653,-1.045703544667034,2.6251982412144144,-0.5105977742000208,1.3376628107727675,0.8278290092731236,-0.0564085638878731,0.5778837370064597,-0.04360025738977196,-1.0347201317193389,-0.017043728949737984,0.0050089570057689535
2023-01-13,1.901931824919327,1.9129964752549176,0.03835505500818607,0.45673153327585636,-0.1859374124859368,1.2698460076333653,-1.157751906784026,-2.306679325730677,-0.9443878162844468,-0.5278960253641534,0.654326827689753,-0.8893587053469838,-0.3045373668434865,0.21214180613316075,-1.4880502441613128,-1.68783812771434,-0.17214199552001697,-0.3285189900339021,-0.5016957013359037,-1.3051813694987948,-0.23387733464743554,-1.3845047621644675,0.5562406676108019,-0.8275056013399034,1.0778736767729677,-1.3121377644070609,-0.28786981348005597,0.4968320740976007,0.9946692274832092,0.24781778138689067,-0.57711655502673,1.4449526945295,0.09883285365822811,-1.6823852259559435,-1.53651666602821,0.9825255069334324,-0.7628216983048235,0.5073332417704601,1.4127566242129428,1.031672175823047,-0.0705705548565959,-0.3918075783628843,1.4311943887678495,-1.3658453020467023,0.7387006057061616,0.6271443706232528,0.6584536087612872,-0.64487722539743,1.307937353988567,-1.1118656619289127,0.9306722011007208,-0.4236754523214574,-0.41129631943458267,0.03764626221569848,-0.5055681275160031,-0.21910243176587718,0.3627411441751406,0.571218424373244,-2.088920959718696,1.054525747910636,0.3062175200301328,-0.5494146454311813,-0.9147611248026595,-0.6256836186426608,0.9122397428851761,-0.10715183141298028,1.1436001367323676,0.5585785708180696,0.6197977809116028,-0.18359781532020264,2.1778107248877796,-1.807500248530323,1.0035991215600724,1.5847231461382512,0.22582011890194625,0.6103654431510268,0.21857188922859772,-0.939896373700778,0.3942061939077832,-0.00735487132047113
2023-01-16,1.1341246872936035,1.5355224651021318,-0.19210620938298575,0.9785341630519002,0.19927689725059142,0.4835984076526468,-1.6841234644659708,-2.018631281150408,0.5045728735057643,-0.7973145022958257,0.9656991570391261,-1.5339922966508839,-0.5412345358289805,-0.3616137987939295,-0.23114337402996965,-2.323864534807638,-0.8053041215085486,0.12237034078820747,0.3087717762373128,-0.8713039956958891,-0.06947242432870775,-1.6935661748537405,-0.098194552898621,-1.0963136175059642,0.4196112925215257,-0.9660683740587973,-0.694807216044319,0.6183336612892851,0.44058721191076544,0.08864416496524284,0.04592939121080915,0.5144867228600843,0.5374024733698056,-1.113012444060486,-1.6825641913039608,1.1871630386807457,-1.7707819605601425,1.1806216718809295,1.234047788786357,-0.30023285907456043,-1.0126720490102326,-0.2771620897723145,1.8224354736499244,-1.1144984683746508,0.8330094318872302,0.853299195187219,-0.34479981037584234,-0.34042761402712335,1.729546525555117,-0.24142715737252782,0.2788049794373699,-0.3890305401179171,-0.6794787719775963,-0.3172802061756462,1.0676207758754184,-0.3594672723717601,0.9226301094045707,0.6449550629880703,-1.5753876455966993,0.4339902237592576,0.7265865978407089,-0.7701710891895928,-0.44973958532411645,-0.9236184725255294,0.5647675192881796,-0.27015361732365817,1.4792279906642711,-0.7798733644556674,1.8008979680950916,-0.3511875721338304,1.6251306106178296,-0.6095703493910695,1.2684823723505465,1.5667251305707868,0.5869301805041954,1.4543160191292945,1.0184696073205473,-1.1813754182127685,-0.03466662395468796,-0.309490312538905
2023-01-17,1.8966525188555758,2.3004247327379304,0.3120136520694316,-0.49205045001174846,-0.7729889506804238,0.7562148028929664,-1.1183512684571473,-1.707151075620809,1.0459091310575985,0.17701368664587214,0.44393311057949614,-1.793082869377069,-1.1118750955764063,-0.09049034886505611,0.022139045533821792,-2.328781689159398,-0.24644576662103293,-0.542193408858824,-1.089786792114807,-0.9575668422374115,0.6955595565870198,-0.7367943380772316,-0.8477109189874504,-1.4579716306678516,0.9298679687394134,-0.7215124493946846,-0.042698831500175644,1.0068122224677687,0.8190929468286082,-0.40728379939187037,0.08125992230904983,1.7986905306456196,1.003573139072023,-1.1118121067923745,-1.2231345312557724,0.270156416171417,-2.0788193006144704,0.533706930462038,0.3498627932662832,-0.5407728465143213,-1.7380647912002072,-0.8351992263777179,1.716092838918189,-1.1399368960593896,0.28914877102123226,0.9580660889913496,0.5040592221041807,0.9051199432901826,1.436233071181774,-0.5580903192711918,0.12890311650347083,-0.2897761724677047,-0.6368084266545223,-0.4903187562809122,0.7088810305707904,-0.895279161834077,-0.5845018437514804,0.4589430916231651,-0.7476712814738612,0.8411762939705223,1.2871973230781617,-0.9853556644447502,-0.5520893894398432,0.30907176728911817,0.03429673270079191,0.07893883649600385,1.9341875050614692,-0.7568230678429523,1.1575711328665903,0.4447290268446935,1.4235425953610132,-0.2939217771503974,1.3612248298371574,0.1363966297287108,0.7790099766389583,1.041919888058973,0.5604888736067168,-0.5750936914465471,-0.19676577636079598,-0.24311013983246058
2023-01-18,1.5471210679857625,2.3730692203662986,0.5688638807124886,-0.5538398234647298,-0.7912505034147446,0.24700658666265235,-1.4035724343318492,-0.8715100390525554,0.9900607901154626,-0.19084977847535806,0.5723449262520012,-1.719507596303063,-0.3908494719783756,0.5140943047677129,0.17906885634229427,-1.4465886560982797,0.11874083442248545,-1.1124295935812434,-0.7860188059213435,-2.0100884219068904,-1.1195321040539072,-0.5422659946630719,-0.32609173181954015,-1.395812574775496,1.3868981988392903,-0.7750856979225028,-0.16197534909314895,1.558550785857752,0.6449390029097519,-0.25755574856622093,0.6937826836364656,1.7249061851380703,0.4436122488605266,-1.1404935618862453,-1.864080333053628,-0.4482092945924913,-0.8715851803831793,0.17308061763927227,0.16238205676174372,-1.2760480183535943,-0.41093564751192524,-1.204193945800718,1.1814446360028332,-1.0325892327628132,-0.320981571730966,1.1742207539564258,-0.20450855456599953,1.6350962116907477,1.879262445658289,-0.46165865798819866,-0.6367367197160314,-0.7453139123431471,-0.534731261887666,-1.1622205178933234,-0.12197213124677754,-0.38325308218383797,-0.2657047896434409,0.47812409385661975,-0.49635663994037194,0.8770714618918191,0.9088333484786166,-0.77944818395326,-0.2183212676517517,0.37430861121886994,0.8506359372296559,0.044094645426076676,1.1870173648319362,-0.18625289999382852,1.3945587802131987,0.0698377228972119,1.8808385733974744,-0.21838952827450103,0.7506073148207928,0.4666081394304733,1.691719157315498,0.851647708739975,0.41787030505176176,-1.5909846479057275,1.0612337924084958,-0.6437593451010599
2023-01-19,0.8639674458382947,1.8931584743402543,0.8698436681213098,0.5472565364788173,-1.1040788678547215,0.2582112804265591,-0.8504476382400441,-0.35583383151386005,0.8036968000986234,-0.061152163288769316,0.6278973775092064,-2.1449608430761162,-0.09747231441942114,0.3474800718403346,-0.18785156598699138,-1.4973809720435163,0.26992758638914727,-1.6020623953288986,0.946352899199288,-0.7371132601603517,-0.512294292802893,-0.7419966853584204,-0.9869025524025279,-1.1730032625778406,0.9095009203161188,-1.3780922518835974,-0.0755463001484344,1.5432762107584297,-0.80169514365822,-1.0173777723364859,0.9295581357661253,1.7118216236111345,0.0030844711334750423,-0.6981192599192687,-1.776574338081797,-0.302494862049506,-1.7200483073575814,0.15989965230167563,0.7427066782212459,-1.4915273664622832,-0.10838242934702008,-1.1743243109494963,1.5743832318535729,-1.1245872276121607,0.5746080367709726,1.5696817669311927,-0.16223524805183356,1.421041166589483,1.2263511940375873,-0.8036321751676214,-0.6272367361923984,-1.2328952337555004,-0.9761536745024886,-1.6780539169116073,0.3011115230179789,-0.3174142265763912,0.2398799355358537,0.25142309342835223,-0.8097133666724773,-0.04883391166460182,1.2389537508380088,0.21446934328491252,-0.057775656872526594,0.13949774101461646,0.7474813846670435,0.6110201937337629,1.3520723335573293,0.760046443731569,1.0237110086186305,0.4623629390081302,1.2399061784137388,-0.3848798110804399,0.7832951701480123,0.5618011395700894,1.4798493057823394,1.2043599429756162,0.3571132341659867,-1.7390336241276692,0.8193534374507181,-1.0222355310397562
2023-01-20,1.3643444730661258,1.7394222635119356,-0.056131192805468376,0.40897440279755937,-0.5195369474720823,-0.39881517851452375,-0.5684385060858762,0.271520858298135,2.0110319285364495,-0.2224609724434625,0.6219473323589736,-1.9072683357772628,0.16467018379036502,0.5333775122292727,0.5199471066079796,-1.5878231391562203,0.5777554963714798,-1.4445038627226265,-0.35794256133390123,-0.27746304637166347,-1.4143380961803451,-0.6732213818280441,-0.9621754110472539,-0.9671105918504034,1.2815003647861472,-0.8356362862627401,0.5617647036000554,1.6858377492460237,0.6346275265894761,-1.165108532445907,0.23508133838753725,1.2877798736637789,0.45399796025377853,-1.638409052018805,-1.8892301967094685,-0.9512752286957576,-1.2721802653040355,0.7838764091633033,0.14471197713643763,-0.8138141347438493,-1.40378730985822,-1.237778898672099,1.5600128992446864,-1.4195312785602456,1.006932050914561,0.21878592936225733,-0.3921919717118516,1.3898287700131213,1.4190531850898949,-0.727768835832213,-0.45088361277230543,-1.5412423609384447,-0.8856598209983033,-0.1517883669810053,-0.3342915968718505,-0.6447529900882857,0.7866089628395885,-0.24080781681447605,0.354448187042638,1.1955189587951138,1.163014575601138,0.5927597152948988,-1.0085870729020874,1.0180663656799354,-0.1355512404234284,-0.5652162854600129,0.8955056673749163,0.8423445580640362,-0.1230412186882921,0.411747356211015,0.4029351456057312,-0.3285376065957197,0.21168709994929066,-0.05699356784876071,1.887433568414667,1.2688524843511602,0.7995029392850604,-1.4391133504921905,1.120244684114769,-0.8170444413638065
2023-01-23,0.8063267317892205,1.757954579208808,0.03171518583260646,0.7045150890348019,0.11260601022140532,0.3654538855202688,-0.501114730306087,0.6491339182725445,1.1806364549415576,-0.2851122531663822,0.13235734949740918,-1.7778684856426128,0.4472908944493834,0.7058011928692992,0.8936806770748896,-1.663302805624288,0.15107922520533132,-0.6688874259700396,-1.1907444371127704,-0.5777701400817485,-1.2398941859508164,0.03805926555802784,-1.1135314941102414,-1.0899654140753154,0.295706270051358,-1.2104447100366853,0.9155168567825385,2.262079841074159,0.40944839206666367,-1.5110127709139194,0.6910495562955282,0.03287375156870572,1.4274909234171695,-1.9596700881405111,-1.8281293060742585,-0.620607294060838,-0.7855552333874671,1.0679346497972066,0.17814144082652905,-0.5536359464773446,-0.9363788764332281,-0.1030992724416515,0.9662072091195412,-1.9038277719509842,0.16872575892502759,-0.9237957027406444,-0.748953912695413,1.0808174800938577,1.040358123147842,0.18380337736133798,-0.20728577071674417,-1.9471901685692459,-1.1263689670042318,1.2971030548468268,-0.09433976158852865,-0.6492404393108178,0.7096189196878911,-0.17264346905595324,1.717601513506316,1.0975914937176932,1.1162459821717439,-0.5362068233863588,-1.005443048108807,0.623359242444866,0.257695954873757,-0.7321903164551354,1.3958318144907802,0.44315003988813384,-0.2657012385470714,-0.277197247447949,0.24963847990816,-0.06458291870161344,0.17480866066122516,-0.30789355459295187,1.3942218789705745,1.0349912675648465,0.2519797094195887,-1.0445814465135395,2.1238914201730767,-0.9603260949363016
2023-01-24,0.07935157450214549,2.416170818970109,0.5255905581179408,1.305551155428594,0.04524624212989999,0.07409995324697065,-0.6146561264000874,1.6526706072363437,1.6741626019088307,-0.3257192643524805,-1.3541415422685563,-1.5541808705899156,-0.23038194442677534,0.3093986076669535,0.7919709735156588,-0.7837831001238742,-0.04877753024301557,-0.19819919558762522,-0.9392188093129046,-1.8759807012451672,-0.26216699412259503,-0.26133195661282804,-1.6328416784546553,-1.1123815195597704,0.6131604213951443,-0.7744469903568592,0.9707123078428637,2.1398486091639657,0.000510455759670151,-2.5056370232999674,0.6440437113629027,0.5802594014131065,0.9244603126101876,-1.1987271247116098,-1.844004965121023,-0.5998880100842516,-1.051263277601286,1.3506077560168217,-0.2711396406072787,0.7939293634079351,-1.04327218577492,0.13471121932620186,0.9211757145430922,-1.1085653777284552,0.5663344177592229,-0.7778053902242315,-0.37431804402521407,1.5933322210135932,0.8939288513409049,-0.05052800727212204,0.21655808232513277,-1.611264585239667,-0.6998647325591415,0.753672710429681,0.01420068815338656,-1.89385904897957,0.14096967334551153,-0.6661985542470971,1.2494513695779796,0.2720512869945784,0.6928249373026706,-0.03995862606105131,-0.280356646082535,-0.558437310067639,0.055631945776726664,-0.05002639615582597,0.895274877799088,0.5988388844040428,0.17253664504067123,-0.4820137190537656,0.4342496854200775,0.3316207144314587,0.08002126695296762,-0.2512421167399143,1.7482918468812112,0.31945818110860413,0.6166785792680121,-1.5082869971600503,1.5110645813792551,-0.2697578098163881
2023-01-25,0.2864534523176536,1.9007454427219526,-0.31617958852559197,1.4369043360350602,0.01665777763625721,0.36110910366711635,-0.5397769465178515,0.5330188269851877,0.8526242931730084,-0.5714547322815222,-1.4912469185776904,-1.7123961322222598,-0.19269125133030518,0.677472328911495,1.0580802617414808,-0.5622135135838243,0.1872996511119011,-0.3735247247344314,-0.39629270691317375,-1.7156189517881806,0.14208491786885435,0.7265704593575756,-0.9562926606859676,-1.3794328381260599,0.4743327374219791,-1.4628224313704619,1.1445424043812913,2.14104009643957,-0.8806040306702178,-0.9930750594741501,0.9830366135742727,0.2296890964745897,2.144524560103852,-0.8866164467750263,-1.108583215501514,-0.405660307546643,-1.2754346976740878,0.916925583604081,0.39232525755818687,1.4302119048323179,-0.9393348431296219,-0.44507533299626495,0.8837112558509976,-1.6166987734367297,1.1187554509707134,-1.088280931335704,-0.8089552806792178,1.337012404263084,1.2304447154575275,-1.0466915792558704,0.6570618815081632,-1.2186212932424656,-0.4940224095377351,0.8340317739741774,0.3759433170062933,-1.7451964769045956,0.34956778689431456,-0.27453152277921783,1.8396987602549586,-0.9103926753434403,0.946676239478652,-0.06634250680897216,-0.3656067849358972,-1.570770732988004,-0.8558359558842675,0.38552281379182674,0.20955015021746523,0.9489067341996104,-0.4021909750253985,-0.0395538670830307,0.4004501096975296,0.1477264487320698,-0.5421351454426558,0.17364603448437751,1.7968691715627891,0.0429495023219665,0.8907934613672508,-1.5218461264268495,0.6391317447258197,-0.07209849514237392
2023-01-26,-0.004176021629413391,0.3665020010917442,-0.4946415050328511,0.6155318749731552,-0.7168088680024165,-0.0935562566952799,-0.6640899581223967,-0.3349860905474262,0.7574638876364016,-0.6285778830224387,-1.382046851474301,-1.3199496735132987,0.386848889481313,-0.5045988644409302,1.6669649001708613,-0.67705920428672,-0.3340388483846599,-0.7927850390850608,-1.1658175927803045,-1.8605844398481413,0.5795103705160581,0.24878907974552955,-1.9581070008089967,-0.5205593976987675,0.6621260653503694,-1.7265772855336243,1.2922928640605875,2.235358782634976,-1.657273039409438,-0.5311556811417283,0.44180043188477786,0.5629948235402952,1.3368752839765121,-0.40501654945980214,-1.2267487312286018,-0.6467379879672233,-1.343164802381315,1.601832978965507,0.09752341138342749,1.9765339452061392,-0.6962113040161534,-1.3733491859149296,0.943070733482663,-1.1050131113294503,0.16176643346023759,-0.8468687940136211,-0.019948309832805343,1.6540083753545705,1.9317072649522053,0.104420642610279,0.652136326565359,-1.1486531110575096,-0.8446058526808449,1.157787645069799,-0.3180424115231098,-0.4201802298006957,0.7684534319814281,-0.5175038758939295,2.163512605603505,-0.3621452560089065,0.588216550188388,0.06954379413229363,0.004733940896276066,-0.7492813165712622,0.3034684542136265,0.7093981341928727,-0.1038887175467657,1.1995236491424757,-1.0527854981095521,-0.13695310257528653,-0.06954642629962832,0.6554382383236124,0.7390837486666507,0.3493518476070669,1.4214273467746334,-0.10037322640716144,1.3813913535449522,-1.5105901509170467,0.1708696535748756,0.40673769203837
2023-01-27,0.8106213625101701,-0.2817075768165619,-1.5641262567327576,0.3801358145680326,-1.0382571527095514,-0.5984918111813432,-0.6311731658617924,0.25125116457485314,1.3030453859709779,0.9621425932975343,-1.8959136667718566,-0.6193644957411801,0.6150328504952218,-0.6905287377776327,1.397481812791656,-0.989658730655352,-0.1413126260662136,-0.16289068746057997,-1.0948692114943321,-1.3507445954988493,1.1945742252997986,1.1505708651911577,-2.2360295999182163,-0.5017281319694353,1.1039577088206423,-2.092945049848562,0.4536827534625585,1.9605165331973078,-1.6768276720413473,-0.5176655101613097,-0.11762362146684521,1.3784141905650016,0.7123477302279946,-0.4683665484905244,-0.777404012062948,-1.528034684955526,-0.7046959853160291,1.2385141869926544,-0.23572517402597884,1.8840320930719163,-0.8092938190706899,-0.6059545804574462,-0.18887763542065275,-0.5003286472352525,0.02774655575676417,-0.41013580626628837,-0.5602726306785553,1.2454663072699896,1.4359318021173346,-0.38714093809421607,0.5390170147384561,-0.22947895786101638,-1.1370128351494386,1.4148060139558634,-0.6107724585315265,-0.7012284161226578,0.668185337604693,-0.2974087083127846,1.8319015740961255,-1.0275795012905897,1.1002934262085968,0.015909735496032296,0.28483166817180394,0.11728963459045327,-0.7692391555239245,1.119914500623253,-0.35564135982561423,1.2740573239858843,-1.600910511452669,0.28261210328230807,-0.7152799703679474,0.8834992447723341,0.5164908228895345,0.28485730478854265,0.39021376827741083,-0.37112395024744543,1.3006686783645633,-0.3402336217361793,1.1978112836639332,0.8061728369782674
2023-01-30,1.0368540472493848,0.35734742088435595,-0.1811661489565341,0.8225935472494373,-0.47072186257830084,-0.8587512945509772,-0.8214146339084719,0.6750383656576187,0.7795629208176966,0.33806181031028715,-1.5178652270699797,-0.5228746038404941,0.6493121707718541,0.06339118799386544,1.5739244279877844,-0.5861653675841726,0.11061361892236853,-2.1520861661523107,-1.6507429728817253,-0.45526642216602575,0.3254120901015984,1.5093112496525367,-1.7388939484459025,-0.35978771434692197,0.7473943294597607,-1.8821842871688865,0.1580348053187236,1.9629885462068288,-2.366329173322323,-0.8477956792869683,-0.5222311880564269,0.3111132484716718,0.8849596729868388,-1.0118691815429226,-0.6524305601883532,-1.4343864257393646,-0.4035863082595239,1.0203935119472114,-0.8859996407271837,1.7441000513953582,0.806536530113522,-0.24468866075328613,0.5455201960487334,-0.6452014199990999,-0.1216388001001144,-0.4773784268828853,-0.29776094442696727,0.6293958920161624,1.4722480088024392,-0.6806568707853381,-0.3114022537300982,-0.26076660971179105,-0.4752453997158516,1.3243042187242695,-2.179613277274727,-0.9957392846110912,1.06855783537789,-0.6394582329129758,1.8082327528336029,-1.1800073503864217,1.3440349214894054,0.26236510998645945,0.011787202447708948,0.5298836716061387,0.12902471922128855,0.9019781505193822,-0.2651000571960594,0.8090029239541175,-0.8396363707854663,0.3089996024801786,-0.11073106160431932,1.1172296671679818,0.923685029084616,0.6232698553307953,1.023502284699044,-0.8023468877700297,0.808552390554894,-1.242927905825148,0.38348542053886914,1.1908452148627582
2023-01-31,0.9059153699754109,-0.15000994788193786,-0.02248512745647682,0.6742992124040336,0.7021054627781677,-0.6967533627594977,0.1301531417763385,0.03900842932793766,-0.2207520131060148,0.018775519425588208,-1.872165789169354,-0.809395297253777,0.04014997985250969,-0.08335171723230096,1.1700541894312746,-1.2893314660123334,0.20833244903510387,-1.3506523700086026,-0.46073787923073756,-1.4725796109166158,0.06398094400834131,0.14605250102796266,-1.6226706861106688,0.2993266882694273,0.07446078741263908,-1.7315261285201506,0.012341685270594776,2.6089757770275703,-3.3731101952582496,-0.9949938030875563,-0.5479794946568824,-0.4338543482594654,1.4238142273171368,-1.6597358980290877,-0.8045038112738023,-1.414722832757418,-0.5493913091146213,0.2294812942680401,-0.40155237368272834,1.5004495820583357,1.0012854466639585,0.19825400353776357,1.4158058501061328,-0.5717903642626861,0.32170103648170795,-0.7371949869524289,0.9982858655214496,0.5628095732709666,1.39692221900343,-0.1865989049832393,-0.9024514296238335,-0.6713524367197865,0.010868669079767895,1.519562837956622,-1.4600069046478419,-0.9184333768351586,1.3243524277281775,0.241400593095659,1.261152615713311,-0.7253338643307347,-0.15941619205800533,0.47445585991280204,-0.015583449051625597,0.0872620872009768,0.23529393085664912,1.1792360112130218,1.1539875556221193,0.004718153726483618,-0.8612629391934242,0.6000515579838052,-0.42398688420282876,1.715228682805224,0.8621659356115787,1.31575338456608,0.697044822796105,-0.26508443540759313,0.5064755065765368,0.0896798129363087,-0.5369226181380624,0.9762425675524764
2023-02-01,-0.31618491016706146,0.32955685959102754,0.2033675329443617,-0.11789610461695099,1.1009678664007734,-1.176374467729535,0.2616610452248611,0.4628142140733684,-0.311856057982121,0.39935057457031065,-1.583041121737683,-0.48828942861310337,-0.16630268920576396,-0.9424263141897339,0.8064496848474271,-1.5926110802637121,0.8098877031991922,-1.867233970739063,0.1788203708772061,-1.4443690587205746,0.23886160007696947,-0.5750927739289416,-1.5865722583693729,-0.11278004508435419,0.9344570828388684,-1.4242276224037187,0.639289893910899,2.7455923565167106,-2.085981110598923,-1.2705557262593639,0.4137641116310466,0.48956062189409066,1.2387161476989552,-1.7037362085532326,-0.9317979223659429,-0.59703013219937,-0.7925850093370432,0.3204333477906156,-1.2324487856984794,1.3096821688941023,1.4664184001145197,0.3290437269541013,0.9105227889943349,-0.5674448860260857,-0.38421566959191394,-0.9148869451518775,0.5629651709880701,1.0323019693211883,0.6326731727300678,-0.6548716526185869,-0.1923050441701134,-0.6553457794724483,-0.4847011372022948,1.6830398072707171,-1.2375228497632718,-0.6985250696857628,0.5906786787829474,0.15203333086771414,1.2493260859627995,-0.5943448751226903,0.1180827080432576,0.03695966137315005,-0.45763047178337246,0.07193112823615821,0.02033769799381477,0.2769112211948908,0.8059483876569314,0.34960435148517205,-1.9549060902181012,0.32583715804711794,-0.2968809559501216,2.0535541364558183,1.3124775940278308,1.035372709871989,1.885126217566234,-0.13840975384623339,1.031057062140263,-0.3905576485838754,-0.04847359154472234,1.174978870435642
2023-02-02,-0.5533174131196941,-1.2115197842703045,0.5336235436714054,0.12303042465076929,1.8012284009127266,-1.1736083647540867,-0.016735943686175998,-0.25259241526622683,-0.6806706113426981,1.9832921863046975,-2.5216418833615015,-0.9674375302360296,-0.21598785719388383,0.23548532983810944,1.1265719354259636,-0.6045498953700958,0.5648485561587524,-2.139899481534231,-0.1427348192318083,-1.1770312101748817,-0.0005446858304193344,-0.5081574757088192,-1.0555539304863442,-0.42577262539966254,0.8450867630624991,-2.034686219375394,0.7574209237479144,2.634929127195189,-1.343487276173861,-0.48675835680689844,-0.037035606724294526,0.28950051648204567,0.8188677650862616,-1.9841911070558835,-1.2337348879933625,0.07180362414837586,-1.056829880286893,-0.16683738839507792,-0.8916698216267755,1.3942921141928355,1.0714455840914596,0.2608979669837031,0.10602976160871093,-0.28391151079919985,-0.2634100531684431,-0.18663579209750686,-0.41148792348216956,0.7702694761031436,0.8584104750968622,-0.6148898574007914,-0.12848666354047858,-0.7364555835630806,-0.534358973628265,2.188204435218714,-1.3773892048905814,-0.9532673991837453,0.8905648425777761,1.0187789436188424,1.1499789095907353,-0.14621198946973737,-0.013587852922792801,0.3308027373812191,-0.5103343565164251,0.5509601090678846,0.13180602204015546,-0.10059404080359338,0.7644019069329392,0.37367373672558624,-0.8087131098383035,-0.20246909793007975,0.2801790200122823,1.4313217307937616,1.2805262325858582,0.501830158898902,1.5964717514269342,0.33746582597055436,0.3775861896711039,0.4091247246876576,-0.9436784191792398,1.2381565478574048
2023-02-03,-1.6752921628295059,-0.8525605198562888,0.3977459915086407,0.5242120382674056,1.458926036241863,-0.8726473777787034,0.24162058658147098,0.544281818421984,0.36287324892457445,0.7759352632127153,-1.9819817107846855,-1.740837176511418,-0.955160735222621,-0.07417242485272153,1.6547308345000105,-0.7539668432576926,0.42148982932292883,-1.706427146311951,-0.3938470666464894,-1.8530231381189974,-0.08315093137170633,-0.6135429743066407,-0.7137214656142902,-0.24420945954537823,0.6918475226129075,-1.1333542415550766,1.2642748051629165,2.159302973244836,-1.698642480302878,-0.6700108039749612,-0.6526455043939853,-0.00617064485267468,0.7998471677858723,-0.8523793501032538,-0.9509993869685658,0.0028002635779832167,-0.4323780187038954,-0.487490921808379,-0.3153670950751265,1.876536793875645,0.7624315034367936,1.2237740021660224,0.6813472513509663,-0.19263622694746563,-0.3519095563099031,-0.37131473970217593,-0.2080052989527981,0.8085462835088078,0.6735378728740882,-0.6585355457830949,-0.6938540009429109,-0.8448837995817285,-1.4871434379486401,2.0049628179238335,-1.4053232327125456,-0.812447708951864,1.376403857531718,0.3039375935811519,0.4072857260060423,-1.004947369775197,0.637985707873909,0.46676285321362637,0.631742890076478,1.229837002184546,0.17279948967352116,-0.30983121117578233,-0.18533616460543578,-0.1827355383546296,-0.7371881856299666,-0.8982100104495391,-0.198987311508415,1.6655029655309814,1.5111246259397193,0.257386770216923,1.493761219374865,1.111741446027032,-0.3479408408277294,0.9392664036155667,-0.5156322356368233,1.5842785411961866
2023-02-06,-0.6885200462835243,-1.0655669250280746,0.37478537863373307,-0.18863875761346463,0.996342655747258,-0.9812713863661373,0.9512813642712707,0.9284747222055869,1.2616342038253683,0.444912174109483,-1.3193590740170937,-1.3531849796854196,-1.243769369263721,-0.16227153262288693,1.364822168748477,-1.0058720042013858,-0.030367359498131546,-2.045188623796809,-0.8325425621766117,-2.2527215569556898,0.4012225751896479,-1.8461844153116156,-0.7415500640074592,-0.09446426592444956,0.2801586404825593,-0.7526326967968607,1.0932698951555018,2.3684299731183716,-1.0636053850609275,-0.29105216085108543,-0.9639998271507784,-0.5355244254844828,1.1440903628607972,-1.130781236850013,-0.8401426535952625,0.4964606852554638,-0.49382003672194397,-0.0937540167678236,1.0105852830740574,1.9629220369949167,1.6192014802865344,1.5980413944835121,0.6635635361334367,0.2448472657238535,-0.09738831166436386,0.27776569115971267,-0.23347513944588433,0.035444687529120306,0.1249152630886856,-0.4714283848332178,-0.9878934480537386,-0.47165746505440936,-0.0008764021150537493,1.8097486784859185,-0.7167783858700595,-0.5740239007980875,1.2015609379476078,0.5312083823435895,-0.0029672016647591054,-1.2940272465437923,0.09416319473096504,0.0009366315763590904,1.5609798605442218,0.2362319324003252,-0.3667821695326367,-0.8540538469455473,-0.27389125131276054,-0.20511255599966333,-1.0822009429000379,-0.5304384073015309,-0.4971352275880404,0.888764815826057,1.5045505284400724,0.2867559894234812,2.3501878832118597,1.1479764380629751,-0.5858508732212118,-0.6301165542801087,0.019328095933924178,0.6173182701518524
2023-02-07,-0.09150597517198732,-0.7059278705907295,1.0113172229719714,-0.4255932474258475,1.2000660968147443,-0.19517266703012606,0.07058499872436343,0.9151275287911168,1.3086774968291228,0.3922179711544893,-0.5658367205613904,-0.6896347812693385,-2.1537354944519893,0.3557952751326075,0.7483120642337562,-0.25433715023976594,0.23824761020517884,-3.192303494818911,-0.38950687234897396,-1.9189516476862265,0.056857787808462,-1.5659220388195554,-0.153389495886966,0.027925008887199097,0.8164263293247035,-1.2314701096246377,1.145927825742281,2.182116342366957,-0.650013396868422,-0.45294916267793484,-0.5404701543095263,-0.8371835200504689,0.49435076135122863,-0.9220841060427377,-1.2738040038646992,-0.4581258347610196,0.2711210338387107,-1.309636982241792,1.4622971181038764,1.4315817353710865,0.6023655077833892,0.8480782476183713,-0.018861010135920665,0.5775377169115608,0.25990721844462483,0.16656043602552012,1.1598232821681511,0.1951815268335886,-0.06380314223101169,-0.641513180183068,-1.3494446802209557,-0.46849790443377903,0.21638868373432296,1.545596239252392,0.06555852928781063,-0.9344542254901295,1.212763469530054,0.38276218933367223,0.22791227902851455,-1.4773995525880614,-0.4941747396954407,0.48534418193790446,1.957965439167057,0.18476310461062237,0.1602221933924004,-0.05614945864553839,-0.6109919230008803,-0.8321907929014759,-1.5145235387695446,-1.1359811439769343,-0.7091251137192424,1.034137086970072,1.2965591808155164,-0.05606138701336384,2.5343960302936153,0.48205548492805106,0.21573785576898827,0.04295397904971971,0.23713161269593555,0.12007483651467675
2023-02-08,-0.26908801439608804,-0.09214476281557228,0.6131783799312036,-0.4652435631049635,0.5318617668846982,-0.9475341523104798,0.1587996584177037,2.593795133665167,0.6446584746060889,-0.101688958173606,-0.21366600908599084,-0.9553186220896352,-1.7629684344082481,0.6349109212400394,1.1823561364747701,-0.6272446293884304,0.5448761543689253,-3.4672469169460176,-0.5926439702740625,-1.2769730500984349,1.1815483029099794,-2.185112167340347,-0.44934200002279145,-0.026047725863452015,0.926291196482078,-1.2819019495262585,0.26022719420625234,1.740553049118235,-0.026900585719025916,-0.4383352572666008,-0.10827864906199111,-0.7336092416798753,0.4805295218601085,-0.7468496625036223,-1.0952167168454063,0.04171287451591981,-0.5499544989586687,-1.2173187188250434,1.2579500400218875,1.2639928756525312,0.7668454900929182,0.3086961908436935,-0.49247931800758704,0.8559585327642324,-0.4607412116846653,0.6777660748281176,1.049486251027572,-0.34525914980666467,-0.5734417820343319,-0.0044978708426623975,-0.7051865130200453,-0.8661196674994963,0.31472951962437634,0.9011959728723437,0.12818523766954448,-0.512645488735568,2.190540568833095,0.384917975691261,0.6090139849827119,-1.0848206976172363,-1.4361064163533528,-0.22637005610065555,0.5988498102159947,0.6767278901010726,1.2357784996339585,0.6232596131153144,-0.6000080544126342,-1.0883516340011976,-1.5229888043369442,-0.42786773140500606,-0.20514533249478134,0.9630768844824893,0.6076501394333113,0.4177196843713043,2.099558801713603,0.6759428445760364,0.9857920419854996,-0.7029176333227519,0.15927791437716798,-0.4026359852110105
2023-02-09,-0.18440969897285658,-0.7348878855112492,0.05109850596861787,-0.9977272395713417,1.1528275152588643,-0.6024867305449665,-0.07284105546130344,1.222513655406763,1.2653932322760688,-0.39304954801039127,0.4758665887329762,-0.4726289434297614,-1.8671353228806935,1.7171950475044468,1.2581699131812654,-0.59355079119374,0.2778557423453928,-2.5032509300816903,-0.9560205617736499,-1.341649249506784,0.7021748215018486,-2.427981367220982,-1.0117244764271016,0.5204610565103747,1.1864933200168428,-1.1808441268700312,0.13008954715467314,1.1498788325510776,-0.4305802203552724,0.24563792517570365,0.07351178653503797,-0.11849572560693394,0.8512235405605635,-0.8988412123154287,-0.7073424819739056,-0.5480729068028041,0.24615625763089277,-1.2511519586896194,0.6613086236517479,1.5848388214182791,0.4305635449878723,0.1133923998489424,-1.703351192758314,0.30543226120214517,-0.37474690708230046,0.6000056248847611,1.1479884267181382,-0.14959942213548852,0.076211568133221,-0.7037894182444269,-0.8124334886046256,-1.3766360015962005,0.18206771739303237,0.6967760782070199,0.436307696137316,-0.6576166002261727,1.6875388902534,0.07350285096451194,0.4434643483950752,0.06793877153916576,-2.7299306215832844,-0.2023294624594232,1.132012497334743,0.08432288195193577,1.4962688736993746,1.1777587486056817,-0.49060072246311964,-1.128852992645714,-0.8572973044559259,-0.12581042464007092,-0.15142892942679795,1.296097114668255,0.9653720424229474,0.7267380627604126,2.0251012555349654,0.766920688587122,0.694889235750943,-0.06699932562291494,-0.5531398939942334,-0.020131172222899424
2023-02-10,-0.12682216570752325,-1.1598144401107884,0.6492942183757664,-0.8689021662761104,1.6153958674727156,-0.11865489692165815,0.1889098065587197,1.3136794362901536,1.2376780281134208,0.8246468109213817,0.54324187483071,-0.47917845600325837,-1.8386871357074872,1.2751354672053214,0.734999546943551,-0.825743870247394,-0.2439448479132625,-2.604118434434858,-0.39178656212501334,-0.9535716332422367,0.2654316933483983,-2.0790561122978044,-1.1019367011481098,0.44352920526218814,0.20267024283761917,-1.5592472155229213,-0.7108362094503072,0.6215092055591085,-0.6475236560163137,-0.10022822923709258,0.607896950489006,0.8051188122056109,1.0192388476017074,-1.479098715703064,-0.6789382364585953,-0.3327871997924148,0.007992883517234387,-0.6232833624272321,1.5162093502737928,0.8677844331833529,1.01356969466394,-0.20568376271914696,-1.570653875353933,0.4161203583407497,0.687326343122908,0.6117651489194406,1.213279612580517,0.3872719304445224,0.5368328708409252,-0.6075540495006448,-0.3525953644354836,-1.7850997053211461,-0.6560946435764681,1.3306597059829246,-0.24176164460162758,-0.7725042266779489,1.4118206723975437,-0.19946687926584777,-0.28906900026701093,0.2922039656243863,-2.1870580403899442,0.23888262682874478,1.3149123191992333,-0.006983029326101996,1.1182801345965054,1.6409504795953636,-1.006272087121437,-1.4011527043172625,-0.22413745411535127,-0.0384534892964777,-0.5300625010569667,0.770275701019698,1.223311913011613,0.7496158032954495,1.9799498016705332,0.14988199948074,0.7660191788693613,-0.09537029743622799,-0.833981694336397,-0.6651782456159905
2023-02-13,0.3843011812215995,-0.11945272456526031,-0.03728633257479795,-0.8016429111379147,1.754266916914827,-0.25021023900392003,0.47112371699891736,0.7864261960557514,1.244652101969179,-0.021789005031315593,0.6402569149075601,-1.6633498225211036,-0.9845477567697755,0.9625169889922596,0.6780805871887234,-0.5328987156569828,-0.9868364862647933,-1.834148341067616,-0.3739136552943976,-0.49206262443517207,-0.23695785578928497,-1.8378949278971992,-1.5022882412283407,0.8362048106168849,-0.2983072979555679,1.4912413509359013,-0.12114114850653841,1.241069833180727,-1.083156749740597,0.06837940073761498,0.9890668177141141,0.09360498303816213,0.527717331821233,-0.9567451999433959,-0.6332238297333476,-0.5666296079225749,-0.7750461997914627,-1.344755904734885,0.3753404975111194,-0.1994019514424582,0.9525950050880385,0.15929084397766147,0.0746927454835268,0.43830708530102747,0.031128394004209706,0.6470015555880168,1.8325574354954888,0.7713300907341815,1.09960126845326,-0.019644754305004217,-0.4626672392132877,-1.0318481509116555,-1.323049086555896,0.19642159423005168,0.6456262333740322,-0.5967648390034583,1.2858113864254754,-1.652374631581553,0.8595726347925124,0.7160661414640085,-2.3209402020831953,0.013423335293869977,1.4747448551512914,-0.7753632184249456,1.265098195574572,2.1410155261657033,-0.9194863222423723,-2.068130603610767,-0.7588063088533107,0.2359932000410405,-0.6018745799121779,0.7315972376066132,1.224234578011103,-0.5109628255307023,1.7364682593423615,0.4387669722329718,1.075262386699524,0.025296944095125104,-0.813918193598084,-1.106635049595129
2023-02-14,-0.10150101302209932,0.7020241896255509,-0.091855261018543,-1.5611233610272413,1.8436389770765083,-1.5399552832921481,0.5807903429124535,0.9819032581290091,0.9447131192639896,-0.7756854669406474,0.6763662169995311,-1.411456119905547,-1.8553784050767843,1.7364584128906633,0.09970121330186853,-0.8194617642066043,-0.04498476824768487,-0.7856020957371402,-0.5265669508431511,-0.9796178056692587,-0.5664667392324428,-1.9744680918357265,-0.6656250909096032,1.6413063670455583,-0.10745871727558358,1.7831159833628025,0.2578603818368236,0.7674696609349536,-1.380559276268632,0.4903632699646885,1.6422667543023393,0.2266023369943562,0.8739410962816252,-0.8995850984054756,-0.5778527265352421,-0.7080781431326119,-0.05147428676496692,-0.6970257170124278,0.109800664749065,-0.35697485988356265,0.5832260325350211,-1.2108192159890965,0.07968346278273146,0.2845942667179275,0.11259109994087303,0.5849618580776215,1.1244327031786499,-0.6933597530323651,1.3076531152555373,0.14300551989566088,0.3212459555571996,-1.2366229727249483,-0.2650065661035476,0.07595457747210664,0.6602363548823396,-0.447291692368441,1.7617369044621565,-0.9052439232349333,1.0621778653600469,0.7352732674588242,-1.9836283204811807,0.3219516704535416,-0.052999977268873455,-1.181885336170866,2.205303515133423,1.0794692040854794,-0.8268282976628945,-0.9674599859112611,-1.0599094782803415,-0.15408089098203995,0.0848905906479011,0.4035835063945683,0.8007697814299263,-1.131638924095346,2.0637978199666054,0.8861901216376681,0.6287675532390655,-0.557760684031938,-0.6595172045163081,-0.8570087271391535
2023-02-15,-0.1062933509532971,0.45626907525206645,0.6079496674875216,-1.0420162001671494,0.5364492235332475,-1.178439695150285,0.6598935085702042,1.528259228874478,0.589378137482363,-0.8356483405756019,1.0953484118517771,-1.4799856328587735,-1.2587033378607082,1.2150572261031796,-0.10469882190699889,-1.4829906085002371,0.6794203539641178,-0.38958621524783055,-0.0690438588634987,-0.6520087579378336,-0.5232575375612096,-2.390861893574047,-1.3763525703339907,1.8818556789045433,0.23803479576291997,1.5221100318729182,0.7947568873808804,-0.23435823302434838,-2.514217484047106,-0.4127259494279823,0.9681744628305172,0.08986946999691667,1.7813956216048792,-0.19445852106547204,-1.569291562215708,0.630588395755421,-0.23235425479441632,-0.18467889297126394,0.17717981623678167,0.03690130890225535,0.08725577104530334,-1.5491287052758114,-0.7515726161639069,-0.015037953375346566,-0.48597758650180767,1.1905611579858493,1.0516651300166733,0.6151302459721337,0.7716061112814778,-0.40231438968221145,0.5752698124215541,-1.1228951653141543,0.3005466642751581,0.7167883725837493,1.0196316163960248,0.06456192635029873,1.8497707919329305,-1.1005435648674604,1.2559837954525577,0.8894468439677852,-2.033340496799265,0.19852635648578626,0.0329248249581112,-0.08282707093874518,1.462706275796144,1.101759886774004,-0.8566016456790883,-1.1836769560373355,-1.2865212691615382,0.21441731567183825,-0.5449029671815417,0.5457420002999633,0.38568245247973876,-0.5679122026801187,1.3605616619666974,0.19997696309054902,0.9623004524688296,-0.9193952935598713,-0.7975061153086125,-0.40958201447556936
2023-02-16,-0.3680942302766258,-0.043776874793001824,0.2699278894474438,-0.7055050842355634,0.40252727995159343,-0.6030997984017455,0.21529211126064907,1.6787491393293992,1.143098952521671,-0.25703018354008617,0.5650340881990438,-1.2439495485303236,-1.1413314898682416,1.8998826988068973,-0.176229745001932,-0.682501004447804,0.7289022044578879,-0.6634678419578611,-0.6318220001201844,-0.20170704880709964,-0.010327600660870608,-2.4155230103488217,-0.7973775880845949,2.0604927626523066,-0.38991108820291764,1.9288934982467503,1.5309835617808236,0.5528460515971719,-2.4176395781026443,-0.515214087511378,0.6037432653985403,0.9246763346967294,1.2896150106215025,-0.20579943210271207,-2.199896434334648,0.09044506165110448,-0.6954681178453959,0.20620642993833055,-0.3008005968138857,-0.2844330453350672,-0.6625196151129402,-0.5882926230562948,-0.3615125565217453,0.034777848067078884,-0.8661933713649005,1.347333704865565,1.710668472331124,0.48466575906245507,0.4037623300355636,0.08340277988832252,0.9108748590276962,-0.3599750876463637,0.4333277327801823,1.0616651394677867,0.31635390580262057,0.17633238691470254,0.8690127265417926,-1.9387237203857912,0.7707275957761724,0.41309529311493975,-1.6441909989883792,0.4369295951833944,0.21952347100267414,0.9340898914802277,0.9961428744944558,-0.3745692161114984,-0.7759373545694692,-1.500619870515022,-1.3793827307534938,0.5072851948587218,-0.664327166317565,-0.28078972661932805,1.1479790051523409,-0.35035847396734654,0.7848682808282784,1.1267619921994547,0.6738625897380347,-1.5968989755770846,-1.2491711497892872,-0.3903917025515142
2023-02-17,-1.1738604160475248,-0.34768226532941243,-0.10149880472987304,-0.29555958588234293,0.7926243532718483,-0.30794416079619463,0.1295065029799594,1.1559103780824092,1.1712710617429918,0.5126939521147997,0.28398069410829063,-1.2317927831858624,-1.1611191748447884,1.6728934121171095,-0.018803646158520954,-1.054204497974823,0.7779467793779843,-0.3821365093812779,-0.5135684390110049,-1.2412417462958587,-0.2287046817728593,-2.38696021786108,-0.8673449338179026,1.6033801568853587,0.2782843507598689,1.73596367536459,0.35982222054053425,-0.4607428500018807,-1.7785756972144062,-0.833674197277055,0.018846553831073618,1.4625932085218674,1.013693347883857,-0.7815786575790555,-2.185821209623714,0.26740842161152484,0.34088140331744554,0.42294046123768253,-0.5354583926412138,-0.7146282255582316,-1.0630271088607914,-1.6443009448454877,-0.5209325803839504,0.3565051705558031,-0.16531494042895872,1.772207782859492,2.2359107555391193,1.211026069719291,0.9266414164716793,0.16614207773642503,0.43471914276227264,-1.3922341072972884,0.38411823320205946,1.140097386915071,0.1987471410577934,-0.6470800234779726,1.6046694667330856,-1.5975819673053344,1.2613504012463521,0.5553135733014632,-0.7933424715113215,0.8619501258688452,-0.014941599316826636,0.16541803667080382,1.0610968380461243,-0.3968361289796073,-0.06635247935861337,-1.3383101001194162,-1.3982081957971317,-0.7738559951922505,-0.26478197987708346,0.14243617998087002,1.2535846293473465,-0.3905207055618755,1.3417692981122782,0.9284324373608873,0.30514406796936744,-0.7641175205513122,-0.44466609968038834,-0.028615123675130066
2023-02-20,-1.556127282690117,0.034595436180816896,0.2085884812183883,0.14093378957938327,1.0456496124078127,-0.3484478907322086,-0.10654609075084419,0.514260412004661,0.39298162816060855,0.7151401282852201,-1.0016159444105142,-0.5015830995408478,-0.5922326274535802,1.2520051024347183,0.5128512113359198,-0.7786307309624428,0.8093046657387608,-0.8787558382142626,-1.3490016805534695,-0.9660407343076768,0.3071023574980973,-1.529008190773232,-0.9314155276412065,1.3169893038800997,0.603681673843428,1.24617759463096,0.6389104342649932,-0.5937105214231195,-2.201468098564841,-0.5078952939553707,0.5641560200475367,1.1203797046659283,1.3872418567625642,-1.3103103040730038,-2.1783086654706003,0.6872613348625183,0.01928820068538183,0.36029383841143586,-1.7870882753277657,0.20605943398536183,-0.7404377394269952,-1.7012242337648122,0.42428184321676143,-0.10518679107614765,-0.3086852082968232,1.2620805606236651,2.5164130571913925,1.7315169683584473,1.2919658369418223,0.7123717277741896,0.5698148026620371,-0.25148480282656543,0.3902982663489134,-0.08405291270130018,-0.34455082980618873,-0.2161955190672512,1.2694354856637167,-1.158081879950522,1.206503003800875,0.8775398620029377,-0.19429361921561583,0.6087966648235728,-0.20055120243437655,-0.09766675591835206,1.0544133769629052,-0.612714807340212,0.3583536551901995,-2.136558985869999,-1.4850382311045596,-0.2934577206032792,-0.9988484885660611,-0.18300078295669753,0.7610388263929174,-0.7442181978131717,1.5210438398023076,1.1140032553852393,0.6147710269247668,-1.0699616358087676,-0.6984764281153969,0.3743792885569388
2023-02-21,-1.0672532310377458,0.38705195495217604,-0.00790131664963477,0.41713054515803216,-0.20852533026584685,0.3082164763193777,0.0502313663584813,0.04592808006977794,-0.189608978696394,0.5878419263274073,-0.9896614192821898,-0.4031206342585449,-1.1079343063087261,1.324132325589737,0.5046326852722735,-0.9762447159624813,0.6142141907644104,-0.7238999345198451,-0.9419873820760336,-1.0269096526889148,-0.03627684908757885,-0.6425233668523594,-0.014000607572878354,1.4343307537376195,0.8038133753117576,2.515138621633989,0.8340949725859825,-0.5028002104735505,-1.961482624402412,-0.390883062907865,-0.7028009891077988,1.4618685026204303,0.5012883891658944,-1.2449620002030939,-2.391975805130543,-0.028107622128930063,-0.35361402364450034,0.7464261272310406,-1.0074731443076161,1.097101792073776,-0.5676752467546695,-1.6063283522318816,1.0553173875773338,-0.7915011141345029,-0.9048200840785505,0.9474132496382475,2.2624106726645987,0.6874765608698779,1.7567556977886711,0.7794184569274477,0.6989380730130186,-0.981719588631909,-0.12593587672390336,0.030531565135660563,-0.154288814715745,-0.09046182310042883,1.293890354676535,-0.9295640762751837,0.7620010210006806,1.8165899159587933,0.22450958268871263,0.3418558106096675,-1.1912582140824008,-0.1133604571117263,1.1196170811043658,-1.0759346334980686,0.4727792111672363,-1.7016019107454068,-2.1901971888719967,0.3700337093529709,-1.0217512354105622,-0.3515758569171197,0.7726353447503408,-0.09759577959879923,0.7408029082733898,1.0682795830011718,0.8780594930206831,-0.744975798012592,-0.7697993311384208,0.6175348252077842
2023-02-22,-0.5477559899435098,0.7326280416687033,-1.0094847041670594,-0.20051527878674097,-0.9373521932460009,-0.5158915551426753,-0.2576264957565208,-0.3072943228284948,0.1500532353704821,0.3139516237036163,-0.8955302024328704,0.14891156175004733,-1.6739986811738725,1.8753497568219808,0.4852932555280091,-1.2872514600312492,1.0150663574177883,-0.277790591967886,-0.9298883884482305,-2.1220619058661483,0.48313673182199235,-0.6459665633555124,0.3322524298304963,-0.012966707269853,0.6843756923292005,1.848559375362181,1.7263495770390753,-1.004440643830495,-0.937378308047286,0.0937298184581267,-0.36859499971028864,1.9342424407218886,0.05980243280914742,-1.6374628283178982,-1.691118514782024,-0.29808760847306215,-0.8187938889219377,0.5511853785496785,-0.8473562752640456,2.1888603034719125,-0.16766997759105745,-1.6004773381943844,0.560869347232009,-0.27714904548856983,0.045405721204175055,1.127608457230869,1.8524061182359297,0.45446390217495436,1.6807559464234922,0.796447621278447,0.3870094427092126,-0.013387426621237146,0.45410099179811997,0.01852614666731455,0.41933827050080297,-0.89525377580676,1.212879382211,-1.2782172214192475,0.8655307689434973,0.9069292446096952,0.06181194374521575,-0.0013127112717596912,-0.4524352234013164,-0.3258273725331478,1.5891799000615976,-1.4719821092935357,-0.27092953069862424,-1.6443067164338878,-1.4263964388209367,0.16888999547949815,-1.4369135326407227,-0.7238682161328518,0.8846018757770865,0.7618334257780608,0.9654565173874117,0.9952649878603842,0.8996610161768074,0.0072489580289656595,-0.8192955883206945,0.2900623382635212
2023-02-23,-0.6074485840850843,0.9631477495363616,-1.305711011385323,-0.12194674850063002,-0.2721223197850321,-0.16574619609078256,-0.2044108332434297,-0.9605564140477619,-0.20945053539793512,-0.11218496417985167,-1.2407249173233164,0.06452135126859669,-1.18962319600243,1.1137005229849652,-0.24866586232508692,-1.9784863866399882,1.822313596523165,-0.08608462255091785,-1.3565159273042162,-1.3824217618554218,0.2757883477316228,0.4113847074804322,0.010316942721891953,0.08327454530617494,1.0971279615118978,2.4297324055028793,1.0984862797721686,-0.09040937236136717,-1.0771345770081364,-0.27340837808670376,-0.397542950666725,2.4317221824737807,-0.03783069263763509,-0.7476588236441155,-0.8056733695367386,0.028389978083174647,-1.5783867052024219,0.8905627956998249,-2.048738713448685,2.645175194196476,-0.8149693294261574,-1.1743395226000641,-0.12314209901083598,-0.544895922598697,0.009119691465191487,1.2096184957342468,1.040416907492719,-0.1019869360748923,1.7630595519742924,1.4379353028172073,0.4561849527097226,-0.6237335544532892,-0.1376883144491923,0.27909597975297484,0.28365272055906304,-0.7298915353771355,0.6731207627845615,0.06881916488096951,-0.14099191881077267,1.5339974667108662,-0.011202169463791326,0.28717623000068637,-1.1772023729146341,-0.4957033725272749,1.5270933518669123,-1.4067569324528393,-0.988901182999735,-0.3880873084493198,-0.9695343507802224,0.35878041737212657,-1.3655190172871692,0.324727986020591,0.42771962962259863,0.3818313304478975,1.4966605990191884,0.6811181496679874,0.2103172288046765,0.5276055944803866,-0.16402638103665934,-0.4862399909558581
2023-02-24,-0.27750849264957006,1.268625329147604,-1.3150586268256583,0.38414246550263387,-0.09727345365444687,0.27598355373102085,0.08662551924064972,-1.3183216338525614,-0.13575757220034237,0.17430093575260808,-1.0111570069419706,-0.12095909840227649,-1.5374921032860505,1.7060539668950454,-0.07505845034455365,-1.5457972616320277,2.2589389443550307,-0.6314500566365376,-1.2643238749709889,-0.19403830684621798,0.47246079650317485,1.4582403575214962,-0.14056030869913597,-0.027868501679424843,1.563551144643784,1.007405226985667,1.1865660135401925,0.39374425464017687,-0.861156587680402,-1.2679133097721926,-1.1238136252661919,2.0100686411958795,0.10881532502458757,-0.4685960020123117,-0.8297429374060624,0.07055071326144402,-1.0372243692476075,0.6615184973866991,-1.5830007197545777,1.4639941430345131,-0.24516454933420354,-1.4715847949047967,0.00912997757924922,-0.4200015942601318,-0.20260295922194385,1.208690895763315,1.8874126354946112,-0.44720885619816814,1.7775936939257095,1.646719440549025,0.09225717039729021,-0.2409114760985896,-0.5338620569522754,0.8609538783137123,-0.8503250921865286,0.041211387822414944,-0.10367241253365768,0.005029133808981119,-0.6114806041478623,1.661008376849401,0.14615231202608578,-0.26001531010278134,-0.2965725938492725,0.12362198255776688,1.089719822870122,-1.9111317824590108,-1.7761033957074712,-0.29533701400601203,-0.593295210600541,0.19493331699994426,-1.092515293888246,-0.740558897240825,0.02659956475186798,0.043867926870652836,1.469475931679992,-0.08455470078527709,0.7911190924582011,1.2507886234714574,-1.4787685227934377,-0.35813157551986574
2023-02-27,-0.029651101140515494,1.415034168940844,-2.273384487205496,0.4352718166012382,0.07571023838962265,0.0022403699597837445,1.2794964532797928,-1.3767376975148364,-0.21328287902523252,0.2603790601569311,-0.9355805799936382,0.259423227715647,-0.7448672165941022,1.0726293154026798,0.10916931160705294,-1.1835160895833323,0.8556698582099249,-0.8280970820441816,-0.9343005861098245,-0.4296314123244216,1.6355600910155312,1.523518619893553,0.2348038051318342,0.5345628600340158,1.5970655269680853,1.0545992136748772,0.331989525492904,0.9051000351861114,-0.2587429041217505,-1.7486431711283374,-2.071849280520235,1.0639146748129766,1.1346542457306705,-0.3285469305721395,0.03322369247602388,-0.023213227587133074,-1.4624799210213582,1.5763281851612336,-2.024059076920076,1.118088586083352,-0.019278507961866895,-1.878561560988535,0.6189834811317003,-0.3169619918316477,0.1909759283417136,0.6863347434609832,0.3111217412704029,-1.0683997335540585,1.2342841105303406,1.5573045010420665,-0.6579447674798741,-0.982922962813889,-1.0687558679090297,0.6672901794849075,-0.7439559618302091,-0.5269688274814934,-0.35742637070699473,0.191462551499023,-0.5774722817272793,2.3555430115377862,-0.26889896362679655,-0.7681767578265575,0.5699597358598472,-0.39680149667003084,0.7045777512226867,-1.0967937485737278,-1.0120720245173058,-0.004430453233146822,-0.9926246843603624,1.0857556854673567,-0.7862406963304958,-0.3789010443134697,-0.5861125103289156,0.917349728703536,0.6037959551386299,-0.6744864761730358,1.6062922659411563,0.6310611800741521,-0.4986345780310183,0.08888047904538321
2023-02-28,0.16617700363834328,0.730734216742171,-1.7067573551377428,1.4037990853630786,0.16892949474651967,-0.3617247108916858,0.9686945758491724,-1.5658198078166508,-0.42730398031391165,0.09103375014144219,-0.9961502715249667,-0.44744384705484225,-0.7331172025048329,1.0332542141873104,-0.14055747479170724,-2.4836206009407196,0.7636503890104592,0.27670622517981186,-0.5161892548764696,-0.37416490768957433,1.2755738069487903,1.4133611660481336,0.3663626794032882,0.8760769284793963,0.6033178467846553,0.8119900699136329,0.0020539900943575915,1.087807283934368,-1.217248024840235,-1.7717440344516062,-1.2854088378634654,1.3478752980943711,0.6605934954234983,-1.470780523725538,0.5206789862737331,0.46628707033451305,-1.7603837264917377,0.9661902857835463,-1.1228559191448375,1.425091378276324,0.48877226672783364,-0.6826737787402192,-0.6269324544947683,-0.8350064569369532,0.08751382097959344,0.7001992832903805,0.4250166002570266,-0.9455441020216078,0.9011581601831804,1.1683333822861945,-1.2820823904590741,-1.3153205103115537,-1.1137685942544024,0.4589012850799592,-0.5342154112984898,-0.8091120471751929,0.4547968399308222,0.6650722169415252,-0.9535030444609854,1.876079349733543,0.6839821267440346,-1.0545818845029462,-0.04199300036989146,0.3224798512370907,0.8929386307590232,-0.3701106293542159,-0.5279346468853517,-0.34160128750072455,-1.9235961317691965,0.9395529199544502,0.12017846096673049,0.1477323043614492,0.17634257044917875,1.2286960721985334,2.070359731185069,-1.5246275558830176,1.4410042552251365,0.2402247678002375,0.45536897534815884,-0.10706870581095337
2023-03-01,0.5876958741497684,0.5375506595481327,-1.2411490105864282,1.0997927900386621,0.14919625848789422,-0.38103858823460507,1.637782714126198,-1.3746884604395266,0.03995837043716527,0.48233455829993926,-1.4159143515128654,0.3449936366193675,-0.40467835083837256,0.413461266460112,0.3948759272000356,-1.7346677972559035,0.8210391127498179,0.030226172580516242,-2.5505580970487673,-0.9064108650875601,1.419031045880916,0.4537060626050714,0.17292372282183344,1.1202705981235388,0.2725015257263996,-0.040749556718540914,-0.1898494842658289,0.9612136376466861,-0.40834629885227464,-2.6602166545260117,-1.288149155941311,0.5093664859177864,0.8207444168192757,-1.3179910204636496,1.551219392169243,0.30080676472095214,-0.9918041193893263,1.2010972362962857,-1.1997669585566424,1.2758488349074428,0.19699368958058258,-1.2162880216350362,-0.7569116640721262,-0.5609352377316035,-0.5692706333428342,0.48420942157629093,0.5049650686984302,-0.5803505781180455,0.8333820528822236,0.8040769174314458,-1.1529233826383718,-1.1445403835846926,-0.5298546669578325,0.25221677913265694,-1.105456043939914,-1.2497902643246275,0.35168752053536423,1.138038090426589,-0.3007040382125225,1.3180337895722984,1.7753661290083624,-0.7940687750183251,0.5998540792154613,0.9350221003824034,1.3480027260555567,-0.2446983642238213,-0.6799341001400075,-0.648892376012587,-1.132681744535249,0.7154481248933078,-0.17306562486909918,0.9733339180897649,0.42690939630196223,1.5809080402681295,0.7924624018205456,-1.57633092058119,1.4318177240376713,-0.1710191139535705,-0.6891129592881595,0.32244262865513934
2023-03-02,0.7926399230159636,0.15572966665539548,-0.8209011563680727,1.9948198935910761,1.0705306768157345,-0.453570911696035,0.9326221030316868,-1.0762633079834552,1.2508189268878573,1.0432568483943447,-1.1687390963499398,1.2587555910632262,0.38315689115201734,-0.5099681684060121,0.5821000128263102,-1.3659036054459368,0.5397541212265092,-0.0016919311831725726,-2.010437777203321,-0.8491312611114016,0.9890444338907425,0.26635518866484337,0.5405388738521243,0.9530425167628123,-0.47633982994824625,-0.24182193325438578,-0.7732395739496009,0.17482032008695048,0.22852602103062963,-1.86376637605817,-1.407957431761071,0.08519565953985508,0.5154423395973468,-1.8508294663042464,1.1657674281078485,0.13944968068996766,-0.813529883764699,1.3340831111362226,-1.4321134046681896,1.3891859641309436,0.7228009671765604,-1.9516007969480484,-0.3713403527100474,-1.2739066269455483,0.4401056109717887,0.7798121584990371,0.866205262519541,-0.939652147565582,0.9419015835822999,1.216127099825863,-2.5744192528968552,-0.9356239786723394,-0.15920130405736,-0.6507625454647854,-0.7186608251301678,-0.772435630291375,0.7221761929264728,0.8108257915097548,-0.36882388692289764,1.4237210053597724,-0.02001741657462796,-1.0872892769382205,0.7192547262224486,-0.35695009004321443,1.4164634607669229,-0.015053772949996382,-0.5805554946253594,-0.03820251934599223,-1.2185536793815623,0.5543236432516659,0.4702949193249797,1.0184538410192343,-0.7010457250703066,1.168077780935859,0.970922522334625,-0.7617238577086242,1.1397823260014277,-0.6359602746349841,-0.7549547391901756,0.8360542251453624
2023-03-03,1.1694874446074146,1.2035445622900016,0.1378764610490174,1.4199397697879916,0.26653649680340274,-0.5505508529263916,1.0665293012891461,-1.4019883678913194,1.2828982854960973,1.1134028296175373,-1.7913365624221336,0.3914416757337856,0.5468843507482186,0.5280009139933591,0.6572578180536376,-1.164865004557481,-0.1302465347961761,-0.13349342108624962,-2.1245883949517252,-1.5001651451239653,2.1145014869303216,0.12141330629356432,-0.5592323557174145,1.1187194559284952,0.14322649050979988,0.1698705306526757,-0.5815710256386171,-0.12655234803725882,-0.45602138607313447,-1.826327171008887,-1.4890698987603512,-0.2907819974396271,1.0682348822147623,-1.043074700380217,1.4901130476424822,-0.19610954873263187,-1.4427172694430406,1.2561648518796293,-0.9363572256141744,0.9485803543753429,0.6977114297002515,-1.1982088034241454,-0.42659527802469677,-0.8807207841603945,0.5271809985204725,0.6783685765156771,1.2508385247115383,-1.003140290345941,0.21936701745403334,0.7417401961779883,-2.9675868744136635,-0.5650409519895874,-0.5988407664530165,0.3784478273801713,-0.8629078086635428,-0.12850236011219596,0.8233047479684344,0.43261880869240743,0.3501596352093875,1.2500006174470977,-0.08844547187964674,-1.0476578984916105,0.6348373054359786,0.9683197634013897,0.6447871078520793,-0.49175856418508684,0.07053847406969191,0.3654805076120802,-1.167708703130074,-0.5394723494087625,0.8640791585632608,0.41461409127321236,-1.0752553909546487,1.0862494169183678,0.10844614455401078,-0.1872257509320428,0.8988463778169674,-1.0321152652232668,-1.0646676570187048,1.4503391362406413
2023-03-06,0.587310784806631,1.216074852530142,0.20152808836440372,0.4973646760017283,0.8155181751162057,0.25162728455625316,1.9761729251200155,-2.2131610617108963,-0.44476966859465933,0.9318301687221866,-1.6896776111852023,0.0677459866273844,0.7121790697804092,0.3860062234600686,-0.1255867858279578,-0.8684123162701952,0.4437378732586424,0.3741478573853339,-1.8317748179032094,-0.5748730616558967,0.8206973756410444,-0.1352164703225735,-0.23562463032599792,0.5379745043278029,-0.373969585993024,-0.3125263441909587,-0.6823710517495306,0.35848762050569166,0.621558304199798,-0.40380197446576743,-1.9327345872687056,-0.673125573099413,1.3984147661804964,-0.2831212524166692,0.9870132987405409,0.09616106031476948,-1.655469236073826,1.1216075465706872,-0.991663649328161,0.9839041312140064,0.1258926027207156,-1.6415045149698095,0.9888450061312697,-0.5817279645014033,1.6201280509908946,1.3149452322524136,0.2767472723571626,-0.6784061589042112,-0.48696007040471323,0.7625481964116246,-3.289450303566519,-1.2626837821506518,-1.1233358769881758,-0.13943962314861225,-0.7599340769411607,-0.797967824352063,0.5237516655125137,1.021734752110249,0.13377858231107534,1.1138953716866622,0.07650350867701541,-1.4135196912836065,0.9629244593644543,0.45659045298590983,1.326127919687526,-0.04222686576741081,0.3288531994263784,0.5413836682743999,-1.0219828928081842,-0.6003470216001586,0.10312878912839456,1.3331068554495098,-0.5047840919173493,0.6451538693890997,0.44481012869284237,0.0619788978649086,0.8263341167910967,-1.3912723724667175,-0.8080849692941182,1.59528260780715
2023-03-07,0.9954292470624315,0.8876288593043355,-0.4206029754348824,0.7410133573205232,0.3222926239626089,-0.5654121405922619,2.2718981843832284,-2.2457744526980896,-1.1744302798507464,1.6589982260119007,-2.4071519676337827,-0.11609813570638543,0.0061913164832920605,-0.00980668435065152,0.800317918600013,-0.5935106498935133,0.62039383743987,0.57374155214355,-1.5947138862388752,-0.06944004455271413,0.6548446610851923,0.3498340281970514,-0.5766488335519627,0.8003373169391192,0.15177825030578085,0.6552946577586352,-0.6171726640455164,1.1552193510259343,0.6338208294393508,-0.4828727662160205,-1.6093522214428717,-0.5992168333593005,0.8633984877992956,-0.040255465574476824,0.6691362483137641,0.7266526671498145,-1.4107618071504486,0.7096558988652889,-1.2046150631624735,1.4446603357434897,-0.5687988358830252,-1.4093217308801913,1.2632005712061392,-0.9823116032351275,2.5054390095162704,0.5596250391055063,0.2560073055558983,0.47412823732031145,-0.3779678912638078,0.6981964672583874,-2.6315070969706604,-0.9148585295736208,-0.07115634652413903,-0.381443505273542,-1.7591734177790224,-0.37465924774981035,0.673320920682333,0.8844324765742407,0.1613203669296994,0.1942437733000036,0.16159656733169664,-0.2051457447589664,0.5085608624423518,0.48522017041202287,0.6769665505901235,-0.23106001005789584,-0.2727756093840806,1.1063167367042914,-1.654697968808933,-0.17594373227977167,0.4228564711829109,1.1566942672523188,-1.5012192442764327,-0.45967137131290847,0.6378231689214562,-0.25855027457255925,0.45997895902995095,-0.9115658612513833,-0.8139688154303524,0.7151679320708185
2023-03-08,0.8737127957763988,0.020575809529654814,-0.5120979771112533,0.31582461273580015,0.5147809474581156,0.5179420992057308,1.4391132269297426,-1.7565573018178442,-1.133341167810128,1.55231625475542,-2.4194493942559805,0.611353743172217,0.041339496341369825,0.2221160924084966,0.13021560377148816,-0.6183099345047616,0.5705437388389261,0.18099017271242154,-1.5888351966853747,-0.22388706692891114,1.0323131664734542,0.7141572383686703,-0.25179785133594923,0.807305441538926,-0.000338205629517067,0.46700845594439955,-0.5084166804620139,0.7169467244141409,0.18296190044303032,-0.313536810696202,-0.6375029834270044,-0.4790539214708199,0.1548536968495465,0.4815485227855731,-0.19982545418642705,1.2543309528447288,-2.2358668763937777,1.0667871832555103,-1.2907026004951554,1.841073071509143,0.3128971918576774,-1.9174347558186868,0.5471621424684809,-0.9772888228378741,2.753513553294051,0.6169121929106739,0.2590441491420152,0.46535280342377844,-1.060902156355552,0.5847116642439302,-2.5311308481020527,-0.27073427440035075,0.347236351883485,-0.6646591252782355,-1.8435577990961327,-0.2811067513777942,0.2970530800041031,0.4780442659956129,-0.2457183935448615,0.4418456133506919,0.7040240519471312,-0.41605311882062296,1.82559058110109,0.15540074007316723,0.7902856423543856,-0.6715177323564233,0.18328747100938791,1.6008901271570513,-1.0667908092253824,-0.7408205989291962,0.9173897446208563,0.8821299299490466,-1.3139724949605787,-1.025478683050796,0.5987755210763722,-0.372566431228869,0.2206197680581266,-0.9449256847302131,-0.6793520023518886,0.5012523716926128
2023-03-09,1.0642127063253746,1.0619956280383607,-0.7699240940787788,-0.4857628876773683,-0.6646188240671458,0.5975598052143023,1.964249793018061,-1.324059898714106,-0.5240427157932204,1.2669455113398052,-1.8567417976739578,0.937335534200878,-0.339299482593819,0.49072694609170625,-0.5381795787305962,-0.3118442829207207,0.051041967422403516,0.10688426972639667,-1.4919863563163511,0.2710651258256774,1.5103450452110383,0.6023551627962651,-0.17303763720853144,1.413436430686557,0.8979256409287367,0.3978866706922213,-0.8358256370574035,0.3521166511038286,0.44675471471066613,-0.47754357221006705,-1.4980663613386616,0.1316824639783263,0.5108591851344165,0.9676901294973508,0.1426790913709816,1.0285421964513695,-1.9984668407700963,1.3905430837463761,-1.9824289708919525,1.1025421705382774,0.12160494140872155,-1.3504214958544407,0.08873817126250605,-1.3415569820709496,2.329020645410183,0.6533762261264757,-0.12212944715909917,-0.15267430362518675,-1.4655556243502308,0.5478906353785534,-2.3740523274997476,-0.01376033310620683,-0.010379298449143839,-0.4476346987093529,-1.5335157399584658,-0.22097046277140817,0.033658663910000795,1.291277118739723,-0.5653642969875586,0.17109867364911782,0.47336291996196106,0.34678354243674825,1.2701926355149091,-0.31858781939131525,0.944548018698623,-0.6144688255061421,0.6508107298681142,0.764637632813692,-1.5857913680619105,-1.2495749170247064,0.3345260842703704,1.7572863373149616,-1.1145375603673136,-0.6203923776915811,0.6018503476517648,-0.49305081168453385,0.5278434136718675,-0.8400338321318982,-0.5332529794056592,0.6236517777119581
2023-03-10,0.818897503229456,1.1406918716608268,-0.4524924081908845,0.5821174601350747,0.3050030600905095,-0.03962959656774984,1.3937387461342836,-1.5306193651548818,-1.1233024574942667,0.8469090047260381,-2.3276647370907537,0.5392508269238129,-0.5213248953404335,0.08163712865863038,-0.7186104698494572,-0.648370274138908,0.5136956833369357,0.2846761087926048,-1.8597434401308874,-0.5601358264536609,0.4814749292050045,-0.2863532694493517,0.433787508504711,1.727530883071319,0.1936015488908706,1.146765926877588,-0.2634740084031745,0.5024225194215939,0.5830123953685435,-0.11990263584223346,-1.0105375977245759,-0.058625202465173804,0.7758347168467565,-0.057501829119280416,-0.08849619499776062,2.0191860593599618,-2.446405351625237,0.23993987945334672,-1.1398457876680241,1.55541922865466,0.28269778596976025,-1.1363106069075968,0.8161365222803998,-0.15676500546458344,1.58906755402083,1.2061365628363419,0.9081927806335062,-0.5520952147540136,-0.4797801171450828,1.1774847064456757,-2.6924647711157776,0.37198989867050836,-0.714423961814467,-0.8764917627733906,-0.9608293889011431,0.3524489020172801,0.14577741259162003,0.7224514255940231,-0.5131158107353406,-0.21585870263517343,1.0329679822531073,0.023265820964830927,1.2313960203784655,-0.7886817106991785,0.5696686806765112,-0.6921587016407689,0.10645665431605186,-0.2668489158681661,-0.8180182299760705,-1.3937409311630182,-0.3502791249510478,2.8047176292967317,-0.6216932879893543,-0.1740109528536809,0.6761963839665697,0.05898354480021507,0.9331303355647637,-0.9713206486931685,-1.054196507364365,-0.492639891467634
2023-03-13,0.6205321231518722,0.6357562527767582,-0.7374642302518881,0.7213781695551448,0.9151804498801202,-0.7952847899915663,1.1106935172813734,-2.185198374363081,-1.245685707037956,1.365585198654072,-2.425920752940166,0.44271301155537235,-0.45885751935595664,0.735357117128072,-0.8569664840391572,-0.02510936715464784,0.3571053867526308,0.5252811053957562,-1.712178939598469,-0.02841790489674679,1.4613340911047672,-0.6696228152612154,0.295566873527376,1.4621409662527254,0.3545706920891672,0.6089536443863719,-0.47955600592964576,-0.04814812122966643,0.20067645621580352,-1.7706306427795666,-0.5742798129054739,1.048543052042437,0.7982241618364326,-0.42655691818354663,-0.6904544992718011,0.8038273217489483,-1.5885070425298176,0.8728900772295548,-1.013929798748107,1.7947777975460122,0.5640007180265263,-1.4109922858827326,1.2998582253248667,0.2866003400704642,0.9257735614809888,1.3822344009209002,0.7674535852342348,-0.5145797542588678,-0.45373444990474987,1.0900605826145653,-2.0509229228200074,0.021071549078165868,-0.0639785229421639,-1.4291104529736862,-1.0351614038119685,0.16292060724689808,0.6734644850119165,0.9055730356994545,-0.8402083203539183,0.5561217206968784,0.8970970877895342,-0.1117324732959246,-0.02150984310429424,-0.8197795410285381,0.05106207858573402,-0.673636679228253,0.11819686338871388,-0.550526463137134,-0.7839152652573224,-2.101520219954292,-0.7398906095370115,1.97205278547891,0.6313836970084937,1.0530325340479438,1.3929651112275592,-0.2561430497959938,0.5817785939103446,-1.1689049160232288,0.14492776653421824,0.15030010429048268
2023-03-14,0.2437466111387544,0.8405837692826578,-1.5341093154885965,0.7958571777648122,0.8023268918118723,-0.286682225562539,1.7278251995446525,-1.5579226976762648,-1.1780714292508485,-0.7809161586400563,-1.4965413843677862,0.02957878995717819,-0.23128102003217565,1.8258804637116295,-1.0884715924486859,-0.17852039469260825,0.4511280269995091,0.8575638094186332,-1.5539520165003853,0.7268949636803144,1.051570470905596,-0.22448308306794382,0.4411540309006924,1.150720233217038,0.4868998095403587,0.1999352371693567,-0.4968709830399802,-0.648030603126368,-0.21392011491637605,-1.0321116191482547,-0.49742328022585414,1.1211556154793514,-0.1865453710350879,-0.12344759340172021,-0.6545075520017142,1.0259486713054526,-0.6392459755850675,0.5664777629652216,-1.035065198695338,1.9380232200621905,-0.13000259243125295,-1.0276148171705974,0.21492112282475845,-0.08297031735892126,1.5966404701838937,1.5207800565435643,1.0494324361589777,0.20325628168966817,0.38509381590356506,0.6767342657538461,-1.4808106155138352,1.1494003648618116,-0.13510515017389613,-1.9319844537061654,-1.0911199207558238,0.2261088886379238,-0.19183148357416874,0.3078995083176879,-0.9104428586276677,0.37259361306438143,1.523693384042106,-0.0285860729894585,-0.3143848548943988,1.4710600527206326,0.015361487840178696,-1.3768609433794057,-0.541381976722359,-1.1355576601491055,-1.5647925031669492,-1.5132792060820937,-1.9899732260210343,2.114799606027214,0.9436139197048647,0.4565171015891175,1.625606606880501,-0.6790334517646032,0.20971374260323708,-0.3897853056217712,0.08782616625819208,-0.2806866274542356
2023-03-15,-0.11775247374674036,1.060717238598388,-0.6016221469781835,0.7316860318537048,0.3808992521804039,-0.05915389985624438,0.8977881938733123,-0.687411660659273,-0.5689549194501604,0.3307679043683335,-1.867299698733274,-0.7807084563211177,-0.017646980107415944,1.3502297483802763,-1.0295092367013654,0.15751937499738936,1.305931074949678,0.5487724713671559,-0.9688986083026772,0.25020251649684766,1.1401217690046521,-0.5095468480602656,0.2610850357446734,1.693692508428757,-0.46355802787698835,0.07811901042635987,-0.44325318344998305,-0.31122772127015597,-0.630519806725661,-1.2103252564028222,-0.3550423229380762,-0.2862038446386343,0.5876028807401401,-0.9287576983424939,-1.0722516923017775,1.0946719981580129,-1.1240729315088407,0.25822822391463085,-1.0633677689137329,2.3287056829601376,-0.20232172774718363,-0.4828775034871072,-0.513352254417518,-0.15089830034955887,1.5507303792599054,1.7113542554839254,0.19459755030461767,0.07414540559920021,1.156991658723132,1.2941470639232673,-1.1261718216278398,0.798314858093559,-0.032381486745297165,-1.8678190875892096,-0.967781120077892,0.3023642371663093,-0.7884464982600919,-0.18814238283084372,-1.2673243521485844,0.20890316515880503,1.3605319642702332,0.18974383617709933,-0.6799130452105117,1.940376682751886,0.1973892069680864,-0.417871496015862,0.29411096401938275,-1.868077402251293,-1.3604390916202997,-1.341694126610857,-1.3321820995482339,2.1952472397405907,0.4943368706597619,0.15531298765550272,2.4428656544702316,-1.2782075940842297,0.5016663107653553,-0.7238226591579258,-0.1177775591806888,0.28471558461321084
2023-03-16,0.48847408087581035,1.01965412823555,-0.8495312619293013,1.4422284568427404,0.5493614476040427,-0.09606046505540006,1.2446865487225274,-0.6421531208051822,0.44922128545712886,0.272164915430161,-1.503946944122325,-0.42939297134018745,0.1417524948130404,0.7214747391361268,-0.5900836028798105,0.38496302968130236,0.5648584219483631,0.2869510871579542,-0.8439916901487885,0.6836662314205316,0.6792808786227634,-0.41121719342131385,-0.5003518590551386,2.1659222331202943,-0.015088072838928043,0.9303120024836165,-1.0277628241525658,-0.1462489721008287,-1.1738709618278695,-0.6261730966640399,-0.33422657773552644,0.12895367456469267,-0.02551031192952108,-1.4325786739570336,-1.32403108195662,1.0573664078759968,-1.1618130130641524,0.07112259613485862,-1.5619131363090577,1.770024286951359,0.16639325802803132,-0.5449003688011932,-0.3464213512998359,0.025481824850634143,0.8632476873374646,2.41652635554776,0.14572916487207038,-0.06504466249797022,0.9862076664218598,1.0474745703045756,-1.575804626885661,0.6324203119196564,1.3818936954290741,-0.8373809741280438,-1.1497448939825003,0.40044294152361076,-0.6857458668108823,0.08150446612273068,-1.2828727745442965,-0.3708150860928022,0.8738394887151169,1.00692852142652,-1.1148252317146523,2.042225259243903,-0.1326741670877841,-0.8494497289102592,0.2021723945787114,-2.460735881532935,-1.1877646836575686,-1.31248068501421,-1.38088183287555,1.3811837843401957,1.4222016067429692,0.19328407493703395,1.814740313808953,-0.765062546165049,0.0003547213767482195,-0.4401635831291153,-0.21051914882571196,-0.7274571293568673
2023-03-17,0.7104086739829323,0.3893916177210702,-0.8539845970258217,0.7392500404290904,-6.101156179253052e-05,0.34303072586650657,1.1227802585375461,-0.2814808495556289,1.2721868599160588,0.35808758678714814,-0.9785981684636751,-0.838720924966683,0.4935750777799659,1.0580306153525076,-0.4330073367291809,0.07019661612313946,0.3294664561796735,-0.15336052341029122,-0.07274068595301036,0.9606122615189444,-0.17637671268153152,-0.16824583093312284,-0.7308462553726288,2.441515622590038,0.20503560365695586,1.329653039247899,-0.153445271217484,0.49677767394083816,-0.4835798283541198,0.055947422235542166,-0.2849759261744212,-0.7769647379510378,-0.4987093010207835,-1.1432246957854615,-2.3207760680766616,0.9584506374705447,-1.261404049808101,0.9389325625723286,-1.3352013633755944,1.3527048261105867,0.6965920278612283,-0.6589868127202214,-0.17937844429641195,-0.4310577260901253,0.9230716830498771,1.6378654438215632,0.18310966107068055,0.6221693939296781,0.8025334942998998,0.970612206905092,-2.0420651954168823,0.43077846806098335,0.7243814817406353,-0.8264582761718459,-1.0169017598897283,0.2692003326849304,-1.640176534252878,0.20163224416612205,-1.262998909853615,-0.19780751298898017,1.115458156888112,0.8591966567357557,-0.22312756633891526,2.5587480037195904,0.6480996320426243,-1.4727245249600862,-0.2901323489890865,-2.323363434187573,-0.7736059670613559,-1.2163501425474033,-1.3462293336330045,1.0301552168036874,1.408837594501916,0.6483970393667896,0.9035388068654636,-0.577530804898068,-1.0099619469194934,-1.3462811471660678,0.12480873125599967,-0.6043779269911715
2023-03-20,0.6739893893615151,1.1025456319806595,-1.2901284220719011,-0.13316615265711854,-0.26234305571192645,-1.1334764202994392,0.8446760085218507,0.318341988915726,1.2621483282352963,0.8268960801141328,-0.7959522625793738,-0.9441346967690536,0.004830352469616283,1.0622336402316976,-0.8743531690200913,-1.3299337337916042,0.7391132280534816,0.10918918301557898,0.44408151212870195,0.7314958834996125,0.3063083690105873,-0.39223145612308696,-1.255104247980368,1.9508481733523986,0.5225894473885078,1.4983060299684965,0.46129964452618405,0.41489299131133145,-0.9081349689058971,0.4985204835007834,0.30295800591123734,-0.3003849179231025,0.0004817057576198412,-0.5898056222875754,-2.135352753394457,0.6638770319764752,-1.530788214811761,0.45112866518540057,-0.34729966849237465,1.551999794726506,0.8424933904550894,-0.03267749521190419,-0.2894089358157693,-0.7089939033440069,0.5652364507334429,1.5089895701938616,0.43543879095637344,1.0336529594160513,1.319702837806883,-0.21369704222316635,-2.0075140000972787,0.81914735156312,0.8390323076521048,0.41940478011245297,-1.3976363228171511,-0.03848502088420851,-1.4717661294734075,-0.07432182854195622,-1.6209753369149538,-0.13198260568315184,1.7253225341110145,0.8230136129088925,-0.6145295421146939,2.0958570985005847,0.17287727509793602,-0.615853351156685,0.48296441968306775,-2.4159047176688047,-0.56126642553187,-1.1127135077027142,-1.1980148591162783,0.8433497214082103,0.43790320442951075,0.9560010612519868,0.6885326921709034,-0.6761659512806701,-0.7025328635282194,-1.5872532428003703,0.1822067439872402,-1.2395955268557315
2023-03-21,-0.7001106060668841,0.8022405853664402,-1.1378600772744711,-0.7106096509374756,-0.6266629897624192,-1.1568658466687487,0.7680443649317961,0.8389757055865127,1.6781946109117665,0.6163825408534134,-0.8895885577446369,-0.2742864247849854,0.7864029307992703,0.3046244014996754,-1.3686954489457088,-1.8336511961235809,0.2169005253125134,0.27611327784039913,1.1346335641478302,1.468090326470455,0.2377823153512847,-0.29803103776033013,-0.7087304875166698,1.9126675011099974,1.390004937100689,1.1080471086923718,0.4499636131567359,0.2966699213310515,-0.6388162745831779,0.06788286341242666,-0.3035518835049839,0.3078596783016252,0.6499952001982398,-0.381032010704641,-1.2393308761385278,1.1020415365359086,-1.2153075960422748,0.5295421531606528,-0.42804686512299217,0.9342559811958225,0.9620838567291694,0.13141342792552027,0.3263390538701625,-0.8053271163217102,0.37861734354660703,1.7230074553992691,0.2929901908977324,0.6727521413210081,0.8898787195128965,-0.8741949103530509,-1.5495240389206484,0.6477016646624844,0.566840575248284,0.8607707985565494,-0.5657558351517705,0.4025366588249204,-1.9221406914126158,0.6034869842209222,-1.2545818657314918,0.8300798181254815,0.9780600081374894,0.44556498744615786,-0.34723805835261673,1.4222801691225035,-0.49558063320151435,-1.4801083676560176,1.8270749299387672,-2.945369000531828,-1.1292136884251447,-0.7170682553559244,-1.5410809450954732,-0.00616155845194197,-0.9073739650943299,1.2370996619585246,0.2421376518719674,-0.14100092592064545,-0.41759153159949414,-1.207046900869811,0.08440321314537422,-1.1848988356001324
2023-03-22,-0.8700390225291665,0.31491536890216,-1.7482833557939936,0.07961262203999567,-0.6709545737893123,-1.9873710900605543,0.8070191113294427,0.19954845092443493,1.369877926257338,0.41452549540326533,-0.4292867129927872,-0.29597193011294465,1.004854730434785,0.3248969762651624,-1.6920386994547387,-1.187232637757181,-0.08061252897594752,-0.45844936140456605,0.46661749208420755,1.4344964057539396,1.4743363712704076,-0.7733237664857902,-0.48701814273432803,1.631274977945926,0.9270722641344907,1.6898907200656565,1.4160283819023756,0.03775925869108011,0.26975984211204107,-0.09478468962198966,-0.9319915222183134,0.1245331047909141,0.9969563160889686,-0.45746207249174936,-1.0674116878661724,1.0626286661418767,-0.6049921348734374,0.66523607410543,0.25504186393187017,0.7785311126796487,0.6041884994061664,0.05066498377805171,-0.26702643839845686,-0.991126585556351,0.4208471682709037,2.0021775633530536,0.07819295827752125,1.0845830651662294,0.348806371682555,-1.2509805656233164,-2.111962312437182,0.7307540321319282,0.4654569899875189,1.3394130171709966,-1.1098161147167933,0.399575061996789,-1.1027011438422962,0.28213351964142164,-1.6890688913123801,0.198681545089091,1.079989430417267,0.045351650011508766,-0.14846163850150984,1.2875341615483635,0.4539281924995586,-1.067128188006974,0.9582122710134604,-2.9373279681694244,-0.4180461490691972,-1.052913172899474,-0.8618811518342211,-0.17324368315488,-0.4725664171419641,0.822713406340097,-0.02160103019566469,-0.6112908247107878,0.30242762268398393,-1.0689911360808866,1.4699284975866636,-0.9776162004938126
2023-03-23,-1.464758271296335,-0.6604722705206661,-1.1656699135309543,0.3486703996440891,0.0423934868132968,-0.5907095160996199,1.1516034264308022,0.19691918717580192,2.034760270822669,0.5098627339553569,-1.1747710728766254,0.35163460044388495,0.6397310855471185,1.456509662888578,-1.3724576722273085,-0.7725103960977432,-0.10608024448144632,-1.1403886982057085,0.4117631773191173,1.6969124058635463,0.9822177449277195,-0.8025721344527007,-1.503026905039189,1.4908626693557172,0.14920610374988408,1.7608027533873687,1.6411247328843848,-0.1622781670686444,0.8827958215952592,0.15445950924198124,-0.4649875666571139,0.1417421436595176,0.49497067396947475,-0.09110469747358353,-1.5464328919949568,1.3106799649060752,-0.07678608931944866,-0.024884099583575254,-0.6499168619856645,0.28654554837483104,1.633875884837479,-0.4465353227049871,-0.6101524898543497,-0.8686299846119199,-1.2333404936933128,1.0928054818011395,0.7692546409627281,0.3854746046051788,0.20298143777404068,-0.9769954787885339,-1.558251836311611,0.22925575992783082,0.6234089292138081,1.8282307797015132,-1.8534906348560964,0.07366504696384527,-1.2350562411546417,0.39864451774368487,-1.644471630094321,-0.3590578509030984,0.6113088386095138,-0.45161499674195293,-0.0006611578315380811,0.6257442234354438,0.15117087846268618,-1.0266005309367237,1.896853780107339,-2.822849852533866,0.0645879489039414,-0.392085763916625,-0.4899082544677726,-0.41261982140585596,-0.17013851520963225,0.768076983878486,0.8478021984616542,-0.4294241611365628,0.2266474147642948,-0.2260249042513391,1.0983562487371277,-0.6865963115321863
2023-03-24,-0.7940796373734521,-0.5395032847661076,-0.9994681392995687,0.3922309547780776,-0.3797634176761793,-0.4272159832219959,0.9439132819999175,1.0287886411843576,2.327837449508024,0.7785051956293256,-1.115864440686891,0.8505476718286628,0.7918997649471621,-0.591658848483632,-1.7318112605415321,-0.8556907269341534,-0.28348514674676656,-0.9290337340653861,0.67663440833189,1.7790431629311958,-0.13062654413319788,-0.8172672790197753,-0.9598817450968451,1.1984725358568933,0.38856816142056755,1.4949942805583418,1.5615582882578054,-0.00867017629235421,1.0719410329347725,-0.026656587309337766,-0.4569561206259997,0.4459920294259933,0.3770587627419841,0.4209472168287683,-0.8662588965403072,1.3883737769640507,-0.2958311998653772,-0.3551647726114555,-0.767391802996855,0.25032282663074396,1.331389189597021,-0.7760355577776109,-0.32410286856426257,-1.1129828171382126,-0.6373139630367223,1.2272637762915046,0.2841850400415131,0.20881964828138386,-0.2527130687618355,-0.8886395045188997,-1.8644562172611923,0.146732413885606,1.5156285477907114,2.0453753286229217,-1.410784887828736,-0.5589979804321099,-0.9570649243994747,0.20497438554592662,-1.6369628224325463,0.1233376930791781,0.611428146531915,-1.313759387138218,0.3033215406228555,0.9188247414068379,0.18532287141052403,-1.4298172006740257,1.064875697397854,-2.9542207955694977,-0.5360687459531897,-0.5310476265942473,-0.8987532257683696,0.9092047281570025,-0.06862123422023013,0.5762520122337431,0.7593363528295429,0.6178636754363424,0.9153483729713375,-0.7361916528034339,0.9712727004024326,-0.867572080134703
2023-03-27,-0.8012663418323687,-0.33549850128846515,-0.7992672402259627,0.5978279565096054,-0.08597265536605368,0.42815916709168345,0.4172563182167219,1.2751203052798514,1.023197693438411,0.6783461783251962,-0.8798237561415054,0.9485108173557224,0.7622572662004183,-0.44740325838758266,-0.7850247277550442,-0.8939646284681337,0.24167716316470672,-0.10642941287931242,0.7453223099255102,2.474865282942464,0.7532543542038309,-0.1658555457607932,-0.24448591449160104,0.38050204591657066,-0.4233521662884896,1.1825828012530013,1.1146660741637862,0.06824016222959049,-0.7628143667035718,0.24243237634004558,-0.358722736024532,0.1681053037106408,1.3763386113647538,0.4664782073861303,-1.6455550684665554,1.4762299403631622,-0.5520045190435446,-0.3641170016255105,0.7650392682786207,0.4718627738674757,1.5732977746644723,-0.4886326344880169,0.5019309952129305,-1.396341941636347,-0.9793603501417285,1.6391507198292075,0.6607792855919103,0.7006276816851696,-0.349884489177805,-0.5742700319633943,-2.5226564632753132,-0.023312061687053173,0.8032358849511695,1.8598188497986827,-1.6951641121295247,-1.086055156172874,-1.0055576298537545,0.5885609616109239,-1.2983891751336996,-0.5616186281608533,0.7086965387437036,-0.6792455269342125,0.7820185044749962,-0.3549094062684925,0.37949708927319403,-1.4221640372036453,0.054677876262474646,-3.3482169855350294,0.13184353325858197,-0.14202724805548028,-1.212178248480448,0.17224698325482618,0.749025219072373,0.0842366844035104,0.12146750673262725,0.35128325733049315,0.24134660006698574,-1.2214397470989578,1.2961461739332967,-1.44517878353377
2023-03-28,-0.18998866858163224,0.16833243741786202,-1.107038334756295,-0.0556563045100485,-0.07211720887396997,-0.5384235374939998,0.3306063253160046,1.3139853461290352,1.911661896304108,0.8398786635447657,-1.2782373972877366,0.7158753562663597,0.23101235398081119,0.19553159651148133,-0.3736384311036108,-1.1384403048077387,0.5642215612772702,-0.31539602513657955,-0.226824201750752,1.3623797445645238,1.007537503082248,-1.2926061235534567,-0.5208025845365025,-0.07950565835740049,-1.1069925989474216,0.4408179104809143,0.7427549708569323,-0.9004438468470082,-0.1849233057662631,0.34832972628535,-0.6738312641050808,-0.2602092254437728,2.087852497092983,0.4976925318762222,-2.079542666778134,1.9202359374889104,-0.29766784659578094,-0.10380681279337593,0.16086100149104857,-0.4621744842170691,0.7399244532202373,0.5267371179937224,0.29153197338014364,-0.954268338249676,-0.8524696270197527,1.40155948018012,0.4907185217836574,0.47890751929973885,0.28757568552265905,-1.0463231792576695,-2.5637479788928372,-1.0605460242761864,-0.1867157442522076,1.1921958915493636,-0.6863558218366245,-1.123324151909028,-0.5200145686539579,0.7841803270359838,-1.0227711367164947,-0.691028536087357,1.0764868993138423,-0.049062037221290884,1.5470785390297228,-0.6066441125852359,1.2020781068441215,-1.3458387885395529,-0.4149359396514789,-2.744567132886352,0.9689775486065465,-0.05123575343951878,-1.1497296989839962,0.61151774749455,0.6802847762587513,1.5399140826704647,0.719853794671753,-0.10850686750653249,0.9514351569329663,-0.6202022725347027,1.7671190344005023,-1.0410894734115954
2023-03-29,0.4525042479132552,0.3366392543774148,-0.9211114731453364,0.16509795147165393,0.06950550040951678,-0.6005121031507805,0.25917241033203037,1.3231862981208344,1.4865973252665055,0.26077725446016725,-2.113117977159173,1.1537331010629412,0.30871814624428034,-0.5820784298092093,-0.07744703475145598,-1.157993727775202,0.1275936281763676,0.013927926835089356,0.25753291388413735,1.5925650054735707,0.6560270203500742,-1.171870413489095,0.08318687495404654,0.3566671214486158,-0.369539639212402,0.44878167680838493,0.8970186908688932,0.4076354905346716,-1.2324433008039857,1.8606784534260241,-0.20699781854448043,0.8270663539893193,1.422258738580493,0.9064553919534821,-1.402438424518696,1.8003224939428062,0.06909547932796364,-0.37172687940097426,0.183447863685573,-0.595920741763489,0.1742584663282266,0.39770832687999064,-0.5766638477470484,-1.2280662144682335,-1.8054345636161835,1.1556331912845343,0.06457450002179513,0.7052604767687569,-0.6939354471136715,-0.8624307110316689,-1.9260325186150278,-1.2244022660951321,-0.5186510052265387,1.2637162320809905,-0.6996915839315507,-1.04712587538803,-0.9445410555605975,0.2963700536724696,-1.1855318333997362,-0.8914338129589662,-0.3702874952791371,-0.8891890772023519,2.448944614852999,-0.026124517775707814,1.363761462934837,-0.669557273252416,-0.6694494063508486,-2.7811729731270844,1.3727759478401627,0.1793155314577192,-0.43435877352182434,0.6705174659863374,0.6036315683816248,1.159300480691384,0.30154116525443947,-0.35577314629060514,0.6284397115123521,-0.7296105557335982,1.4723469772205238,-0.6516268698570169
2023-03-30,-0.5756335156768997,0.36515908854893814,-1.475823366008049,-0.4737251196839261,-0.47374784633515116,-0.2926767708217834,-1.0810293625512863,1.0749742599980119,1.3626119320828471,-0.3012312122025624,-2.0853328520544125,0.01353424129471164,0.1596768523021998,-0.9410331403530726,0.8975907464294334,-0.804097275328235,0.4766110330307236,-0.8279352789288927,0.02123076400736519,1.1178302148666917,0.08999890133741577,-1.1616612143699956,0.15508623981998237,0.5545167724432941,-0.41141216503142136,0.7182320935250373,0.5551494203528732,-0.40459061925783607,-0.049485688841599006,1.680872961404932,0.6247180379316712,0.8925090600324317,2.1216599333585937,0.415497194629021,-0.5913393251832536,1.8838981186890427,-0.40093815233417174,-0.1327400510667431,0.06501873884890877,0.5392719260679494,-0.06092151737381903,0.9586224691690146,0.20435272499259532,-0.08409949723384005,-1.3551793939785672,0.07394807299656155,-0.10288408791071516,0.2879884635944333,-0.6437971341515751,-0.06282410939272498,-1.3350424272857504,-1.5005854154710705,0.9232086402033063,0.9241374369563935,-0.8727945649407859,-1.5544641765496612,-1.9565477548150219,-0.3722239834909626,-0.5109633444918581,-0.479073743341517,-0.7425034435728428,-0.4979742052204394,2.4419471165856055,-1.6227504862536182,2.1981460775704074,0.10542699426118088,-0.013036982715542827,-2.234436274945528,-0.07109096403506479,0.23458402066795847,0.21760148816446717,0.2859831644927896,0.9481460777306043,1.8684080460735029,0.7020819334805077,-0.7024730229176637,1.0556178894779036,-1.3366698944186741,1.5320714488542546,-0.15115121573702944
2023-03-31,-0.29081740105135273,0.8424019322267807,-1.236282922110279,-0.10090891304378745,0.45354436241599655,-0.8232644761011726,0.16988442915613022,1.2429773380368774,1.1216451973740809,-0.3943125587719102,-1.515562454380873,-0.3945104485586714,-0.0025962473089182043,-0.7665210249802443,0.24422378843444975,-0.7236019808457363,-0.3762640769117837,-0.15092077959602657,0.8482569359911373,1.9120908007943893,-0.013406213393817543,-1.26966597959131,-0.3640385312833488,0.7487782786819007,-0.4253907100121663,1.138145745696997,0.7184212345633438,-1.087304704016426,0.06541266160864806,0.361594992125534,0.3056766834327598,0.4143370984453149,1.9518750643982354,0.3004988458160658,-0.893039695296071,2.1993703369143685,-0.6672873600285311,-0.1690539919406167,0.25619853386935937,0.12584030160067994,-0.4300736423299406,0.2157921264628482,0.3425182436824441,0.15102090456447775,-1.1073078391166646,-0.4947580123556064,-0.030990716059331538,0.9296133479339825,-1.0783867180747675,-0.14513381531261665,-0.7142992745935752,-0.6958251171593165,0.2005417973914757,0.9075896589807563,0.16763844921684265,-1.9470214438525877,-1.8612372548401326,-0.28908285641823145,-0.013822980403897737,-0.48096210824637037,0.005270871405303684,-1.2651722114857695,2.149717312183846,-2.34382199075035,2.2971981449638426,0.38498026460063395,-0.548456346506977,-2.457934380129933,-0.14143319885329783,0.8280153527160018,0.6261334449671616,1.285080597979287,0.3386566309308896,2.405141366656087,-0.19850746175992687,-1.1577539441405065,0.2554374391893174,-1.0194381782628101,0.652372264262513,0.5222771802048933
2023-04-03,0.22028005879946522,0.9671618554966905,-0.8495232246175791,-0.3944705930828869,0.7376863447198974,-0.854723882871871,0.5059267005903597,2.14390913489266,1.0619853908626817,0.46010477932799354,-1.1868561757417253,0.14943037863897576,-0.8876527164663777,-1.0134800776366033,0.11126734137358626,0.08002017347420705,-0.5851361456924165,0.06411692989207979,0.7124122581527285,1.5362456982598591,-1.2814637710357155,-2.131672050859698,-0.5068463870855735,0.7352229334033524,-0.4456889881367894,1.031280077930864,1.8121743969783655,-0.06484832745510817,-0.17654868391752052,0.3149900408809458,0.49540042560991143,0.5552093003866092,2.7676440495728927,0.5735258643074942,-0.7000669800013031,1.7272877848772545,-0.6288472680002789,-1.3536691333235111,0.3620761207544222,-0.6227451371735162,-0.26568312046469367,-0.33707560936939496,1.3921800852779602,0.13218808513744332,-0.8666094663907464,-0.29524636943594706,-0.33018177142861227,1.7237727267720369,-0.48199414521932016,-0.49942929166107775,-1.1207258544405683,-0.7838471893307818,0.3853801773427057,0.2654398848163183,-0.09045415245832701,-2.0471098000042534,-1.9035990508275502,-0.24028076810463103,0.17706950405312094,-0.4389113047851324,0.4478899963139696,-0.8242193942810225,1.8144527626985834,-1.6151500480318157,1.0148011888553707,0.17824897611084986,-0.764900774476052,-2.1560420388244204,-0.256618757639595,1.1778231285432261,0.5254464909824547,0.5311382924928647,0.6264169450210181,1.173151392986323,0.15713127583390632,-0.831068194850219,0.05036140459575123,-1.474879291060336,0.520390997427199,-0.11037541826142798
2023-04-04,-0.5490509364701642,1.154527687804531,-0.27151310748372964,-0.12922136390152178,0.06339385287579954,-0.5609150771651897,1.0637595957896648,2.0095745430109813,0.959797066768766,0.05974515960423456,-1.6455153438324628,-0.05442072688305223,-0.4746723442114625,-0.5342806817431147,-0.29938377677000394,0.5258253995201387,-1.2470384522719802,-0.18870016495433425,0.018767738718825613,0.8956560388025802,-1.5350150824540485,-2.30758176764517,0.0753996337935689,0.4012129116771494,-1.2361614457350294,1.0564916934476203,0.6446433649270958,0.5269002310466583,-0.8488525930397282,0.3225966909541777,0.6774687444489755,0.9108690781383958,2.4622407818593253,0.38447054706870476,0.559001290941072,2.8076260772754162,-0.4551300672599779,-0.936442284565689,0.07397917842283058,-0.9951788726828115,0.07070877254775483,0.655468158130191,-0.02182600333356557,0.31306547803713247,-0.1519269236585534,0.20319677051771215,-0.23807495847942425,0.971271781657078,-0.0056188096990417245,0.4382507742591636,-0.914965044132896,-1.1461144720549385,0.6219285663731555,-0.28742869681886124,-0.6158978272576202,-1.6350942173060494,-0.7872029544914262,-0.7790033421036037,-0.11483936878098501,-0.8597311203383267,0.5378523978865954,-1.4984529650145166,2.898089517160951,-1.652423921396388,0.9776597365291857,-0.3574332439706132,-0.14683657780154774,-1.538681373919692,-0.9983929961159421,0.8956875607788883,0.5748520824264511,0.5034403476840468,1.074694792614651,1.604326585835456,0.6257834681356885,-0.4197810996785103,-0.12903244917752626,-1.1935689235539866,-0.3093362478702706,-0.5494864714468586
2023-04-05,-0.6844693937654104,0.9800872721741678,-0.5525285864639273,0.18314966004549096,0.2969860052074461,-0.6003180514005614,1.0629484559688969,1.7409228532850256,0.28762555330036355,0.6291267713760212,-2.074322964989223,-1.3802293054607504,0.7936494169564128,-0.9016202831059889,-0.24955364528393828,-0.6045334775778629,-0.9208759808503828,0.2359915780366576,-0.16243291183066808,0.2803585288029761,-1.2660710269465665,-1.6888412762201332,0.2963697832858134,0.5164375395984616,-0.32139567607734426,0.9573001834487515,1.3683644415823375,-0.22504748161280863,-0.8010332094336162,0.38095905902739796,-0.1394550982585717,0.9916011910709873,1.3447906692160216,0.13929223083584874,0.17127232401464565,2.199601313742226,-1.1209567774031874,-0.7498944966508349,0.3584731383044206,0.09287884488303384,-0.10719663504112707,0.9593462515207537,0.2266443599162798,0.2595111288716725,0.8243624043005328,1.0673388386370128,0.09175976876996411,0.29761453937728377,0.09826962792998091,-0.48347836689592966,-1.3793583934632154,-0.31212438910430124,0.7135113784310478,-0.25108265991347334,0.6481751720564041,-1.7377805872229042,-0.45100982409637913,-0.8490764450069246,0.48383716099643675,-0.7633854801568019,0.4037900955825339,-1.9683750205005524,3.25903559999072,-1.442076005287177,1.1198138588703843,0.06349331843832823,-0.5994638223123432,-2.508055079139331,-1.0545442240737102,0.737276695785276,0.8021136594746016,1.3911408045702085,0.8605554532873857,1.353625940020548,0.30914758510289275,-0.8566396812334708,-0.546148753211074,-1.1019955732969153,-0.12282822736934458,-0.30035164543690146
2023-04-06,-1.1776507318665508,1.666352184109161,-0.4596017875090841,0.22785409958370825,-0.5121263180826697,-0.7780194303610881,0.7292845673115507,1.0109989293320731,0.2965100407829603,0.06794241163745256,-1.3153768842391411,-1.1936483553542372,0.675651313903426,-0.533416910834175,-0.024026459795335457,-0.5858710899793456,-0.11545358308436635,-0.36431745734540766,-0.011431493207554677,-0.15776885445383435,-0.9766949949551673,-1.2056398813416735,0.3897395072149619,1.0242891679876909,-0.45000805107632297,1.245524400453257,0.7892753748012349,0.13675368994190643,-0.5282439136185909,0.9587816111589199,-0.4530653965025292,1.4353163019032555,1.588445280252625,0.24239401573190528,-0.22272511279646096,1.5943274154751605,-1.1448139273001292,-0.16021593849396154,-0.06142053439475916,-0.3120113305556528,-1.04764152927634,1.0796130983887444,0.5807810870878235,-0.662142373677548,0.7377265140011917,0.8695460137601048,0.4114770084866782,0.28251903188005456,0.5125318020162358,-0.49534861307072237,-1.489582308657116,0.4890197143134838,1.3422932507439458,-0.9192321770996824,1.3973841914984453,-2.331943858720389,-1.3540407147076108,-0.5954794055285738,0.8707990876246066,-1.5711004679259624,-0.6817755710170229,-1.857436959838775,2.2563757651390928,-0.7728593893872066,1.0379816825541717,0.4100987086212096,-0.1849920951366117,-1.3633621790831878,-1.2643609837159349,0.5992659306759512,0.024876854766230964,1.8028399494614664,1.5560082242355673,2.0375932283710156,0.320864559194446,-1.4008245926229783,-0.33696781187149505,-1.2217613008164623,0.17603689133912256,-0.5806721364391798
2023-04-07,-1.2753401584202109,2.272567844592178,-0.09702779999859579,0.6279013816183672,-0.3466800529526067,-1.1236862935959857,1.1168671528302148,1.5707250847096887,-0.267470621984632,-0.01825520577807734,-1.711292137481009,-0.4487242250624486,1.0725893823319752,-0.5704925004038984,-0.26701870146657947,-1.4949265883779992,-0.5124639240985039,0.3210110632478074,0.12229611978208006,0.27477051643171907,-0.935567714061284,-1.2209399556573777,0.21972013848884714,0.9985620029906579,0.30631678071693164,0.8095513756975968,0.5393746484011362,-0.23651358866733221,-1.209991973471561,1.1756988525511294,0.47300590612436627,1.3384466925170528,1.327392097617613,1.1067823466111075,-0.10779567238155664,1.7741036876486367,-1.1369931022053894,-0.13952243891547517,-0.0887597169841183,-0.28607688990863894,-1.6586111101425494,0.993370007038733,0.2200051557448151,-0.40913636772211764,1.5365390563613772,1.0371261371362752,0.8667109919507493,0.7390181413010352,-0.5535237871330143,-0.555513172739051,-1.1764487314446712,-0.5281674024980202,1.0639812669017494,-0.827801314395008,0.5908799365160524,-2.141789768431041,-0.4719390207090285,-2.1196955264364483,0.8374723371627029,-0.9309303502159986,-0.3236616509103131,-0.8599414887220684,1.9614580630576812,-0.7316059659645224,1.1604114655474649,0.16472461999452445,-0.5161293496970168,-1.2011054280993096,-1.6435540483015059,0.29725023754961505,-0.5569382167555536,1.6829660812111,0.8128202261598235,0.9103705113851683,-0.2043772581433943,-1.12524193733819,0.3308088478335544,-0.9779100293267274,0.4778269788936014,-0.12186194965629635
2023-04-10,-1.1094757864475644,2.122154845429381,0.34556760780834544,0.27507535535154676,-0.556281797251269,-0.4441344790827052,1.2639229742421954,1.7493362563631576,-0.5257143409216589,-0.23015220366150707,-2.0690807868145247,-0.35847192156601615,0.6174215631217211,-0.8424796977616132,0.6213416091366912,-0.8321135414918921,0.17834583800832984,-0.3466300293282959,-0.6271478665300738,0.7219408738166757,-2.012496038041218,-1.2137005264310625,-0.11173046722877322,0.5040092454928405,-0.13735431330339412,0.36631086442383565,0.22390397643387477,-0.04493309550073293,-0.5459431467893442,0.05978416451376674,0.645566930437908,1.4395372657940109,1.4225501408557164,0.7077283084347329,-0.0863185043478569,2.039061131825185,-0.615949096952645,-0.9455571295560712,-0.12633437575042353,-0.04785102498496065,-1.8634095598595732,1.0055786464704015,0.7166118952344682,-0.9523867019798641,1.3680980633094484,0.6256570545661886,0.46391379025069096,0.993369354376979,-0.14417607491435705,-1.0108518738439187,-0.4064634589253102,-0.3792102225629516,-0.2359426139263828,-1.3221536629256714,0.7305093957487157,-2.58353589976938,-0.6855738791430694,-1.82296574093303,0.8054211665700689,-0.4975176889560787,0.48478110257039786,-0.9615737634907122,1.8642286843215257,-0.23671479675796414,1.4653387745342312,0.5898493855976829,-0.7111102283194194,-0.9117538463198418,-1.4784233649454335,0.1548474142282604,-0.3221328201929318,1.6046949577072347,0.9182017775414684,1.118471180092745,0.00670004940382126,-0.5509893980425338,1.3989585677501981,-0.21996122795068432,0.3887383024750657,-0.8808315207367996
2023-04-11,-1.1676093153913134,1.5986910597494604,0.6720706049466786,0.10390136207270212,-0.21108099934236066,-0.121440264293425,1.0653170574524164,1.4932324501980034,-0.9103067112830437,-0.7087574678942762,-1.724983891811215,-0.4299170097442423,0.15782674262788285,-0.3563268241430475,2.1061606589186233,-1.0215161549660405,0.7567555260646496,-1.3751622623901996,-0.6650665341369012,0.8747920431072799,-1.5854017563342742,-1.2384265454864418,-0.17175159845123833,0.9173108708394591,0.8877557069790921,0.8291545153236007,-0.023383721003494895,-0.18683306330809454,-0.6389669758103377,0.004569993861195365,0.6536134811503082,1.2960322813408935,0.8416630662407898,0.7899810271263246,-0.05875386698189966,1.3531189024096417,-0.6634100176866049,-1.1008771536148494,-0.48738806901086423,0.28230443191091803,-1.0985474554396093,0.7190066616025818,0.780800241612435,-0.9085946716396212,0.9904078828368659,0.6082844729414002,0.414995606374329,0.8369030484170557,-0.7934886309053628,-0.6784693616169142,-0.04604453848522278,-1.5301204691445194,-0.2076678428393728,-1.1197433978748637,1.306455065377639,-2.9993319377414314,0.03300004330047958,-2.17860344691121,1.3694815964822318,-0.4332922339282345,0.1718431545421404,-0.8112255625095016,0.9046244713001043,0.09277332302189138,1.304802687056202,-1.0254531698475786,-0.9467865513679701,-0.6892079479002783,-0.4997475834999737,0.47922079895166325,0.15247159847535405,1.4459256113954242,1.0840225080669703,1.5319285170060268,-0.7666871981058351,-0.18825242523360972,1.5610553608616164,-0.22945090942764593,0.3600402404036464,-0.8342191348430581
2023-04-12,-0.5855544949413225,1.6845587046360357,0.879330927115541,0.3208065852809366,0.04956363229309052,-0.14973484581093344,1.4261072473526442,1.7321615361614153,-0.5032827098321867,-0.5414289393424427,-2.235217754582473,-0.9558173364992171,-0.10110167828808833,0.1673457514105624,1.2935430263996799,-0.9626610795175602,0.3045503737321134,-1.603985924491385,-0.9376219542720174,1.1017222843865742,-1.522096660111879,-1.0602335897285862,-0.36222453305170793,1.0271653288269127,1.0576654229484297,-0.0025539448536959683,-0.12554623762011924,-0.10545154671722243,-0.297860544887102,-0.013597893921777234,0.8329117468676098,0.4371039708716569,0.8563111445369593,1.76031163529952,-0.1428854722411298,1.2396295865267077,-0.3567323412054388,-1.229680165345169,-0.8583379112137502,0.41318668037311596,-1.5946921195307253,0.46681943942818027,0.8191131482943793,-1.2684706573726712,0.5093435971825241,0.12701251687860685,1.2814343102972707,1.503232204820739,0.0027460209518615788,-0.15280668363584943,-0.08059006608914186,-1.1403975040991428,-0.4163648000488997,-1.2501723912238332,1.111150218714176,-2.5976092717720354,-0.20689701877599634,-1.7977766035308245,1.47561642692914,0.11043839690766871,0.020827517145878834,-1.2806937915886547,1.1443164339431622,0.32465952753029165,1.330425128152577,-1.4174730594077816,-0.7253386717128408,-0.3033439430016066,-1.089693882334006,0.008851591028851346,0.3580790568300871,1.5883709903150143,0.9918651556686526,1.0851251699605364,-0.9258847213844313,-0.2845472556508209,0.9450249200053088,0.05948829989677745,-0.5663112468224142,-0.0952444094443102
2023-04-13,0.4478652630465879,1.3919600668022374,0.2808144735904926,0.8785772678820083,0.03709991706037887,-0.4169658870688313,0.8283368380187613,1.4034021793864921,-0.47498278790126436,-0.2995869873799514,-1.9464502399471912,-0.5581943630479778,-0.11876195709028461,0.6302995648409255,1.2565754271139313,-0.4193613999310213,-0.3878119476902697,-1.6398300011408926,-0.10981769390926457,1.3385385628190622,-1.092280597154238,-1.1329266330452292,-0.5201831386665311,0.8641632570684277,0.9428144959499548,-0.8126544848109101,0.027734027010054015,-0.7338097418560272,0.16899659689959268,-0.1998095468193514,0.20252790069287388,0.9790551760391528,-0.008843360210154284,1.1630498796549338,-0.24997031826623436,0.9582745883712357,-0.5655065755520666,-0.5468778233237107,-1.2904761895598325,2.063857511646352,-2.100871274272238,1.8635312486868651,1.4292290290575949,-1.278552319840092,0.6707475461777729,0.16294316197053785,1.38886009895276,1.088167635583365,-0.13671283889127125,-0.08798971133785136,-0.6182972003090103,-0.6507287130284899,-0.20350809306039375,-1.4926275482246385,0.8356017199676246,-2.3215143966670886,0.2959722513198111,-1.6657484259721673,1.454311983049513,0.26873036249875065,0.7573938285953571,-0.877391374640465,0.7247208180423627,0.8473667055250295,0.9478975033703265,-0.8175475469547842,-1.0230797615961267,-0.8919331121217394,-1.3824327854808531,-0.28335518312408864,0.002740176427881827,1.1211877833472161,0.9360089863760024,0.23663562622497497,-0.9094475614224903,-0.07585113833622387,1.8673483692902126,-0.21273508502601024,-0.9361013109336589,-1.271810772746496
2023-04-14,0.049929213236199865,1.1526671219736855,0.9954742970756565,1.380562250392743,-0.007614724586388809,0.3230130460099636,0.6285123349560982,0.9206095512154183,-0.5533192193467663,0.494806784072527,-1.7301722384429854,0.1667571815860523,-0.2667256215953974,0.6088943550789606,-0.06307332520865745,-0.9922685310809263,-0.7765021027654325,-1.3893355210382743,-0.6991157570056284,1.8750521117956163,-1.180416844517637,-0.9174011158838156,-0.5928623263246241,0.7537574509614872,-0.23786809101248343,-0.5912514649337981,0.14475536210384607,-0.5600439144508793,-0.23635046377108673,-1.0717158723731481,0.6402458963217695,0.940196925687887,0.11435008655936992,1.9773303236521884,-0.025425294576376774,0.5665463008957483,-0.8007139431996855,-0.2651611964300421,-1.4144668739968658,2.3062531166550184,-1.2882652027693589,1.484365693089773,1.4063987182904287,-1.1117171930623015,0.28777699791876304,-0.5066358004124591,1.0797624990383041,1.07500310616927,0.6515459882467395,0.3550089691740524,-0.0223054255255251,-1.02199768626529,-0.1041874428283443,-1.6180678013046426,0.9075272077182942,-2.1451111549413824,0.7951046493425803,-1.5522273335330148,1.39927720614534,0.7532513215814448,-0.07869964396317584,-1.0326194191112719,0.7696236818438037,0.7428235808557391,0.6685512323890345,-0.9252445091697084,-1.5517506524369369,-0.5657511332982162,-1.5589453456684152,-0.1623092514930679,-0.08110869692776211,0.8521325214325158,1.4886046930467238,0.6190080980008288,-1.0415832902180522,-0.44006646520415965,1.8313413249085275,-0.9362653960025065,-0.2986539136642414,-0.7915039990816681
2023-04-17,-0.2113656022181768,0.9793594304132679,1.685173952102529,0.1730257528523013,0.4124022134403069,0.695073623923046,0.3921598893218182,0.774184073100181,-0.5698937185402116,0.5125047676278683,-2.010781014153803,-0.052443459830434164,-0.1592048498792179,1.0187621480719293,1.2266731198152363,-1.2490861950527872,-0.82147384250557,-1.4730081589987913,-1.0172321978363337,0.8876191032582673,-1.5158537483386638,-0.27224492417155177,-0.1872182922616331,0.9547247388711764,-0.5101846608582219,-0.37239231687457197,-0.030654876315895228,-0.7080847138326005,0.0685993751461577,-1.2112527086148719,0.15672524953931943,0.5083258373765818,0.3810773967120538,1.572407449425522,-0.9210820672373901,0.7604651430879575,-0.6938269955711164,0.02447641015478708,-0.6195015876479137,1.9294140404122553,-1.165604273440777,1.5618081806328956,1.7377504112154885,-0.9851509179789121,-0.06503775919162802,-0.18114544956233236,1.7357214317782725,1.7371774468439867,0.5624754951977942,-0.309960399707985,0.2924838440034566,-0.8078992091839818,0.4679331251759416,-0.8478282494762382,1.0442193486534102,-2.95025513136965,0.2735065556952723,-1.6345092300554582,0.9673022459387008,0.7677987896954193,0.5800248358832398,-1.0697297528186434,0.24378590311920828,0.2855091151375406,0.23937838829473498,-1.1422566196417534,-0.8922001477981707,-0.2450630361043697,-1.6442830398317088,0.00015185235752365294,0.4554353183942769,0.1372158753283798,1.431087482664051,1.0061792062413486,-1.2972793438732386,-0.3530682814637364,1.6009226149303881,-0.8186952119062308,-0.44886431629954654,-0.7754048813897727
2023-04-18,0.8528847086246838,1.0039405864069402,1.4366873677188967,0.8664051513839375,0.5028349086813041,0.5091181504498821,0.9021997360650962,0.3901381363518328,-0.9781813657065157,0.17411044796812059,-1.3963622344991506,-0.09269506804541543,0.04955756760166127,0.32141622403128595,2.202569253402993,-1.6149580159393924,-0.5408369818960941,-1.5923588448934665,0.37744384051459123,1.3538934509265603,-1.4537041752904258,-1.5550934158927723,0.18288841415574403,0.3622087134697431,-0.8436851482463061,-0.5161379436564503,0.7398258097610921,-0.5492933274839811,-0.46536463355224145,-1.2219391877674097,0.07808086241659876,0.5440317179373415,0.47127970334206715,1.137950946880293,-0.785661512294907,1.1143576043911914,-1.2133848751846747,-0.8499868700016818,-0.38616663656894484,1.718004800500992,-0.8885915117083281,1.830711733216546,0.7026873567683544,-0.9923384662479794,0.3952796157827212,0.06527667984219208,1.123330903545847,1.4371774083137245,0.3002853663269508,-1.1819690637738343,0.7149211599257744,-0.8112703522811152,0.33295878455706546,-0.3449092363508293,0.6921271906054424,-2.209453684682278,0.15747302244684355,-1.9998951000496237,0.4508508752514297,0.928105644750309,0.4047353952920799,-0.6952514150691965,0.34817206624981306,0.34961859106536725,0.5625142311337095,-0.34259054281561235,-1.0661961741682233,-0.22258394279809807,-1.2573986824812833,-0.7056954079434385,0.6478992296975421,0.8092847809010931,1.9939279903838,0.45657785441730003,-1.6468162607430206,-0.6524646955694043,1.6651750043427276,-0.9276330154748333,-0.8987227744866331,-0.7613284242359192
2023-04-19,-0.5051464480052477,1.1324168547141582,2.153508878036982,0.35488196178232984,0.48466661083524915,1.3486347515018828,1.0831001828770188,0.36627310887947057,0.02160588395245525,0.9507217418519873,-1.8655951040041991,-0.4333455216734093,0.08383546295888417,0.497082068086443,1.9065091188103098,-2.374957467647893,-1.4126532247455157,-0.5950953388853265,0.5844890953783133,1.2883433822262393,-1.9861352289314351,-1.7372773181102454,0.19518067331118846,-0.2048379666010741,-1.0597853136729125,-0.1299055209555798,0.7967101459457021,-0.3394085115473226,-0.30403320302557724,-0.44173417045486363,-1.043423795522649,1.4734306299224063,0.6853730072868492,0.8615185628182527,-0.7088080186659419,1.1121723993616215,-1.014046584097536,-0.9970408218683392,0.45043829947868974,0.4250962174098339,-1.4786440734526956,1.4893380210441631,0.8420717339946447,-0.5893166513103146,-0.3239684661531514,-0.2568762405118114,1.2067250560774754,0.476771919460425,0.2227700929249742,-1.0994191498033137,0.2765934447690735,-0.4163227484483518,0.12689488407257885,-0.4531497293114515,0.3898135248046799,-1.9848387095323132,-0.10868361783987979,-1.2112903777049135,-0.25993645659355724,0.8389775888131635,-0.14424996669273532,0.4501128193867738,-0.08251651242667031,-0.18006973831912992,0.5928246128483686,-1.2213848877062563,-1.3411442932819373,0.014456805169524412,-0.3047287883368467,0.3455015819828039,0.443411236885817,0.638769732740799,1.8703834199312064,2.0200038518039864,-1.4593478534010782,0.36964708568124954,1.1144305913397972,-0.046578675227259926,-0.7095656176466679,-1.1602249290423672
2023-04-20,-0.6654056362542274,0.6456633976096388,2.1738834571601005,1.1788816818778278,-0.6833432969812366,1.0552971805299525,0.18311842340119128,1.056166211233293,0.7029732044335283,0.8201259994737378,-2.064109809939373,-1.1134027479192086,1.259035244254601,1.264174331474158,0.71088912852205,-2.036166985395869,-1.9558525816807915,-0.6011284194167481,-0.08782864747406174,0.1904637329189451,-1.9085516376538434,-0.5697818624939738,-0.09476525068258125,0.22327894110881522,-0.4738901616901896,0.2088103381876685,1.8769776646682295,0.12966835706345003,0.7668622620452943,-1.1508268398759325,-0.6128262270658744,1.9956315471869248,0.4438211305272061,-1.192809234763964,-1.248353651493021,0.6220969494048123,-0.51740956763937,-1.3409017268473462,0.036655731892716426,0.0721087903191363,-1.241809873925884,1.5197819572747298,0.2709618236407532,-0.26579365351571044,0.24360720873691052,-0.4647530498716084,1.2903574791088441,-0.2179881742493114,-0.49033943101516164,-0.49630698530836004,1.517990538777834,-0.7659496222150671,1.1836569863253101,-0.6245871473424168,0.163601821400827,-0.8980473296894718,-0.44585791128748753,-0.39054628995525265,-0.42365315513347707,0.24077390228429263,-0.29671962990784756,-0.992637953516016,0.8989730195346285,-0.08380746373933584,0.3554457724445128,-1.273513839047714,-1.1804546651461736,0.4085019230915822,-0.6973096834451148,0.5858983432360232,0.610158404877991,0.6249924395283694,2.1199561614280262,1.377643616828971,-1.7556275385044633,0.1699185007097871,1.1668186241945049,-0.1584586202398769,-0.14544815625830204,-0.7386577701355084
2023-04-21,-0.5159719192037353,0.3230192286951425,1.6282749305577702,1.3948128197399854,-0.6591297366139726,1.0907470083005557,-0.11402399759240268,0.5801029146457372,0.5010258378583198,0.9906685125410232,-2.507961018488919,-0.9652727696587367,0.7461152339636075,1.8801772589038996,0.7621056277758766,-1.4472683779973743,-1.841289127003654,-0.8953553131619929,-0.5027145874825668,0.11242457020220444,-1.7391747605315584,-0.6951482874122736,-0.07818949124140617,0.4247612757346602,-0.27590593867549035,0.042273190539694416,1.2442638649825752,0.5667136725418435,1.5409715196723206,-0.5021962603292641,-1.5874388850381,1.4255006536802626,0.37620523844994436,-1.4201314149686777,-1.7030103127451621,0.10699177860776758,-0.22790959789074378,-0.8059367293678639,0.011601545638626132,-0.34824724817008784,-1.606558818561064,1.4276618521150557,0.786628264374651,0.257733446294015,0.276923485964869,-1.1412385258439874,1.1461363330636154,0.31906522247917835,-1.591196901579898,-0.4140665457777166,1.6432948938934075,0.237282918200012,0.8143983457094368,-0.5530432862792587,1.1953882446119777,-1.2948620923134764,0.11987920272183378,0.12478972481651998,-0.34773215939960495,0.33715582262458105,-0.34461929833386323,0.413751700471785,-0.28308809960635367,-0.09416121982800264,0.2342237647556366,-1.141955057726307,-0.5169761816876187,0.17821321189094277,-0.3095962730524178,0.8315514681330627,0.7976847689909264,0.6247831552875173,1.9130742633325821,1.052130317407987,-2.247407756632218,1.1341746933159231,0.39535709864770324,-0.4007030759592951,-0.22140585207819063,-0.66915196390178
2023-04-24,-0.5587739934398177,1.4389176635275531,2.0997055960171274,1.0278854868783383,-0.6389359048542361,0.6506899422462228,0.1656570186344679,0.45677412188192534,0.4566594001315446,0.35141652561193343,-1.4106504915367604,-0.9607321911078709,-0.2112258285497713,0.9173525852072594,0.7906828781757095,-0.47040484492809015,-1.9481480028412315,-1.2321715233803576,-0.023424747030620557,0.7807734502622391,-1.3501080521571394,-0.07992079064473619,-0.5156096587812957,-0.38163689067336426,-1.1162173101367143,-0.046390294967849535,1.289499590890367,0.1624712128447009,1.746501954157631,-0.9358827844164834,-1.7444899768505837,1.2048643815789128,0.4434531622900012,-1.188470770203512,-2.1252496316598832,0.4493944796995382,-0.27181633998607707,-0.4680093443941586,0.4082832749731747,0.2057511949839179,-1.6981262999460178,1.6853921357353332,1.3093256861028202,0.1299565147579255,-0.20012039438187998,-0.6870582515478557,0.6204062196548352,0.08913472738321336,-1.0931099030500349,-0.6651561446300995,2.155756905877956,0.34923988345082574,0.012667056338668999,-0.7270117721803593,1.2221170468401543,-1.2012937468571827,0.46366952879932305,-0.2627828550738524,0.5094711217797007,-0.48386748928592144,-0.5021013233027969,0.4324698701222884,-0.7933114516785619,-0.4184750746235515,-0.5039464359187642,-1.0892002348480054,-0.2114748487412819,-0.22294677152934847,-0.5459159327085569,0.5440394921916212,1.3926279531637085,1.244451185361255,1.6256266451845482,1.1043583950621034,-1.9201339084390359,1.5440273869338623,0.7285955725708405,-0.7660458276960622,0.6486239821480217,-1.1883431904718464
2023-04-25,-0.519680633063449,1.9996618563958706,1.832254726118471,0.3424958259645407,-1.0064247248807399,-0.5524097531983597,0.9468241025259351,0.07413497692405413,0.828913803250057,-0.6794772043964606,0.02610185836083894,-1.7205982502654869,-0.1818713062187032,1.636708154113389,0.037130911625176045,-0.12317247191238939,-1.425064208616593,-0.7117752525135026,0.43373166790976303,0.34639590919867413,-0.24297842127606503,-0.4414010261244946,0.250163646871303,-0.7950263433268357,-1.2283491487360687,-0.22930173247264649,0.5295836012312948,0.5503998311493437,1.2805118906391642,-1.3584816674258042,-1.7935450200440022,0.6387133329650883,0.7829383552367349,-0.7051926729831772,-1.9915285357506214,0.3778547241288564,-0.16170598784088208,0.33435618373917453,-0.02449518675093509,0.578296618326112,-1.6231849526063187,1.7816813469478232,0.2539463232800403,0.5680307623563056,-0.2936114669872716,0.25482651136340734,1.1429460434052845,-1.0107807806586224,-1.3887644342938583,-0.3398443884700278,1.9846148392163723,0.3975541485808997,0.4391473049524447,-0.8067375975577127,1.7126218578679908,-1.2642161892463633,0.32437377787482885,-0.5781986632873377,-0.20568951855035808,-0.8906790131854581,-0.9074306211072998,0.6738924846725742,-1.1295461910105147,-0.11190338916457623,-0.5157050919657336,-1.1397097619368872,-0.15080726960333415,-0.5004449497468552,0.040876174436770045,0.35580712538176296,1.7197780236774114,1.3691936644617078,1.0274663056513107,0.5674359237699693,-2.2427173690316677,2.0926990684892663,1.1150475672549154,-0.7150450011512297,0.23306531336141878,-0.17468034631770474
2023-04-26,-0.8241019777588148,1.7936256367034908,1.98960308607488,0.1440278882435142,-1.2021328282110713,-0.5398739625414898,1.4551239144857508,-0.5335940557047714,0.18172135858311095,-1.29879511496571,-0.2503722757182865,-2.0961411925844686,0.36849718616154825,1.3941718308106696,0.37400217386459317,-0.016494527565744717,-0.8151912398416629,-0.33325487502354634,-0.1616619838578477,0.0041125757600249955,-0.057391076439068656,-0.0934500850674396,0.5877385017462061,-0.6044262770155457,-1.3819854059602585,0.09099494770919031,0.1235009582638882,-0.0014761257242442906,0.709821575967619,-1.1510515290994259,-0.6040763959912473,0.14888188502737187,0.6803064897753179,0.38488852658124534,-2.0716599500701927,0.6537136496784185,-0.8094392268730284,0.5086902088676772,1.3816009299595298,0.8811174212042613,-1.4907747244620189,1.137518832562184,0.34536376432072224,0.03308433340111275,-0.9605858576774414,-0.41595563391361906,0.2054217436898173,-0.8718522429859077,-0.4738224024222152,-0.5894767835920709,1.710902563709643,-0.393996159698758,0.12860253396024868,-1.7357871994828007,2.3170084982840886,-1.3910561552657688,0.5714704252358955,-0.11347679702518887,1.0579431668469015,-1.1127271738803568,-1.0351755130650058,1.5085754762179246,-1.5011411858382915,0.9087191878640988,-0.41261053090927535,-0.23563679190331735,-1.0503196039154008,0.9283793423505492,-0.13580934897122404,0.1830059307602412,1.6278452807058448,1.1561093772528983,1.4999070495840174,-0.23024159847527872,-1.8843875159151755,1.4319533677660818,0.4362299592649974,-0.8040818707122395,0.6080309159885323,0.033272700891111874
2023-04-27,-0.5837587623781696,1.936586936835836,2.097679459178949,-0.3730412512530921,-0.7613177874361104,-0.7355805168768157,1.500295889863686,0.42037722830000224,-1.0093494398162182,-1.4321494061269657,-0.6122246328754617,-1.372982337618923,0.787229574052351,0.572093914036651,0.6823922608331889,-0.03015212642697663,-0.7747335941824255,-1.0452052219095673,-0.3594221160650963,0.47835746222251296,0.24083303407255502,-0.2506633849379284,0.32909655093930273,-0.2348819337899875,-1.0414300383452828,0.09848633126396299,0.1033722476773645,-0.2613043518700688,0.1895042272936032,-1.5722095818373925,-0.6013550147834119,-0.3738178881040103,1.0261527645703483,0.11162949492306619,-1.8915130552276693,0.42362713079760816,-1.1623364573590826,0.11636417484326286,1.3199984909525777,1.9338446744401898,-0.6650009360762862,1.5227016065380221,-0.31291370034742994,-0.01716185304453094,-0.9043448249722302,0.43808358687601,1.0198172854362402,-0.615621863879131,-1.689453173726092,-0.880765415281256,2.0091588751845246,-0.5263227264123418,0.20249708586483964,-0.9852404660824621,2.6258606847200494,-1.2570154485239913,0.5131142830209612,0.6588702993687154,1.6665456033914234,-0.7860764591997361,-0.4392221180310765,1.605533962476338,-1.0235805703439642,0.4937446222195737,-1.3409667044001456,-0.5562263906866083,-1.4994446188473458,-0.35578542785875267,0.071666471088141,0.5857405141094715,1.3308995484293327,0.15050256748800206,1.021443246360108,0.2541170995949749,-1.217141275542423,0.8785752410964955,-0.0991622422105712,-0.27134217454489495,0.8932485047303619,-0.3878256458586814
2023-04-28,-1.2418678245804204,1.843732600947369,1.3154413536481668,-0.1706807285358358,-0.44389002110730863,0.27387238699940014,1.0679543389961599,1.263781093799311,-1.0022484678527297,-1.3162834282077576,-1.3607463740687977,-1.573324536923155,0.9078315510545719,0.5930383523017275,-0.24201438335981187,0.756934502272845,0.06883217366021067,-1.8824701026264499,0.04235762571783043,1.3148022837532904,-0.6707690895897335,-0.688609685172866,-0.37058507082667785,0.39752980018962375,-1.1053521347070696,-0.06314316687546864,0.28325274230629677,0.5308391323062919,0.08325580076650646,-1.9647584111225977,-0.6928434716951506,-0.33885835893386024,0.03722501790895464,0.15692330163523818,-2.085805596125449,-0.22989867482293266,-2.1235842911315377,-0.2721819771993274,1.4758997951584605,0.867236653663245,-0.6388958614205481,1.3898143891948564,-0.39720501479220455,-0.011308615858799033,-0.26154090948470193,1.008888263327737,1.0438453676390955,-0.4260266957657129,-1.2143502575678067,0.45430985314596345,1.165293484798454,0.004426565564272769,-0.30437170621646037,-1.513845082738862,2.751726566253765,-1.2590896915622218,0.6255868753058818,0.871356111822037,0.9384594268203917,-1.4280525154921362,-0.8783715177218575,1.4866692173736389,-1.009626214492705,0.2990795308721026,-0.0196037956311059,-0.7029819157339038,-0.9941016831524393,0.5341781026832891,-0.3151848312653381,0.6254901610014512,1.2897823430515254,-0.848794565355555,0.7250206262212128,0.9232484469689076,0.23984740477402586,1.2355943719131408,0.4595227277322721,-0.23024737573206427,0.5638450066675459,0.3767886952322937
2023-05-01,-1.3191615689552005,1.8123862163378752,0.7621093865792494,-0.13458490569006534,-0.34325764265433134,1.1930102677605514,1.8726150785223248,1.3041481706454285,-0.7473801454327732,-0.8887656323923032,-0.7174681590288992,-1.7867385240547893,0.6057890716143772,0.018623511641655738,-0.20407463756959263,-0.008983492837292495,-0.362594432772614,-2.2832874841743314,-0.2007190838247612,1.3725703488098535,-1.0312523751134217,-0.9144726349444653,-0.08214340011001033,0.40373677841234246,-0.11170380966958506,0.46346691832984577,-0.10333120886647092,0.2158510661923219,0.48473028284284403,-1.8633736787957418,-0.7548678740488511,-0.749875392173675,-0.20637094845476975,0.8360254832883817,-1.327699342907505,-0.3778273526791426,-1.765103122796044,0.6905905776681163,0.8253368880816404,0.8049091848333754,0.08758465607705555,1.6285882212728027,-0.7522983805411787,-0.5993795338776926,-0.7276226191010344,1.1102670914180008,1.6721125330503224,0.10111983239848835,-1.2187672641581042,0.8386106429406922,0.8711846742509136,-0.3844102489161141,-0.35319503072637337,-1.321648764806301,1.9930583304695362,-0.639448489843023,0.23548387881666158,0.13730679755416347,1.103353997284306,-1.4538668523965796,-1.0877586460608235,1.4435071294235005,-1.0667932918499168,0.03158682457674943,0.06708666424842098,-0.6692426814847748,-1.0129831088880572,-0.822023626800155,-0.525741054873633,1.102781662150518,1.2118723695355964,-0.6725311482918195,0.8067992893029542,1.3206767491983258,-0.5695982522928851,1.6304647063903692,0.46503503019947795,-0.05443927613972373,1.4448827752126572,-0.7524779663368699
2023-05-02,-1.843945665663608,2.0139690625168662,1.1224695067576962,1.0389673974369418,-1.2752852395387395,1.2355822516335735,0.8341482973297293,1.2252803859918622,-0.7026822923944422,-0.49145304328292727,-0.6519544237987558,-1.5022648256531432,-0.07653397952498284,-0.1657122206447206,-0.25003095534344416,0.5469571441713974,-0.11476911792299299,-1.7183088308340595,-0.08205217514745199,1.7821059985792203,-0.6484255561377137,-1.1896960241856267,0.2056219913992027,0.2691981346877663,-0.1803747364034983,0.031681985084303865,0.34459880860247516,0.2932865534585109,-0.17363575408732668,-2.3191239367518444,0.08188427291427629,-0.34274821815649625,-0.2445452761334489,0.6311065574986071,-1.46930404554235,-0.35790864841402636,-1.7827564137361074,1.085396318753829,0.0009085830527189766,0.03592670455249587,-0.6571226051914368,1.806783689669381,-0.6630661055245849,-1.2137415942595016,-0.9768829621683179,0.611162656350351,0.5664440349561537,0.6178377925935863,-1.2117291008676694,0.8817470236750903,0.1010116934867955,0.04537950543888162,-0.9144103589110076,-0.10164819413410467,0.9151794345037897,0.45364451065781797,0.32241702743452216,-0.07138567700106856,1.24351406803021,-1.9734616332270773,-0.38406956485884597,1.8470431043127724,-0.7952014291385107,0.18404679080769717,1.3700814591796227,-0.23166310812275312,-1.2787472866237912,-0.30664605223248104,-0.5350143253215229,0.7159447969255062,1.3386269728629425,-1.0042652354231276,0.4955562290399839,1.674454323568374,0.3966055214348881,1.6524916009083503,-0.3547838376959185,-0.515101141964799,1.72489136525612,-0.9715019635500832
2023-05-03,-2.478720673110064,1.427668679428418,1.0551503758342573,0.9500796479025825,-0.8784804429086813,0.919578285837489,0.4304785035716385,0.02948278321564144,-0.9568095543327804,-0.5490001548145059,-1.0206580309677722,-0.4608927102322281,-0.277794603888521,-0.6644398015050541,-0.25998846942682413,0.9047112621710869,0.35923783256891223,-2.263236799869314,0.5681390362605881,1.288896427855592,-1.0427316929609751,-0.9609430962707175,0.5493069050076755,-0.3484055885847894,-0.6572314277104196,-0.27200815899991415,0.07413046082417386,1.0179501898628411,-0.08864177272237837,-1.9594929767269575,0.3553615604729395,-0.5485934118370802,-1.5134046518540325,0.8980118506656788,-1.0794900735800044,-0.20798092481630906,-2.1088496872878157,0.9999697117711117,0.7345381127537439,0.9259928607574415,-0.37722135411585167,1.7488076173449183,-0.9363509949177816,-1.549738773429183,-0.7016665385866216,-0.39693623719765087,0.7506964441858397,1.4435106583364339,-0.8197012206606207,1.2953498400046648,-0.003977295253389665,-0.006587999452122226,0.17006527468405697,0.34786839578408874,1.1997076472897839,-0.0014743756376502013,-0.21093350421046142,0.3799570610671825,0.49473837678023136,-1.4631746393602554,-0.21684209276750768,1.5634214447417034,-0.05949505347139753,-0.43448752077944414,1.2858991612408968,0.5880083372924158,-0.9928646734153649,-0.7085781627461676,-0.3064435495103667,0.2993824017133595,1.996645272545991,-0.6380557717542653,-0.17593611418019842,1.3933012772353863,0.734599616482762,1.5750085376343756,0.0646983354442043,-0.5667078026233301,1.5981668351056377,-1.253548643198972
2023-05-04,-2.0075963097699145,1.1588689438215054,1.1941054611099666,0.6339404150834079,-0.2192063164560754,0.5613122731341814,-0.5282585837848865,1.1963537402537572,-1.096863232671118,0.43081182364357146,-0.5785135589450195,-0.7872824758835348,-0.6550080858279029,-1.036039005041043,0.06372997957964373,0.3218160602864242,0.4417080144918776,-1.9794320828954857,0.8083875401383658,1.203259292579042,-1.4064666348437902,-1.0638307549688626,0.9050928774559683,-1.3665750687665401,0.21806349619761728,-0.06681776536308226,0.5790962873692745,1.0085622540172565,-0.5301713650680967,-2.105577951334387,0.1642509528400766,-0.7399383680802584,-0.7903585363036246,0.7753400908194217,-1.7215313627404372,-0.09125872677325281,-1.5109720510909797,1.4650417118751098,0.3097265928757807,2.3999680011776943,-0.7005590645911066,0.8598920014329254,0.002966145459450546,-1.710212832051489,0.46750658000813683,-0.3581136178146115,0.4234345715081485,0.64238709498352,0.1605549640191559,1.7647948798458593,-0.11799141161775797,-0.30731896242523776,0.3617724201664524,0.29479383494877826,1.7620969478706134,0.013193373238085134,-0.18900698026346316,-0.20715647005924598,0.025252467890512345,-0.9098991655465879,0.12740681845156218,1.626703444313815,-0.17794059599878642,-1.0696924092723585,0.6977968065411171,1.4954891442900167,-1.3689458832528294,-0.5145991380346829,-1.2601479937806765,0.26580018456966437,1.2796702972334426,-0.3094933066453881,-0.1684953374332958,0.5729496409176282,0.1353128684850744,1.1955602981416458,-0.43512173425503203,-0.8219116278710811,2.0041505619924584,-1.1106163875360817
2023-05-05,-1.487434569704031,0.6283475106134613,0.25454567187784105,0.5942724026543542,0.07895660261568557,1.0836850597354548,-0.4845744368281206,0.9969504812707751,-0.719126424531898,0.6238816678160239,-1.013974107008712,-0.9475949158585083,0.1329226938635331,-0.5742615602877816,0.6514475439571495,0.7410320731577132,0.549101451664217,-1.6411868427032226,0.7886680292458094,0.7998336462899582,-1.33813794043062,-0.1531585243579317,0.5625285056858687,-1.0457861775916768,-0.2748542445627197,0.6773693251986925,0.34676010810908164,0.8861061244222186,0.03505087616984448,-1.593960411901261,-0.1806071043669547,-1.6378621546016263,-1.044214179976905,0.40281114927301925,-1.9798458411243594,-0.6493438747782616,-2.8048020777565634,1.8674117629463143,0.3307163666367779,2.718661102126659,-0.6821634413204175,0.5652371892690615,0.27641182207422854,-1.9371649288987511,-0.12824134565725495,-0.2531100952505314,0.742051417015107,0.5735905093970196,-0.7000977895444908,1.413568033223377,-0.10048467052584886,-0.1571015575973389,1.707631908501407,-0.06168346197790015,1.8612980816474192,-0.7555812929703376,-0.12846230459747704,-0.45803433676973926,0.1607858132503023,-0.20960472016089168,-0.026455921771324033,0.916670955852428,-0.9482222560443512,-0.43099263246783115,0.808482126894712,1.5490493929497477,-1.5672918629925088,0.3267377640519119,-0.6168477998668213,0.6816552892779648,0.42364107989445476,0.6072454442786203,0.26993686622042834,0.2846198578191999,0.8811319761310191,0.962934873362729,-0.6570868255963357,-0.6947565124737344,0.9827980332579652,-1.6624294448445174
2023-05-08,-0.7291827522006963,0.8587766397353801,-0.504221785327581,0.765899556772779,-0.11513184096487972,0.7828653044291868,-0.5956144776201273,1.4736642356119107,-0.5524742353218013,0.5273422867324364,-1.21974032913489,-1.4719940630616242,0.4833689475424515,-0.3301599508472059,0.42991177834247724,1.2257651592999514,0.9858253430801474,-0.2821574031998183,-0.0752832877925394,0.9129509045152567,-0.7847479244530864,-0.44440730870628103,0.4325590776764734,-0.5592106082910774,0.12874024800637898,0.15298049152452292,-0.4426415028643609,0.4331237159435858,-0.07185729682299534,-1.0662094656029126,-0.6935831761711037,-1.1355436937139352,-1.6448568494332263,-0.4736119265440755,-1.9293738439614398,-0.4231203864284236,-2.866826456462881,1.6708751994680844,-0.2615280194982312,2.276523277579781,-0.4288469214171545,-0.21666010613391748,0.6225473502924324,-2.5859389098069547,-0.3927828530131929,-0.05665292887837917,-0.5244461644186714,0.5729450877705985,-0.9578838806689395,0.9590847040841292,0.7686817129328605,-0.5813202405092751,2.313489687074072,0.1404879824635249,1.4115562613379578,-0.2570578983221924,0.3497589557431707,-0.03674614125631349,-0.27906978355673373,-0.7225899002743328,-0.558643112160135,1.6053079425681376,0.451768223492036,-0.36758732824559337,0.15159354151456159,1.072606953290731,-1.6690108295134751,0.052173217053952295,-0.5770133431096602,0.6501627522504829,0.5255944056781513,1.4367544461168311,0.3618736926470842,0.8171493079061345,1.141137199998739,1.4774957178695478,-1.1282274790589348,-0.18406837194861617,1.1014108429015697,-1.3267273745298411
2023-05-09,-0.5658271729736026,1.4076137826330841,-0.8097962376340175,0.09213433278712553,-0.2994461454195707,0.2882333458464567,-0.3163476399566151,0.7184761294216545,0.006754277536889336,0.34787555732527964,-1.239283411909048,-1.5421809254994012,1.0104687777374748,-0.22808907646666965,1.3556965250588937,0.57736050560595,1.0889737891445672,-0.6316801030665729,0.7001899975572978,1.725826371767063,-0.18055678213586537,-0.7880452007580243,0.784940559450436,0.5094129832461779,0.018085570431025082,0.324738099675315,0.22392041391509582,-0.4027503644762852,0.5376365152283573,-0.5893335325082176,-0.547400659091097,-1.7619059933015948,-0.8781800066165985,-0.8625756970729198,-2.266655152496904,-0.19528864188302525,-1.8289383551912166,1.1603384500677072,0.07456878992639304,2.2186728716852993,-1.2013916510737401,-0.6320996858522264,1.2297856831203153,-2.2482351964981944,-0.09608140248008343,0.016624618750291444,0.08237789437672456,0.7190715677330619,-0.8741536563870269,0.9576920404895464,-0.43295296237491016,-0.816893638758937,1.7465557378422423,0.542122154999554,0.43385611269654306,-0.2891732376090962,0.4460171926073273,0.08138743452693792,-0.15711260339552816,-0.9825524561957864,-0.7290714296798472,1.4974723950837592,-0.04260874001417281,-1.2982761271369,0.3044653455563875,1.500568382557017,-2.1166247629640855,0.6522983926955375,-0.16566531516838498,0.19747454160407937,-0.018807941101188084,0.9543840611283604,0.31317636657590614,0.7751581408190085,1.4909185476707196,1.4948153663101031,-1.5138532863996892,-0.8947239979441634,1.2357341468075604,-1.3993145805073202
2023-05-10,-0.502999508412553,1.64962843511333,-0.17022910479309653,-0.48711819743765866,-1.4965327018779089,0.25026603933075514,-0.6416321793987332,0.867788137004726,0.11792425264074897,0.021874060048917746,-0.06181862002444513,-1.364675551635722,0.38303167679304756,0.009108220806675353,1.3710811554314388,0.23129113477598276,2.0098525472975055,-1.1827301536800614,0.0004353223993436767,0.29836720714293513,-0.4434231648423099,-0.4998700840908094,0.632648893863156,0.7903609900316236,0.11612020917797873,0.06747650319523689,0.4011799110561994,-0.38068182240277376,0.2129458516673271,-0.6036742105892672,-0.2815913135321421,-0.9713547896148049,-1.1099580045177815,-1.0883400549842104,-1.6838752203449365,0.6633629969121977,-1.3575843726506487,0.5663935947737494,-0.15797281009147834,2.187687466156281,-1.0693058602520578,-0.8581330408564726,1.4179212740473595,-1.8889465269459178,-0.35041589371144205,-0.5938946627131432,-0.5509566040530779,0.4604770209591694,-0.4462965635451714,1.3481629484763171,-0.025561710993796335,-1.43619711674942,1.4258308793353909,1.1457240265151105,0.20748736757437997,-0.06824409187577982,0.8417757071319868,0.4625613518841529,0.12854195860474232,-0.34081796219685,-0.9428848538491441,2.166451432022168,-0.5585111831383981,-0.9037616711925516,0.33503418312640537,0.8941360144365873,-2.4292294681349493,0.6901713703741911,-0.06455685314859928,0.082710169590116,0.04702284400691634,1.7259681528309252,-0.14323059446008793,0.7090342014465372,1.0701894487663481,2.480322986372154,-1.5131421989911091,-0.47228472449787295,0.24898145825151524,-1.594895955144446
2023-05-11,-0.5216843326549523,1.49717055994605,-0.18005600880975128,-0.2899592366478431,-1.6688264929137768,0.7572168084723133,-0.9163642158312788,1.0904603802063098,0.2807193551503357,-0.5085041117348482,-0.4522851644810572,-1.3351363913359076,1.296087972975366,-0.1728425767326092,2.7335481566178563,0.44749538981553727,1.9549140712343482,-0.6775244540205585,-0.8441575235473239,0.8783893910205824,-0.7724428568137478,-0.13631962654975252,0.24297251623454724,0.06075218141753376,1.0838109483806815,0.24637624461794658,-0.14859021961198465,0.0568993169325339,-0.3437386834224821,0.09070116141546009,-0.28417072030900997,-1.117650802687767,-0.5464299770499115,-0.5519276918498239,-2.391911434671691,0.5416987357041355,-1.0821912303433805,0.8076514505869395,-0.3376288689245167,2.2553152256190514,-0.621796372643074,-0.9851796707552238,1.0782277966177265,-1.6411703684863492,-0.5624645918222855,-0.9716322352335336,-1.2327605325527926,0.29096664194212274,-0.9096955343006897,1.070219065540104,0.37875048480650786,-1.259709562531596,1.0837962007411148,0.7108166466100829,0.855986574275126,0.6387794294294745,0.3891609184252789,0.7564414937323882,1.1774748606197338,-0.8363476797095447,-0.24017576552487666,0.8867751989256695,-0.6341147032665644,-0.8356100788364188,-0.11628492065953272,1.3897134568282767,-1.8498714798887819,0.2080408996164212,0.38147005231826914,0.6152774434665479,-0.6603268996223276,-0.12163821530773258,-0.1518959676421838,0.2433077703759291,1.7759902673567023,1.987064041639032,-1.0418008372865468,-0.4779333034035888,-0.3583648899281277,-1.4513228792682908
2023-05-12,-1.0115972011931713,0.5752124356321275,-0.6351712659396043,-0.39342214578688783,-1.1598536108193354,0.57651751081514,-0.2581453835181,0.23955123880849535,0.3080135055699198,-0.25818472381015,-0.3007512626667871,-0.7929240116268159,1.1082030775156546,-0.5352777795995455,2.4798043482071415,0.18699828278006933,2.4046563350000287,-0.6757657351794015,-0.6576562334286463,0.40326179926207945,-0.841718276652405,-0.07066203503236385,0.2952969831730895,0.2993446927529314,0.04538664132996159,0.0427572859169826,-0.17652526255622533,0.8390873956345354,-1.1056996526159097,-0.4673111499813661,-1.3563451243358944,-0.9503526693154442,-0.12504526862261925,-0.288878941185903,-1.9707796145726142,-0.13388692828325263,-1.062643583240656,0.19515130558306681,-0.196845433737274,2.365250414655212,-0.5736447341545765,-0.39434690934232475,0.8594913762252083,-1.2699199823825031,0.2881310189470608,-0.8239749540180265,-1.0776335598673557,0.3344657386108644,-0.16607112952866349,1.524589006725589,0.43651870512582547,-1.76260289249042,0.7083324775644578,0.9593369109116754,0.7769636648385335,1.1574971577656779,-0.3601616848996104,1.1192909831848585,1.5129455201568047,-1.895667886336304,-0.24097162611435483,1.004295012031709,-1.1051649726284674,-0.8916326381499954,0.05623796322120786,0.8716702959603222,-1.854342126917354,0.3370665180613053,-0.23469032278785334,0.397913150997585,-0.32055084078474905,0.2715295646099543,0.4049854356188173,1.0395492911292414,1.7117544368264657,2.6941971227799364,-0.8989437196849924,-0.048996239453361914,-0.047038896752507886,-1.439456193935747
2023-05-15,-1.2121975878039604,0.41065837938609656,-1.0284072316261008,0.4896632766044922,-0.4416168195402453,0.4061110489128912,-0.4570068018086928,-0.5402698458928789,-0.12970595648853317,-1.0152412278382597,-0.6527400914355884,-0.9080034244505859,0.9999361412229849,-0.3074678123738633,2.0569619818500957,0.7779163976433825,2.2791580365427064,-0.09888034508956484,-0.897548089471717,0.41957346908698195,-0.7634939527879683,0.5752051990839833,0.5467332021701551,0.6649039679885501,-0.2669646818687454,0.36742600224583466,-0.9386412615848311,0.41503041062867846,-0.8789072401524293,-0.8961326378132487,-1.4746363641341143,-1.360670024841492,0.14933513003473217,-0.2790652246808384,-1.2897693040221285,0.9820048424249024,-0.845516765995419,-0.04238548582442553,-0.013839776364430754,1.7997694595854938,-0.7552491171212788,0.799736473488723,0.9025063731147142,-0.8743826709654727,0.09109075709499263,-0.7130871451745835,-0.8148986203952301,-0.5264432110915129,-0.5889162943286745,0.7635372186107474,1.0608240667827316,-1.2607784854368234,0.3828873972980964,-0.14537119069486995,1.059171336059201,0.833001280478192,0.7313251869886449,1.5909289931731845,1.7112864004069501,-2.0549811606888833,-0.32447423717093454,1.2323440921106383,-0.6875683937119096,-1.0332084541276947,-0.6795476991032563,1.935018099110139,-1.6118284697636767,0.03647652654935992,-0.6591278581732377,0.9738682581237549,-0.0649885458823297,0.38244243320692994,0.2827726071992454,1.0563610179241296,1.670534312377488,2.4109629005874478,-0.7437796422550285,-0.47735746418521396,-0.8541797193954319,-1.638186342541166
2023-05-16,-0.4970002223579498,0.6045423645147942,-0.2067948671716137,1.542513110687054,0.16047983742882088,0.39215864193485883,-0.11783914681082155,-0.6066852069471587,0.1860089413355323,-0.46047418791571165,-0.43339346471065826,-0.7460678010167189,0.9035818393005249,-0.5681821902300672,1.703629314565755,0.3747046090411986,2.6823805070947424,-1.7722411798478122,-1.2571087552285327,0.5618638120056937,0.772094141234353,0.1128373682980858,0.15759480198409545,-0.06271689854367707,0.9589600788917263,0.017908441341444654,0.16935650936559696,-0.024082203113651057,-0.16831475925400527,-1.0036432167094578,-1.8068993499932469,-0.47714844175654664,0.949198943372524,-0.49537421715241176,-1.2911179653944762,0.6632222604637197,-1.103607907393808,-0.5102896958678976,-1.6757073919609797,1.0324442458910186,-0.7511873996117258,0.25451017149158794,1.1663284028712086,-0.9659143981700313,-0.33879523725310506,-1.0042155671412516,-0.20487145469326498,-0.01587464327030215,0.0634621900111813,0.6561675341221717,-0.0474822922057216,-1.7134498397396458,0.4802968766307148,-0.013734464398337571,0.4619251794149692,0.291068192871498,0.5102730901691273,1.242560424849503,2.0033215774634017,-2.4761368272760897,-0.03950189456931341,1.4631167743673823,-0.7435527075121007,-1.3856146258929427,-0.21467032992541377,2.393110545661159,-1.8714425008640199,-0.24803735891479217,-0.4427056627671907,0.30046673591171097,-0.21275820447544933,0.35027680503995573,0.17776449213071813,0.8301097700236142,1.7490056587108729,1.6641447715005897,-0.1178359737017045,0.23704157076863736,-1.0122288350895838,-1.135731245912351
2023-05-17,-0.486635843068485,0.6572339059353937,-0.26539645557865466,1.0415268908542235,0.06146151234589454,-0.19675787939158998,0.5484859188077528,-1.5419785899463165,0.4644181944733832,-0.19812271911274998,-0.44929177003081,-0.2868368539033221,0.4784765650448134,-0.16614671715009885,3.032424803690883,0.4533075957916401,1.0268847624075386,-1.4183770521877292,-1.4927966301791917,0.6589085116665924,-0.4834267836499948,0.5360132864161908,-0.18472867017044248,0.6024516234074476,0.20608858941503316,0.45267033523165323,-0.5854928688120864,0.03841491596498362,-1.2423406753593218,-1.113863386145634,0.08441507437786663,-0.9410901604384367,0.6486868974250527,-1.0126907271311076,-1.1422445217352337,0.24892378284220049,-0.8820752764185028,0.6335176146097394,-0.737724305840064,0.1107884687267585,-0.25042789294912715,-0.28730136143183826,-0.006056144790838024,-1.7583781689889926,-0.8652001167744551,-0.0888226817930789,-0.4377570806971538,0.7220564854104413,0.45639183300877384,0.3977971510028985,-0.29558895492526827,-0.718847626681901,0.372723576756064,0.004245737663440037,0.8563125012312146,0.6635068681906596,-0.24141874978460406,1.8905409004084337,0.41249613748843794,-2.6499822360523244,0.12535419070607998,1.397232237579035,-1.1838883265936304,-1.656086840208237,0.11083744329405447,3.1637873370570504,-1.9236561733015645,-0.4470537649156359,0.33724807295132425,0.23662104632976133,-0.2984009563490427,0.9763826262393971,0.25771696364071617,0.04530056445680882,1.6376247348121156,1.9938106635801973,1.095700793633076,-0.2231082264760806,0.3099006672681485,-1.2886945931796232
2023-05-18,-0.4050175511498859,1.4583409121972863,-0.4254719019484215,0.785137446040325,-0.24458812829931867,-0.1402886003988242,0.7578976625522663,-1.392020663186361,1.0920681792079785,-0.21713090291319878,-0.2490428617891301,0.12406103785142204,1.216110005688514,-0.32691141056388373,2.2703334329383167,1.5387613418301862,0.11297913217445868,-1.5102164039746349,-0.1158451123659544,0.5371333135091629,-0.5137875959384187,0.06449965562554767,0.6454179576121312,0.1044382605019912,0.7802158637939502,0.03911002424692886,-1.095700405168974,-0.72793924057767,-0.725937349781404,-0.768763523177617,-0.3518933542920346,-0.8538478571670955,0.38371170412818323,-1.359965306293335,-0.9514516537672273,-0.012135231798935532,-2.0120080768320134,0.0717033168622967,-0.02077019791707044,0.1582519163704374,-0.9662688121897343,0.18618787522159436,-0.47080883699984777,-1.336391239211221,-0.5181898798870416,0.31688991704116526,-0.16852647828359507,0.8555579625993877,0.7044776259815474,-0.006510579409711785,0.569871536569003,-1.8313211919819634,1.0480016260851917,-0.5778978372516096,1.1588224543309553,1.1642518757074338,-0.010317839810347972,1.2414451232869546,0.8733211767151077,-2.511684718725969,-0.390764714964994,1.412478585857011,-0.9502610627038331,-1.3085931182016834,0.7889250422841124,2.753776354813469,-1.979119261025694,-0.24106128505923294,-0.5212784391097911,-0.31800363824776373,-0.6125749624690916,0.48236703028506955,-0.13178541311859274,0.5061910561696955,1.3563828338465687,2.0357445154901663,1.004290937947392,-0.6022294960370822,0.49542769376193413,-1.2202602531349362
2023-05-19,-0.008673885842047755,0.9831557637587426,0.14240509101214088,1.1651986024324494,-0.8033529116300475,-0.07127132908994628,2.1499440761958746,-1.6252626420140106,0.3231555183174388,-0.5774853452608715,-0.5873177126608358,-0.6052305412105049,0.8702564221576777,0.22611290450609683,1.2746300970140785,1.0499423051876728,-0.07355001941863389,-1.7195709666625363,0.5991040363380591,0.11580605267369512,-0.8702862786200284,0.5146417235725258,1.1703347738866927,0.056356436693377684,0.4366354956854256,0.07943815067270714,-0.7827719985911188,-0.36219904757646054,-0.32397393071857405,-0.983826844470412,0.051006208255715266,-1.2353469499189864,0.5368705754289463,-0.9953501479222532,-1.2135860762945663,-0.6239903808363481,-2.0657646101172267,1.0163316480852462,0.4125029378962172,0.5841261611988284,-1.0765481075346226,0.9928465302657216,-0.6579985264286461,-1.2950217981636747,-1.3787244981556064,0.08154975894636365,-0.5203818298872905,1.6464950201084996,1.419424306093629,-0.2218126974198056,0.5488866102285026,-1.5792534914248209,-0.5361841443862089,-0.653877844312545,1.16319220092284,1.101972257003898,-0.13970663090458524,1.6633434389102377,0.5326669527699326,-2.5354759085215317,0.3411988482127431,0.6127318467291222,-0.21171101211628146,-1.914449505563932,0.53072104108568,2.6958897143141143,-1.0881893312743454,-0.27622906584573786,-0.21600831282477154,-0.0752575717515698,-0.8838596405470657,0.37410618417631697,-0.10303190103506286,0.7560182616062425,1.1758266591673119,1.4321935906329921,0.293870875291753,-0.2318167837203295,0.674743605888605,-0.6712824626502731
2023-05-22,-0.6512142895215378,1.2263949583439968,-0.09046680435216838,1.1062239945587826,1.1348160113870513,0.34491320474799103,1.9342624908377388,-1.6759575677000325,0.3459424545120713,-0.3100368932758313,-1.5374421316085491,-0.1774668084064768,-0.32222283715785593,-0.7658284108993976,2.2414973732297616,0.5973379789687752,0.5204664215831325,-2.003643048082748,-0.5325413911729252,-0.7379718669804999,0.5328394403014973,-0.30276579291333877,1.8302365771958586,-0.09103875307235221,0.4996025750397241,-0.40696966813632923,-1.2054313727462111,-0.11904452898237297,0.10737963261172721,-0.8679205991378461,0.21411132625241036,-1.3033696057195783,1.4751079018925646,-0.3903233015537209,-0.564743892142366,-1.1747032515851055,-1.8376383474385207,1.1345173807994215,0.6514974136179136,0.7016538845145073,-1.2279632045627946,0.4968192379797851,-0.8354074656409497,-0.9590820060589064,-1.1978908288112433,0.15320145711190708,-0.05371260412267155,0.659761503114788,0.2847074677578994,-0.3839488964115462,1.8927031985157807,-1.2552342187262289,-0.4529929910524074,-0.5933714608037859,0.6987074262972948,1.0620045710439707,0.17113581523701885,1.3123676103527853,0.2614446134094748,-1.813655418118899,0.4664305552414989,0.7636199658818797,-0.1228126997919271,-1.9571134919786766,-0.18511207936787963,2.6119601817005167,-0.5492765111654843,-0.10648786200900377,-0.13775581746759252,-0.3237330244152812,-1.1663372546908761,-0.3274718131696594,-0.23909219945777468,0.9210197434825901,0.6793154380374092,1.5594730852068786,0.760949175960319,0.3579447262966165,-0.04819055151510995,-0.7069832310988773
2023-05-23,-0.9800460594660073,0.4975748208699741,-0.3402665709281583,0.1132660218919791,0.5287711630129149,0.041597886095561976,0.888604253747456,-1.6986781532293844,0.18121154869225606,-0.5076541081841904,-2.1762375661700473,0.30620097653383477,0.02781660917199143,-1.0882481175856287,2.499796942277178,0.8501099576511207,0.5629008964205933,-1.3841008106469839,-1.190587990560048,-0.6372732474108472,0.6228511427632991,-0.6427746581004095,1.254801578994333,0.49402411923977374,0.4123018071921047,-0.34190321411360514,-0.936137100623451,-0.048784089074264785,0.5250647946476893,0.13265849097223484,0.5305026671436787,-0.2928593037635853,1.2431052339614066,-0.9436489400553342,-0.5605265389718063,-1.5417284476172168,-1.919126133700498,1.2805070519926045,1.0192778231448232,0.42394065315363094,-1.1024947596631103,0.6299469934429208,-0.527271316168588,-0.6813608066889429,-1.24622579421794,0.03274653661963045,0.6005121354463834,0.723057779039613,-0.23979328670094144,-0.3268465627091861,1.4833377637537648,-1.9609877568940137,-0.8857975475965828,-0.23924879436232296,1.5791727506742388,0.41799794763501336,0.6141981248751844,1.3269204366500784,0.9042522770843222,-1.736743334982253,1.021511153053982,1.211648004545305,0.5737891605225569,-0.8747155104243922,-0.014413189366280948,2.3729684147821484,-0.6635347414226399,-1.172740879223491,0.10185044500675847,-0.32442817599884066,-0.4971935125782642,0.44013399924204194,-0.7015261152161959,2.243026537368041,0.8272474653353231,0.4688328255465913,-0.060498034121965236,-0.7918157881926704,0.28209176561667804,-1.0139119990809247
2023-05-24,-1.2926709092186086,0.06851220881728962,-0.5418730857650019,0.472375491595219,-0.4839174040957784,-0.42153646809852363,1.478077078969109,-1.7086044783511303,0.16645828704201251,-0.7649753627477337,-1.3411556849635828,0.5148812912803927,0.9638474208606351,-0.7385756214364029,2.6514930995648247,0.26848590548671125,1.1569208890978069,-1.3926007869685266,-1.5243443091215987,-1.4557745443829613,0.6389109150957244,-0.20287054663065923,0.5059628899309638,-0.12233431120700128,0.30343472571125657,0.3406758290441771,-1.724805489064438,-0.3390248096974478,-0.20935927285657205,0.8478000326557747,-0.07882848726275367,-0.4878582400330083,0.781330295629136,-0.37470269164285175,-0.1506674272389681,-0.7017852871143271,-1.5406151177778258,2.0992514575537244,-0.03056463573893362,0.6071224512769392,0.08445576114407838,-0.760791187192282,-0.778816809272176,-1.2725531050667953,-1.036209297578789,0.5874502630908925,0.9626968363479518,0.5791102619515586,0.134514914635998,-0.6167681654494044,1.346017982412331,-1.4616863605443446,0.16058267796467038,0.17040904378324692,1.820104852507155,1.404581604929982,-0.5285921736865589,1.3001386630982124,0.38679384304228226,-1.8644540239592917,1.3753410998738993,1.7841721839707765,0.2758572073279424,-0.5283539944658913,-0.5885087099065895,1.4300309555734345,-0.8376217909774815,-1.4122206704469256,0.9283437962681516,0.9259719834843113,-0.8552743509069292,-0.6064114347898695,-1.100324236611489,1.4564473504115751,0.7456510301824193,0.3726525966392773,-0.7145773697725272,0.15258060341030147,0.4407901519239361,-0.09762728154410019
2023-05-25,-1.466110600052032,0.8515954691130803,-0.18886039653114117,0.5534599864272866,-0.26977024638680613,-0.8850429670185349,1.2720268700374446,-0.9017257165847181,-0.6964103965919124,0.2508892276063222,-0.8073663490635282,0.4675818055611401,1.0145395343612158,-0.22892134010249027,1.9099138287898536,-0.3204196529429686,1.844403890106138,-1.6988959027012305,-1.1612849398532281,-1.851153381842025,0.7231971346727812,-0.21198026030166311,0.12423708695857708,-0.20455133478813095,0.401874124019362,0.5249277002218532,-2.2928194073984343,-0.6373978641016999,0.2864319132641352,0.9312971615047478,0.38908056280968745,-0.07287551974231934,1.2670555212637173,-0.5166110716472979,-1.451973691081584,0.14402397318375473,-1.1409901079338276,1.5814901710380933,0.3123160561046172,0.5892481733574939,-0.16235620847646068,-0.6686151077277142,-0.891150651594891,-1.0097083465969108,-1.258638184918623,0.059970597151856785,0.768312303743517,0.9917329314117869,-0.34422610350048627,-0.6911486533134993,0.31699543871014974,-2.0019628096394473,-0.2952124674637218,0.5810142992112546,0.4073434979475357,1.1824200923807782,-0.5769131975667073,1.4039027392558547,0.8629383789300334,-1.4489764845354216,1.7286140451571623,2.1218628152314007,1.0047279176294248,-0.3707882136857213,-0.8454878036062797,1.4251605682684196,-0.38875111851743793,-1.9811548483467882,0.6908314950456962,-0.333657679524915,-0.031870758554585,-0.14358143397194673,-1.546464563553563,1.3991907824134129,0.6794725983227923,0.48788120867354834,-0.3781154714449958,0.7323229444916092,0.11428090974051767,-0.024624500912365226
2023-05-26,-0.81119718193901,0.9093537648180696,-0.11657521835221671,-0.00702080615258584,1.3697754395797659,-0.4214914012318788,0.39658189831138996,-0.049017697028653925,-1.0671554820892841,0.37710812720411996,-0.507790920509558,1.4950100271032836,1.3096484879318613,-0.1894282390689591,0.9652784031174559,-0.5273530723226083,1.4388430246135246,-1.833532518022345,-1.6254071960836227,-1.1368299725191942,0.6217768868730811,0.05781643852108414,-0.059913801996565146,-0.6415312799134286,0.1951623267684717,0.8133084745128898,-1.308824026084099,-1.1037646479545224,0.14218643000893935,1.4992784863702362,0.41950497135067644,-1.1379862927500615,1.727917099300693,-1.2419800382876376,-2.4588627334310207,-0.42203435502885456,-0.8393780827093964,1.2380139233745953,-0.5293606819353134,1.0298201609950715,0.12343525703534204,-0.005396363738886955,-1.061867947431795,-1.0444838689785596,-0.6019190522866907,-0.7583966182412185,0.8322693711487689,1.910922006602812,-0.2533460914539021,-0.43998133491529035,0.6308214879026968,-1.1008107207825344,-0.2950904221090101,0.6885551542776651,0.3191939474980407,0.7205064355037254,-0.14353733082690315,1.3938630958141118,0.24829881733391768,-2.6711235033442433,1.2018303731414008,0.877477315341937,0.31580404304500737,-0.37487284006257937,0.07245143129302585,1.522970723481105,-0.2403868658982003,-1.2935434911717623,-0.6969421196187289,-0.09327860884224422,0.3142162288304477,0.451005599957522,-2.482423009989736,1.131638284214462,0.5728546315620977,-0.06202013077103876,1.1961872103909823,0.4512880204112799,0.25838613878987404,0.4154960215427083
2023-05-29,-1.0904336549465679,0.38063118820735564,-0.16581913131848594,0.3596435761659622,1.408786614240181,0.4653931185333432,0.947618571103477,0.12293293386363885,-0.21158660323229397,1.337002632887986,-0.5539613438811819,0.5426393115684353,0.4309714140421998,-0.7506879576967265,0.4097318833222749,-0.408461326067873,1.1761798026157326,-1.1209766222544126,-1.4724372877921035,-0.8550315299739886,-0.3087618310029092,-0.5975938858964526,-1.0941934595662952,-0.1320119958668959,1.1307966084852963,0.8303502107053453,-0.872955645563976,-1.0010147678740577,-0.049343318782475803,1.9544530225476986,0.7579588780373455,-0.38680758570428325,2.363304995874729,-0.3178866916207521,-2.033656301019406,-0.27893276048029925,-1.10988214429661,1.1605672427091498,-0.721432889628815,1.0860940071049348,0.7381284318912432,-0.8912840533687291,-2.0306118094819454,-1.0620463312630057,-0.6002644520155914,-0.5206494563054046,-0.14002754789535818,1.9831762572652873,0.9187976713681634,-0.9679490939047485,0.07982232578500442,-1.015730605273099,-0.2280495491138979,1.0594067730679695,0.43096360142077417,0.18592195355111651,-0.2242029601419815,0.23985170184696228,0.8188012390184017,-1.7868231456339034,1.0378758707266718,0.8689092787900813,0.48859223273159275,-1.2989054219657277,-0.8662885025504449,1.1591663185897407,-0.5792195051790427,-1.4662363258352773,0.32287858288650273,0.02133290564177311,-0.2646747244560605,0.7018509145514782,-2.958964291225546,1.0655972104064706,0.11448461015653519,0.09391132655490222,0.9005540106980787,0.38631824512035773,1.1593727763902002,0.7950262596022244
2023-05-30,0.07769451755464116,0.6540905536860279,-0.21161773249428403,0.13843996093076003,1.3460680276882284,1.164040555423292,1.942935143926082,0.02393373932924555,0.17838050552338874,1.416993732559128,-0.32528856864985795,0.5461288088469427,0.7686666736182732,-1.4487671870627792,0.673329747284954,-1.0557544153732854,1.1189754077223664,-1.2436825507984504,-1.4771166547455248,-0.5136742856469096,-0.42722008971177844,-1.5709351483356404,-1.0735616125023055,-0.45942763758862104,1.4711233428386516,0.3073351106711697,0.40116495481197906,-0.38359521174696654,-0.04889380416977862,1.6824057294803298,0.17354643081506765,-0.17272876793648023,1.4326466250858998,-0.6626407097086796,-2.2325976781232,0.2746328875094284,-1.2392428012568937,0.9689997234107939,-0.9139618242711799,0.8100882206425533,0.5177277917852281,-1.7994666082273048,-0.9883575001336874,-0.8364812776573026,-0.46287260656171686,0.18324271238232312,0.2838048756526762,1.1830402262849118,1.6035213479636663,-2.4221755421461957,0.6321184808441404,-0.8187375075550423,0.2190556055818781,1.7875138433351978,0.1479272384928356,0.14373162929033761,-0.4003182947490363,-0.487759306363127,0.6043100269654222,-1.7788977113063844,0.1273003167275192,0.48867785865899144,0.8399437820675173,-0.9046528944029566,-0.7752463894497654,1.1548246534101363,-0.6724664535828881,-2.061611416992399,0.05952660360063996,0.46665030764837734,0.6980440876985126,0.09021764533506972,-1.8242181175866856,0.49848969807750304,-0.05603564456119201,0.03217782480316491,0.6946346954327356,-0.1582663604103416,0.9700644568806813,0.9101042035299711
2023-05-31,-0.6923196718826055,0.98466789615402,-0.0006861046778626047,-0.01329535863293648,1.0010864155268389,0.4172066279895862,2.436330828939824,0.6586114477519349,-0.366092640121045,1.5033573753597063,-0.5496180373916072,0.429580630629637,-0.06723327215105723,-2.446272738587778,0.22406470844850113,-1.3706470669532336,0.9762996240651791,-1.271456399958561,-1.50756123187783,-0.9401659948076047,-0.736457008410259,-0.8364273141240142,-0.7896241151798594,0.46880290867638713,2.217482755541078,-8.052154154924047e-05,0.8920877200766151,-0.7972246940862038,0.5879103511657988,1.7243511074208095,-0.8279243707363385,-0.2166515025258915,0.8096216267621514,-0.6231877273125125,-2.241997399645803,0.745261337203848,-1.335622938558449,-0.1509987115869151,-1.0073275804258899,0.4414891458356504,0.6820812608629904,-0.879200041281116,-0.8306623628991106,-0.22770265188964284,0.13326187649641627,0.43780710573026244,0.694205225110001,2.578053483453556,1.5298712690948049,-1.7160924693073967,0.20070266741892512,-0.7952686744993473,0.8180208685459046,0.7625091285614123,0.6706460420440741,-0.6287685505387871,-0.2642362889231999,-0.49793426579156,0.21707300655954595,-1.2888962796260204,-0.5356826615638549,0.8065138008811947,0.7963007868926611,-0.7502329302772884,-0.5870403128095626,0.7655125355932806,-0.48090345999190837,-1.9937295502058785,-0.2771762414919478,-0.3982068796004318,1.1279771798050486,-0.38554242826876606,-0.6748902285350096,0.46460680724209263,0.5042409577534175,0.5959683860777084,1.1709816394545276,-0.04800308513468314,-0.03547192220197477,0.6099671508879
2023-06-01,-0.5203601199403671,0.6751684325002351,-0.4588403606565208,0.04187162962172286,-0.8303964065428205,0.3064779859478694,2.0442540658341684,0.14413194626459477,-0.49966041188608806,1.2518760082695777,-0.16624796365558092,0.9765512994398466,0.06892541762878698,-1.778606187171335,0.3982703096825546,-0.22602917218476012,1.25769297211068,-0.49455246410348885,-0.907983917295006,-0.4900062207751514,-0.9570024939846812,-0.5752061918970904,-0.6615940433207794,0.014189462222221519,2.0798663602194987,-1.071679557596715,0.20886368513078762,-1.072430501786921,0.1117299772478205,1.0449715927594714,-1.1544844764046975,0.9206853062008094,1.1312751010879156,-0.8831485486350995,-2.491803644816772,0.20535763683298436,-1.3020038347344223,-0.5004754190852558,0.32466193951692196,-0.3146059231631992,0.4291452645535371,-0.9364344502777863,-0.5984391351368827,-1.206622920187109,-0.05425537938735347,0.5491087092995838,0.737627090581775,2.291366146839239,1.725913824622917,-2.3965928928537705,0.12692600138453258,0.6388149212213389,1.1185828522778731,0.06189462394562473,0.5940552302015465,-1.0633201356825512,-0.22161674654302208,0.9230508517935515,0.48685566990226087,-1.7592769584533743,-0.5108242205143397,0.7350853181497792,0.6622103896276003,-0.4694195497854713,-0.8703783745010355,0.4210730634015357,-1.0157269673361078,-1.8200623380637782,-0.037310671303593036,-0.10976244380358184,0.822607644498568,0.05066250342664559,-0.135393522251547,0.2100990018427471,0.46138544860454095,1.203345405759157,1.9905919536221914,-1.054671496556443,0.7422321343020619,1.4277708838974277
2023-06-02,-0.049580739791457946,0.2620323640925935,-0.7506031219468544,0.8508496652586484,-0.0311029967456601,0.4095302045333424,3.3210477628017148,-0.40445373856505035,-0.30701592972487235,1.2215416209719556,-0.456833054029578,0.03649339927440039,0.7571979286610099,-2.0391619270246695,-0.13981307059887296,-0.2252551376793028,0.9369602902484242,-0.4253602691468369,-0.16864755686348104,-0.031044097406018375,-0.6908565235277261,-0.6941004860830168,-0.4218723876005856,-0.4382649763409705,1.8551935550124448,-1.0768770694811645,1.472588615153114,-0.7951463504904608,-0.6206177856618073,1.3231006693151008,-1.3673430781163547,0.4421680511467139,1.0935187258774466,-0.761558845632237,-1.699801318983922,-1.2732494933244092,-0.7777377927374652,-0.39085493327818344,-0.1139881254582949,-1.2083389515846443,0.15872521540794848,-0.05426760225597331,0.10580276571451631,-0.5820276385849658,-0.3792641737111642,0.596908657861089,0.19193163702326244,1.0879646490155714,1.658042906778031,-2.8474456103812753,-0.19362744257037176,0.8351826793851538,1.5033526353391247,0.196322333555886,-0.10966817492326544,-1.7003359623246757,-0.3338938473173877,0.6006689033184711,0.5992556930578883,-1.670074854417753,-0.43035637944147287,1.256014454970854,1.240569814061423,-0.28409761584637316,-1.0257923689732886,0.1576978908835627,-0.35516971418158977,-0.8638028974727516,-0.4284190583288313,0.7864017503518972,0.18374760361334244,0.6158707034412073,1.0404203272643766,-0.5134879408282318,0.43945599213360886,1.1472582539148202,1.7392538130310085,-1.123181999309935,-0.6175400034103413,0.7488615096335951
2023-06-05,0.4229121056638762,1.2035140556122956,-0.09640544267957668,1.6646194121601319,-0.44537729800653275,0.19902481674161426,3.240873280914275,-0.2958423998823448,0.6573046511846582,0.42241784472382654,0.01198109922499954,0.6368652143000687,0.7659040709171756,-1.2196371422492998,-0.2993708983302073,-0.63366009555521,0.8446493210595946,-0.6752193262171182,-0.020705369030106023,0.4376040859902102,-0.9804730623639791,-0.6391580574465929,-0.17544581211590451,-0.25888005563193145,1.5559389131239476,-0.4111046689513287,1.7705790271967368,-0.4737743215491437,-0.09221371830748673,1.430087466449074,-1.665405199033324,0.26432931557766026,0.925838701062424,-0.4351232495646592,-1.5730444558555141,-1.014451286946183,-0.46591469622921683,-1.1729305085836546,-0.37010699089016835,-0.5434822059661326,-0.4060926888719901,0.24619862315211344,0.31826759588973963,-0.3101067081598586,0.29848779926376084,0.6705522126366434,-0.3296847750209658,1.2781798130402915,1.3099543147274577,-3.078819254159461,0.0077456227055238604,-0.14542701474924466,1.7579170724848723,0.18245810568343718,-0.4834883296506224,-2.0195944070253886,-0.9975427491747391,0.12164737838441503,-0.06277824561658772,-1.6174366664896287,-0.602241445286114,0.6004373364388715,0.9859760194288976,-0.538527238936182,-0.5476526910169657,0.3936620796860136,0.3905035554470201,-0.4732271753851196,-1.014606565355829,-0.45581668379763707,-0.5680848918792868,0.6084141587022225,0.2976798711974465,-0.75609106975228,0.6594162879376456,0.6499842092451995,1.8723078557256612,-1.4535416125701033,-0.8276172445383853,1.5418704251422053
2023-06-06,0.2599566468262241,1.3437508034912726,0.20561769813539507,1.9666472610584573,-0.48578118466387593,0.6130968793169609,2.6937250044564496,0.17574682368723019,-0.3251505390296066,0.25267994376517894,0.10084164010944782,0.8329126162361243,0.27138188458009993,-1.94655295466449,-0.014779407909980575,-0.8058612245336513,0.8102092136109561,0.28391201057125964,-0.18769293235830065,-0.012694587242260282,-1.8298885458355176,-1.0844194624281258,0.0027802536207460356,-0.4340820072325351,1.8571897323344244,-1.1651453952829478,0.9286689706806855,-0.6447488864218126,0.11477582333181012,1.0807418111096072,-1.9555378532856558,0.6708633490013663,1.095715760458572,-0.5393038066847261,-0.967140867590261,-1.3627055093050255,0.3108511976956376,-0.9393342103716127,-0.31464070605452354,-0.22413807053383075,-1.2620297099706959,1.3190369514902003,0.3055231683845393,-0.3685912499734991,0.05993459887627462,1.3033475728490616,0.2812131523584965,1.5579512246660585,0.2419035157130902,-2.853562417165342,0.1571931007753053,-0.33152525580929626,0.8083024862762982,-0.880099243786556,0.32934214140635387,-1.6233786698431678,-0.558278400963579,-0.20894437776597455,-0.04291515849225855,-1.454550357516936,-0.7948131227349066,0.552344795711281,1.3077355261478378,0.39942388247552096,-0.9490342602235894,0.5438770723162715,0.671131614678425,-0.6626475492016001,0.39503402815546734,-0.25523261050320856,-1.2464132005418092,-0.30550954643734207,-0.1464103091496971,-0.3560983591080093,0.6949481606269347,0.5645774238837703,2.0848661668090616,-0.2382517569671297,-0.9707775421656174,1.2989093420708002
2023-06-07,0.1612068896656144,0.532313712414324,-0.6076085226700692,2.3369026111859172,-0.5082603074979742,0.37952780704504685,2.734431561446153,-0.15898120458647413,-0.5720403089671262,0.42962779079373253,-0.040588464036636795,0.05700918946892433,0.5093908871265564,-1.7060770304810708,-0.11822426507558863,-0.46271750544582774,0.7375021722996415,0.27956107827571125,-0.5977629196172872,0.559880610169303,-1.5148400104447228,-1.3260408088637332,-0.42752902660055575,-1.62101173549978,1.0501000298231418,-0.5265129157717497,0.3271425142186255,0.2354624266404516,-0.9803612526311047,0.4158245367318444,-2.321834035326046,1.0233411641628598,1.347311576359031,-0.013223857899004259,-1.1862360241519057,-1.6924398018507982,0.04213045166790744,-0.9783403925515887,-0.4665383069579224,-0.28951609928883365,-0.8784738240311226,0.1979563845478006,-0.30086081669226267,-0.7049074373192714,-0.43956311016058014,1.2811632012282985,0.3999576033496926,1.8824227572065986,-0.42276091895018814,-2.3314998928189143,-0.07178549708154389,0.8078645571788505,0.5430065136728515,-0.4890937554841314,0.547753036832669,-1.0190602976226144,-0.7112635907792221,0.17098165348962674,0.6475198753708744,-0.6836630252149885,-0.4453948631299428,1.3741710054764253,0.9985102322774814,-0.34963400023275965,-0.7124321352620582,0.5205710091116205,0.5578336007023028,-0.4555448501744057,-0.7115794555407589,0.8674773687633427,-0.6249676854282044,-0.8153897812639388,0.2651269302637412,0.36405220356270634,1.797807613900528,1.3713897038943799,2.5852972915227808,-0.24983216297865485,-0.6169704096637358,0.8118327541977399
2023-06-08,0.5834675786622436,-0.4760654137450138,-1.3203143872960759,1.998324308448329,-0.5470072168450334,0.4852023395811737,2.9188875391836344,-0.45857037875786577,-1.0355641178235098,0.16271589990247656,-0.5274201572765803,0.5731359451777709,1.1671056524839918,-0.9127768380235387,0.5852410021388494,-0.7225371106589689,0.9039644277544597,0.5299741472727894,-0.9260048377072397,0.09795719299729119,-0.9442766800464376,-1.7897300284282167,0.35480153886054344,-1.2874642027919772,1.1522373699861561,-0.3430477908250493,0.8550620664941626,-0.650557177579953,-0.07560521453299866,1.453943036629173,-1.749009228400742,1.2466103132204371,1.4600492192492256,-0.5267851652435755,-0.89649800587886,-0.8805084035320867,-0.7632526180052183,-0.6357705607797837,-0.04909519775760604,0.1992959681413158,-1.7664102637460175,-0.38249604355953143,-0.5903620389227642,-1.5768081776546488,0.1839228305356482,0.6521758961678923,0.1268843020754606,2.4219113449330196,-0.5747451746761351,-1.1204153018208471,-0.5591785469985986,0.5739623008302603,0.20809741667740744,-0.40819069898360255,0.26429806242443693,-0.6929701661484267,-0.3319462614364616,-0.6165503961677159,0.7014082816597734,-1.193788722443648,-0.10612441111026495,1.6416727292198103,1.2882446685952333,0.04971145357694343,-1.1922416414197476,0.4084257628401613,0.5848119176259071,-0.10544048230019323,-0.6194029679716133,-0.18642887752713505,-0.703850423142958,-0.5855731713808223,-0.2417979439698178,0.6371060419366402,1.1809880131986616,1.3796786039849793,2.4887571308539207,0.09280091700539064,-0.9623104185792906,0.4220596415709987
2023-06-09,1.4650724930127341,0.47441228084567116,-0.5494511842295985,1.952364058785579,-0.5846438138828588,-0.005603590214289202,2.374209682305077,-0.02359863839400724,-1.4415542211096868,0.501607541249636,-1.8586017520475646,0.7532413637464354,1.3314316496474956,0.6458020964543103,0.5440817930197945,-0.8706268686795414,0.8640389240477511,0.5805427471440343,-0.7550208273154657,-0.31223684356260956,-0.6000498570774871,-1.6099729267621505,0.038768228468003825,-1.761924596302661,2.140137372046862,0.20438125874605298,1.0477265554986377,-0.3883358916030353,0.45189760503806037,0.3175250497971204,-1.1596254112424498,1.0004942160184231,0.618930362253623,-0.44195209467798735,-0.9500731023208102,-1.053918741709903,-0.9648109946287783,-1.1388967588768468,0.3441906278846495,1.156138630487462,-1.1402221252846403,0.16628646986157827,-0.7748205561006201,-0.895357483295884,-0.4553802743293401,0.5451239404929018,0.25791782229991117,1.3646041467946848,-0.5783071348190466,-1.3524284679666474,-1.8656128741359104,0.7269406435590735,0.47013505794722515,0.11950594849878858,0.8189264800288794,-0.6556150913348491,0.579155659282202,-1.052253186010345,0.29258546261945295,-1.0870869404313794,0.16701692327729148,1.2966071321343906,1.3126583217415444,-0.49246616232935997,-1.137369397811832,-0.6461691723396624,0.7867894977321663,-0.7017949489112725,-0.43428074997153265,-0.42007841511594235,0.043991785612092806,-0.5763808078580813,-1.4554431435368747,0.5653937252224841,0.8184189654910639,1.198946574217693,2.5582025754967757,-0.4578072538821362,-0.5856675948743503,0.3392382261698268
2023-06-12,1.6895988239909503,0.3579937814507065,-0.7894232474224236,1.0807717849372958,-0.34274115246530784,0.516654259791997,1.6800464890733444,-0.3191281926358737,-0.9977221667738944,1.19429993690402,-1.4349382236052228,0.636293846463285,1.0766112377592798,0.3368681660534814,0.8715483002058589,-1.1715105219608275,1.4364519281435812,-0.15037365996981109,-0.5746914074265573,0.13941760020893906,-0.19502679100697395,-1.1735795383430736,-0.010850272768285695,-1.7977460500894853,1.2920833879582427,0.4754520824245505,0.9697755131261392,-0.1337247596936457,-0.014880724800473382,0.5040366936362254,-1.022719145814198,1.3980952980594221,1.1559926478447236,-0.9507325672063979,-0.5744961993737568,-0.9942932745603359,-0.6679461286738859,-0.4489554054309504,-0.6011914066125422,1.4485183575653766,-1.3978614665049383,-0.2976805111267539,-0.5974250039435952,-1.3386826209400033,-0.17942368463384928,0.08860673137887012,0.8418978247106279,1.7766239754139206,-0.5779398327223448,-2.080074704975927,-2.246895176192977,0.41346717430553154,0.3483063558014086,0.10555442954560233,-0.760878413241248,-1.1249835152920074,1.103458725403471,-0.641751173129185,-0.24401111808739626,-1.64700254511756,0.5535077168670863,0.8699174089845889,1.7561492338886233,0.5672963041057442,-0.0053585525613978864,-0.6604232066327487,0.3135667583973873,-0.8829759196355792,0.38274850512166714,-0.39939216476164013,0.3251536675542237,-0.17855639099661427,-1.6397959036081273,0.8115672587309702,1.5093581809859995,0.827077026196797,2.1505723509118457,-0.9708870948352912,-0.46974572078969784,-0.296924207538979
2023-06-13,1.8788395091434729,1.2955336469406407,-0.2932348877527647,1.8840586766500658,-0.5772684383948457,0.7892364272552593,1.8950623928016228,0.5046849460339021,-0.3737624606180451,0.9408924210265371,-1.0312622920653125,0.09854239129308058,1.6157884524353157,-0.12084264307187924,1.164602437587101,-0.5806932472226655,1.6147133411937888,0.6734921204724735,0.10934567233690845,-0.37247112999758086,-0.0358085142038294,-2.174071019085668,-0.08948992648443668,-1.5566916267171564,1.5952826772427648,-0.127225245868787,0.473094893646991,0.06268773607254995,0.754658430059743,0.3089728796051693,0.2000991758393104,0.9359941741534917,1.169245024266468,-0.7225186915094728,-0.5457289438599939,-0.3899270376778794,-1.056920934889107,-1.307990528765172,-0.9943014251188199,0.9202065767211393,-0.8708297201692027,-0.9528751758449887,-0.33387391004693695,-1.2345567452282435,-0.014493151186704556,0.4426634638057062,0.8679833936262213,1.4047903903262584,-0.33992199529113926,-1.600683675018007,-2.913692008722621,0.2185461263255901,0.38368315699696254,0.0264861863258321,-0.791547968498008,-0.8992262197362535,0.6206092700633624,-0.34205715975873474,0.2653266281702165,-2.839113197430977,-0.27881326135896745,-0.4838125684280615,1.2948969814645919,0.305188751224307,-0.2601239812073643,-0.09131482607037004,0.27540161185701784,-1.004684634777567,0.2336555031561625,-0.6963615053749174,-0.4078896888667901,0.41204857938266215,-1.0598402651806524,1.2573513723819638,0.41266304667498777,0.09156623623609958,1.435952267396401,-0.5899643158918827,-0.16244203988103179,-0.31551996091929874
2023-06-14,1.363789923519911,1.694704273095109,-0.6752190446876875,2.2273519667146977,0.45456200464467134,0.17713612966683376,1.7733874598254291,-0.2599828549487563,-0.5561572154823523,0.9473136387690663,-1.7260618476698748,-0.07127070558288102,1.7625548962882238,0.039567899244557336,1.4354333082948407,-0.9904788372263766,1.4642014484061596,1.354171917455571,-0.24467709609419047,-0.48036747902789323,0.23333403781051096,-2.0166185313110407,-0.0028838304377822323,-2.065732954105089,0.1648412370929108,0.27401643070319376,0.05376997283213044,0.1514905277364776,0.6266268120467984,0.3439449892463094,-0.3143732645592989,1.0578508061444685,0.8436814935126334,-0.45802874909837543,-0.49764723279934137,-1.009733567159756,-1.125085013739777,-1.9882492857866017,-0.6263711912448326,1.2152924805856533,-1.0772652061112409,-0.7586485582337599,-0.6027511047540927,-0.38395393528144744,-0.7854256576714513,0.27227746071066017,0.10463842303977773,1.5467833126878079,0.28716859053906524,-2.111290253845232,-1.9556346198857875,0.6237137914518622,0.4589319736787322,-0.24198374490016128,-0.5147594310142241,-0.8236730387274586,1.4130109420515007,0.17735781997792605,0.6370098984982815,-1.4010669131787385,0.3614735463938917,-0.5217277866329281,1.0638909786503599,1.1985154276120533,-0.30198405099446585,-0.3584189803688164,-0.21542625964344975,-1.5954205944827144,-0.22998744986049646,-0.9071579278990166,-0.7189223140962934,0.43118647421791056,-0.9506711729185205,1.448680725068098,0.5581289832398071,0.10106125630453575,0.8588720792322232,0.22973091358603948,-0.13326498522599955,0.26691643611151544
2023-06-15,0.9023117259683054,1.5417699859949694,0.4889329766670671,2.489153320287401,-0.04409325283910399,-0.41774710771141305,2.1969674888795847,-0.12233846204999872,-0.5629818874287132,0.4473592664980784,-1.8522585175599424,0.460566475012343,1.1962283087901602,-0.22138949378288605,1.4626531079488048,-1.3692343080706182,0.6190512069775896,1.3043216111515379,-0.20538612250874566,-0.8960471861289503,0.35768119980234087,-1.7442367572611877,-0.6079294053125712,-1.4956799269151642,-0.18256527324283148,0.4933082204417402,1.1203927586234002,-0.24020363462567965,0.27833355180955804,1.0718064420431055,-0.3433204367310539,2.0143631818423917,0.7290788029801508,-0.8404082345456608,0.374560663618415,-0.6304137257059064,-0.20315505743999646,-1.976160936485131,-0.3853014065733129,-0.2029744803425096,-0.49927515091676045,-0.5458192859571942,-0.7791759421409564,-0.06613806651759782,-0.6361432241275273,-0.08378144434440038,0.27593767744346337,1.1679017519986732,0.27243735066301145,-2.18438214915445,-1.8398891158036006,0.6362557987946198,-0.18730346787512753,-0.4618429239213215,-0.4597955090638006,-1.42476283281379,0.590124402922871,0.35985804270755073,0.462897834219305,-0.9260621150057772,0.43449752240276307,-0.6847856012428439,0.3222988175898273,0.7317803861671349,-0.5018173592882514,-0.003209891261496093,-0.37567269059259234,-2.2998458114725113,-1.2856806111456327,-0.2773760764176704,0.06486647227522306,0.9982981601893534,-1.3496212641735383,1.707636053492662,0.5603461149300325,0.22309103098324873,0.7456148152227432,0.35985695557763875,0.9530599817584167,1.000606681822734
2023-06-16,0.8040979539106617,1.3382043962598265,-0.5193923492380823,2.466339702157386,0.24216120767128602,-0.10476942710421093,1.9854826828344463,-0.147855644460985,0.08369921980663156,0.6681906988100843,-0.5085023241350496,0.9820821752590725,0.8984377833970635,-0.37771225859339075,0.8044648314231758,-1.008082831517934,1.1847190179988105,1.8642654668242193,-0.5145556302231532,-0.49743288888322207,1.1680405566860512,-0.8807812426885853,-1.2400782188225417,-1.1909900343422761,-0.5067011132418759,0.380117143678972,0.4558647694128333,-0.45239420776044975,-0.29413467610105476,0.40931549348919566,-1.0144464715662216,1.7711935740766387,0.7408810326875716,-1.31947730158846,1.9102675820808892,-0.7417928786577953,-1.0153121066987647,-1.2184371617063368,-0.5195235105468475,-0.6899074446204785,-0.27056766028947926,-0.719300834627885,-0.5364494105144944,0.5420830453134616,-0.5369743646772877,0.18455433349219935,0.03828493772985619,1.3212359110382221,0.1985120743639271,-2.1916586968279295,-1.824450424041396,0.032231889233960864,0.3718711339838227,-0.14711272261835945,-1.3748986323109602,-0.5643579948169836,0.7776661759799252,1.1017395185066867,0.33115756429556703,-1.558336154277146,0.04065029229516288,0.21650257771242484,-0.45091556508248903,0.03211005417259805,-0.6757202128909638,-0.5874452502911618,-0.07884613403300127,-1.6690869652706384,-1.0328301304037082,-0.6492362596260733,-0.008550889352755118,1.5950967345327172,-1.9928128333066035,2.1754176426920044,1.023467098866578,0.5245349917362261,0.47285413344553484,0.27418752606394864,0.26184536696423266,-0.041997433126839324
2023-06-19,1.3743728242888766,0.751397438671049,-0.8921347821363694,2.4618976473494665,0.5049789209233964,-0.39071056638864393,1.4855881860367781,0.4833571799671262,-0.18903434876685773,0.3908882426522104,-0.2476249530725702,0.8866906722671436,0.6534406387980476,-0.1069911067166512,0.7085674790149974,-0.2932699194575391,0.4137095936256328,2.1954994031840815,-0.94887693492471,-1.206867611962994,0.7072020726875876,-1.0896548092869864,-1.703681385292952,-1.1852015548609156,0.006163720210323865,-0.12275853963275929,-0.5363467105777822,-0.3453376325063513,1.0892941871359265,0.06260056738642922,-1.2618995853894048,1.5047108884612606,1.4378177975212008,-1.7001605266817648,1.3541685456527452,-0.3581022228774139,-0.8983395376236335,-0.956610605933271,-0.8185423442821856,-0.5036946204096481,0.3886650970786808,-0.5498626009276596,-0.11946334637870146,0.73731451348249,0.05636817905927259,0.6377355846682419,-0.15470696520596863,1.5482371508993216,-0.23717906082050463,-1.370320253738453,-1.4534411356698054,0.07192015110370328,0.14395792601845278,0.20332560196001484,-1.764222782010736,0.32579946119900055,0.7108274455692419,0.42312603501155494,0.11229548260634437,-0.9843153212730298,0.43071314819529066,0.31101410301445975,-0.9581337721466542,0.13456408679287182,-0.6510429092248826,-1.7437719551273863,-0.5038662036355773,-1.296975221074789,-1.0229235630165057,-0.7735926432317631,0.5297865331150716,1.2400972004802395,-2.1708375278922896,2.356923370331838,0.750154980360112,0.20333992019837674,1.4987127069151895,-0.2574488060857513,-0.05856196563665941,0.53928164798447
2023-06-20,1.1617142620697143,-0.04378547740551842,-0.08349060720153256,1.6381680634558264,0.37132626700340116,-0.44777042948696866,2.441945548766392,0.25050948250191296,-0.3541830242818429,0.2700071781483903,0.4380933025868533,0.9534659071516023,0.5615226651028492,0.054270856186564805,-0.30740201993833494,-0.7333730259344391,-0.39829861568222535,1.6227474690084285,-1.2620602812436028,-2.2375643587302227,0.4142922708580933,-0.6297523849401767,-1.4506051232419315,-1.7648275536515343,0.46957194792466483,1.082295886800422,-0.2982333162060071,-0.6578115564049254,0.35808898254980237,-0.030741955220264867,-0.8591360659288052,1.4759765419905007,1.2916230814802776,-1.5379685184571483,0.8198090013276986,-0.5301706156228817,-0.6309969839826747,-1.5088044875433029,-1.0032295267476106,-0.3238984055128376,0.22980887703151728,0.1513530601888768,0.6167198578752294,0.5566769090602737,0.8634738561346494,0.8663140623873518,-0.18720498238868924,1.1201123148499827,-0.38108592681091114,-0.7602021258228191,-0.9943355879426655,-0.8707447911789209,0.05255696383257891,0.3808530420333997,-2.368571723553606,0.878016994808635,1.1522199716530945,0.22478007620340587,0.5787734479090169,-0.4615176117995049,0.43776624489401955,0.9752215353807139,-0.28244022217120823,0.21098601664451658,-1.1303379204146857,-1.5038095027308713,-1.4171114793015231,-1.0057895133003554,-1.1939192867782873,-0.8391682177689377,0.9371605579718888,0.38436251278131334,-1.8220652239152648,1.738601564971172,0.4265955918227222,0.16855435182006345,1.9986724753638123,0.03900079988441815,0.6413284789410685,1.0070701698859226
2023-06-21,1.3212490587555963,-0.9267870823247389,-0.035661761809384664,1.0985493914619922,1.7897324631204878,-0.5074383686127957,1.617220507926735,-0.9627158649023964,-1.1444485833229323,0.3587016398316147,0.7232401944919213,0.4819322066877821,0.8369207631744325,-0.07539628614921186,-0.4356593413773233,-0.41379917140630207,0.4270274815127139,1.5110775142477981,-1.3885472897020068,-1.8339373414494793,0.4357813293821451,-0.8478373709084156,-0.8618203359300866,-2.657129882563167,0.8371026515177343,1.1922710079439647,-1.1920522580798059,-0.8380168805055482,0.8772349106643261,0.3304814547809394,-0.3223816508838342,1.1301052793449617,1.3184776895348065,-0.976711083816895,-0.2764888840042562,-0.4132659177724956,-0.6124663514466887,-1.0352231129557001,-1.040686969833491,0.3398054153985565,0.04696055765762869,0.9893323038427861,1.0378290976770783,0.7709501824697323,0.035942038950053816,-0.05265287691715786,0.8469291478048632,1.507697784813735,-0.6155350456825388,-1.3025909785548002,-0.9459061263804727,-1.2979561433908453,0.12579851310883758,0.6732691498462818,-1.8977449822014993,0.3651705191593516,1.4553062282293598,0.5999809670101924,-0.009223452240788039,-0.9961342153626374,1.0240967879179161,0.3844987382849888,-0.2860136566306596,0.1325842363361497,-0.5256711167511525,-0.7480783042360839,-1.2808659178712405,-2.0483042757624017,-0.4993048431053483,-0.6722498045593818,0.7086715911390756,0.5970928387162738,-0.410949115434488,2.6074394515730313,0.3471339838000148,-0.4203626630421694,1.1787530681374547,0.32620818439121163,0.2854831471890673,0.13397583004702807
2023-06-22,1.294790964599683,-0.30330719547077845,-0.10903291152797288,1.0043615617587784,1.4720284305791487,-0.5278118704102955,1.7108407438613127,-0.7907740610142956,-1.5821719836947858,0.45769178744457945,0.7438475828571774,-0.33098740513262676,0.6948386640898513,0.8552535092693286,-0.11294142434179487,-0.34687779697811943,0.1380725848618081,0.647827195447576,-1.8232164558104405,-1.5357738068509754,0.5008064685109217,-1.0972787057527609,-0.3419969034073186,-2.371589722651347,-0.4164274339497666,1.4016870938497306,-0.35303869763349377,-0.8456685660257054,1.032901442259106,0.35071386206560123,-0.08628159264022227,0.9492596528125455,1.518683001480722,-1.5062584097549143,0.4731055028498114,0.29641434073594086,-0.6363465302899673,-1.449439543358369,-1.503238211911265,0.3712090249429623,0.5028428758890586,0.9332997007321926,1.1122337122072385,0.14319794380833795,-0.7767294445426269,-0.11071877175131084,1.4901320480599645,1.46373513053042,-0.3565928975942594,-0.6144440118909519,-1.2569366339729517,-0.801925018638406,0.3106128499393589,0.09456651199733777,-1.5233551113788415,0.8470586015227888,0.9541647547089741,-0.28878436183628736,-0.11977978655251098,-1.1366708506608607,1.234564195419194,0.060947160083207635,-0.2825419203500981,1.0155894232235814,-0.31049877202723747,-1.4543569511790349,-0.750432791212983,-1.9816411917942947,-0.2344472577255003,-0.16163691354284984,0.5875483241539587,0.15847790394335182,-1.099256926965518,2.785692184571742,0.5484905069400102,-0.6300706865211754,1.405895518537968,-0.30363602226747904,0.37532808357398983,0.32620470689312914
2023-06-23,0.936957228079299,-0.6811308171831925,-1.0106109746160452,1.0447892957663332,2.0312158694197433,-0.683122319636957,1.488697952997607,-1.5158811546860937,-0.7255101904926985,0.08250899489092144,0.2616796666319357,-0.21609764956478594,-0.1228775641336053,2.0495286994724142,-0.2914621822025508,-0.028692268307788833,0.7161051065510993,0.7579318311219231,-2.19484621213029,-1.072015178668146,-0.12787956812274587,-0.9326566331290145,0.4298049961119108,-2.241815839498678,-0.741330422506866,1.7388157517613834,-0.18049730614034118,-0.9488255972213683,0.853472732687124,0.40422625730073425,-1.1584773416595693,0.2815383298517662,2.0110235831770757,-0.785022460585079,1.123020062572568,0.059842350347173716,-0.6713086011150514,-1.318638973948263,-1.4393168186471537,0.5216136440219847,-0.046776491382689904,1.4564187406671427,1.2909292143546516,0.08002093115318787,-0.474605324291293,-0.26990549156269833,0.6109269858124816,1.007776734618117,-0.20986003257001273,-0.3108998851305432,-0.3989277944883989,-0.39178539939551227,0.045943532916796,-0.37224316599687257,-0.9421789527224143,0.958064736184324,0.6983544166896303,-0.5881066775089655,-0.3112596345617774,-0.8038707450899965,1.46942455661725,-0.18731273924244843,-0.4559188723934148,1.952442143452169,-0.23622916999842872,-1.7354159016785689,-1.1380757879896364,-1.5682056922593162,0.4297020847620863,-0.6878190659799744,0.7396235636065583,0.31807597352416994,-1.0389016845795682,1.6589282439340018,0.15936974581472577,-0.40903005598997866,1.0564766883554242,-0.36574048208334003,-0.09966605005174448,1.4055005259181632
2023-06-26,1.09109196593443,-0.7728378846116456,-1.0485232142594039,1.0551134276572887,1.6217652014677308,-0.48997844201236285,1.0255847093331987,-1.1171320096971662,-0.18704039593744867,0.10793680145585056,-0.20264455608029167,-0.027476968396790383,-0.2171573974054722,1.5600651831736636,-0.4260318993640612,0.23851478558469302,1.1562637194027743,1.4455069496699708,-1.3418396134447317,-0.7413464256120251,0.09885872626456642,-1.2684729133986132,0.6144701888289998,-1.4096552517538883,-0.14139580539831245,2.51358610180529,-0.44673384917100223,-1.2326308815930773,0.8174828347784685,-0.44574626702392445,-0.6333508543228511,0.3996667067163813,2.0349370067236103,-0.6348268463217807,1.2658773370866943,0.32244237931093056,-0.9701492179540577,-2.072572016725844,-1.0760122080178487,0.3318859189225277,-0.337936566407974,1.0256924975586346,0.7970432847459027,-0.15346137754609446,-0.7716621601784769,0.01151392268638324,0.8879028666570867,0.21415789971102894,-0.18773970236678353,-0.174691468840103,-0.7081954638561011,-0.2409872945033016,0.45921456202667327,-0.09850990396370869,-1.1728411002300592,1.1783413613325937,0.2665610468240738,-0.5626184122714489,-0.15640045081174392,-0.8053941707117596,1.2828201109957855,-0.09834781948072856,-0.3655310951428312,1.6281295061439172,-1.0993075342902765,-1.2652377979386216,-1.6647049931704272,-1.640736791237655,0.41477504535762605,-0.7492016975292136,0.9197274272142897,0.47455358766266237,-1.7572926567386526,2.2695998645825433,0.48427316071618476,-0.5457756349661796,0.621736145051645,-1.0375980739060413,0.3763896898540428,1.4842451613526377
2023-06-27,0.5325051610057256,-0.7292277756200933,-0.7832525661238569,1.5393667398607966,1.8892806917942406,-0.1342672845036442,1.800631479151158,-0.5013380606455838,0.4380864521029352,0.10515976967002177,-0.3151200320717671,0.2722769887470439,-0.8159727306381241,1.3148316084103753,-0.5206979155702248,0.2949773204426957,0.8981968980925883,1.376644324654341,-1.2082206111584328,-0.6113010544347337,0.2598934075330855,-1.62144502713746,0.3298501783822166,-1.536817102319538,-0.256965039334992,1.901032450247105,0.18091217030559897,-0.9552877343032882,1.0827085325329222,-0.6896414073065784,-0.5982349504041135,0.23343713646027406,1.9364147514461199,-1.2194849311765354,0.439820414926641,-0.10085358815728435,-0.7247758324998024,-2.22395302720245,-1.0472684985253313,0.17503181510859445,-0.9191526445937785,1.1955490974647007,1.1139657062591473,-0.46479247077579605,-0.9163419926775527,-0.07031962207724426,0.28745651403234246,0.8183443731190666,-0.31814802980099,0.03513970533895812,-0.7743462020703588,0.025116286091738063,0.902669131841976,0.015118357405432974,-0.7732253578800885,1.097289338332794,0.7025283314982826,-0.14531473583975496,0.09787954907334674,-0.6704773419022466,1.487370276992883,-0.2232366519434948,-0.6074453842354454,1.674806841765563,-0.11414034549722944,-0.9745216305741918,-2.1596246094278064,-1.6080043426465278,0.623737645271001,-0.7808640359995918,0.40280156897882213,-0.25256791767096554,-1.6493869979050555,2.616763906236826,-0.029393853183921872,0.05305309190325729,0.6122201008468047,-1.3792830134038723,0.3041667863154015,0.35767744959692455
2023-06-28,0.8557285368514929,-0.5513343657675057,-0.41740384092348753,1.3821279859225566,1.7198087546325798,0.02791879256292254,1.53595217798405,-1.0152212904184306,-0.17037129376451665,-0.4492777386279819,-0.6035150012635948,0.2261580326216601,-1.0360140785110579,1.3084366638041613,-0.923158704874956,-0.17418529769192,1.234782991861618,1.0765301377443217,-2.1972440178477504,-1.166918251918115,-0.251170354075644,-1.6062337636608464,0.5805040698716432,-0.7599810133617787,0.16670579552051523,2.120969801511531,0.1462210962760292,-0.3494774348302249,0.5878141523249086,-1.498434876624983,-1.0357981051089495,-0.03988205341520459,2.778951325048207,-1.0118097297499478,-0.10555259923025279,0.10604512791451728,-1.135785658748025,-2.1065724431072463,-0.7247921917438253,-0.2999997735503082,-0.5421086877964713,1.3677098499087097,0.7448855521515529,0.25545502509957824,-0.9958110782873019,0.24871460717523458,0.2983182424869024,0.3774843225844174,-0.6590415355233409,0.8096346838177065,-0.3075207393662894,0.24144125226732818,0.40399331188466575,0.12163913540738967,-0.7982935373775017,1.6760102381920754,0.9064472084031125,0.17261586800516773,0.5170004505299769,-0.5945561979787694,1.0447179334589265,0.6457224807821288,-0.19882724703376076,0.9799587067289667,0.5128288665154744,-1.286660767537293,-1.7727298980544441,-1.8340410309259603,-0.7451757342469026,-0.7680951126544752,1.1482934642338605,0.09709572565314584,-0.363747831764647,1.972049504095227,0.20325407377041912,-0.27397640741911256,0.07127878501170368,-0.7721459182487364,0.8859228371691942,-0.01426196475401969
2023-06-29,1.1024097393780687,-0.1303807712942546,-0.015430124070864413,0.16623667578114762,1.0497796720476968,-0.002376404800831676,2.0747817598566662,-0.9037736853318671,0.11567923798538725,0.5118683659542994,-0.3736133297539692,0.11528071550489008,-0.6340075041798894,1.2438389339752898,-0.8259624854129454,-0.2549206882009667,0.9678076582442598,0.6894306013097671,-1.5411405924930572,-1.514341328652405,-0.6329448057151598,-2.265914024743927,0.3774688036112424,-0.2871445927080575,-0.4028699077589287,2.1128044041486707,0.27110618415654897,-1.217009108959619,-0.01865650777150552,-0.6786546445866172,-1.0358539606406065,0.4709812592518555,2.2172505015607875,-1.0099279736084987,-0.80766845233509,-1.029798734455558,-1.1932305957961604,-1.693005281304061,-0.4789550932447868,-0.17653875526521082,-0.6390555593449443,1.5810749302871616,0.4776984053100205,-0.07636770462483362,-1.2316407681087793,0.1426348564704493,0.19212957598208286,0.516682135866279,-0.630290557807119,0.7696435146925771,-0.6298046104931759,0.5641757446835965,0.5740621438271839,-0.15467253985984816,-0.7660229615623539,1.511919482639083,1.3204723290580889,-0.03389419807463414,0.42890860685047555,-0.3352309145324144,1.0215737723792293,1.436341963165933,-0.11087973893817386,1.818028428435638,1.754068998589921,-1.7944386801999097,-1.0802326061340195,-1.5789802580538206,-0.3408736931684033,-0.7618077702032368,0.46492899142297134,-0.3616433059299766,0.7596088732215109,2.222653244766846,-0.6301158623630867,-0.6528890124421745,-0.4120445368343435,-0.38063185313042963,0.6127525724674224,0.06955340200746474
2023-06-30,1.063281431633297,0.40014686671274025,0.2628563300574867,0.5408310116558168,1.2585382863944088,-0.497950603810857,1.524576930043719,-0.8223754258419967,0.25869251158534673,1.1543963004552265,-0.5388233936921575,0.05136350529573264,-0.33784782655373286,1.188703267110623,-0.6868290606377854,0.48920340551975633,0.7556223126017688,0.8888295809707937,-1.6002285655301167,-0.5127688260357011,-1.065893485976836,-1.9546922563469724,0.6888434103701571,-0.968129652551546,0.3623177951791576,1.0552926026266154,-0.18296213489740557,-1.1274294364474486,1.2010026368919047,-0.4413741333244105,-0.7279039846251132,0.8106881536641166,1.5829384546233116,-2.2277226969126565,0.23167036084027712,-0.32497719753451404,-1.1188757748185079,-1.3022070547989009,0.2731981257690305,-0.2639287082887081,-0.4128136325240524,2.406633610108276,-0.24879544667535927,0.3033199098405018,-1.7386903756872567,0.7908117214786612,0.5661257435454082,0.1365358353012858,-1.786277967518392,0.30256676328221305,-0.3849007786712931,0.8280447437930756,-0.10167328709193468,-0.6745192669839649,-0.9007129167009872,1.0833354962776864,0.6018077606126713,-0.2836218629765471,0.37884932533517846,-0.5656914197884095,1.0306688115112883,1.2925434074569517,-0.4300328973491302,1.9766227196092165,1.7127762178020032,-1.5066679133799343,-1.2607538455235796,-1.4981772327828262,-0.5079470477319585,-0.6835042862626131,0.03437263329869464,0.5952785843855094,0.36812012139238426,2.1025122422331135,0.0297725960528787,-0.6309144552348158,-0.5607194731797035,-1.4280645802029996,-0.3267469068559895,0.05045428842882981
2023-07-03,0.911652280687416,0.8194106720890342,0.3263685034463893,-0.27232989296683835,1.7340702152578793,-1.152236664641099,1.6792092647011807,-1.1023960399538633,1.4989471570364163,0.6457936645718009,-0.41531445844595777,0.36629670422524846,-0.33014092670749917,0.4571493704367812,0.459374945789631,-0.2169187207420811,0.423629046257317,0.3991464559492168,-1.443167716437658,-0.7936265280807635,-0.6429771479770064,-1.6164680146923798,0.7503635603631994,-0.4986108592885528,-0.22713464822328358,0.37682336184611775,-0.07076477273689673,-0.533907585660464,0.8598387600385698,-0.680644221315972,-1.7836690732971912,0.46832163583971137,0.4358208111669978,-2.5015057606423174,0.5301788945456783,1.4666195821592525,-1.2577018281968346,-1.0554502285097773,-0.2165538442090306,-0.7824451241781198,0.10799414926149106,1.4258251912363498,-0.9766940538524278,0.16078677286025975,-1.9330037674102714,0.8927336032454035,1.0248982301156804,0.26625512783811045,-1.3068604436218558,0.3095638102608813,0.851059340214773,1.7077592571630569,-0.1349793644346847,-0.11586861163924604,0.05520617634577728,0.6983487879720841,0.6203992184756727,-0.5161728191996322,0.5779462344518114,-1.1781754339099195,1.2814467680536625,1.9066639215310686,-0.6255973873256497,1.2534624840792605,0.8194655850422643,-1.1626781179574057,-1.1808785946988787,-1.9735916621787795,1.0885983018142702,-1.4577636191230268,-0.6604959798619949,0.7037215608084756,0.5572937800792838,1.5311395342744738,-0.3524138639847156,-0.2737449116884472,0.06265690929257216,-1.5387327676014153,0.3756371038630001,0.0937387207044141
2023-07-04,1.7575890940878556,0.8107664474784392,0.8139833556395829,-0.34615049450441987,1.489248858805627,-0.7431153100076324,1.9879568873341111,-0.7775174935260875,0.4440802931249071,0.3628668027691916,-0.6177337018107258,0.6236934641466424,-0.10516829326358211,0.7840692063265995,0.1727120437999318,0.3472906054174216,0.09763657361743824,0.9587096988338535,-0.7902124362666401,-0.739659882915909,-0.696797234723465,-1.8794158821449916,-0.10622642955047192,-1.1736852317664463,-0.41102219337776014,0.2970695819204612,-0.748542490097496,-0.8627221916842753,0.8268066949377942,-0.5448759049292634,-1.783335928103852,-0.504471620407389,0.847440819723976,-2.3914154201224482,0.5343308963642872,1.1013478245302757,-1.0134824213678992,-0.8185804558862123,-0.08581181264838968,-0.1324318629209783,0.7570247106349769,2.0466462424750076,-1.1746242899371673,0.3458443512293386,-2.2813893493387574,0.5350679740124729,1.120314846046658,0.9551279009826398,-1.2124139407911858,0.9308307616638667,0.6133449918373916,1.2198207738693034,-0.3281441166469195,0.21719201804733465,-0.10316549058798509,-0.16309175067536605,0.6948087798926879,-0.8442175467802991,0.4251549277026761,-1.5487165880623286,1.2526898066851957,0.4364791711665449,-0.5082890583559619,0.894862271365042,0.15891999192506764,-0.6794254347646085,-1.119201427750222,-1.9035944755413332,0.4352795516803494,-0.6838076673706152,-1.063393374289903,1.613812826737919,0.8240889497052342,1.9398222754083294,0.3632663185054538,-0.5073387559138207,0.05539861080455037,-1.3981441632340708,0.8144136466566168,-0.11647872582617375
2023-07-05,1.4936314012515377,1.3966412601496805,0.46446050048793064,-0.2772690083939758,1.333267182885196,-0.14610554550382227,1.731338380487792,-0.42960132459164235,0.48839830287695996,-0.8837787928178864,-1.1570528271777532,0.6730003722347853,0.2822713743146669,0.2833562631453437,-0.2649249859618902,0.16706097593706107,0.953515390417478,-0.07249516534416386,-1.7895915065850478,0.34613071924573746,-1.2568905008429259,-1.866367228152712,-0.7477270993118834,-0.9544528786035938,-0.406696445855461,0.8689354134370946,-0.27066484751631165,-0.8775249604040043,-0.03356254245607228,-0.33991377710365683,-1.8190514184572961,-0.8058984114058374,1.6241993746123258,-2.9686853744732282,0.37336833124347635,1.3016151252348747,-1.2594907242382432,-0.2363988701534426,-0.4751005193606987,0.08093304769424278,0.19190300448715789,0.42652464483458047,-1.1740705887290548,0.9191635802723988,-2.3121610542666233,0.5196144677873377,0.735032666394199,1.2305956123787847,-1.1522875496660339,1.024668824721763,0.6424420185761041,0.630568001721249,0.4723452187256883,-0.1657639522173124,0.18775267530524356,0.496259964536884,0.7245295511053094,-0.5132295913398595,0.6284427148144477,-1.437519998776961,0.3496707893057674,0.05291626660593888,0.44043969334128685,1.062494645795353,0.6362046419322349,-0.11257470717367739,-0.9482903592959171,-1.6902375871574815,0.4019333195610605,-0.24496479282346825,-0.6634178074281305,1.6180757039432938,1.219260974769436,2.097148661554417,0.6076174321744363,-0.18360102811743592,0.2764023465582053,-1.513054851445016,0.18519284499144348,-0.18890505870168567
2023-07-06,1.3764456016425934,1.6214221624367442,-0.17579649134570108,0.05326739675750253,1.2300983911072638,0.3919262461599805,2.925569985306513,-0.1422267605585582,-0.04058491294295135,-0.3528271056273111,-1.6837318548002653,1.282204795284295,-0.5912600304630663,0.5259548080740101,-0.16285097962842815,-0.08079841430540684,0.16624400461173383,0.37963773386280913,-1.508023643008273,0.17508486477634452,-0.3331593790957852,-1.7935608718874045,-0.2802345534956143,-1.4521468689078365,-0.8718601508699386,1.5609235581710565,-0.1003554222763772,0.20641521244279012,-0.636549417559858,-0.048925603313604245,-1.4898926607161878,-0.3622236550032448,1.6002269658502581,-2.4338601335225616,0.15969412738833694,0.8457815619151318,-1.8809003666733506,0.09026280293757448,-1.7870943310998495,-0.17128994268470724,0.5706032081334338,0.786815224052546,-1.7193447309382937,0.8936124018793246,-2.499658038234709,0.19254840333440745,0.9890338399826798,0.49692355620440465,-0.3879220451245237,0.5726568729552362,0.5894406602271973,1.3023307166273235,0.9140659125347581,0.22604557245848597,-0.2646166265753327,-0.14463141003517102,0.4730182105773045,-0.2583450765875163,0.34868179577736114,-1.0951920037656524,0.6467477053837067,-0.14679050567821122,0.33416919836104064,1.0897218434197384,0.5714124602083709,0.24527468257314547,0.46144703243387863,-1.3875688851214072,-0.36342045914286075,-0.6935151381671316,-1.4831997781291348,0.6498074053898174,1.1311529779599991,1.2272126133815222,0.7085399943065731,-0.3477843921245441,0.2522527953010072,-0.7621210478965914,-0.09105103342465645,-0.23936058145618255
2023-07-07,0.7902178447743415,0.7641331628251661,0.2936222610191643,0.1383417946320474,1.3178850181135178,0.6532136605321257,2.4594680815367957,-0.17991153518135386,0.055614252925148495,-0.10101002110448819,-1.6425166257968407,1.0275006648247453,-0.6969750709301966,-0.2067674676187163,-0.6808028578451,-0.011127560120623296,0.6264104998831318,-0.013912449226915816,-1.0134704179116505,0.8591408242704937,-0.5507919626056592,-2.065646840963413,-0.013709575299487867,-1.2968517456770292,-0.7757284055174715,1.6407294995699366,0.14081137933517537,0.20955988575666543,-0.4857360254657307,1.5332217201459521,-1.4946723223454021,0.18227952426265323,1.3137763766696282,-1.5845020014840596,-0.18453771012136028,0.9520897423938525,-1.5668111086606105,0.26385103564572815,-2.0400679731403533,-0.5340623630739896,-0.31049581316290126,0.6701630810301723,-1.8592649682525293,1.7413727684197855,-2.606955809220555,0.7281576837187131,1.3009842469601771,0.40278794369707044,-0.682476262406999,0.7049224816248256,1.17785989767354,1.8152038264117545,0.10171798022616178,0.10467301198415613,-0.5694941810395454,-0.4038133357876059,1.2648665325421955,-0.8487354794741104,-0.8210064205029286,-0.8572035438602265,0.6165854079264433,-0.09165056652955335,0.11758989950083977,1.0429654340043781,0.08881012022039446,0.5654599236605816,0.25638534583115136,-0.5622775953165067,0.05323706860819076,-0.9233805756465483,-1.0166812067776914,-0.13840203472921206,0.934708508153511,1.128698883602096,0.6260599227038373,-0.3909363368876834,0.9438399915603645,-1.0184434082080014,-0.4111568562683415,-0.9569307550152172
2023-07-10,0.5203237944067203,0.5383379045547863,-0.5725614831654869,0.13430801822875815,1.8798960014286865,1.0352366034567881,1.5730056070608307,0.16323463650145228,0.3742286359191438,0.09921157289777356,-0.6183245594909649,0.6980573484475722,-0.8539302786935059,-0.39267347666184665,-0.5587131279424604,-0.7466631920376611,0.3290271926572748,-0.6144116759844241,-0.7776710484998145,1.723409777191037,0.07037584070784195,-2.222456188960674,-0.03625397780487247,-1.5619626178314026,-0.05205964475703984,0.571157909323682,-0.21760743188761938,-0.026703208890555292,-0.8929628362918456,2.2386144501814096,-1.7846813531908539,-0.3312653942378238,1.7522152676632277,-1.7523254766277516,-0.02598978358767028,0.6036945026490336,-1.3922721553102668,0.2428778263499256,-1.8326453749444334,-1.0745232585155957,-0.04624933333264738,0.3562023921032367,-1.4620510774510145,1.7054400529833722,-2.33598992914612,0.7662485205391704,2.1030690116620345,0.39535883274480693,-0.8987404240701461,0.14807793054219018,0.8024789456507707,2.06989339987404,0.013914721335811276,0.2605234034059385,-0.5712150114441286,-0.8350697280290132,0.5029947779648268,-0.34856996726622574,-0.6287804527514821,-0.2391803469892614,0.9628553623485178,-0.4402707934661513,0.6882898936487348,1.1703662256677505,0.191114699368086,0.501177237020153,0.14548777254404993,-1.0302027007211758,0.06628895676418912,-0.6068373114629676,-0.9797852380487391,0.2940639091648745,1.433370407161836,1.3654398580010387,-0.11996112550689329,-0.5418190880130576,0.11056617403660006,0.0031491879267463037,-0.3592430701039557,-0.8209614189671737
2023-07-11,0.24478183737472675,0.9688933359102613,-0.3583445559652078,0.31923629411637355,1.6074894673946822,1.0775170813733421,1.5025306630815822,1.0314656372438769,0.9867031295709242,0.12988007411549488,-1.3666839483747737,0.633554117826826,-1.4274914706333235,0.4903434468350858,0.3649141911530404,-0.6989932957457985,-0.35652795579997737,-0.9860516166536974,-1.028633069529573,1.3114803915065716,-0.11528004542474102,-2.440523464111861,-0.10409282430980496,-0.4982232062731121,0.07628119571826904,0.280566547455593,-0.8536652230740351,0.3814817364221276,-1.0329772180616896,1.8247818120465822,-1.987955317103294,-0.48367737666962257,2.1358878798710674,-1.424032006144043,0.5878210283654487,0.042814991672966554,-0.6057648695658702,-0.29124865611745837,-1.6695534069678593,-0.7344192448813733,0.17611405858242066,0.9119869974679675,-0.776228076774883,1.6404813195430341,-1.4038063207369649,0.9598548170184945,0.3349685029052862,0.5431571016569289,-0.9751259142618824,-0.07996514886215192,1.0533155033931831,1.941568856437497,-0.5433028738749507,0.7602535010434514,-1.2225750987720896,-1.5340759311885077,-0.02885398798774331,0.07222581684162194,-0.5285319907840681,-0.3740648108619411,0.5474881202328954,-0.6077932942484189,0.162913425743172,1.3592254927111878,0.9753533720476251,0.28671337385334783,0.165546749972701,-0.9587552199011268,0.7125397784372133,0.20226392552389072,-0.9923191440786283,0.6189437081703795,1.605241901482737,1.5520835649004219,-0.7451220192131256,-1.2743531018874057,-0.12763554518720513,0.027797690235189843,-0.6884022830746409,-1.2834129041526403
2023-07-12,0.11347514255245625,1.7831329360021386,-0.7374075934249723,0.04511189820271822,1.3782605413909799,1.7070270460864085,0.4474344668099314,0.4157697887444542,0.5983086967009872,0.1949795535045859,-0.5385089084309239,0.9872651074990111,-1.315612321865143,0.26487126305387604,0.0695204891533114,-0.9315655992834497,-0.007515954442407709,-0.8463016845699681,0.02844095395286032,0.898552256314718,0.25946189965695043,-3.1859141733473875,0.22074285077058123,-0.28051308006985154,0.035214506569103354,1.1659571745282493,-0.3425062854374552,-0.2822490526784625,-0.6250527576162477,1.6657508417849882,-1.9131812539642132,-0.579751685818184,2.077802604964085,-1.2765920868129492,0.8465992648271525,0.19513365674296085,-1.8059725755070362,-0.2815668030926091,-1.8472396937658282,-0.5011270133492012,0.5336833908198831,0.17773555902545768,-0.5218912373079777,1.5349882432331645,-0.5602721705310142,1.0898872637537382,-0.19983989725199797,0.3437874204311679,-1.850112240318474,0.16174096655091014,1.143782322598892,1.7002006645091412,-0.3739647239267735,0.6858483475425012,-0.47824571889068895,-1.3700578374224146,0.3383844144710935,0.11654611631071436,-1.360370463210059,-0.9719251601622431,0.7976825914194645,-0.016451184719551797,0.9480157425485646,0.8182379626818796,1.1232298235964853,0.7887223236333948,0.5272596272600231,-1.7448780272941053,0.36799653398175164,0.4555930139700661,-0.9085033970269715,-0.6969467757286043,1.1340492413259533,0.7443010768713221,0.07539333861139674,-0.940308710331405,0.12243469153185475,-0.2142036148528191,-0.3733827126197439,-1.248381221420193
2023-07-13,0.49558072461423414,1.1029626363515688,-1.191777004659012,0.3797417522147416,1.3074999708860593,1.6114189502896705,1.4499048184257,1.1172795404397016,0.8631735323636962,-0.5917522658466469,-0.2880212215764678,1.147619225710468,-1.6934962839901018,-0.23777500519738903,0.21737233398537698,-0.18638791206169342,0.7380338878110162,-0.4140268995370344,-0.06640643203289276,0.722693619472043,0.26897183546855097,-3.659975171507379,0.26846622959474853,-0.04085221778256354,0.8173251864390714,0.9415329347790952,0.47173333341158374,-0.8055315214213428,0.03086515720779328,2.089595660827143,-1.171974264479993,-0.6217027217512359,1.4373067182281651,-1.4998419939860028,0.3351879310412457,0.1464185302761819,-1.7412920298542434,0.08257246316469308,-1.6408752724098148,-0.7987164521295139,0.5691803382806218,0.3457695469835669,-0.23412938696768978,0.5001884938788167,-1.0424320784717147,0.46465360916204307,0.07826975062350151,0.20082213306151256,-1.272852551501438,0.7059745407797768,0.3850158081615699,2.6859478974620044,-0.3598025688788849,1.1825766418231298,-0.661821960070732,-0.8705966288877709,0.4581272980915193,-0.6277202503025555,-0.380692972202665,-1.2432228817977382,0.16520696264512968,-0.2752583682469921,0.3263838939481919,0.23773435437677046,0.37023522333952563,0.6582457972780303,0.3013247582879852,-1.812057848536655,0.5414123921911274,1.0484920963274809,-1.6592379387105112,0.20804490555620184,0.5858345185195352,-0.0776523367575896,-0.02882069496650819,-1.0003608699284667,0.19219118361548604,-0.2907121324093022,-0.32295553170690244,-1.4441574468286307
2023-07-14,-0.21367961491697626,1.3337051409395333,-1.2972318317337117,0.7462895834929386,2.062910144641521,1.1538806017157675,1.3186555617788582,1.031117236858102,0.6513828416914642,-1.0339094115752272,-0.5506408936642855,0.7837838581097509,-1.799271913144533,-0.9733807489332186,-0.5120462654012028,0.2557510775678666,0.5275027506527153,-0.9945046507785311,-0.18280129714630214,0.7377400148447127,0.4809355817824207,-3.1129762110357957,1.0999956311460897,0.9437886325063451,1.1959894453689195,0.6541334581502666,0.3630294079426051,-0.9577511398515279,0.31473279055282194,1.9084220789305206,-1.3519250326771666,-0.4957280573334369,1.5030205207910878,-1.8818598140727005,0.02785420200394064,0.034746736955691686,-1.1602197346248386,0.7425473503102574,-0.7243032691005532,-2.1765627608995235,-0.21650852025413328,1.4436715937171771,0.23977031272808194,-0.7212416688653506,-0.09142488733613587,0.3067669823533453,0.07428229443815836,-0.27864048910925154,-0.06038327936747465,-0.06477591294288261,0.10522721358027227,2.6407116170323635,-0.4433621034267456,1.163798666515443,-0.42790014127275505,-0.8044398482451861,0.07253809395698924,-0.8107369718476353,-0.6558068793557105,-0.7106034721897332,0.6789995611907288,-0.09210625542184014,0.6495282218345942,-0.6180688079348926,0.5601825119173253,0.8261608889544712,0.34569646670609266,-1.2162707851028458,0.017985117826146372,0.9115213748094393,-0.7408647486477976,0.3127644707699888,0.6201271128484939,-0.6223370222932817,0.32205218927008017,-1.4239882879686903,0.15663144026139073,-0.507423809983418,-0.10481581903852524,-1.289838421950963
2023-07-17,-0.20303567299462913,0.6424868813381124,-1.4265934455028833,0.6793280835796478,1.5121773026942185,0.7786251638069563,1.211731408310696,1.1521620758684425,0.889919092311333,-1.2043227548379551,-0.14968548340611895,1.139565115429241,-1.1207833173591975,-1.8395626296287677,-0.27550892863595594,0.9394671879035694,0.6088780895846558,0.22559388973923641,-1.2704921091402583,0.5663144034815072,0.3831193352312908,-2.691983543281399,0.8033230195498879,0.1856182619283104,0.484038871916864,0.5862650195838722,-0.6454221016853053,-0.5627016674498323,0.287315768824541,1.7033381236287626,-0.8950410382950323,1.036970263635753,1.9800072217033067,-2.0622560539368355,0.7319078504602152,-0.9594764284985852,-1.4873214883962902,0.7283395287677593,-0.9488659845498975,-1.4147243926430015,-0.1274101829572741,1.6250697656816884,0.044872666578190536,-0.905063726963517,0.5817842151823026,0.3956404767402498,-0.01882210891342407,-0.0625486306685318,0.74594105590549,-0.8861773218708198,-0.41687714881216076,1.82859472397487,-0.4041575159612159,1.4226188432376758,-0.7095720629969489,-1.2330102624187926,-0.6344087859946296,-1.1203219457923483,-0.9085804659321584,-1.6487810073924514,0.5420850859141693,-0.6281412634059049,0.5875765472742623,0.26025648144107744,-0.09521684892737362,0.9825549012683387,0.8048518489691696,-0.7163788688090031,0.03560483324812825,1.2971950953049984,-0.3430087783736344,1.0011340782122042,0.5428791580481976,-0.7975876546974658,0.8778177588645336,-0.19810423483105943,0.30239684709547654,-0.4417019899192708,0.05127295466112408,-1.732991451000399
2023-07-18,-0.567997344833348,0.7469781729803273,-1.191727915239955,0.6663346909168203,1.2132475431148058,0.4966095839643287,0.953193066718897,1.123181084949322,0.7852278257730902,-2.065778069565278,-0.21000174383415773,0.9241398587116717,-0.5026780989516144,-1.907324208305115,-0.04542727399091483,0.7708295119685636,0.2610098679992874,0.3589792555200625,-0.9607819369429342,0.5031913083749247,0.39772953342078976,-2.546313584014916,-0.13285275172091673,0.057809342393396496,-0.08015798298984386,0.5844633493534894,-1.094909851893779,-0.7474284079297598,-0.011066749167223671,1.7499672367398862,-0.5334800661198058,1.1923822586030972,2.291622059950433,-0.6419925636495063,1.137908902890911,-0.8588957723051265,-1.255710884443365,0.8646633872733778,-1.894398209158859,-2.462547691114482,-1.1054108081839897,1.5550888042865048,0.5849195132697561,-0.6864729581172727,0.11901483131462347,0.682922416969202,0.08792719285411106,-0.7845491152783997,1.0763513157058686,-0.47683789893679984,0.3922874796526345,1.5756412442031436,0.3882621156621099,1.0225209292700213,0.38956513359787315,-1.4650550500059651,-0.6442321551475603,-0.7638510514120779,-0.33694528140808744,-1.1855737640465507,0.08850075320869284,-0.8039797124760375,1.5785223050421482,0.45004374519004414,0.3213833286072186,0.21972465550234657,0.5702647718305299,-0.9287272946782617,0.38351186891306105,1.662543927456935,0.229486048532873,0.18175225508354736,0.5085017869054232,-0.8038930626515771,-0.5564317313298288,-0.10362621208680428,0.7293361390842646,0.41365629218687755,-0.4989997126139481,-1.4351397814032296
2023-07-19,-0.5529178809273178,0.6737531146132033,-1.5843118091929613,0.806638885716183,1.009255709419778,0.8037934341222425,1.0507385308820925,1.1837734180162514,0.21583577943405083,-0.7108924954267889,-0.9572373568479619,0.7376165726052106,-0.9728114505367723,-1.4922454488375374,-0.5743246793601787,-0.03354201290668194,0.4697408372645318,0.09922718211038291,-0.7126425589278753,-0.378833404774968,1.0262543634618904,-2.5877880088852416,-1.608390394248004,0.2210473982773304,-0.28707780375504444,-0.12723233547691973,-0.007807513831134421,-0.08522674523864014,0.20518096546005576,1.633172525423633,-0.18472451263894604,0.23644115106084418,2.1766374077317163,0.07881848054176652,1.3783224733387633,-0.9481356632709869,-0.7056733540097547,0.6214116401143804,-1.3744264248541456,-2.6407376967902874,-1.7606172879638522,1.2954111768040075,0.07081487694801465,-1.0459236100243563,0.7419084890555555,0.15627196088857354,0.11943910113319887,-1.181717462281616,0.2161005340306572,0.11021979254617702,0.4853761008430716,1.27944403038461,0.689415274211867,1.6113230319595861,0.6437058178908678,-0.734945761978275,-0.3214169039515056,-0.7964648669311174,0.14334302052561876,-0.8553468293916373,0.5332643930777532,-1.5489326091947104,0.9134872061035185,0.2574501196346798,-0.118405317623851,0.5713066686631866,0.5694032274615113,-0.9565911807512967,0.2745690885291327,2.24430422286615,0.4647284324205261,0.20639191320796846,0.600574788481801,-0.2254295844833022,-0.019853308239676966,-0.2319424141528983,1.604227028149535,0.4815351548357818,-0.43664763606813256,-2.150460996473281
2023-07-20,0.12568756420502483,1.031658947335796,-1.2253083163218232,1.247547569983933,1.3129107870476835,0.21607499361240778,-0.31611440004009367,1.2340241158092442,0.5789744486321635,-0.26952574407821617,-1.320018161459531,0.28317548787405533,-0.772959124902052,-1.7057477336417046,-0.629225128326658,-0.10592851880013357,-0.23632674186229174,0.4947948590995336,-0.7368425232489569,-0.2470346003145336,1.0656325314166275,-1.5860865489342395,-1.1349770893827444,0.30226917817099636,0.17875600614778356,1.1518307868717803,-0.27035129437218813,-0.12920783821529216,-0.028652684390570827,0.16674757531067821,-0.27995973139070995,0.7814734354527826,2.3601901339961935,0.6445379223642713,1.5604206196752084,-0.7136962544741423,-0.4816595568386051,0.19750249954184138,-1.825315095404291,-2.7077457934626517,-2.5520449284001097,1.5472085896196368,-0.04018204278139386,-1.385025870476026,0.2654797236952087,0.8127777974597012,0.2998026473907603,-0.9030736356505696,1.1435051381540897,0.782486617971366,0.34328010968309164,-0.20507663317710914,0.9593131987561563,1.1575354925636145,0.5343843637795945,-0.9312726348303422,-0.37591821396543285,-0.38133596788376395,-0.9862791094101817,-0.7432049389581581,0.641937294478025,-0.9927748748453361,1.104026708459756,0.34914666923421683,-0.7082823962478638,-0.4977222546225182,-0.17295199990197332,-0.9868603430112179,0.6622258672091589,2.0879426556218026,0.4786100863389221,0.3029030448062629,0.3093248631276756,-0.927049425451513,-0.6503390884178839,0.3461583186553032,2.2381815113789028,0.20410577409407468,-0.15675201650019324,-1.1857166806323083
2023-07-21,-0.4004847152576659,1.1263700598800954,-1.1380009380005247,1.5686052947551676,0.9244466585521602,0.5248253802679657,-0.20381112290494052,0.854666856466372,1.2851701297246807,0.2537417832695584,-0.5283587702607979,-0.21711437659070756,-0.8973410807557292,-1.1132859879266137,-0.16670008176728537,0.04488939860191395,-0.5130564824703227,-1.2864626882192731,-1.6688751746278958,-0.3322705678279378,1.0685963926230668,-1.0589756666714145,-1.035658250935208,1.5259954298901262,-0.3736239417510721,0.0903430553206323,-0.6482941528643107,0.6642808843603392,0.089199534459891,0.8537737520972081,-0.4193013454156466,0.5913586206976323,1.3370152175160515,0.20917842380788332,1.8123105946181846,-0.2222855803099757,-0.3834900231971069,1.384628150279979,-1.4301453863232747,-2.0835319741960023,-2.4527635792894102,1.331000161515739,0.5613174468861643,-1.495769816491461,1.2501767245008075,0.6789520224634331,0.15538913703696697,-1.3323589637820075,1.0019081359968558,-0.1684396733578353,0.3751243330415238,-0.49671483092050617,0.26841378036620667,0.631574602827098,0.7213291168122384,-1.0388041127113694,-0.45740017180752984,0.06556651851777803,-1.326315684821733,-2.0613222246043263,0.009463144172593555,-0.9792756340858427,0.7764269157507288,0.7623244824168628,-0.24904677053541127,0.42580367351443266,-0.15127686748068359,-1.6760348631386108,-0.8083917004485149,1.321812920410889,1.1045950637749544,0.37061610655509547,0.5239407015961317,-0.6715506013544423,0.26784329895879605,0.3566494384061292,2.149130012919542,1.3532838254757544,-1.0936463232360973,-0.0918570547661421
2023-07-24,-1.3193866267373031,0.6796062928830477,-1.1962798610288516,0.5832367090622752,0.5952306799237309,0.5684609591213411,0.4682608712178574,1.3969426169824524,1.2379943826737398,0.7127741330564517,-0.2042907157179185,-0.04921051981608939,-0.9015737550578629,-1.2007128490449384,-0.8204327144646352,-0.06607751910290204,-1.0140657457414692,-1.309787842466939,-2.2953594827853987,0.09040241995362223,0.32991796118403105,-0.830540192403467,-0.5658677009413998,1.4294150811006268,-0.12282134852458718,-0.35047697791436183,-0.7960140318221354,0.40672375972018054,0.16406372714101963,0.7072706944936776,-0.18022313465200163,-0.2808671245366911,0.38412850590238223,1.2719733739537498,1.0058372456298799,-0.6961193390519314,-0.45807909828338383,1.9491872573626905,-0.9909959221307642,-2.0368775209575287,-2.1906458659135923,0.9956912217381653,0.6331962493027075,-1.3252839749084033,0.28190158006414867,0.15547139316792644,-0.1298212816640108,-0.31762835354390434,0.9000010304143897,1.5479909311980933,-0.20584396401047653,-1.38260454888878,0.6084055744189303,1.2945593553677825,1.2761810274188703,-0.5544130645940853,-0.40168338649363466,0.23328495447642392,-2.22880217835726,-0.931448251150566,-0.008586954960232474,-0.23915725448799202,0.8368076785424092,0.6916412977542044,0.40513066025772143,1.1498751152075377,0.2154148070067772,-2.231644628653587,-1.3870498637258901,1.3844008040391829,0.11841836204905486,0.8579544480555594,0.23149027504729097,-0.11746083089017274,-0.060732442449221075,0.9060208688650864,1.5022677459207354,1.1912394642068507,-0.9303841882474267,0.9304795402391902
2023-07-25,-0.3070010074062653,1.6861184875307533,0.12352851633879024,0.6278839917096141,0.28989368391424025,-0.32329505265152364,0.6398802954144477,0.887672826331196,1.0080220153727286,0.2094577028398842,-0.2929141974912616,-0.3699552143564364,-0.790759332749257,-0.9782773555081574,-0.8973432680500936,-0.7434229164096547,-1.395584449393799,-1.0170753168404192,-2.35227495301027,-1.0402958761612615,0.391200587565696,-1.0700945227422234,-1.3999095338724377,0.7442391446872033,-0.3627428615256935,-1.5716524117506028,-0.2731385049296265,0.7989355973277555,0.42596357861795614,0.9622454943377692,-0.42041744192788333,0.04618829912460114,0.3824147128337247,1.0237551920580314,1.1963839612424405,-0.24627447467502722,0.4762974773039934,1.811618454339759,-0.8490846419833191,-1.3944941767737316,-2.097952888594334,0.8331834849696457,0.5502639124438105,-0.15844092299514878,-0.27306603862508133,0.8360440140352028,-0.8890673800094215,-0.18616751702476858,1.2643464024080215,0.7820664147060983,-0.5725317503105606,-0.8117601238740151,-0.38300888363058705,1.5055493462797611,1.592536533275525,0.058374800890307305,-0.4815584271347003,-0.06286420272658513,-2.07878103450341,-0.5345439560882841,-0.11667877851318127,-0.3788752641412255,1.5836556200216139,0.5237085418873476,1.2049236553804001,0.7781106407869738,0.12044987959726478,-2.094049593278619,-1.2016017496889926,1.4069326461503888,0.3778869124914128,0.5574207407479558,1.0834743710721932,-0.07144437342976658,-0.4893998365983019,0.1287093892936132,2.546329302993189,0.08553737800553535,-1.2340664622041868,0.660662687253269
2023-07-26,-0.5141172830011554,1.858040032384497,0.2918743944220421,0.3997641975823981,0.9415476376777703,-1.0367528850719705,0.1414141936189673,1.6415528404099433,0.383797570584214,0.3719750817591247,0.3593010793697147,-1.4954181767738906,-0.8676932350489329,-0.3500354503688188,-0.7613157184599305,-0.6226755633521941,-0.9132615764176096,-0.6830981755077554,-2.380454278693682,-0.5594313230880364,0.6751729591772556,-1.3602272575905578,-1.28209011255336,0.21643611687238534,-0.17049538016455548,-0.7251134273706901,-0.2555749371703267,1.0122978574538661,0.6492157228508353,1.234930159593795,-0.5027963197005536,0.6610764254374302,-0.3922016802446746,-0.20470092056399983,1.1393289430434483,-0.03630177351983606,0.10458975026254712,1.927778200696312,-0.8146367740223064,-2.0344622408943156,-0.6157579957759749,-0.014578875511008886,-0.08796427826000396,0.21693789649078082,-0.07998664182378437,0.5756586439294289,-0.8913342101287303,-0.5286659392665957,0.4387374801310466,1.3721638465336368,-0.484082463056493,-1.1396352298670143,-0.648893325175769,1.170487717746109,1.2216026944413483,-0.2922765443947234,-0.09454214096295344,-0.34809057163978463,-2.1865539524059496,-0.9295541549481339,0.8427766010687427,0.5011526105896623,1.361395983044658,0.8593801410805806,0.6329258708889824,0.41788446091465253,0.3804601222104667,-2.800317091714089,-0.3934513196736327,0.9140187439820527,-0.1825940977133275,0.9881010435163627,1.7268932769800327,-0.09746958082229054,-0.2715854741601653,0.46589613101870403,2.5892972656681246,-0.5519904958487848,-0.8408347364715049,0.7571499157679473
2023-07-27,-2.139241951977251,2.107592037916786,-0.4841795816011143,0.3449200400779012,1.7675592995985085,-1.1423477808193845,-0.315677742287316,2.0230923681106,0.67534774291483,-0.5276004515889136,-0.9916624185589195,-0.6655826651799882,-0.5213922455244606,-0.1744781985668932,-1.4957681574839747,-0.1304097901748116,-0.2783388973286664,0.5494174975625068,-2.3682838328612905,-0.47052627810065184,-0.8237338099820374,-1.0213129430365673,-0.8697579754485144,0.3477246612857144,0.4093036639795487,-0.5873536451221995,-0.17608371069914316,0.6754308047925457,0.7579898163832774,1.5278753819043598,-0.054688792040279655,0.6835453568141754,-0.1398922918132873,-0.052133825351471576,1.5158098883847106,-0.40756112132331723,0.25508504069397453,1.514070382617,-0.15803625299199828,-2.30743740752258,0.8010604353911815,-0.22868287308840501,0.4555711791635379,-0.02017277340414907,-0.14081536158562097,0.33156506009524883,-0.38413783283161507,-0.9453009888668228,0.389399022231474,0.810918564316922,-0.12716453494086258,-1.4568553399822053,-0.4258757054489098,0.23434231043636186,0.9838499590357257,0.1024768533002892,0.2878478726956169,-0.28280104054595107,-2.275025295999585,-1.1437855804463837,0.9729532186934808,0.5805788802666789,0.7437012463817282,0.05260649842618417,0.3619725707485071,0.11926927298001103,0.17853141320881333,-2.5830614260896296,-0.5545241012388353,0.9138041081381081,0.6130762005506759,0.5931381974005766,0.8150053598428176,-0.6794166212061098,0.5459857472279781,1.0946556930334603,2.5324331501945374,-0.19327224729474654,-0.40522899378270016,0.4800956873412104
2023-07-28,-1.1336887181102706,2.381881612739641,-0.20439122631911927,0.31565281583088745,1.3641774016721466,-1.1407848793579336,0.572413596409291,1.5714913795347285,1.1075731356090865,0.06761755268690949,-1.6711059270241313,0.1573488964348949,-0.5025114327789164,-0.5114210766585197,-1.5612229558036557,-0.10611223153156304,-0.41289408029479685,-0.32800219081090337,-2.7632907620776868,-0.6027468189716862,0.035707398517419595,-0.4102994623664109,-0.2281959836442344,0.2661815640708084,0.24192791978318706,-0.92912874844387,0.4861988754676239,1.581422829055201,0.4400469808908727,1.0071322058028793,-0.16222448676391693,0.45107631817841226,-0.20836116521313822,-0.4875022331995115,0.9198854462275049,0.21973458700625517,0.8471122368191271,1.030617230192968,0.49492053336599734,-1.807443786271193,0.10370757630289001,0.2842308745804498,-0.16199096860099924,0.282744055591302,-0.008910743686636071,0.041954196768300554,-0.4531591897267319,-1.2193635575764274,0.596289528888697,0.6572551923448158,-0.29198935569983653,-1.2248184710036425,-0.43984009291121773,0.5844872097242255,0.9122013575558466,0.27347504827758357,0.21814717211751475,-0.7801390279626873,-2.302372844437985,-1.190521786870318,0.9327456388787384,-0.7270314154606018,0.9430986284953911,0.4163691230137539,-0.22490115515657774,-0.2662896302495735,-0.09988975317361899,-3.042684837651385,-0.4783801729011188,0.8168681216059155,1.311455724410226,0.9791675754309739,1.2271349617521978,-0.26729486682886994,0.3090080058934556,1.792415632175758,1.9871404962390795,-1.0113664747533266,-0.2681886683506752,-0.5995554576992698
2023-07-31,-0.9263043684228641,1.7074941035274278,0.21519514257782354,0.7545863331704011,1.0725836561761337,-1.0707470445839917,0.5821297165134344,1.0434149205435925,0.6394555934611018,0.20051780893767682,-1.8488110113869134,-0.5530814423057228,-0.6649467872006569,0.24895649821994356,-2.3281799303703283,-0.15668669638447522,0.4013297249102801,0.10623710166672977,-2.4191576983309835,-0.2907778503711637,0.15310398636913056,-0.08350935918382364,0.3916507916762617,0.5895080302065475,-0.36815265611908193,-1.5324609490803243,-0.22568250627769912,0.08443472667633725,0.9941526884008449,0.10188151723903784,-0.30738501326648127,0.0153651863854054,-0.7364615697766771,0.3258637405034021,0.5093553741020984,0.9858799624317757,1.4603260266213158,0.6415751112524817,-0.37533056338694926,-1.5249475532565981,1.0466127708131807,0.40051651240130165,-0.3676554162183339,-0.31275139315596145,0.33909517005825096,0.3289379896790278,-0.32505814981407277,-0.2750021413640588,1.2439939414544194,0.6354999989010515,-0.8395579935539895,-1.2339742623918477,-0.748707142903026,0.25800341704374813,1.2990052425640581,0.9311025345463194,0.5169309422035905,-0.02068870765298184,-2.813205477364714,-1.2298423259805533,0.15548706368619675,-0.7859000148386014,1.0512208317367329,-0.2907427539072918,-0.8689946097630102,0.09551250106423749,0.41057661038089743,-2.5005090564887373,-0.465511368861147,0.21765231474767832,0.3155967331920769,1.1072488829261595,0.30534863631188075,0.7002861680639318,0.6248272791168952,1.6823352769859734,3.0172434229160787,-0.09322849532822236,-0.30872073468062455,-1.015358938390962
2023-08-01,-1.0524339410790287,1.441014287043413,-0.39533481299006845,0.36052885517269123,1.0249072873134817,-0.7856459029167498,1.5962596278863872,1.3059637767255077,1.0355034405126462,-0.6385033384037999,-1.449020368331135,-0.9486019904933692,-0.5038400053278052,0.20154393590926079,-1.989871627098965,-1.030907648120612,0.15069942164477074,-0.3857710122997287,-2.6136168989378836,0.39155515985895173,0.08648010677579214,-0.7039507168505504,0.6795094027753452,0.7669498527960298,0.6846251330210105,-0.718603782683309,-0.99031421548178,0.7414488850504727,1.2040895597485202,1.1231232380350695,-0.3174828607703278,0.4530644169412022,-1.0947568081964096,0.21671180623357084,-0.046598970913926605,0.016303907574344703,1.3443906852000655,0.9436556783101557,-1.1465588475970718,-0.9262735729186203,-0.5688217295231475,-0.12197083689825028,-1.0883924751407161,0.4356458234718555,-0.11420533149859849,0.5185376705591727,0.10696670997412927,0.06836802138624007,1.0589609420460064,1.010361649739946,-1.1452263230719542,-0.8424897056419518,-1.1228388169781578,0.22193875029587914,0.2256874476675447,1.4828187734415574,-0.020881131364839118,0.4002974591474532,-1.913303700549784,-1.0540682012460005,0.6597311207551898,-1.1028364096934014,1.8557113337356634,-0.25617583699538327,-0.16979929668649418,0.08477186501252092,-0.4781576725678587,-1.299242499961136,-0.892140894412205,0.6301249469205935,-0.8899007479973167,1.187853794142079,0.537607924334947,0.735451802365262,0.6569291975202394,1.43480789495473,3.1629449393117004,-0.8019482191882149,-0.5507189698953556,-0.07264041058949336
2023-08-02,-1.4891272351677511,1.3734214058270307,-0.8132418174490292,0.3463200412042021,0.7756347439748953,-1.1047352772588759,1.3993883349979788,0.9620289525703071,0.40664328438663,-0.8830642069536618,-1.7504908467016096,-1.2689597227473914,0.0043190265737992175,0.5334313996769127,-2.34659391885012,-0.32597451498307795,0.27937328001302747,-0.8740651095915645,-2.553209932445659,-0.25163388478873605,0.39071253702957204,-0.8945639116902264,1.4131222482942638,1.2252601190208243,-0.11674177816292301,0.3659180814941388,-0.4089653643316015,0.7199717392388393,1.095187003204334,0.9814696823465252,-0.7649719319825391,1.0270202575336873,-0.8026475890814088,0.48374540780417363,-0.21612504218203007,-0.6572136840489646,1.1488910960530452,0.3122488128617262,-0.9251510730014298,-0.8378674679797967,0.07767851458518646,-0.15092289785320934,-0.939503819787268,1.0092328963702044,-0.01407659060808636,-0.00691111212654929,0.006533441759114232,-0.025113217450226745,0.6270336235331504,1.9279478182431573,-1.4916752521218035,-1.387549334864493,-0.22114076637903304,-0.252339234328058,0.47717455454604485,1.473376071230277,-0.9070180712183921,0.9197377198769082,-2.1236421365741522,-0.25924147431809264,-0.01964340938239561,-0.3779775294968497,2.3114018787473483,-0.32443479221822574,-0.25447410654799657,-0.29727429469414807,0.11396108165881043,-1.257549625719964,-0.43577482166528775,0.3288199196145055,-0.7210645739106697,1.3291230585891487,0.22272543345639717,1.4480756507100347,0.4526293575485219,1.4679296643907196,1.8128166666483663,-0.5393033438091492,0.23653096493601855,-0.19486105607738133
2023-08-03,-0.8839380764009712,0.829644649783688,-0.715652950651352,-0.4292970048863143,0.7189117170379957,-1.3829237809989994,1.2655940175356397,1.280593438341638,1.0960389617056001,-1.214470162160527,-1.2093463739636008,-0.9452092374503865,0.06826930189544034,1.1672761323110645,-2.339842141044722,-0.7678768359730319,-0.011230769263710083,-0.49211665458228443,-2.2972731503033117,-0.36676897040694517,-0.2691879950675164,-1.0903362729918462,0.42867268258626423,1.1227881055927729,0.5976706873734476,0.8085370193252718,0.906479637758152,0.4569187497054222,1.622908923615942,1.0898737207236928,-0.723346134699537,0.8123649469317611,-0.7769260354759764,0.46653395484179466,-0.6017801993850282,-0.9545853097572026,1.4514079527978099,0.49843071631021674,0.03037178511397823,-0.6891437858984097,-0.08552034388320147,-0.9551979231443037,-0.7062477933495608,0.36495472335867957,-0.3408454376788344,-0.08191292548682957,-0.6350334327815716,0.22499324557178588,0.8654931151428364,1.6032009656081871,-1.1300090118606043,-1.3774313189961724,0.4430693487408536,-0.1457129473164966,0.3346708255604001,0.8588432361784186,-2.3691142706566173,1.1274157948877874,-1.8168980313172205,-0.7322640061061195,1.0961489639788264,-0.022546030599239753,1.5856190627435773,-0.18723606085457492,-0.04083842050270914,0.12130632443962423,-0.21343974271120306,-0.9742095845392074,-0.0457740836143177,0.050475828283230564,-1.4803089019972928,1.7113812882401747,0.12673506768197929,1.6865407975173774,0.1941873802881025,1.6955012802800613,1.2014260641258254,-0.720771569343904,-0.2891461947857079,0.5004594589720412
2023-08-04,-0.5203234310467323,0.5599389481983149,-0.3905406151394966,-0.2609514787420802,0.9852188173718948,-0.5776189283745131,1.5639098018221136,0.13772161152727191,0.7344595345764106,-0.8968761683042376,-0.4985077593141029,-0.8157194946705661,-0.47758415338091226,1.334545418502084,-2.0259070120456517,-1.105459464923797,-0.3280425592103608,-1.1064585123265533,-1.8708694785965072,-0.6395126100717846,-0.23377166141262312,-1.0298438267902035,0.42867550332452226,0.6491282493792098,0.08405790168901701,0.0362270294238916,1.3068175883631723,0.38696346809228604,0.6171178662917419,0.03647360895758125,-0.34870555107818324,0.5429126579915655,-0.7152592859446352,0.33078850688104156,-0.5150878339929104,-0.20464939371164267,1.3954712898673614,0.6039109298091733,-0.31592928470638326,-1.4120184745685251,0.12757120205468733,-0.5654134573238703,0.16064482540450245,0.9238012633200421,-0.7842576464854247,-0.25713599810519616,-0.5651936375786656,0.22787812584737752,1.6242030463195707,1.227161335597106,0.05919465066234742,-1.3042509943945941,0.8851911254250733,-1.4278566932034147,0.4071523004142275,0.5491139469081918,-3.024169579634385,1.0648445478624589,-2.181768203993225,-0.9440531906492029,1.2862926931821537,-0.12860783229757658,1.7358584867357478,0.05510077543351292,0.940150682740076,0.12244467074129238,-0.310472195103932,-0.5395819062029719,-0.021961086832058007,-0.8304423988124494,-1.0588008868672423,1.743284677876005,0.9340227197498787,1.6240243422386749,-0.050653716095144574,1.3589501189780144,1.9277772175805556,-0.8205532864860547,-0.7790291384831007,1.164837339760761
2023-08-07,-1.049217486094256,-0.117875833181036,-0.16505657009504862,-0.24878858205960344,1.2796763379068212,-0.21905083272340317,1.6145651529332326,0.16347812056072616,0.7115833547747242,-1.2160499074630984,-0.19487570699892576,-0.5907064033648917,-1.0842522005601465,0.7398585275311461,-1.3250552300498808,-1.2037918514930883,-0.7357705169050991,-2.0635760302415074,-1.109806983081472,-0.31302543539030275,0.22319865282666593,-1.0865724319316237,0.49956311256720354,0.5808562297088125,0.3287379101977406,-0.43465641409527445,0.5824722334067015,1.52960016697114,0.3290467178241639,-0.042025152882596166,-0.6242466750763811,1.144539509777136,-0.6318137051430487,-0.3121163781944104,-0.4534682281134767,-0.0054920557635702565,0.8570536802629998,0.9277687893109805,0.6145035608355541,-1.4518719035776704,-0.1750690569999218,-0.9763299510168476,-0.00538478111057848,-0.25428998836859895,-0.08914869785697646,-0.9225453828006799,-0.632145834188913,0.5163282380283947,2.0705450616240677,0.6965646047975312,-0.2726487625467939,-1.043795288485256,0.5222144161318291,-1.362573286808847,-0.6745123922308056,0.08034842470740595,-1.9726251936583883,1.3832078112375834,-2.255211207624588,-1.2379310776117034,0.7236281351345325,-0.9696586848421325,1.6994426745273998,0.2000525981591509,0.75528753395852,-0.23467507296280024,-0.2531757181726399,-1.2033251236681792,0.4132613641189016,0.14068586385163512,-0.04820348134533851,1.9158412671859795,1.4391625692616856,2.0066633120537896,0.10023205923424079,0.9410654095678803,2.3485632373781415,-0.4234292440907345,0.184132859994734,1.4221112425213813
2023-08-08,-0.48599940632465716,-0.2935546095075562,-0.24157141888143466,-0.8241643694987594,1.4150533465730397,0.5341436045454829,1.9017594577155608,0.121152874938508,-0.14901435552635367,-1.1462042568916677,-0.5292763120801993,0.136017646782459,-1.7372378156378614,0.6689770765989299,-1.9155439256037088,-0.42341640194586727,-1.6304397784318445,-1.6764836781852657,-0.9036122758052436,-1.2345771322039254,0.9206524464636457,-0.03285334987999227,0.9922613580577111,0.591006672584117,-0.3375842716554925,-0.11759857267045191,0.7608816132246388,1.0984340265045536,-0.2635106352670663,0.10036979390127614,-0.2167178473357072,1.7066830293841937,0.23389874577155617,0.14094804709541783,-1.1390660909164547,0.04677289509441967,1.0330411665264674,1.459930824669255,1.0598124193800982,-1.0321806344776958,-0.41554111775469643,-0.37322175012837655,0.19790202224524064,0.0544411627006421,-0.6569965154850039,0.46436677918763586,-0.15593116655800274,0.3504201103055811,1.833712234400672,1.1368758165697932,-0.7025770722399215,-0.4951972597687709,-0.1025361251968235,-1.2386940737713963,-1.3112058895621357,-0.9371358390156366,-1.4940094961751358,0.5102687799055691,-1.8063975505228156,-1.2847233804497995,0.790470811656814,-1.234358415730143,1.2242051340390443,-0.33481915321148165,1.238381115517204,-0.10316227699726768,-0.1884533063064922,-0.9604455627656627,-0.07848337646459559,-0.8295762916149697,-0.7208960700422778,2.2436962475650164,1.2175208496711047,2.0403567357712213,0.35052608830196513,1.5685696449375301,0.9631591517817524,-0.5777172189300732,0.10112539076975502,1.1248909262808098
2023-08-09,0.044522963545553323,-0.0640583339961701,-0.346131701861334,-1.5196631548812964,2.1680642424422376,0.22438324507041996,1.8346078334785072,0.49379488336203486,-0.4210422246295676,-0.4949385192604336,-0.7793051315871975,0.843345286209962,-1.3863411588292298,-0.02994309895794602,-0.5539804032584817,-0.11456888011480512,-1.9510114046113054,-1.8218366772883838,-0.8602037047782862,-0.45694198301030503,0.8283895436699303,-0.006550883189914417,1.365192612194074,0.851994315090829,-0.6124839432794734,-0.5006270988454684,0.7377674935514726,0.9867964158092551,0.2852400241698118,0.1950863698847875,0.06585492476534972,1.457770612317596,0.6641840048775527,0.7195265066107273,-1.1422123010366079,-0.16323055789762883,0.44894377552210274,1.0411388170830396,1.2699943729204217,-0.9682965575387967,-1.2759632497178028,-1.108267958125441,0.10349371680714223,0.15772642970738443,-0.8570494931861302,0.47578202895758914,-0.8749363377054801,0.4247995494941051,1.7414550038340029,-0.34845187723461724,-0.6611670661388677,-0.040185362828352146,-0.11196635978855717,-1.0839565949100358,-1.1768363666942703,-0.9072237817410167,-1.2677566347012057,0.39206104381414514,-2.3732065774101114,-0.835781519272454,0.07647348754443777,-0.8056976093578785,1.3069320266507878,-0.2419487447265189,0.8602044909693514,-0.3307806229707209,-0.2873274461550714,-0.9862146641803898,0.6711008192458415,-1.2063733887117085,-0.3254518308246556,2.746811733525804,1.2700338027309248,1.6416083490161957,-0.1620116974334472,0.9136544294347289,0.969954954202631,-0.24238769714033476,-0.1254865736093444,1.5511070649063052
2023-08-10,-0.1752931846518409,-0.5105918095949425,0.3807986186249187,-1.8489374820745834,2.341797362487211,0.5870611091199355,1.48222144845332,0.9549942094353092,-0.4457245454549188,-0.6334561996865201,-1.624827409616716,-0.10611178473673147,0.035563810662040375,0.4463911299561267,0.03882306267726386,1.0351935886375638,-1.7314866066819725,-1.7841830831221532,-1.5730237617138014,-0.5307259015681002,0.6100474036361268,-0.20798910099153484,1.5907146948718875,0.8804269014818661,-0.21940086842400106,-1.1531509614437687,0.6271178504425118,0.9711939421861449,1.0378425391052117,0.12096081325878573,-0.20356111911078337,1.914368693795564,0.3963563484836738,0.6599597785985236,-0.7901258831066308,-0.4554882733476314,0.24858972040219937,0.8132834508110348,1.01157181009436,-1.702390140229651,-0.4049453726461706,-0.5261776414704349,-0.25421168780125214,-0.2281917305638355,-0.5721583625446597,1.1289929455178396,-0.37284542974256796,0.7196702397319692,1.0711624820076557,0.2549599075072923,-0.6993741860694532,-0.1984070490925612,-0.20720030743825799,-1.3184981693016307,-1.402719533306591,-1.1751673690269873,-1.107654857509505,0.38778665418370856,-2.8883202109680286,-1.2464436295330492,1.191793705246202,-0.7820275798866121,1.3790270171046313,-0.07151353547544952,0.5894343875340672,-0.4517517362847012,-0.5628397993371519,-0.13458383511770936,0.5397634192759184,-0.22796302043458758,-0.523655799774374,1.9842118745713042,0.8450492079420238,1.2163919127122165,-0.38374495272374776,0.41123958505610164,0.21682147942222618,-0.3478009585199215,0.11002855598224082,1.5530532091085467
2023-08-11,-0.11989150469998054,-0.03736496563723734,0.758487337736124,-1.3063705883303887,2.7678267173885245,0.8270532341056237,1.2970240073652224,1.9067899628234697,-0.2061257887109368,0.372124186740804,-2.602757023467135,-0.1125346476081144,0.04356506474257993,-0.3477804505700584,0.3688053585040077,0.7510219297302726,-2.232884601856469,-1.621250283537815,-0.819271627902259,0.07261213500950467,0.19345282409986791,-0.7141662730906403,1.9033343419545705,-0.16600874459287054,0.1777635863306905,-1.4334881931591836,1.5195756624814776,1.3734081022538498,0.21085110385402553,-0.1456609083048527,0.1176697863182072,0.5739504962264702,0.183263761484939,0.7868764104105996,-1.4366731451574566,0.1854233477936638,0.20649885765036408,0.9792799672486207,0.5489797426669886,-1.7270758929705095,-1.0710566500805783,-0.7524721185274211,-0.2577743653595729,0.5284784632467496,-0.47046068153525933,0.5767179666704653,-0.18024568613799363,0.06907451816776158,1.4301092380928162,0.7460184619534278,0.009951403368225377,-0.3437578548918806,-0.5306078051301863,-1.3367613380589731,-1.049371979415394,-1.0431306774416595,-0.3910418118903992,0.3612993180756629,-2.6971740703192486,-1.2606237683976247,0.7900574974490188,-1.0396840888926815,0.8271086369867291,1.250063553357911,0.8849011295150352,-0.5387439731520545,-0.824291058664968,0.45115779521945554,0.13834763551607315,-0.6230351676414249,-0.12271925281944147,1.5947262199836827,0.3463254812296829,0.5619120862450873,-0.033761598645849385,0.40205417408901334,-0.21225404267552148,-0.030036183711270554,-0.10823828277282309,0.8526055916708651
2023-08-14,-0.6155685828649597,0.2023005660944377,0.2800720018262543,-0.8636634265859603,3.1573655759989543,0.20841311594879608,2.2555879205038822,1.6116802082800399,-0.18277099296089167,-0.23994418084017952,-2.4276079594763247,-0.32341625794965445,0.10918405856140757,-0.9121304365722607,0.4341979811374492,0.4312617171377107,-1.5760991287003525,-1.1596309555330928,-0.5113799760395651,0.3085983691184106,0.9121114817627404,-0.3455586265326563,1.5254380413233783,0.164342954310726,0.9248741173290701,-1.0970830230093318,1.6996810341453383,0.7311105568827317,0.7973332300094932,0.19493926489734167,-0.011030149711260217,0.5733144622972811,0.3392354995969871,0.8660642582532156,-0.9775792014882991,-0.17148900641999112,-0.6985197634003607,2.0046990866555117,0.7325062599450249,-1.0378000247993988,-0.7077348231321007,-0.36681635775702287,-0.12983841575153332,0.07292030386074086,-0.8091358103831916,1.10951153523491,-0.07836520579526914,-0.04436903228141164,0.8807623655158445,0.038881978449813615,0.3700689241036679,-1.080226286292345,-0.03263288381658404,-0.671361839324598,-1.0040319848780945,-1.3684026098317927,-0.9560990852386757,0.4951505393419667,-2.7491722325436476,-1.1160099413405626,0.5924808436639435,-0.8367965910085109,0.3067082942790732,0.7573283997234687,1.0180476419925542,-0.5433437566633779,-2.02868760770621,0.44453570206314735,0.8476450766195119,-0.299596997816291,-0.5543332178049674,1.5004159504275016,0.5521858846143215,-0.30427386878700535,-0.38923605162759073,0.8942623002997875,-0.8115211400374764,-0.20542189654472665,-0.2668052612414458,0.1602670882825362
2023-08-15,-0.0707020601981996,0.5610166983801866,0.09286522187392292,-1.3317564960078445,3.406273802947465,0.8173095508673462,2.2015171977720014,1.5748082012446016,0.14147741573801031,-0.7501479827078402,-2.4155011809435987,-0.1466420320087368,-0.8206650247782583,-0.7276877743095448,-0.1135988066345023,0.5061200259991891,-1.7656132588998574,-0.6463074190777686,-0.167924831257453,0.13836967525276062,0.9588841200979032,-0.27539039819033145,1.1688105446955943,0.3234510336539795,0.3932763353136628,-1.2984217477634992,2.086884877354415,0.6032848820503244,0.5735102487622997,-0.09971324890279153,0.2973608064551233,0.3372795212247459,0.21088395008722297,0.9188318824847876,-1.580088403081136,0.19202569977923714,-0.996046830681723,0.7333781092496363,0.6877792121979444,-1.5091365112924466,-1.4607185971213985,0.9602631984390652,0.24818650744733659,0.2584631913562782,-0.5084985084974885,0.3556066231028015,-0.1703599125908524,0.13324351483191466,0.03928143858584411,0.9655561418825405,0.3322490749451648,-0.9809227325520581,-0.11662663512637249,-1.2873563181950798,-0.9451738436534921,-0.29851874200958545,-1.1051783668379342,0.5081105154044624,-2.5054576885500297,-1.0547387441026008,0.42342169897750853,0.4675652245095,0.13071628957252732,-0.015932023345098245,1.2024283549602774,-0.9324945145229642,-1.0453294291186093,0.26711402412048385,0.784514271162082,-0.13769540013403425,-0.8215289889777796,1.7088433756401848,0.7656321325642258,0.4064957388405873,-0.7801606301174487,0.6326714352297278,-0.7032887660417284,0.6491874573251836,-0.7502747088146465,0.17064933466467974
2023-08-16,0.562955581393378,-0.16766427337361778,-0.46404535512831135,-0.26866252841111,3.2185011054032238,0.8336117806936544,2.207899038515478,1.6535677033118803,0.11478960808021992,-0.3157604680820434,-2.807569334353319,0.8033988959897298,-0.9827630984885688,-0.23189092938786107,0.21730581744939206,0.1732219214285633,-1.2386853540352067,-0.4948582530113526,-1.4340020203709216,0.08530916110206543,-0.007837800054254199,-0.0460940557224555,0.8520218973764822,0.390019500027898,0.1087732094668655,-1.632921977334881,1.412719295470225,1.5350720278959427,2.1083655040194516,0.9582468359847577,-0.476184873761921,-0.2980034434204061,-0.3240477459597602,1.401220228095278,-0.5216513253846514,0.5177437328130811,-0.9918860670538917,0.0866001972500724,0.3368938772967901,-1.2353507209020085,-1.1207778645842046,0.555948833647223,0.19103987672305517,0.18975415530557693,-0.648360529068907,0.11797820277970883,-0.03894934076885684,0.1788008192735579,-0.4536002174876209,1.1853475124386803,1.3300193299171184,-0.9229422219841665,-0.17167806191929239,-1.0367941288602474,-1.0809796273124697,-0.10457882600177135,-0.92608311109869,0.6319715169276768,-1.2595162014702665,-0.6724945692316147,0.38879891130477734,0.7901125188369573,-0.6002022404123055,0.1730838391786697,1.3515668931726768,-0.4472565108950257,-1.4876235539312177,-0.16645932906637528,0.4345851266735759,-0.16992876297706153,-1.4087450803862511,1.6993884660924135,-0.12657925940976986,0.6641366563437631,-0.30361130741563663,0.3215904546322182,-1.6318818753742397,0.378230263838384,-1.1433246863842352,-0.2983433658736929
2023-08-17,0.6078166888997526,-0.4757835030270497,0.6755330593621762,-0.16946193563425005,2.8195281965671484,0.3341007018937652,2.096329570789446,1.5575016149995489,0.21178283142240162,-0.46509412471632633,-2.7368131109817866,0.6542252459908642,-0.862421172973613,-0.09419883874950119,0.855362297291731,0.2924637673792038,-0.8688462789486908,0.11453676371000987,-1.5100995161821322,-0.9741427131132316,-0.04945362384185142,0.40780274819071655,1.6466692511483847,0.004076283683331424,0.7859710848298671,-1.5116599194592104,1.1495655725670244,0.8840087306162444,1.4845601891333542,1.060193727905449,0.3271863224765091,-1.6715202074814945,-0.0020215920595557037,0.8834270552940868,-0.9533558608720656,0.7852259961833487,-0.15376254287019422,-0.34831281591869795,0.37200667572179125,-1.9498302209867706,-0.723262663781451,0.23224492360195514,1.1815028082408272,0.3022558424575085,-0.46513214637126876,0.014449328727756078,-0.03564962702952581,0.419834601166102,-0.9963599153207715,0.943827268609796,0.6426610875775018,-0.8876568017769102,0.6124508637524618,-1.370347025375472,-0.416660817788458,0.04512711693472939,-1.1057443554919175,0.7728856801171976,-1.488748029331116,-1.1412521872919157,-1.18231408493254,0.1362147369518923,-0.6973798528156989,0.10313705849833617,1.5945186949332655,-0.36839763624024263,-1.9893837215782761,-0.25397816135251233,0.33103552060620733,0.9518543053502537,-0.6508697457984363,1.2108296173746946,-0.094539400757386,0.972853057067892,0.17514304871356698,-0.3341450450467494,-0.7951895827301517,0.8585909495345262,-0.939535300162857,-0.7779668074825482
2023-08-18,1.003559781016149,-0.9963315949728968,-0.0942874525958204,-0.42575282286089877,2.8719817881269534,-0.351815414880045,1.9431148109574274,1.2333269394660091,0.3967347707916924,-0.18568503083514037,-2.343180864027168,0.36372855312905433,-0.3684096793167062,0.3589348919671016,1.4846782160705747,-0.0767505136487188,-0.6569057932045052,0.039685576699318416,-1.2331618163987803,-0.9839283594467784,0.3635592475558944,-0.4443592582261159,1.53412495648206,0.5458648504318637,0.7933739437688115,-1.3633343924189694,1.3083315686702708,0.4657358274989418,1.4879515932349137,1.314894734474532,-0.07071220679329124,-1.5214348498917312,-0.47019377153669406,1.8286834208679352,-1.6661931203434643,-0.08278411540731803,0.6068981864271157,0.26188677212842776,0.4659024079067998,-2.16310712079116,-0.3368588633930236,-0.12448304759526721,0.9640841891716482,0.6068127362534244,-0.367182779542575,-0.02128781229860941,0.8275302095206363,0.9342064227857733,-1.2866984454189898,0.6648372225064223,0.32952945178002313,-0.6244077583716016,0.7817220863917603,-1.9368520780197216,-1.3989088080123029,0.11894943310241704,-0.2587346762696844,1.0089686133705735,-0.3159995452862881,-1.2327694869595176,-1.3064646323354876,-0.4447858900994646,-0.6891027261497865,-0.00761698958079943,0.37830587996648857,-0.46520925780659583,-1.773110709366392,-0.1621571564884434,0.5279144946719045,0.9812023610596602,-1.088716229962872,0.457197845636161,0.3155528913808734,0.7872754527097768,0.711930121933059,-0.44238290741059355,-0.37192914101781044,0.678087531997984,-0.80768481050545,-0.7853878524229541
2023-08-21,0.7279995317410034,-0.7567063231947004,0.34469686827666846,-0.21395305728930727,3.1700008068873946,0.4390746769519186,1.2355783114904066,1.720663341889837,0.6354004647507602,0.23828079578577419,-2.1743800226155656,0.9151014466183255,0.15768734855574343,0.24132463501840185,0.8558543763066165,-0.569557835363492,-0.8747939800744537,0.6962372897181163,-0.665609736673093,-1.2261889798747494,-0.5108672620171142,0.13980049311724213,1.4064181339968316,-0.1459644739270289,1.9891736622776324,-1.0508010141435593,1.999798505060289,0.4026047268777226,0.9454093164300931,1.2285411786418814,-0.614594545604972,-1.3013387057312864,-0.6076067717152591,1.5484698723107242,-0.9110827286209354,0.011129522225436533,-0.12045622292131863,0.18547060537579602,-0.6029524275463174,-1.507271389445343,0.03804147353128731,-0.64462680698805,1.6436385012611614,0.42394157554256295,0.12151598079014808,-0.508855517909108,0.8006961142522423,0.38296763401944817,-0.6133135166519286,0.7886389079508163,-0.04598748569470921,0.45862707575927053,0.8144541628844865,-1.9339424218753285,-0.15643290991238923,-0.7716993597439137,-0.36176673796315373,1.036633643104191,-0.02732554502271432,-1.3413024528364883,-1.8426299701369366,-0.35686613331335787,-1.2125339532511261,-0.2960549938167212,0.3244356339186724,-0.9610453454477763,-1.8121772398530813,-0.42521583500539856,0.06529951784368744,1.5158420350584374,-1.6794389187147865,0.4395075793898074,0.34159206832426864,0.17588587089493984,-0.06907241446003672,-0.28063717928052234,-0.4157881838567992,0.5474655452945013,-0.7617247309816757,-0.7813361006500462
2023-08-22,0.8684484563199951,-0.2770336526797279,0.7418538463665076,-0.46338244937097145,2.25414755058348,0.33358468830028365,0.4673051698235144,2.0176974436035557,1.0336473657432883,-0.21075704978192647,-1.4177715755658944,1.4059851795879619,-0.17983529871304615,0.4024421657880027,1.225685275272288,-1.1592033280245007,-0.70573671054295,1.0738929985855132,-1.6137052069394944,-0.011803011986959953,0.15834216112237764,0.498324987782802,1.1088872627268875,-0.6421126151695333,0.9789364105749657,-0.9227947323936799,2.0636509174517372,0.7547923535306823,1.647191755805945,0.9989106586784492,-0.8411273404478834,-1.165427477654485,-1.1657620210683812,2.0285699108173496,-0.980049219815278,0.24730039339929058,-0.05460430101917448,-0.5283183208014639,-0.2844545223820957,-1.6037534809171647,0.3206388077613252,-0.7697593381112097,0.09758446483889154,0.24475766483815475,-1.0089733050364127,1.042933495438778,1.0979086897010242,-0.6320737639499412,-0.6394151526915784,-0.03197868424669729,-0.11702723917449352,-0.3820284939044586,0.8711428072760377,-2.468845789032466,-0.20239737362808188,-1.364989071938075,0.8391340353986272,1.6888049725799714,0.7359804486774993,-1.0968353330148795,-1.2184851027408115,-0.033391992580625,-1.2186489179900437,-0.47660538447386125,0.14792416301775627,-0.5567006850258767,-1.5841567322664312,-0.020111743992941127,-0.11730420993070224,1.207864663510878,-2.029432851672875,0.48056012260501263,0.05280286194421548,-0.6314147534615958,-0.2118530087783712,-0.18816379140399175,0.102197831685277,0.12854368284038983,-0.4446424333282837,0.30449180367059964
2023-08-23,0.7183392319017742,0.2550448537193047,0.4180776347347525,-0.721027922587081,1.3483029868100984,-0.4161750989972447,0.3358909841494384,2.737527153548301,0.46038859346507394,-0.15234754016339844,-1.4529501789035926,0.4815269724161192,0.07529957273677092,0.463512224373854,1.7676673465147015,-0.3873246408484761,-0.36308142525892034,0.5934946379568458,-1.3637609866349123,0.2736002788374927,0.36863195132256593,0.34462194693865417,0.6035996777562808,-0.020947685904426718,1.3339048959086204,-1.1492962744926025,2.5961136545648364,1.0722344806452226,0.5823275632380847,1.2038250997262285,-0.7690889817891821,-1.071209604838607,-1.2128021939932685,2.1621862580761904,-0.9428579022457014,0.21365244074931325,-0.8120480939164356,-0.6833832793918047,-0.042715389631174334,-1.583707305673686,0.10694225981690854,-0.34512603857940083,-0.481185697157871,-0.16668670199854865,-0.7393672638155313,-0.292411118926307,1.6861851463139683,-0.23340121381000165,-0.672708333473322,-0.4016113106949997,0.3996331493106555,-0.572574340791743,1.1505046964442596,-2.7871266333929614,0.006580763346752837,-1.289759820622038,0.8377915411319756,2.147389628754139,0.1980666638635297,-1.5278589482449116,-0.8783084855194662,-0.6182975788691857,0.14058250852171378,0.2642525254409235,0.5322812682945134,0.04601595845898422,-0.9759011239376254,-0.8030108735104036,-0.26808238302030707,1.2249053024469219,-1.9851811630232539,0.021882471356199213,-0.2873262500941021,-0.2559103766160427,0.16139248566800413,-0.43937364142162927,-0.0831632369445795,0.5713331692702914,-0.9455311003964321,0.28911816160091175
2023-08-24,0.38643351441565915,-0.2775194869691316,-0.599856027264329,-0.20148556360019598,1.5556535484313347,-0.06989146861713183,1.4786873334349673,2.6840718241261765,0.8038864853293944,-0.7716020046451919,-0.7229204076153817,0.08602526070435343,0.17846479140086613,-0.491351421155922,1.2406677271221063,-1.137939485887583,-0.3713424946472381,-0.12560314173568105,-1.3457148673687624,0.46024237374151766,-0.2220689555050647,-0.006131610847563692,0.5226879720144043,-0.3262125647669299,1.416093155700421,-1.3743975892169695,2.281801881141855,0.9079088004623441,-0.2248852249227037,1.0067464514316065,-0.855738117161498,-1.1883946977692228,-0.1306064082708973,2.437470586715021,-1.3897407839966522,0.5575917012029583,-0.39389104249537793,-0.66463550991058,-0.5644408500266774,-1.738177777250459,0.3593858035751421,0.0008002628367268263,-0.40845944528328254,0.44146620444804074,-0.27284040972320184,0.20373223299777773,2.0668540237734,-0.40788467571918513,-1.1893688780555847,-0.3037372224543907,0.2605103194146097,-0.659793349671476,0.7673125072172944,-3.1047016343081744,0.3145839021288119,-0.32345464684202924,1.787797014957558,1.727120217691066,-0.04813675556202504,-1.3810922630438207,-0.051814591111014066,-0.12011699000294183,-0.0011683787384692786,0.7438097819332262,0.5172390082565473,-0.1745913091072344,-1.0504087987920434,0.05639830914041643,0.04781427971459144,0.9521136659282008,-1.2420694581442195,0.07874567320919623,-0.5044085548068848,-0.5799469292450793,-0.1875147266677337,-1.6085278314017044,-0.1817526036396691,-0.022616339286381015,-0.04896424581316006,0.7378009244692596
2023-08-25,0.5865939512309407,-0.9512463854084658,0.2214872450358689,-0.7725882694486748,1.9618404293233582,0.4242386481391074,1.4249984263171667,2.783299947414414,1.134846426127366,-0.40338671367937917,-0.9202027725669937,-0.40041268934849134,0.2561820703014878,-1.0227969848782978,0.5968983631314306,-1.2176232591469953,-1.2976384932103096,0.10234575290128914,-0.9682922815812364,0.8558179956662665,0.2684984985435337,0.2708467948352743,0.8420247962319033,-0.11464822317147477,1.8934214049641285,-1.3806981032786578,2.1198069736513587,0.6192201174128257,0.645495565958541,0.35259859902902835,-0.13168786230804325,-1.6613528428401054,-0.15647071232241505,1.9255086531773309,-1.2649402473260838,0.17845865341028383,-0.05306287590520078,-1.0558639271155166,-1.0799314393026271,-0.9274436942306927,0.08954546692351861,-0.06696258116974316,0.26921651699578036,1.0914877692853753,-1.2018403488856448,0.15835279235684926,0.7785122765051141,1.1849485982902959,-1.1029204607949217,0.08765012645705014,-0.030293303737903156,-0.7942654840686668,1.0293790515870744,-2.2809490017055762,0.9689454389735391,-0.6118416730655629,1.4389176833798922,1.8753428306499247,0.3318560442892124,-1.0267628523614822,-0.6399536732596199,-0.6308266062070732,0.11774081889590411,0.09784697363506972,0.17110748273576037,-0.32151394175572934,-1.3371720444249808,0.1497864162007819,-0.06518930509566613,0.40294843243747125,-1.424227178023689,1.2258470998852136,-0.2843828848234075,-0.3639064859099007,-0.19617001812035392,-1.5929955024999651,-0.16747775116856237,-1.0656884545732608,-0.19577088453456287,0.247537080969205
2023-08-28,0.9264398683147451,-1.0535325288360238,0.418045833111899,-0.8378134745563331,1.7398249728573145,0.341867181288173,1.5784741256722619,3.046528836809154,0.5257428707675332,0.7280850802203226,-1.1938538212491538,-0.37893237208018477,0.08522126153582256,-0.20358184571664267,0.10219536819060268,-0.48852094180630623,-1.9132827554801406,0.7231859365017437,-0.932973530295438,0.5986842632090214,-0.23172626890223139,0.39896652183806275,0.5505267300891838,-0.9260432855872636,1.578580636317981,-0.6141213920864438,1.8997324076813003,0.3341490784596405,0.829715972550027,0.5752591648075147,0.42625103410029985,-1.1712492159441408,0.6801094334841933,1.8624903624798945,-1.4593970418681095,0.5700542390390222,-0.6205011326388667,-0.7277871082453067,-1.766077539063544,0.1683281156203489,1.1259659049522743,-0.006998092347359652,0.7788334499842915,0.8699143751085561,-0.9096912497935518,1.0716857629822656,0.1950625978374806,0.8886824767134218,-1.8187627164907612,-0.2086783559530317,-0.9219669467091827,-1.456049778796491,1.0799065601519882,-1.7600172590364918,0.38365288467915093,-0.8145042418886455,0.9167150776593492,1.853727042056314,-0.06176626812050449,-1.1817354031539415,-0.01911960486116436,-0.7877568877036469,-0.6194457111220113,0.7091052855207464,-0.29808713965356276,0.32034370145589414,-1.2568837041964727,0.062040773669096085,-0.5307767380032997,0.5261004358193662,-1.318202441631507,0.6799901521855338,-0.9096209155778506,-0.41101120803372615,0.29175890554939976,-0.9666171044909236,-0.47369442751258045,-1.1077251701112867,-0.3140897506897757,0.2306506889627056
2023-08-29,0.9336978675571014,-0.8396421643508427,0.13790631091185132,-0.6253187365427617,0.3400957211513528,0.026926662500526565,1.9957200947558442,3.0748471847245535,1.3291515346226226,0.6797582327360882,-1.8020659422859517,-0.661359572066172,-0.3934079712794227,-0.7401512287515302,-0.15409195537913073,-0.8480805156298569,-2.2817540364964013,0.8088397383984647,-0.5381802860496425,0.9019479758647783,0.14124081875460295,0.4125791525077269,0.22601101571640414,0.44559470502739695,0.9199438896322506,-0.9692353092564824,1.847386607626198,0.5481593117508393,0.4906683455766908,1.0561790886071822,0.4247912110521032,-0.8691287248533182,0.5987045637781163,1.5935557308181079,-1.0861275801872197,1.2861691648650964,-0.051996159893252535,-1.267018586621973,-1.4847216750860806,-0.23404584329918166,1.6994616356260375,-0.36355946105605597,0.6953597229852712,0.639059555160656,-1.7032849860410877,0.3093495370457555,0.27078090628293866,1.0745954022457571,-1.2116982995943568,-0.8271352447273319,-0.6963462031079876,-0.8589089857703776,1.1251665603807046,-1.8141136513463636,0.4192761693217292,-0.8652230115184849,1.3062091742494455,2.129863372270894,0.19427782911913444,-0.8603199436605,-0.045236504672351845,-0.6621734558613316,-0.17046076018480327,0.539885873757844,0.3520353631728814,-0.011553111049194658,-0.631149038312879,-0.8649977687078155,-0.46987344775198775,0.49888813683781225,-1.2703308501026005,0.3803132334124254,-0.2073084680996863,-0.140652443898549,-0.5371269349800355,-1.240431180446607,-0.63915767953501,-0.7624188940292685,0.18813937504128841,-0.34275016336259084
2023-08-30,0.6940353275042757,-1.2623520920787288,0.01432546963451178,-0.018929736617186554,0.5620534049710162,0.5456706108068873,2.2539066033360955,2.8490398796366705,0.5003350044946291,0.2268986779251102,-1.2893809013781454,-0.06932597336240255,-0.31626448900989496,-0.03539935639775817,-0.08919594028351771,-1.1446186566240746,-2.8341297606922438,1.5308621042317956,-0.6883890989884293,0.43943088161618654,0.16228563748998173,1.116952985138604,0.9763707234734166,-0.13933616190346293,1.1509653346460205,-0.29220566145915366,2.235225565126572,0.629201076699141,-0.8089317132459336,1.7550880214529982,-0.005190039147748093,-1.9454658228668364,-0.15961904289070852,1.08077369603376,-0.5375582402319475,1.919747269186566,-0.010466069554610293,-0.08443616257224916,-1.6446167795885935,-0.5654315055418776,0.8955684699223527,-0.7067822785576705,-0.2915966700447276,-0.009846024364335373,-1.2487024082810223,-0.6115838940639741,-0.43867885166080517,0.38654884568107933,-0.4614779590900505,0.044359159953191035,-0.4408221154408675,0.0027714614874487886,0.7346494185570664,-0.8308773280822703,0.032393597194018665,-0.20254824245906974,1.4692059235193027,1.2910724821232695,-0.16546911792776656,-0.8599633641638036,-0.7432431674557857,-0.37833092276898994,-0.914193995675003,0.8153988235749077,-0.06842779664280021,0.25861153046157104,-0.24187558178746232,-1.1091365758354255,-0.510602770475564,1.227826295870023,-1.270012422803215,0.17142435826934616,0.2807568072689118,0.10145305472725735,-0.34411469725195876,-1.5502070050460144,-0.20151139281008673,-1.19032190334652,1.3865994189321225,-1.0102382304754147
2023-08-31,-0.10295282766401073,-0.8669739937725108,0.3415579021202803,-0.2691996975209101,1.3669814111510568,0.14568353423643188,1.7458332808276718,2.721970035634827,1.0565440613320356,0.9915508126979171,-1.0391203746904512,-0.557466657994904,-0.8955970251471848,-0.7956040022230954,-0.4650170561693432,-0.7011889586630169,-2.4960333183242134,1.8420609961826813,-1.442497149935262,0.37357445863104455,0.29194433466138286,-0.4569170659032514,0.753411231502783,1.3995622775896206,1.4541537766541683,-0.22369134559985693,1.418505243056665,0.8288791457359695,0.30754822552841227,1.1564726214817478,0.9698341998430964,-1.3130483083516309,0.3493668971842618,1.2605437927625234,-0.18590528368875517,1.3456498030807453,-0.2116422392793394,0.2692072594469252,-1.7688877707493684,-0.1118254528849039,0.3002165415503571,-1.0706768797927964,0.10625732184824963,-0.5536313919454389,-1.0967794157526354,0.07728900958680823,-0.17130071198844524,0.4923349596375501,-0.953561466782431,0.20094604413285505,-0.8066794311739499,0.3263852772488146,0.9362560527388968,-1.5350636123949686,-0.3487072560192048,-0.8403266559068261,1.2999595008048177,0.790255781324781,-0.6622606332964366,-0.989579346292746,-0.8905101511889114,-0.509380263389529,-0.1635126170184218,-0.27942641636753257,0.20291507368129982,-0.05363729710416475,-0.25879100987096787,-0.9997309672392112,-1.1174786906320495,1.5433818513689193,0.4282092532883184,0.3499206705096793,-0.275388696817902,-0.2796011672414307,0.19820921012461573,-1.8026954301612699,0.8719843677600705,-2.045145365939616,1.522639836427934,-0.43056265049731607
2023-09-01,0.4817566464404644,-0.32889261707549233,0.46543290306358287,0.5091679510507614,0.7721787321880675,-0.11004917357377246,1.3702201784104908,3.1486767133507003,1.2697192713768137,0.988467448818553,-0.9917796349669796,-0.011768479796115608,-1.7466043879542046,-0.7701086071489845,-0.5581758778346413,-0.8202920419966566,-2.0264075088600677,2.1461306567598157,-1.262438040883462,0.786861140131397,-0.7274060615868436,0.18075969434072794,0.3438015568405358,1.8356018776250593,1.091288313241906,0.050811661287951344,0.5352878269083616,0.06309905370638133,0.7703686202859864,-0.08342730825543836,-0.1429064629444623,-0.7800381510771283,0.1981816656214605,0.6825404336026886,0.28375285905702363,2.2265581118127162,-0.19450250195754598,0.6691285231743809,-0.8051518777374693,-0.2141033343705278,-0.008602328505240689,-1.001043344284804,-0.724754238293817,-0.3594729345722835,-1.14687623973077,0.08227307297277524,-0.1850880787123943,-0.027595276908076387,-0.9737520905136235,-0.2083917546042262,-0.648746713220847,-0.5120900047572878,0.7890912058349916,-2.4172702479453796,-0.47243487430380104,-0.4889200501223289,1.1019896100194135,1.1562358242652662,-1.077605322270248,-1.0379755499642707,0.13826406471946986,-0.2331656317292181,0.009703111150795066,0.8652502374833645,-0.21552936277783805,-0.1910304066278667,-0.6087088978115116,-1.0120889697390991,-0.358979764761413,1.3355383811056023,0.9636757195441498,0.4934393767336389,-1.3598438642066208,0.26418137907173894,0.2872347461306399,-1.5358972936024446,1.2669813970039268,-1.7661854937779051,1.3002527217127153,-0.7778018850812074
2023-09-04,-0.369369136966299,-0.7735474723436337,0.2751621599871135,0.9065429857645674,0.4562856670267049,0.8990747667629841,1.0868940234183924,2.8287267243022214,0.9923750324846324,1.1821427472636337,-0.6744118243119939,1.1196105954583349,-1.5525171951704237,-0.5702316559218773,-0.4231702100986867,-0.34087434413834483,-1.4705560546929681,1.8037611409161436,-1.775256639591421,0.4187471165612186,-1.1553308771125017,-0.03598884103931787,0.08990117391370243,1.391097325537768,0.658392749149466,0.20946598445809994,0.9209510029494571,-0.4103122141860382,0.2888885804784688,-0.4647769994239533,-0.3068251161534894,-0.288946447108175,-0.9907473481549264,1.9221385625545395,0.6513995374847042,2.23735155674386,-0.5002945411929831,0.8871512996647358,-0.6518478799130663,0.10428016396072981,-0.6232890501624897,-1.3391836367382897,-0.5715901480800045,0.3563255797875517,-1.5111691042642559,0.10420653645353695,-0.9248204097332631,0.20087047801109298,0.20776516827058392,0.398058054181985,-1.7026944554597296,-0.23481744542136654,0.36598263534784514,-1.2463131596775787,-0.42140193321768166,-0.9704944134416806,1.2485994063758332,0.9666707612813471,-1.8953910263472133,-1.073896931428692,0.06886463556090619,-0.28705876245703243,0.655755178694897,0.9504816332552509,-0.4404931168793046,-0.5763748189239997,-0.31222523303249955,-0.6019266466819516,-0.06025490270507849,1.5761601739707136,0.9600280967130955,0.6340271083190236,-0.09804509905186175,0.5757556137576743,0.16385772203780208,-1.2649514832309225,0.9575807108271753,-2.2572643195362376,0.4637298850223309,-1.016399380718892
2023-09-05,0.30939874480322155,0.37145224110692054,-0.35846558734037093,0.8083567684316861,0.4254973064268063,0.08499528761932215,1.5656324156478543,2.7393058646551176,1.1893107132352028,1.0027613305685734,-1.7740745693427895,1.6687506241143004,-1.07594287669006,-0.5027549994660802,-0.7906716105986805,-0.5569372786273731,-1.0363001569999195,1.9791808825343769,-0.852590880437222,-0.0932589677556704,-1.2844490959928392,-1.4322805578766804,-1.6914895119233422,1.6397376578143745,0.0011037476683037296,-0.744070447278804,0.10561139497919106,-0.27431642265686185,0.4597122665305893,-1.4260588925982618,0.5124394391736534,-0.8826090175595771,-0.6613962784074758,1.725816500126363,0.6683051748327794,1.5548661922076412,-0.5905293338809142,0.6427945844250865,-1.1902686645195422,0.47344398211728134,-0.3026078564432212,-2.002678676194313,-0.5056031612256457,0.14255805325335483,-0.6807301109367573,-0.38714375185249106,-0.4272224451060226,0.10088045412603375,1.215090312121025,0.4371968861591851,-1.069278394527859,-0.5094019692679385,0.8685634954512592,-0.8398424234647761,-0.5319328574850173,-0.5047500411669187,-0.4554991006284365,0.4868969834785241,-2.1137673232462513,-0.9648549356911712,0.5688634642348327,-0.4353222397939866,0.23681813198806936,1.1869941912523931,-0.003975166480443094,-0.03742400931464716,-0.6405036607153256,0.6358921957458942,-0.15009269260807712,1.3348389541142345,1.62104433118354,1.2267580366773054,0.24748534753951731,-0.21990422148919145,0.4722949626123607,-0.8769084063647068,1.559574363726777,-0.5035503952512118,0.07843214099322067,-0.9671964344692958
2023-09-06,-0.10851910833312359,0.25880108201088764,-0.6818254869026166,1.684394226444684,0.4780615025368218,0.3308320957180651,1.4472642237249775,2.7734715138358843,1.2602181467800084,0.45021748374410164,-2.23045730751653,0.9793303779143346,-1.687308122245783,-0.145590556988528,-0.7408353043764468,-0.22683388061723112,-1.0144898713060293,0.9453481943681596,-0.8288351808280142,-0.7938672560854131,-1.3709342797276745,-1.2791841817075407,-1.596331767609738,2.4077072001445265,0.6606765664231855,-0.7810490132911753,1.0336597107997298,-0.6530681212702721,0.3051158866051342,-0.8665139596759407,-0.05798049806808493,-0.039735786388262306,-0.5435818654284713,1.588348671844872,1.4834135386040233,1.482611454407624,-0.5050611584562791,-0.19727801552753346,-0.6681755071451436,0.08096641403996166,0.01716540049970727,-1.5533679833955758,-0.058199985674905134,-0.2578581785994844,-0.40015718108396403,-0.6725264392944869,-1.156981787893512,-0.2845315668731685,1.2428512978530903,-0.1205052086587451,-0.9178498038455158,-0.477718050105474,-0.3068544606463458,-0.6820603355725894,-0.7590114221340344,-0.42298738165685124,-1.1004939526206325,0.4657721314647474,-1.3888700424824865,-0.5278596031594303,1.1823929496290708,0.08918331847917109,0.2687684245634534,1.620302019646902,0.14923587095972562,0.1845944201004393,-0.7204761830899786,1.709282670251147,-0.2410258395552377,0.7854007610149257,1.494453560373485,0.8336221124498314,0.3381665044355064,0.3326754115351177,0.1370026715029195,-1.1514703284003864,1.337749812940936,-0.7920135713434213,-0.08527921426393352,-0.7435028778011658
2023-09-07,0.2898424352746583,-0.4070077108199097,-1.0449904700517345,2.3415958307156,1.2877343786863462,1.0651029681342798,1.3764679246248113,2.61010950969925,0.5363764200388262,-0.8511047320830676,-2.3639222740509895,0.8007619753645199,-1.416602743444903,0.22767766885143023,-0.2918490864860915,-0.2020507597658432,-0.7907569503126755,0.6536114663544814,-0.4961126200432956,-0.5725452308194544,-1.8196901325444685,-0.9780332547207069,-2.018859704806014,1.4914998882653343,0.5096070794509955,-0.7981139636095406,0.6092914705051985,-0.38493980589078497,0.11274621508598119,-1.2022768451091606,0.0016376578525727297,-0.6715294692653206,0.617342940557764,1.323982202765965,1.3965971599333653,1.3254732088989962,-0.5515629643801133,-0.38042719166009614,-0.3909448432824463,-0.7310755556228331,-0.8693969916238071,-1.1442860996351873,0.022993445203582354,-0.5237928508965849,-0.5529665410227038,-1.007747878146327,0.0652781457905939,0.5294154687210562,0.6367907659585831,-0.42597293258268365,-0.5079759692951613,-0.8834711849983782,-0.38626700523357854,-0.6847712604424839,-1.126393852595541,0.05379344181330623,-1.3626744690388708,0.441710748664967,-1.150319519260329,0.23926028748281497,1.0296355802045454,1.2023684912810508,-0.07954308107802627,1.3799870885355823,0.5086662190002611,1.0895090641612961,-0.8541574880393455,1.996287797345378,0.49374542890542156,0.23343008456937972,0.8466950726804218,0.5502964301742599,-0.2960691248410173,0.36251060875726354,-0.05956787115317379,-0.728835243750501,1.664778919804272,-1.1261981053810894,0.8624418779629963,-0.6522495902931702
2023-09-08,0.8915207075384257,0.046608952888540736,-0.15478687126695437,2.1566992787569337,1.0323591232511433,0.5127404928998024,0.9219046714439887,2.3842461027120216,0.6349003942903689,-1.6737181070080145,-2.4134259712944135,0.28111870539325073,-0.8376139993486564,-0.8010688765271705,-0.20274023169373692,-0.41506776387305233,-0.3613340710775248,-0.021128630541596635,-0.04249333936344267,-0.6834847152672903,-1.182924275935617,-0.3782662455559086,-2.460163077819951,1.2290750145263851,1.230134160881936,-0.5830716603038975,-0.24005220126145535,0.2198757735335024,0.42677250488336543,-0.7581794693619806,0.16140170032604417,-1.7096995948960163,0.7666347381213562,1.5351392695511181,1.3527855474497863,0.5058865134331261,-0.6934763722012779,0.09714751875339908,-0.3489594940174528,-0.34648794491528784,-1.0120210436950945,-0.6541766355869546,-0.628862767515939,-0.633834380303365,0.06891749008210177,-1.2729654701267832,0.03228615285712113,0.8357340842685024,0.7844655615559895,0.12538171287728056,-0.09863197019875418,-0.6443031593851921,-0.25395562644343095,0.0038050440748373607,-1.363049516447203,-0.30758252725391894,-2.079926433393816,0.07420059490756638,-0.9633664578016496,-0.0670159986191939,0.49220974377226945,1.02708945029936,-0.2990352062046638,1.0630629433591463,0.9908988760971577,1.9671047037015428,-0.6630459663248713,1.6717076167061473,0.06095798207465527,-0.3523432468969063,0.6277692019730008,0.298583102111896,-0.7127259041598873,0.6037051829340669,-0.33370354886344256,-0.5400964219735785,1.7155548203006685,-1.343400472159595,1.9163896773017572,-0.21458944500462757
2023-09-11,0.8763782176647112,-0.8253201962697325,-0.5920874771086855,2.5832512135223937,1.4882911835642614,0.9612419214529481,1.8313802692351575,2.545411067538096,0.8368041246240466,-0.8879307503657947,-2.158606000785313,0.32386054260754693,-0.3335954330299407,0.028395327605325198,-0.2913035978585384,-0.7451263174856539,-1.1598257120438922,0.39213562513269384,-0.11196175064825802,0.0627255787756298,-1.438635533078045,0.14004049400098792,-2.235364149210695,1.9145114646893016,-0.11928292790768359,0.07601115905122878,-0.208116498615699,0.21230039357192107,0.8711228779279263,-0.2384267277642734,-0.09142158652451023,-1.5958864777860315,-0.11872833200276627,0.3947323397408368,0.6535875081530534,-0.064945688119508,-1.3800966622560398,0.15320006997200564,-0.23465909299749632,-0.0676253081538553,-0.7929877436484711,-0.8841580271063254,-0.474756322238617,-0.23679084870753295,-0.14991845856490077,-1.6474879543673797,0.24682437509954683,0.8880427185636475,0.1658980759119374,-0.07333436462583783,-0.247812805311777,-0.3849242069164585,0.19561148466197406,-0.2964776355200084,-0.5644392349363697,-0.3797422582070641,-1.4542790337094709,0.005074770362614979,-1.0081543889915583,-0.5562025468715169,-0.6291572563814267,1.4630400404697566,0.10573417950308174,1.1358391233842144,1.5462570543859115,2.875505569055227,-1.1299752928080664,1.060479082582464,0.37888494039854803,-0.7392867869845389,0.29990194608317544,0.7722989462309102,-0.4094899042692481,0.13367035954222584,-0.980867046861399,-0.07914108450065804,0.8922186167673254,-1.273155716003577,0.8969863001934671,-0.11616382448148602
2023-09-12,0.21627909006603413,-1.1256286657143941,-0.2110467354632358,2.2747433961514156,1.229638707285104,1.3178785235894106,1.0995928252069627,2.345567083305541,0.6131500490763108,-1.2340588884133825,-1.9125311124783777,0.5531839607471922,-0.2284063849472432,0.6348794524384077,0.013636076817518892,-1.4200283979841153,-0.7339832625657625,0.550935290082565,-0.8623362242500674,-1.0046578894582028,-1.1079447741642527,0.773390728755198,-1.7114524750973334,1.4726131385725225,0.876246221988478,-0.020812605183886612,-0.29964614065999284,0.1380203901168491,0.2345775132189205,-1.1732253864247284,-0.6906466751535131,-1.6431881051454502,0.3223630367874441,-0.33582761570609404,-0.053176069339667065,0.514802168135845,-1.20043157918122,0.08939415065333113,-0.368983415597651,0.6860028718651171,-0.7610349654680828,-0.7218147967838038,-0.16226007877489845,0.026877477577812402,0.7953423979136982,-1.7888229163455276,0.11956390168160738,0.616892591034688,0.5144211632332544,0.7783932833283593,-0.7980378375496076,-0.3746535434099875,0.094913543341941,-0.6695422087141861,-0.15716854267904756,0.030210003806863568,-0.9242227267172729,-0.2215779599632938,-1.4019869928304691,-0.23386220431958268,-0.7654719983297682,0.8174139013713281,0.36268421883998486,1.3495457443973997,0.9698526433443238,2.515776137968501,-1.1450956402305674,0.44540033141669894,0.23361808949165483,-1.2731117754759493,0.4926422030666128,1.98394745771767,-0.475396779264242,0.9184500627957118,-0.7957910293760154,-0.3718043092563645,1.5274697555269308,-1.5461768139951855,1.3467023410330563,0.028833598664157845
2023-09-13,0.6741850784772183,-0.7695226103827116,-0.7567118033481589,1.7631534516271237,2.0572439028334317,0.9597106510299869,1.7388337029547354,1.4671489129082278,0.8809906279627054,-1.4483021785953476,-1.4453478452790143,1.4214988686662071,-0.3428780868821756,0.19977689704612983,0.282584013947245,-1.1299422172865299,0.22953249630413453,0.31646241450698326,-0.524402930628945,-0.5258954281921349,-1.4363233805997104,-0.21691207389028988,-1.663237243129555,0.021955735911475142,0.5332954711537994,-0.43326732125043493,-0.32567357067982544,0.6479162396972206,-0.20136797051714483,-0.43303732006331946,-0.8869493869306354,-1.4996864328269663,1.167683151074917,-0.7015845459107415,0.49971226685923986,1.4631469835559998,-1.3358621796173245,-0.18114008636886153,-1.272076364462262,0.6756163927447317,-0.4750153715045026,-0.11392238608880931,0.3779131319727886,-0.2892813631677848,1.3462448908993885,-1.3347240385640737,0.30339646867339853,0.5341892784162999,0.25676780236489705,0.047294342260053635,-0.4270135147614006,-0.6696481333589382,0.04272735306619312,-0.7756359743452893,-0.20524301143022708,-0.6102263592076389,-2.038953909990519,0.280530128357493,-0.6420806287570378,-1.4014257213864993,-0.20469188780707429,0.6795758513573263,-0.26178662174729117,1.3949987203544412,1.100694080098866,2.404422071596105,-0.3542293831803181,0.5999515200570533,-0.20798870016437693,-0.9071713925204459,0.5598702290119055,2.1982030786070093,-0.47872868480724595,0.6419971830762475,-1.3418222391041053,-0.31138330795760977,1.4336477156836078,-1.4972688110701258,1.2953074863135596,-0.41981617366474466
2023-09-14,0.23518080750313633,0.08967451681347754,-1.5491660564765888,1.667726392003231,2.1277634500728286,0.4500546070370315,2.034826019529594,1.3547849772749865,1.5262915367931407,-1.1412396335418262,-1.4542239118545304,0.28188294040265366,-0.3284047906466012,-0.07574284834500912,0.752688809079032,-0.9108932032783809,0.5617544272217305,0.46075200911720365,0.07765428712593771,0.05887110938232847,-1.0446988305164597,-0.2321969074928632,-1.4220172143173835,0.026590111810246626,0.9317156412120152,-0.5451499917434651,-0.062434641270749686,0.46136277564754125,-0.09923431032631921,-0.6622373056300529,-0.913125165403368,-1.2738904369619324,1.0248542151419573,-1.5704372121545394,0.15590090653395836,1.3306186325667073,-0.8669067077099842,-0.47187424724571997,-1.3707071046225148,1.1795869873159057,-0.37754847812951187,0.08512037887698129,0.28166312070863603,-0.416899631952618,1.306757123274935,-0.8100389967341857,0.4759772836440627,0.19865820720326297,-0.6051073580941593,-0.6648191170964931,-0.38340199887432386,-0.45919939288935097,-0.5848585613406353,-1.5870092590911025,-0.23716750381208174,0.1803987656176689,-1.3618159490791102,-0.4368129992185574,-0.4042270134404837,-0.7368505716912296,-0.35798079422611234,0.3974073745604856,0.025750990420838282,1.4511308394819529,1.404095496184157,2.42549356120511,-0.15542031205969672,0.3620262968003311,-0.2603478299531873,-1.2653069706445772,0.40490549796814945,2.361613965148573,-0.8803570267172174,1.0701790319745745,-1.5194901286620144,-0.15547671648179398,1.8165962429892135,-1.5836689166394333,0.531061687875267,-0.3309849771526758
2023-09-15,-0.3097594109263929,-0.8680898801910603,-1.2230653827694962,1.011663911891284,1.9358328999396577,0.887221786280726,2.0664787455471294,1.2967506216613278,1.3705975342932997,-0.42651249467452734,-1.4564034992337116,0.10303019121739716,-0.9083452510635629,-0.4405357977583117,1.0964675725521802,-1.0399091156791112,0.7060410055186506,0.6944883519457618,-0.4797010445139996,-0.24530619093988723,-0.6200607857419453,-0.1640366984723557,-1.582796298168683,0.26642775699976184,1.4246978514434092,-0.4614231657600691,-0.15228492045305828,0.8180451435094982,-0.22253122503898198,-0.7455776210175414,-0.888797873302426,-1.428377539992553,0.7719846533807886,-1.4372295490322804,0.33984384868620804,0.7252798986144626,-0.8109107848269188,-0.5087716012207937,-0.512359749430508,1.6036284100900406,-0.05939693001869378,0.16782632220744859,0.8803553934873468,-0.6585720110977221,1.0102123852234408,-0.7661710021245337,-0.17280205441806454,0.2750027858696906,-0.7330319725794867,-0.4443586849012131,-0.5634253900377253,-0.38560044740802984,-0.296844347024468,-1.1269684297735445,-0.36391687122050337,-0.3851274090163535,-1.1110466282199143,-1.012760480997932,0.3098869600913966,-0.18403190442188816,-0.9785070254738659,0.6686415789520318,0.6271215747571816,1.1535345405671171,1.575962098216834,2.3052792160129365,0.13079594689348634,-0.21120727542938525,0.15605065460170905,-1.0194473680245373,0.13546420562295128,2.579903851923515,-0.35259606201643745,-0.16753041928984602,-2.60834307870984,0.057632978512474196,1.5695733079743543,-1.4994219762190362,0.14360479102999602,1.1685648731157028
2023-09-18,-0.4582466577826618,-0.09135793579746272,-1.5392660874686348,0.2824242579317181,1.6875173754009352,0.2580033506177393,1.19021545597942,0.9758461290237633,0.5865448484448946,-0.3247410880796368,-1.375387440024216,-0.21641168925185092,-0.6056525870250403,-0.7461865895259708,1.0172160875871612,-2.110858313816799,0.7670578166494841,1.8406209228188046,0.056126466333324375,-0.310457249922041,-1.0398903298986022,0.6280274713183819,-1.408294631139518,-0.05444919154991605,0.8507462541442907,0.737491488333021,-0.13526602111797936,0.8761915558604603,-0.420770352334531,-0.47134355786535537,-1.0271725864951908,-0.387270609260347,0.6534163676872502,-2.0538380308035484,0.5938959256520007,0.8396393388222279,-0.6526658701402717,-0.6119824716088382,-0.9119737281165742,1.8984117597365138,0.5302600131996059,-0.4844632396341662,1.035588734082158,-0.45189761791304484,0.4478500861015585,-1.4794551205265263,0.07360417831374906,0.29086896850080146,-0.9718706697020085,0.21973779412718475,-0.7621990946388587,-0.7237544401512586,-1.08037316164843,-1.386276985957056,0.40653430575303223,-0.38138331029138345,-0.3459420865500156,-1.2742851099756451,0.6175447242213336,0.3256058656490038,-0.4749380866680078,1.492140222911021,0.7529345529250234,1.125025004043605,0.5606430224952301,2.1360331223334805,0.24653235851024943,0.4466817349115613,-0.1455245218420919,-0.9502627365542282,-0.79833333476565,1.6258248418991232,-0.20784461096937168,0.49398500627997094,-1.8581954185176928,0.3235248671714715,2.6389236569239025,-1.7569935614539054,0.7348975640099322,0.2233426300799369
2023-09-19,-2.0638077510033175,-0.10494461517015463,-1.3866230401389381,0.7612990860380187,1.1848925696690253,-0.08682430072323896,2.0328658049529764,1.1023026661033417,0.27705202284481417,-1.7573323574689315,-1.8575991626156174,0.4651840669218076,-0.7498381742833304,-0.1647144244588803,1.013465704659164,-2.0604862390868774,0.53520301003944,1.2555335337265356,0.8347153947349502,-0.5066714637469616,-0.557756621209696,0.9025369972287166,-0.7423516871821748,-0.3492983401019244,0.1439593657054445,0.329008713747341,-0.43436071263832543,1.1782243049644545,0.1406745770810894,-0.4531405591296616,-0.73116618106461,-0.06036627065563932,-0.45243143377524614,-2.6474428704360893,-0.22802259918568327,1.1252432156288417,-1.5647006185544639,-0.3616545838929271,-1.3347741336543808,1.5522748841592928,0.46103573862152086,-0.35610131261932615,0.5495068800695326,-0.21948735427224894,0.9129158190087651,-0.8335127538973958,-0.31915585038584915,-0.2393349563997667,-0.6526347034204335,1.175352669677689,-0.6737976781932365,-0.05574857833313363,-0.31805085392567134,-0.9146176051609639,0.7644762440249008,-0.7607460107869655,-0.7915794431723786,-1.0012068176606965,1.1843521843105485,0.9160390897950902,-0.5444584581473689,1.8983601522130145,0.29690348692565516,0.6186681374067372,-0.07274866528195753,1.8079247540320322,0.09910234792296321,0.927624454700712,0.2251587537244693,-0.6444644152464034,-0.37073854077655904,1.1100592604918718,-0.9813748303773403,0.01813061551735109,-1.1251446421840587,0.41198374621079287,1.7196570755187055,-0.9110602609358193,1.4625681299681512,1.0480164130088856
2023-09-20,-1.2652302393343766,-0.020701993073035913,-1.2519748877102166,0.47229648600151225,1.4383128958360367,0.2814243735313742,2.1042562345220683,-0.41883362838034427,0.7200173605381697,-1.4316119020721347,-2.3678422732543876,0.33507569180490876,-0.5247134234469332,-1.3527651767083544,0.6926073526319879,-2.440981390054059,-0.04046874986655615,1.318138209511427,0.5327689227479961,-0.6073786237629916,0.20216713997668892,0.49869865444692646,-0.7606910081401919,0.38938592091610197,0.705358582538829,0.4676049270365222,0.3305996517943114,1.2188366818233358,0.38504869711283857,-0.9471860127887372,-0.7410776375460952,0.5200772149679488,-0.30867537497406156,-1.0658291095319947,-0.33679786066095563,0.057271938896018386,-1.6829441392738227,0.16965686819106374,-1.7044168205720163,1.4967362043326264,0.3028862824878328,-0.2481694421571513,0.7470242032519738,0.6257774657288928,2.0966924847442168,-1.2686987899679703,-0.9078704249842119,-0.26166929172232595,-0.3125692796318876,0.7467132717538951,-0.2802275470298272,-0.8869694554029334,0.6270916482240432,-1.123885251230511,0.7029831850624234,-1.1525454146406027,-0.8902198148096129,-0.9047892791087364,1.1567890930333062,1.1608865153402308,-1.343880905647272,1.2703796422633564,0.303826404555881,0.7437425472518164,-0.8593120473016059,1.501436443577651,-0.25439328479802537,0.7157599292127146,-0.23484467681588442,-1.2434057093471826,-0.3924640927734678,1.64854976797228,-0.32273952676328505,0.6582529837695915,-0.1898138339243805,0.06657109862856038,2.0220051825718155,-0.3431453894359543,0.8561828330704847,0.4018427169844324
2023-09-21,-1.448738779669621,0.48209255718229593,-1.249267288206571,0.15245189559851033,1.8234891043972334,-0.08702701731365682,2.2362141281263175,-0.523556119350473,0.25190695703253124,-0.4884022699231747,-2.1164571003131427,-0.10611020241953473,-0.5311464179405404,-1.8268849001059453,0.8505013434793904,-1.2877541603099274,1.5804928485661227,1.2533233056647317,0.025321657717187786,-0.19256556956728457,0.6369533478580952,0.33770573347266136,-0.22923810592480034,1.079912832895228,0.8352481705120492,-0.09138156247612658,-0.5447968934503435,0.011330832761468842,-0.5339611263819867,-1.5349824554540061,0.15735990187780996,0.31654333200738366,-0.30734583846852886,-1.3011619133458063,-0.20558587766929853,-0.15936094791668665,-2.374380153700277,0.45310415586394126,-1.5954599999442522,1.1112427738071236,0.1250202616568522,-0.1798271589708458,0.1765507665191911,0.2234816249696294,1.9327639931550895,-0.8085402050324275,-0.49423969622762165,-0.789964600788768,0.008737979518651321,0.3638243264554707,-1.293668294288122,-0.7158331147442967,0.352854825177221,0.31290542827923856,1.0924909737751414,-1.0603188026884085,-1.3906809456861833,-0.8470335104543101,2.042838150886162,0.5202173122478194,-0.7567038098717718,1.7890766354906185,-0.39797863940038114,0.47921051410019705,-0.7786189595597477,0.8693741233792031,-0.07502424764556659,0.08473292268745798,0.09151972549461847,-0.6815711612629518,0.3082734530153587,1.528724155748754,-0.3340353834078223,1.29006975881456,-0.8525651923767601,-0.49169742765757596,2.2520220079955307,-0.0780855477580289,0.8984822887136333,0.42358529077309426
2023-09-22,-1.090458658476909,0.8748595331107517,-1.2250264880361341,0.12745873012080067,2.1662784279275336,0.25483338978578685,1.6846330287271363,-0.5803056085822316,0.26389969042084593,-0.7126361568480263,-1.8803932194927289,-0.3689147126555321,-0.5053036903574296,-2.509542896121765,0.2840293595847662,-1.1349605737010937,1.7565864335107617,0.8621272604307059,0.31261225188170566,-1.0250284965799412,0.1213715499340004,0.47057641106500725,-0.057626249710698414,1.129223839762224,0.33013739291583233,-0.41140751411352466,0.07233043526968788,-0.14972521557753105,-0.9127004152496972,-1.1267485736792775,-0.37207941797828153,0.5241016171556224,-1.0336808694791764,-1.2770802466079791,0.5387281341241699,1.1955874604809202,-1.9688629190511355,0.7365927360457937,-1.0891622133842795,0.3971807056090157,0.058067864987522234,-0.47277159466154206,-1.1642218202835313,0.6708504012526625,1.8718512820152111,-1.2912792930536274,-0.48010666833201654,-1.2112588664218522,-0.17147433537598397,0.07196853192045777,-0.5438161641090188,-0.7581566115845739,-0.5322377590951652,1.123138815743514,0.9435385375620682,-0.254289858473115,-0.9483542226291813,-0.41917674237722896,1.9999023369098687,0.5782458721073285,-0.6027186811074995,1.5407113289093322,0.41073498377050605,0.5322004417230143,-0.48156459241395116,0.9910594470439442,0.06731236321468533,-0.7090651029462226,0.020981229487571473,-0.8752680195340788,0.21184315783084212,1.516614515912885,0.43960959268136546,1.505572871784995,-0.4840938182720205,-0.7698749931700744,2.1948296693763814,-0.5890371115549713,1.319262847845582,0.01896591113622132
2023-09-25,-1.6615545921610422,1.4549469170022382,-0.4375363734483556,0.4339730928793805,1.8416438218128457,-0.3423292854917221,1.2604158120447517,-0.5796540942219311,0.3040458005524328,-1.5795379578021067,-1.102764820829031,0.4150855476622317,0.7313876299178803,-3.068303361687715,-0.3474510238851082,-0.9423560431252276,1.5114985806411476,0.35260643538960007,-0.22897901326297998,-1.447037390116083,1.073854218644509,-0.7274779510893695,-1.075382725660007,0.5868608225500228,0.4719153424586425,-0.20827277527622767,0.2803583920728117,-0.4035798366382203,-0.7322128817072687,-1.0483046536169618,0.6791526906840325,1.4505904957321916,-0.9803831630328212,-0.7908864434512666,0.667765932464227,1.2635923466648846,-1.8464224036181356,0.9227839104456936,-0.6671199508768733,0.5955888363369491,0.020506140074486104,-0.11491737947734848,-0.7299150656501113,-0.2664701989745418,0.6710084848529038,-1.3198232533637437,-0.3897781633376432,-2.1595318464561895,-0.5497150099784358,0.30631189263119857,-0.7874392059711415,-1.0512297908012918,0.23055529763716465,0.9973995455425773,0.9075522342335626,-0.7691193285506994,-0.6509642985365666,-0.9860510672817347,1.152478530111529,0.11929963922279233,-0.07007167837879488,1.2007174502459572,-0.09939644079979665,0.9560567343088021,-0.1645188239017342,1.6610572634086682,-0.30926648677884666,-0.25727787034725835,0.8401552122224958,-0.19512582612289733,0.1044765010029134,1.6733726172543062,0.795598542992244,0.5307912261273676,-0.767146485700799,-0.8356148170713594,1.808824520747556,-0.007223942714150787,1.267374642796447,1.156540619824098
2023-09-26,-1.1085190153009246,0.24403723523464577,0.23887559907100236,0.16973758060713218,2.365587354072247,0.2988661378092865,1.700499757309279,-0.1493880364457464,0.4739233518963733,-1.392668228286242,-0.2394599617693507,0.47127909135714013,-0.03315527042865108,-3.0949575719156477,0.0662994695557426,-0.4599842453330962,0.6196974083925951,0.5171089432566643,-0.33971760011297036,-1.4986415996959381,0.24758299790731003,0.06956164525457774,-0.31363198171366446,0.915943218522862,-0.8890554670541593,-0.8305253415602393,-0.18170638175669312,-0.07932723381296775,-0.25046968784357587,-1.1352604022786421,0.6595345851523522,1.5391269855936829,-0.8311093499643644,0.16310410811341608,0.9398924926508938,1.8940343720454451,-2.1691400749980967,0.33011903700321205,-1.5614479089893183,0.5234845949474511,-0.2917737926277451,0.28321097406735507,-0.38939208668186603,-0.08136112729053142,1.0362734976983665,-1.4250711942711989,-1.077826543854052,-2.2189842724071243,-0.22616134348080533,1.07473329052089,-0.23972232760941942,-1.116631302317383,0.40310670911327184,-0.026938272901224445,1.681635651723999,-0.8886278037005677,-0.2000200294156966,-2.0799888614857895,0.8720943118390022,1.075388091514612,-0.5767992493343752,0.8802255068673707,-0.6239053339547638,0.4482815768512672,-0.4835122551220071,0.32857691519551263,-0.3526774211909032,0.2835880234609303,0.24805499351727972,-0.028132712064346227,-0.04074449491657525,1.7159784697514275,0.7324280493684757,0.6462161647425017,-0.4159847716209839,-0.7674091800380807,1.6249786229135528,0.04002263048924747,1.326791492955312,0.9599487972020414
2023-09-27,-0.8701262723984432,0.5427934930626238,-0.1368209400539728,-0.8244121070543133,2.0401401559371424,-0.1949765998189166,2.3493997362672276,-0.31013109268826233,0.8992403626009119,-1.4495592375494488,-0.3924456073441845,-0.15736337059411493,-0.15093108167714056,-1.7513534506990818,0.26628840007585625,0.2531315323994419,1.1450519869650102,-0.3184380884450371,0.8383377347037495,-1.8675221779086684,0.09149507337775394,-0.6109323121013441,-1.1609134913076549,-0.08251653975568897,-0.6252787930005842,-0.17977445562859679,-0.18031106005066178,-0.8450725010737046,-1.4255025349093067,-0.8576079120756308,0.8167536095747474,1.7248971273388443,0.4553685239898026,0.15820549698330968,1.1007142896673836,1.3365701897671818,-2.243590167714729,0.11145016448113033,-0.7100063736347955,1.2207169327403098,-0.3074890100417176,0.8501267085404561,0.02026721937648708,-0.0895547973228748,1.293777808511013,-1.3932487896998313,-0.18055957686666144,-2.5022229694137716,-0.4090502285505229,0.02114582959261843,0.18956171496554755,-0.2571760861664894,0.11298860235281599,0.007394896505425164,1.0287074073757452,-0.871742933016014,-0.9361356584323615,-1.3227749279077725,1.541738552241649,0.8375357058999672,0.08622770068478577,0.8005657489888319,-0.34521725036800355,0.7608151470025423,0.08887328831148719,0.6414428557595168,-0.3327867866573082,-0.5419372633441011,-0.2841459202837353,-0.9693375120837572,-0.060216596173527086,2.0678884202217978,0.43626170617692056,0.36911597682968905,-0.5289547987485416,-1.0842419639384115,2.7558122017237983,-0.3638390110836957,0.29652026636940804,0.568895680220449
2023-09-28,-0.7228197297040629,-0.06892232008185178,-0.00163313104766664,-1.2366283197334442,1.319558477426366,-0.6072529899806056,2.4315997875107818,-0.08237700219579125,0.761226628240199,-0.3788579188749167,-1.0877696610466279,-0.6898136237672594,-1.037845777847444,-2.0508078252136914,-0.6785704237275764,-0.5223679632712628,1.5615582262404628,0.08045601388433414,0.6718226223560382,-1.3355189756842336,-0.32609703318013183,-0.9135256307863217,-0.27174678960215537,0.013525740102377594,-0.2513428762154079,-0.049434880352739505,-0.17949543108576133,-0.5166145406402027,-1.7269141119877924,-0.5810524767371267,1.2482574847137113,2.322266188974385,0.7498287021839517,0.1831272779359493,1.6623011637857528,0.7832211860878606,-1.6290088628057342,0.3467716401923461,-0.6370661551066401,0.7474913436825498,-0.7704061304509977,1.6655190531042834,0.26310162333873677,-0.30641537247380524,1.5793464521503282,-1.3127669908172845,-0.8445320480112755,-2.1100205112648083,-1.07580551951336,0.0788292358744629,1.0050060680953146,-0.6698167055636279,0.3498825790549419,-0.49180752527334126,0.7250343805773445,-1.4284778365830109,-0.1797893686973451,-0.3983826758623128,1.4499214522002453,0.6101146294383019,0.3365839777125441,0.16742089638596305,0.5110882182824534,0.044579780898070076,-1.2476738714555313,0.04971864483519305,-0.1026970368766474,-0.4731452826380763,-0.4551790218038305,-0.8445714709459594,0.15399415355453222,2.2263716978890296,1.368661952753527,0.13253768150983736,0.13052940563969886,-0.6267129729439412,1.6999898064824959,-0.06120390719967452,1.4258742153277977,0.12577031062911231
2023-09-29,-0.5437189141830339,-0.5748482553119422,-0.13936980605125787,-0.8286336393215645,2.3023153506105243,-0.9989068998538698,2.657206432240273,0.24375511919323875,1.8749221196983226,-0.33643329518293996,-1.1183377785631872,-0.0478402323188848,-0.6182651918914246,-1.1498252223569132,-0.1930956719921612,-1.1633502282116088,1.2844071232376744,0.4349460734342897,-0.11876667144495949,-1.2245924829421726,-1.0310116925977328,-0.7342114694644549,-0.2803009502257225,0.4726879036473965,0.3686379409513176,-0.10295911811510583,-0.9074140645526602,-0.05497303606842499,-1.1537536336854162,-0.03076866388040552,2.096992516690854,0.7961827371879959,1.4221274523753373,-0.45644403087316815,1.8687487241940488,0.5650062286468626,-1.4821506460581693,-0.6905465240908479,-0.5683008057668364,0.9597634946863317,-0.5974734608768554,1.8077296764107638,-0.006808977351385325,0.2129388210147391,1.6536214317512579,-0.9833820026377216,-0.3440500833399007,-1.8006453960527957,-1.0136271586062984,0.33008918900136536,1.012116365314063,0.22936892018624952,0.14592823714077063,-1.0246354399753745,1.0885282400516842,-1.7538766005854698,0.04259588942420146,-1.0797207087255392,1.0279601387507837,0.26399463312367166,-0.2589136542363113,-0.18386289361685668,-0.9065562576532011,0.43196385980766,-0.8685377765397649,-0.16850281064703254,-0.1758993567840245,-0.7398375556781436,-0.7609465825762476,-0.3780024182182259,-0.7721974063296213,1.059278892526244,1.6787503495116414,0.03224515068744553,-1.0306181043186526,-0.6187780935040883,0.4331217352157077,0.7194323862848602,1.5201512270581914,0.9781773032026074
2023-10-02,-0.6731312238634539,-1.0983451618550013,-0.3032823484879901,-0.6696334488269102,1.835558049346215,-1.988283581128802,2.6528734720275353,-0.3150757678777295,1.3674906442977939,0.4163394360509736,-0.5064448789437412,0.21110287148237963,-0.24387135617535727,-1.119683581323376,-0.4440522704739991,-1.9190363411760836,0.6902901464586331,0.4073092038186178,-0.3186201277488996,-0.5122694853576807,-1.0264889646437847,-0.74532046235553,-0.314281150809439,0.7475694362333093,0.39791823444093366,-0.740399870168369,-0.9539356768282651,0.2948411059985092,-0.8253106877460956,0.026961452788911402,1.7685677319087199,1.4743810196138265,1.0789094179981922,-1.0390182594360493,2.553066305254146,0.6914986634669048,-1.9778700470722452,-0.2407218622368166,-0.035525062873033336,0.8496226370550882,0.059576784692045574,2.0489257539540033,0.12547268092356484,1.0066237059117862,1.1463005252544218,-0.7041275926106466,-0.7638397797080817,-1.5390414290400645,-0.6533913316712204,-0.37302075590337413,0.5399322102034456,-0.09743440688436687,0.3717033714919786,-0.7285206800734396,1.1589350636357472,-0.5243550003384566,0.9668726674991267,-1.2799236055907608,1.0972468908142745,-0.11838556524472593,-0.07051008187276553,-0.877360400470606,-0.7917575206543903,0.86703550806367,-0.9526171660981346,-0.6520653836517467,-0.5585966334690736,-1.492824789205374,-0.4208305742142868,0.34340783437296996,-0.7568162418426464,1.5022567426139617,0.8548422915682532,0.09887271218648658,0.002766204230414858,-0.6436309860392356,0.985716463704867,-0.21860521640741679,1.2336063850662846,0.35386313397147456
2023-10-03,-0.7415599974358474,-0.881028992840571,0.031502646764962526,-0.6461354314023299,1.9325606318870763,-1.1833650700336915,1.934771889327699,-1.5432742568201074,1.1773327396082327,0.5360051022675135,-0.7792137221440053,0.10181249884731437,-0.054435789498606356,-1.0872944603917696,-0.8995697941256565,-1.803825989231531,1.1437619085486719,0.16894330921663647,-1.5083181847523435,0.4409763785420285,-1.8578191680655387,-0.4148174022376149,0.2633661196608307,1.135448407873174,0.48431157330264224,-1.3734632020051802,-0.37042748792487457,-0.6885903553786054,0.16387740163650383,0.3095297528670794,1.2147504107379266,0.9415222900363023,1.1079837452079637,-0.23822099296150245,2.031643384238199,0.7240531540217936,-2.3276956765306,0.32785495603026243,-0.33728548651099743,0.3479589762528278,-0.6383701590385703,1.2138224093231091,0.6548453845585319,1.133242038255091,0.6940093928164398,-1.1100688921467576,-0.5318886920102337,-1.7837783779775696,-1.170388071257496,-0.6294153936746195,0.433449220110018,-0.5958006299360543,0.0745726669859556,-0.1382475638504365,0.7278245303976927,-1.1722530737923413,1.9439447077812402,-0.8864576492459639,0.7007005546843091,-0.23093722391394303,0.07608617418599903,-0.6576678307088896,-1.684226662623039,0.42651089471925624,0.4519837045441794,-1.0623548157754457,-0.28255503082774297,0.009957535838545745,0.08176749742884164,0.9502748185975352,-1.0057108911892467,1.4084742049338264,0.3680721198310083,0.25601945088386335,0.9030247168156905,-0.2257111749805449,0.6644960228920423,0.2737614669149472,1.9805150334988144,0.5948517703676889
2023-10-04,-0.440470252332538,-1.0528555187418602,0.692007198737499,-0.6567102533947838,1.9491284796993982,-1.1872471157315674,1.3037682292799029,-1.2212948897069715,0.1942081687570665,-0.00735884271428452,-0.11524649305080369,0.5472833935032847,0.08387217497698157,-1.295538471801818,-0.6137581949987254,-1.6898419397960147,0.8621957472075119,0.2140435938741901,-2.2800937284245615,-0.7253615458642885,-1.3769114196962933,-0.46175309759881156,0.21152396992989211,1.190688492932881,0.7756411557748567,-0.044397055603424114,0.5440728637863517,-0.43061245985742574,0.14068918239850392,0.6607950296917947,0.08336498736369179,1.255316623939282,1.315016194770325,-1.2439101931435617,2.3846289976810855,0.9152856263502808,-1.9671062407318034,0.24339038878770597,-0.4441891112995379,1.8744567663596357,-0.8567610843653596,0.6492469031210663,0.8514162761103399,0.46191710805996256,0.9982829475171289,-1.581313652391393,-0.19006800634999513,-1.988566553827097,-1.4800603905175536,-1.1657993130918223,0.1790877585685109,-1.6078708160439812,-1.0109049876132314,-0.2405618292538241,-0.38124189510344086,0.22222943229126385,1.037440757327781,-0.6360692328905351,1.0003809042413958,-0.5507211259121562,-0.21964589389918743,-0.26640683492583095,-0.825514681473911,0.9253421181197301,0.3191416302453387,-0.6798491202144477,-0.7840073399894147,0.3214018087014575,0.684720179746338,-0.07604470581332644,-0.6342248389246592,0.7401103358310244,1.2660816122061591,-0.12270397217074513,1.0339069710286375,0.11567593505070435,0.602795417330581,0.6049493575947019,1.736058308361772,1.3614300720049708
2023-10-05,-1.034615456139074,-1.2929982149773178,-0.6427509857048271,-0.5632774863924431,1.2512036732535852,-2.1399852140091404,0.5110807470145916,-1.3769428299882127,0.6023907155103604,0.03154269259415292,0.723567120907822,0.8900221207826371,-0.3195472013010253,-2.0878655784181546,-0.4045022890440052,-1.1975584162480835,1.517501874342635,0.07708000031572904,-1.2117965142021343,-0.6304283324349208,-0.8310145150672513,-0.40573299627888876,0.25058333583139714,0.8279703112433164,0.9515213516924468,0.32935723501172587,0.7079507213828656,-1.771552381744034,0.041539679838431834,0.8274163695530138,-0.39650894040384776,1.7308280896973673,1.0150793523657082,-1.5611940393744124,2.443276074847181,-0.012094810820659867,-1.2299768038376546,0.42988359349129124,-1.051906650926675,1.5646283949499782,0.5550969628722247,1.299848571424685,0.10926398509834609,0.8874941646514962,-1.117260110231753,-1.1319482675751489,-0.5505287299094693,-1.3271751772197793,-1.5037254114437772,-0.8793099913527599,0.6115910756876447,-1.4908570513067982,-0.9484654167542669,0.2108385336884626,-0.20154738344071718,-0.4928770541543512,0.938152087471506,-0.56550407558425,0.5342014729901141,-0.14450339024381334,-0.2483304445549302,0.9037471290469778,-0.38798980398139554,-0.28400022422093063,0.32425539678547893,-0.6122738395111698,-0.7636367090761766,0.19987875945674233,0.6906154426135782,0.5229464008961959,-0.6228243756085797,1.6343089914944313,0.07592937815570816,0.7139927600079656,1.8292267084719327,0.5045239210353214,0.9636906606651336,1.0952214169190124,1.431102453331348,0.6746573860922862
2023-10-06,-0.7419755589526235,-0.6406521921105567,-0.7719392046857095,-0.74302630999341,0.5951340917201313,-2.272882894360172,-0.16009382981482898,-1.0022329158903538,0.5421302938451728,-0.176308243495648,0.7084581641586634,2.1671295625068385,0.09380693004625013,-2.317916282318692,-0.31472807420449733,-1.6748154173605736,1.6148470690697976,0.11450690207816862,-0.9712588396462034,-0.8209684720450926,-0.8514753206928211,0.3153682957381966,0.4319789352607185,0.4513863977049815,0.20654574582233498,0.1917369751283137,0.9630640633490619,-2.0272478159181606,-0.26604209898315756,0.5334360825050548,-0.42997188412733733,1.2793669527474274,0.7686518120852813,-0.7227183028310954,2.840220194792633,0.30124413964824376,-0.785528493176562,-0.035918087278084536,-0.5283874875942177,1.1832772665970486,0.8557547539697248,1.5943510963405425,0.9653299778450729,0.4275463025915637,-1.4044487715503975,-0.6733721768801013,-0.2010563880497695,-1.551659525918277,-0.9150763391871148,-0.8266465935825634,1.001185507087993,-2.23149893255601,-1.2373655472553333,0.668155688495787,0.23022938024872885,0.22173692929969635,0.7251749203102467,-0.085332176616848,0.6630304957882649,0.34752603856404707,-1.0189698978647632,-0.262345296025573,0.5378408927591644,-0.20813827398639226,-0.437104436676698,-0.6942195296257898,-0.7682128511484586,0.21108026654450396,1.0043260547206916,0.2721465533330041,0.16224164090127033,1.0105320752574556,-0.8219922385998802,0.9103968489804977,1.2773270339867857,-0.38132212623546935,1.1913768199351233,0.08309002058677765,1.0574250804559415,1.2547545744320363
2023-10-09,-0.3767739789984387,-0.24931283215754882,-0.9530991598197676,-0.34204476205305673,0.7522098205626538,-2.4281375142418833,-0.25750340738558375,-0.13228261760424895,1.6380756905433138,0.4811736871644046,-0.7061070756511364,2.4471006285909014,-0.15576544376685067,-0.8346160551952464,-0.9562625442708835,-2.5201412959570404,1.1892375952755143,0.10633718187640459,-0.7788785253848373,-0.6859917284492162,0.02449783489584062,-0.4732510610828121,1.1162832980089392,-0.6582672215362528,-0.030980651942190456,1.862307921686811,0.891452703778025,-1.9879321552827316,0.04703035934289344,0.729113985475342,-0.20011802462099693,1.855399523129224,0.30787322928954913,-1.0194564841291338,2.1786400121628122,-0.24696167664375815,-0.40412316763422074,-0.6432452213685834,-0.6535479561899664,1.2012701593431563,-0.2737277997296376,0.85524875375031,0.8628087914977256,0.3073833726246851,-1.1190616979395935,0.31482225833508376,0.4021815040897583,-1.5275329199316692,-0.21129507473338155,-0.1925509114189399,1.2077663991045513,-1.819963457804775,-1.1539529814975744,-0.4611017284997542,-0.3212769824306157,-0.7360657748977746,1.3346196461144568,0.023540400787441143,0.36477760526271047,-0.38588278265811393,-1.3316001549767658,-0.038443161970911785,0.7233186714334594,0.2635669741856254,-0.9335330331832173,0.07597780479210924,-0.7510051582653504,0.8810001504583156,-0.3823950245695781,0.4571699646439548,0.10427955622471267,0.7211280493857843,-0.7884987983125586,0.5805323932993127,0.48590896375691134,-1.2597711442212722,1.2984740293357215,0.4884400170732928,1.6354715598951977,1.1660386512309635
2023-10-10,-0.7039587647360982,0.9521846703436139,-0.3762975536773593,-0.0206236570611002,-0.026552157551687786,-2.2313442087906075,-0.9660609054722464,1.0313638436478734,0.8385337019521394,-0.0457697989863996,-1.3010098389836333,2.3776675152974236,0.24670418664841876,-0.7502088536213064,-0.6602034165896186,-1.5357298074735661,0.5917851616352415,0.19659603687193108,-0.9271835309309233,-0.8362938649336407,-0.21367201758449966,-0.21603091548481387,-0.366114483291595,0.5200449152363044,0.6950747368144445,0.8744106015772971,0.20482586788257232,-0.9719456896883386,0.4692622757822833,1.089977925286424,0.08153998896371742,2.2664130286120714,-0.1890499104921147,-1.1975660942607282,2.7413247399101315,0.25409895514584224,-0.4998171582874068,-0.8288110430536331,-0.17286465345050261,0.8821698266910726,0.6515410248420103,0.430594796197163,0.32158611046010654,-0.23149203708543695,-0.8894312776670861,0.2366050806065961,-0.303171292744605,-1.0159116095351377,0.5074913393558205,0.004461334226132347,0.2793688721565247,-1.885922232092034,-1.0835635027563189,-1.3260476264530014,-0.4826105064364552,0.016051354984890666,1.4008571103786145,-0.2645627237021073,1.2911838717867623,0.41813820295266124,-2.385543443316687,0.9068022384008899,0.906691193340383,1.2730711228831535,-1.2163866615824508,-1.4025379927615242,-0.8204933033015172,0.13748755910132796,0.3437245017694688,0.01913027670497289,0.5673228108063071,1.541684918872289,-0.35572070594781446,0.4374874607732534,-0.4424087240429486,-1.8734852737888181,0.8720545250979995,0.0643970953877403,1.5182514213077862,0.5564350369241046
2023-10-11,-1.3094251089466329,0.29051541702426303,-1.021196183573496,0.3088250497797308,-0.22614557298144541,-1.8256407739816543,-0.5513807313311923,0.4932207078740491,1.0075771320122782,-0.11367824644257908,-0.8458237417823277,2.101676522898293,0.13066111846283077,-0.7371297016378556,-0.7805784874068106,-1.131935017824723,-0.21160733313342725,0.6481669107375772,0.15513629037688237,-0.6396693276553369,0.8043121610781638,-0.07901735925718435,-0.508438502736694,0.16731298931454266,0.20904854551356628,0.16133606113495447,0.8491694707553379,-1.2017420856187095,1.1656722688503505,1.410138232905191,0.5313328570581493,1.0800367269816415,0.16347695008105942,-1.025407770655126,1.7794951223891515,-0.2757044405047311,-1.1199861768267025,-0.6527056014662043,0.013162458014474803,-0.20952385914176183,1.1329148108495695,1.5278581701071952,-0.6292728131824971,0.12464011289411064,0.2458348263171817,-0.27253871352338965,-0.06899240838134349,-0.36632313479071626,0.6173321280883562,1.279158259542134,-0.1251762186302563,-1.2350507511320865,-1.6219189450970457,-1.2135161002729182,-0.4576804655091504,-0.12386857655585469,0.6326119179493275,-0.757387561488465,1.9359722443725988,-0.6271652330601917,-0.9200508161402866,0.06707779215411287,0.9772383489013831,1.8212462723072191,-0.5103349055741946,-1.5318594458526862,-1.101704715165423,-0.31553531311041144,0.8055583709754777,0.2254910921260087,0.17598326499029207,2.205567216678498,0.6651939866426836,0.8740508729702234,-0.6579770546397679,-3.4944163740787495,0.1448478973782845,-0.6173349651813141,1.194958994294846,0.9910309614893502
2023-10-12,0.38855695226928094,0.9367109395134079,-1.1594707322759301,0.45744795924755854,0.141698878327431,-1.951143164525516,-0.7311981006816556,0.24399792023198372,2.390612799005818,-0.2139716933964507,-1.617960695376922,1.4463017017372246,0.2557616044129918,-0.8330959641352572,-0.6427704318358362,-0.277200715264222,0.3365452803337766,0.9852428338276211,-0.35638763513906196,-0.38743890135113596,0.5556106107545824,0.055309336428502685,-0.32849800790425626,-0.9900764018251923,0.753357965426437,0.9653116642728157,0.47725029316482226,0.010403927685312158,0.9274009325326764,1.824076474923428,-0.3232518966026138,1.2392379646869425,-0.0046543535245992685,-0.7726797926102823,2.001239288744637,-0.37884948657328366,-1.1786499641835062,-0.6061088420645451,2.217364742946379,0.11587310667742425,0.9168095193784863,1.4403313171849144,-1.1070631736682988,0.5280426291228236,0.36658071912141854,-0.9952416820038473,1.1273710984620895,-0.41832848073005674,-0.16602331037070467,1.0231974580500807,-0.7487370092451768,-1.6603902016259369,-1.3627289564359917,-0.972779702318684,-0.8110663752503804,-0.5737510363769636,-0.05110546211748398,-0.45254544340291225,1.6494886206334634,-0.40587892558489885,-0.5193131644436538,-0.7593854640716419,0.5599682163538368,1.3080766855023283,-1.4403619798135454,-1.0702714866034215,-1.6292386967425057,-0.14299184066323253,0.2731923848402414,-0.46227408855886387,0.6952230760970516,1.6391553053226489,0.21346214313475692,0.3994481795316562,-0.08877302423311359,-2.1415528546227964,-0.34358307157132845,-1.3403021642699606,1.0222006965361408,0.5292331475726735
2023-10-13,1.098968789292253,0.24820105899006525,-1.0084469755384142,0.35582088098612036,0.07114684768119615,-1.235546572029758,-0.527313284075025,0.6484589732286224,1.8402038790109285,-1.0870783800628319,-1.4469605325442771,0.8113453841091732,-0.09318498676582863,0.8057741883842257,-1.3801866499244073,-0.6355415569729777,0.2643545111503249,0.8317111989270151,-0.6506737017884605,-0.26258339953185256,-0.1318142188752884,0.40365022411021617,-0.5836684540665651,-0.8317905850873295,0.4061729259546626,1.4347816664343223,0.9458013538374272,0.03405495210400171,0.6854438105313567,1.568977292188499,-0.24971194105253397,0.49440978750761067,1.0805778605323921,-0.826913399867636,2.7852139400676874,0.7965963929863508,-1.3519896778003107,-0.4702432345319475,1.591111640632184,0.5926903636337596,0.6775312186485859,1.46256918322381,-1.7704795207826765,0.07368340744465268,0.04428913411588215,-1.1677974468369388,0.24348804380219696,0.007356835977984007,-0.8106670673231046,0.3455945453530849,-0.5837148849689678,-0.988499092573916,-1.3547333677711584,-1.4189715852168308,-1.513233279543334,0.05929677353361289,0.45444736463188473,-0.29582803932466595,1.4165291958734996,-1.0647209980470524,-0.08513986140066998,-0.15927361425429545,0.44560186843013544,1.2134111619344026,-1.4495330477241737,-0.016242756116093476,-2.1627478541329594,-0.4771082157730874,0.7254711852569792,0.22397171324588275,0.9685122795273304,1.5175172282694325,-0.4219245973202873,1.4243242860067844,0.32116398633679927,-2.233911987176199,-0.4090834798657582,-0.5721712260495786,0.812639075408484,-0.5034369365846268
2023-10-16,0.8694682250438195,-0.6939093900146652,-0.7115272255528627,0.7918954993214896,0.01314947186630145,-0.8691548959747499,0.23493895219722194,0.009228436955209545,1.5673675581984132,-1.0975092508342161,-1.374551289890601,1.4148021962424424,0.35206679781896866,0.2733261239565707,-1.1011846459302799,-0.9530421151986591,0.2398302330783416,1.4063508933245306,0.36957869969385165,0.6100916713818132,-0.2876888535572723,0.38019764656078453,-0.0651816330437456,-0.9405866534694899,-0.27121399707462523,1.9756874500385877,0.34685342481985226,0.3856754806174532,1.031110926113046,1.8994060461244782,0.4904556532385868,0.18061360702722476,1.4430057079917609,-0.8855086577938697,1.9460310313217586,-0.14190881856269588,-1.4138415715224708,-1.30856276967341,2.069349784874011,-0.16944975375381013,0.4463675133135579,1.2313699428439702,-1.2777289903765694,-0.4095987357584748,0.6090384523722756,-0.7436110655848812,-0.003021454899791401,-0.27059327837689534,-0.25414267100783583,0.8630272760359774,0.9706481876807722,-1.3792714786357554,-0.9898587589843906,-2.0991201484707833,-0.7465699994864604,-0.9963078457290132,0.5131996454293499,0.2928878727650966,1.0804120719094448,-1.5590969026599757,0.46443788991226576,-0.19304969042875528,-0.21690229637360495,0.8352491962818417,-1.8974320361414416,0.44335732159142544,-1.8283660873041248,0.4312769112672802,0.02026270704823827,0.4152782119569563,0.9984426802621428,1.574833868610912,-0.46501191522650565,0.10045215997949192,0.6538417739354087,-2.0293884531572477,-0.6270808108117757,-0.6863724760929443,0.03124315935768825,-1.3187617430059662
2023-10-17,1.2037049206727506,-0.41881827892314744,-1.1323153402122972,1.8760600940537466,-0.6779571982831124,-0.08381305425410003,0.21368107803672812,-0.8188489226210411,1.4377197779775526,-1.1971611142120537,-1.6032559314979535,1.904817444671587,0.5004591859509682,0.4945194755196562,-0.9968589429867343,-0.652766183535587,-0.009720492955199327,1.3421147991622198,-0.12976960904252696,-0.8418556585090793,0.4236979329570753,0.2854593263869935,0.10806611638997327,-0.809638020766437,-0.6753546442205527,2.4408582304088897,0.23132011681642775,1.5475864091642848,1.2121148285958674,1.3538517941822752,0.6544874953863462,0.7661183040996725,1.0833160487667717,-0.5541055838279402,2.1150871494159893,-1.3726095122594806,-0.8969762713345081,-0.692173301397995,1.2453801761596615,0.24611443668839095,0.13743350023357717,0.2573403715523196,-1.053806190518695,-0.5442648303568955,0.6085080984526027,-0.5695307136710681,-0.23672654985159344,0.16178224365903457,-0.7544697931132235,1.5328322987662284,1.1743501065164064,-0.5587351368542721,-0.6733516554656387,-2.1811214223091353,-1.1790059535932613,-1.1766785908707618,0.10982250052933973,-0.02036748093004933,0.8875857375652062,-1.763454119377148,-0.19144828892237473,-0.3476492027762592,-0.19951907333987015,0.6299204860481069,-0.9321216869216928,-0.163227615850916,-2.0787546391067266,0.3541841529320622,-0.5636197656982248,1.2065971113493723,0.31483839726218976,1.3456748941826442,-0.36302020167644966,-0.377456552163018,-0.09949889835200694,-1.6669517051535654,-0.42139680896066406,0.036587003922324446,0.7284997321993745,-0.4923168399613609
2023-10-18,0.3629921398089783,-0.6812865679538425,-0.4636227179790472,2.576284425935393,0.018323160522348968,0.093331042495198,0.017448424549158636,0.2564064568258581,0.7307280706919627,-1.7738174527289658,-1.356620688752775,1.555784523198881,-0.43181177420568756,0.7626189275483605,-2.1689790810081773,-0.2835494670201637,-0.07410046884997512,1.9722860046122013,-0.10997921066795137,-0.26689392650525384,-0.24376808610414197,-0.6950588481525217,-0.05880378233265606,-0.8033619858456189,-0.5156725870699514,2.8536310190609395,0.7550650037597768,0.9870909211053525,1.0936619371285174,1.171514710266237,1.223020485323208,0.44394611898524344,0.5555885299945931,-0.37084342783435326,2.2811355238161863,-1.3880297315782062,-0.5460944087314035,-0.22216706392142818,1.2051073096496372,0.718658065836996,0.09013156028759874,-0.2054779189494106,-0.8671708823711953,-0.5907546206387092,-0.20912703793965245,-0.46043319922042497,-0.5112316584520844,0.421279621843196,-0.9484901021216227,0.8819340747564064,0.8864437885886979,-0.8505682568861866,-0.9768512253274648,-1.3569227469888439,-0.6456263658017619,-1.1885594151350156,-0.19871502184320686,-0.12324578204032167,0.6743621628326391,-1.169534693739736,-0.06167163011461861,-0.39639016099881363,1.0824333233038883,-0.09021826744218829,-0.515862306576183,0.3473701430708736,-2.08615024652491,0.4396246510880575,-1.4274665518219596,0.8769470577008335,1.0303019478882964,1.1753434497407722,-0.3593493496203829,0.4147155139026214,0.5607894153953487,-1.3434835839606636,-0.6470088706721878,-1.2854265560487899,0.9525420421080951,-0.49864382514389455
2023-10-19,0.8246067934395851,-0.4418761839957836,-0.1880164409390168,2.282081674434722,-0.36813279650698943,-0.54372775338059,0.10733575958320454,-0.24903850923081378,0.6921204425954178,-2.2764776672118137,-1.2146224821730722,1.8895260080965823,-0.054041040636266455,0.8740447536440117,-1.3585025996692173,-0.2957707103435115,-0.47199345513071295,1.3784059301403808,-0.0018101227453171892,-0.5167894590402369,0.5283815409410836,-1.267908610351755,0.7105940891778063,-0.7377122530608634,-0.8952693456276926,3.150178106341171,-0.180965079681071,-0.27557995825140036,0.2343638642515906,0.8189592181776802,-0.05889943159843987,0.2254268445865631,-0.12746891264696622,0.2334278740635144,2.4817802217945726,-1.679929228575078,-1.7195350606526234,-0.5208745648719115,1.21279206988372,1.2533048289053759,-0.15076964698885242,-0.3694853757585502,-0.9605465505968658,-0.3550810118817053,0.4120200197740557,-0.37473005463945874,-0.2345996163565239,0.842012821997488,-0.4104359256975194,0.962666863992874,0.7730853727379907,-0.9782132330518748,-0.57125494639192,-1.4816414479485804,0.24977443600427562,-0.6198233346308585,0.7844362574071542,-0.44255656778244945,1.651641868796953,-0.9270988250434593,-0.20100802426440587,0.38890265949727154,0.32925461119665955,0.21765186355753358,-0.2103483926439526,0.6212012508333317,-1.6402874302329074,-0.06774687366285802,-1.261610134304313,0.6528114268431067,0.7142218955423335,1.7877857845998035,-1.2076595188288068,0.9102465915364032,0.17166491108801993,-0.9280243838495137,-0.8410537842058717,-0.8724304637868286,0.6166032108320367,-0.4319646574250575
2023-10-20,1.028533738854557,-0.210680144388711,0.5385519736075819,1.8402780901049953,-0.11059178267561834,-0.33272245552110064,-0.1535757026974465,0.7262996037230866,0.5215056105708638,-1.9083778356708456,-1.1147865116087865,1.302488077197283,0.48729089284166205,0.4961273888306111,-1.254779617932495,0.18172418548334568,-0.30780499659855326,1.2396026629952317,-0.38821495996737376,-1.2619910956837046,-0.03230118209638082,-1.1545853587956385,0.5756743821297383,-0.13298602227168624,-0.5982773364116505,2.6053062470159873,-0.25178499173379626,0.48473068644518524,-0.27970940766615954,0.6757780472229481,-0.2909614694739339,1.5001656270183383,-0.10296405485687153,0.1165302322177758,2.224675275766,-1.908363271120106,-0.8681516645520904,-1.8437372089254336,1.39280579872095,1.0908751268997154,-0.7897491461974477,-0.8430834672667825,-1.660383457816041,0.4267187168559667,0.23891495829418705,0.10917109996914323,-0.6229264195307259,1.2677412308011404,-0.2025413157420683,0.9564496520330097,0.9913340544497242,-1.2626569941160406,-0.33223291610165545,0.5054123597532562,-0.3877915590272989,-1.0732169424183384,0.052444799418274415,0.05895199537357459,1.6064248767565734,-0.050729253628672505,-0.1404455509596681,0.4206481118865455,-0.7346770269528428,0.16476675866101734,-0.25143899391415064,1.0681920206268676,-1.3430426273620384,-0.6539956314461152,-0.9423585250442118,0.5493205216237703,0.7742481657350783,1.7329346954925489,-1.9588658457912291,0.36303493772609585,0.5308496401754427,-1.4467411196867144,-0.336301190481405,-1.687326852216471,0.8374227282613036,-0.45607306519107677
2023-10-23,0.9612098383481991,0.03677313857427646,-0.5222193119597691,2.36145183888,-0.4481048504353045,-0.9620484280692465,1.1186801420647006,0.4763919048945833,0.05080998742538493,-1.1750410983558823,-1.022374422126625,1.9667898809539779,0.005090907110566956,1.1379193458674624,-0.0682555769455391,-0.20448803819153644,-0.3170955324500528,0.06972193071621735,-0.2843632355374741,-1.3399330118121129,0.7695412378290528,-1.0982716866619926,0.2976267443360489,-0.0331260159993132,-0.37979062366530136,3.066865268882633,0.08178714976863634,0.5434828030441717,-0.8130893869710738,0.8338219011606677,-0.0916369972637586,0.9934621695262759,0.21611212446912886,-0.19500943316991884,1.1475789504650211,-2.120020098929038,-0.10867994970364195,-1.2671541989634603,1.253675215746124,0.8557075779506097,-0.10377680656292755,0.5268655891650936,-1.3264483842481518,0.19905636195134818,-0.06931182850404849,-0.11540509376833483,-0.8039821238450013,1.2811476190938664,0.6497931346856125,1.4025060012608725,0.8879556349111379,-0.825389282653359,-0.04195215932318512,0.39295404325013683,-1.4087240779117756,-0.5774137872915491,0.3414403237850204,-0.4437482794146926,1.1549178602397707,0.276152023369682,-0.3198136869154212,-0.20726123157608692,-0.873506721705172,1.0177188489836413,-0.9091705589698149,0.3209267057332297,-1.3293187338836052,-1.1197245572557217,-1.8245852361021562,0.4467901816955348,-0.043126504454981715,1.4537143131703019,-1.4090545576796083,0.4170613922607998,0.7886192441314807,-1.8628473884051133,-0.44641528100538685,-1.7196129249596541,1.3554974489794773,-0.9263256810339572
2023-10-24,0.3377930064959061,0.05006585482557552,-0.7008997922130782,1.5543906068375926,-0.10351977112591242,-0.7720920205756897,0.4505503077330157,-0.027549964164161778,-0.40628619284254514,-2.4502388497126626,-1.55302457005872,1.6028551528706547,-0.10834629812608344,0.09898684208694936,0.31236622764480565,-0.04497712872853198,0.34916532443924875,-0.3916666802779586,-0.5124706314595577,-0.9667245069104804,0.7431563276416314,-0.13707493346339159,0.0013680176805511049,0.28726774176819947,0.6387371916005871,3.3994294851953146,-0.041781322651002276,1.2148372600832023,-0.7571177581366555,0.5550685548879981,0.19247683714328573,1.4225418889367505,0.35741192800466215,-0.5609297319523882,0.6938874590770149,-2.5394889768581907,-0.3301735582028519,-0.7112259050351118,1.3585805052541207,-0.7590708404843121,-0.2591065164590577,0.13329398304653997,-1.0391898275709905,0.7144632978318316,0.23574411371458767,0.5258451973783033,-0.6022451340565655,0.9539971849028929,0.7768606658302896,2.1992212666738697,1.3386800637300922,-0.6503045879338673,-0.016101971710925707,0.42790694579781435,-0.6429184862521942,-0.7655151107262583,0.13236432134104406,1.192532544151996,0.27177915178636336,0.6750237397458649,-0.4762881566232835,0.015094448493279376,-1.0960156048905156,0.4805439327448488,-0.4032458699253033,0.7594336760337447,-0.44989969079754155,-0.9443707166574717,-1.6760976115835289,0.1900510900971181,-0.7047452360883169,1.7178948145706185,-1.363085634406446,-0.4315881450233664,0.7397845977198738,-2.0293293812420212,-0.22805576268111138,-1.2546097478407443,1.0749744617504893,-1.2690533920997331
2023-10-25,1.2039289579421615,-0.17110137565363773,-2.04176067064583,1.7033495981545286,0.3727931158498996,-1.4314305187564669,0.5616822794628085,0.6029896058034309,0.44465471172513454,-1.57607413461405,-1.3668640229776772,1.8435386285000117,-0.014243384519564492,-0.08416653684945409,0.2272280897148623,0.4269692706053893,0.5994413407135556,-0.47212852151304235,-0.5864790633276452,0.05422009192270301,0.5313103884441862,0.3464800535640221,-0.3328622549053603,0.5125472247178119,1.374413066441181,2.0173677420098683,0.03014990488122677,1.186427664803785,0.3593465128575696,0.7396886105115585,1.1211577629832212,1.563712985052995,0.7841459761000354,-0.978732056660018,0.1940104509525747,-1.0943549413664166,-0.87598678070006,-1.3382432363331134,0.038440187508467616,0.375021904340311,-0.7768044231111669,-0.2801607611621351,-0.2211382795387637,-0.7272523976902613,0.9772308468181188,-0.2997053648421022,-0.5181602420374902,0.7452572210365872,-0.04656521883962303,1.3327371395589251,0.5822706086071527,-1.0252346066792464,0.7591143459047232,-0.16497718556848415,-1.9185068665499423,-1.808238124869364,0.3085676590343095,0.12957447941079894,0.3667113297441207,1.3712639008579335,-0.4445645257574952,-0.006175638098606254,-1.416167577765024,0.44683489272568305,-0.37074614132068023,0.6793255841658608,0.4362206144127325,-1.6370921464153503,-1.4950137977900393,0.49109904483158495,0.0003882243665988022,1.0544981214420346,-1.1278252065872743,-0.08815627350765276,2.05429631060712,-1.1853741514548615,-0.620099278487915,-2.188140862977304,1.0932461970139762,-1.3131260762284427
2023-10-26,0.7855850634060856,-0.8094771920799156,-2.156657776418334,1.5327184355367105,0.05096521337986523,-1.7458651474553355,0.06523949194585267,0.7134581315348918,0.18911869897987166,-1.327552593038858,-1.2311139617740092,1.287699149114252,0.6159043080380745,1.0139187354997945,0.9425619792608014,-0.32345101224528394,-0.061320403168821105,0.07524088735240518,-0.9920489214044066,-0.16255362215677155,-0.22009730600682959,-0.11412430020964437,-0.7470517297997381,-1.1045443906697054,1.4494367440356517,2.090167685481755,-0.4999832941685167,1.5464158908718246,0.18776593246829063,1.4690441570117447,1.348512596411274,1.2532799939911603,0.849162303945846,-0.3445277745967841,0.7379708734934937,-0.5055498075137163,0.27735996379986516,-0.523710520516192,-0.22373536623300835,0.36309967336702564,-1.2025432776064562,0.20035707479178233,-0.6531505720528382,0.6469674345967543,0.7458436045535636,-0.15061005492376264,-0.6883152161450683,0.12120492790110504,-0.11114979712988309,1.3849214717748262,0.7998467177829502,-1.246649834770285,0.5871474307375212,-0.37196013334491845,-1.6955426768418016,-0.8582734644399421,0.03243177468179231,0.05971956090825049,-0.44469239024486534,1.2383578413744698,-0.0031250052847946494,-0.20310840695121668,-1.3748144447161157,0.5866425506922014,-0.10138854785390208,0.7243873976954831,-0.48521292362237717,-0.445408582176173,-1.65511318620376,-0.27535787266771794,0.5739806046955164,1.8937174879948948,-1.3005725756449034,-0.3537217952761741,1.7211127691475199,-1.6953795474087046,0.8330039903393369,-2.2479267342380167,1.1119642996118586,-1.4488506892068143
2023-10-27,0.1929815505172002,-1.0926772829540816,-1.2557092660995655,1.4686219869205708,-0.31324148213276193,-1.7413076832244039,-0.18512553221791248,1.3303622135248905,0.8664442104995318,-1.0904122082597214,-1.4110145969283259,1.3018895941278847,-0.3710135286327817,1.0722918775133254,1.3520506356558615,-0.4119335577200281,0.2094891189373048,-0.5597057099095216,-1.2421130535532579,-0.4433457431530272,-0.21807251901760935,-0.27934865388105773,-1.5602054196469337,-0.24141520465386843,1.7535694997210358,1.5931235428130857,-0.8492378786722572,1.2189352749575293,0.35518973274605425,1.3651874418643806,0.94533761961227,1.69021102075984,0.5341653020070363,-1.905661507284655,0.5979655296894952,-0.5127344697807271,0.24085953458900466,-0.20259099107146353,-0.7733199502779575,1.0687071113801725,-1.8230420300402583,0.3385360156949503,-0.9027651140410178,0.8761292312721757,-0.016850189841213427,-0.016799247722088365,-0.6738831691841833,0.03171938154413287,-0.5758775669110581,1.3786156064259838,0.5136793730870003,-0.7630986673238009,1.53063742782442,-0.3269200111131447,-1.940860846840673,0.4932681116853529,0.4200161103259075,0.13236228045478446,-0.36469092100658546,1.2976878525676336,-0.9616393215105364,0.45876861709781974,-0.6760394584685703,0.47373011584749863,0.16624023462801735,0.9007883161606254,-1.1874943506729059,-0.4012360091935117,-1.2120407857566164,0.1354733196389385,0.21782623300154527,2.035230221738195,-0.9654274797045393,0.6624881628921829,1.3666589751523908,-1.1706808783820444,0.4677421957086922,-1.6459412085423386,0.23798074866252442,-1.0074878339202369
2023-10-30,0.6152764871261949,-0.46791849815669145,-1.253427438686613,1.490273278118899,0.16047515402088283,-1.3241156340999578,-0.46687072903343385,0.1499158120876858,1.468680131041552,-1.0577264223081226,-1.2297127098608178,1.0639832949827117,-0.8104726705375982,0.8384572222147284,1.4017642138916613,-0.7168711439837494,-0.04918420869847231,-0.10723306811757627,-1.4552192084174616,-0.9879733857255635,-0.3655553899420816,0.4183359527420118,-1.8740924522165363,-0.2609138670084352,2.186773289564109,1.6541642707796376,-1.4151094065484964,0.8257410561283925,0.3190911307338634,1.3539268868472545,1.2793257016243789,1.577635345098439,0.4764822964132402,-2.078794714058643,-0.044226560382471795,-0.9855147594956077,0.5347671793035944,0.012308403793271796,-0.44597161056787954,1.2878817631684665,-1.1747972646733253,0.5777545338626885,-0.4545228438819113,1.0556751223598735,-0.6345289712056978,0.565259081578514,0.009019904487953806,-0.07985741220420761,-0.17519532805107804,1.5212923289465354,0.45479620045194313,-1.1209160649892536,0.6473899409315499,-0.833296757414045,-1.3817959765118948,0.40264392645188235,1.2807933565881564,0.00525386059560406,-0.13251354257221673,0.7866627709815265,-0.7861925924919392,-0.21740657120147752,-1.2394810087637678,1.0766733083894722,0.8359842001486743,0.873255948179587,-0.70513580911442,-0.10356241726578322,-1.2194229882647314,-0.14898043528955618,-0.07477021301437554,1.7712269148456032,-1.1501824707889592,0.22609750666944028,1.3453116495360118,-1.2180017243913037,-0.3850727343709656,-1.6751598748027026,0.6660146248633438,-0.9086671704395126
2023-10-31,-0.11990138368684117,-0.07738294208258242,-1.222363395844858,1.7150102646074545,0.4009900991932558,-1.1003748521473742,-1.0286691492860887,0.8069623862731348,0.36502790085258546,-1.0301462890650874,-0.6152661470625131,0.8764259373562059,-0.9405383905203002,0.6701804517574386,1.221637780338591,-0.7177886030005198,-0.1895104293764162,0.3607011811507721,-1.4578074431124586,-0.3146097216864153,-0.5606239650807361,1.092680475439527,-1.1985362565946398,-0.3374717790790959,2.2224454596429215,2.4137104586635907,-1.291370556366438,0.3303777666872939,0.5920033663141884,0.8418375665036805,0.5366864453622934,0.6387630389885952,0.610300933638072,-2.419341565856985,0.1887712698095326,-2.1800678281561776,0.5718540951208395,0.34762046738337415,-0.48093804249877864,1.745555229110472,-0.576162879527996,0.24381461533266957,-0.4106797202204532,1.3589593970808362,-0.04889787236327279,0.29244062384614006,-0.7617128151130227,0.5531614194785522,0.21192818678233852,1.2819809984104387,-0.8818124937689623,-0.6944506371756809,0.5716990587130945,-1.0661126450346197,-1.716250497325597,0.3641139623532832,1.32721173655736,-0.09607702274323317,0.003603036548434397,0.1417879254972334,-0.7722140586790308,-0.025060706218474237,-1.0924947127889932,1.4169860606436002,0.7932824143400939,0.17072039770709174,-0.9762172432968443,0.41622152173677496,-1.3568222264107979,0.41111168767926837,-0.08318555035446977,1.482982796839371,-1.37738198869384,0.6689355594656737,1.379948912261806,-0.7045832142497531,-0.039429400740206386,-1.7597846282219864,0.7432024338559956,-0.6615962658923351
2023-11-01,-0.14791138466637768,-1.087353794759897,-1.7888197638134251,1.680841169334079,0.8586638814638495,-0.8948993474709411,-0.6346846574833465,0.6019000323353442,0.023657491634408973,-1.5135295834209779,-0.3530796645619768,1.6305198674304682,-0.7588514063319551,0.29600990966577817,1.3865920057421046,-1.0004581675600694,-1.0513995817795343,0.5708997715101225,-1.5078664614813442,-0.4662184171297011,0.46479549822817473,0.7579273501246622,-0.12013952002476536,-0.5843878365241854,1.465370096028388,1.7907967973243748,-0.7543278051153907,0.01103941807156466,0.07136555744689022,1.074482051275027,0.34250911528417116,1.080308938557982,0.36498632796606995,-2.548160489590675,0.8788183390143609,-2.107118112367181,0.09789379270402039,0.36614217045720054,-1.5891673565903175,1.7364375363266118,0.2715179352620722,0.24766802237844793,-0.9249347595350254,0.8820583256250225,-0.14147402575905504,0.6084495005418148,-0.17463626850330863,1.305596276534628,-0.017869203651228863,1.099297186068866,-0.9186160887186927,-0.3490344959589894,1.155064115723347,-0.8156697626109072,-1.3343217711156579,1.3401329161562043,1.4835999626248164,-0.9703605710393073,0.20322148906842696,0.19682238915797254,-0.5888162591837052,0.6775811834375278,-0.8252538378885302,1.1829255990425518,0.6560305270923246,0.768823191827744,-1.7545024442939674,0.154170121936505,-0.6362649104773165,-0.08149252040857331,-0.49943148971552265,0.7793058012304649,-1.4587730370307794,0.16643924908171362,1.054545531533676,-1.1050388002066818,0.03476362293630373,-1.301884857647985,0.6158130893862165,0.37096529984499343
2023-11-02,-0.3234120835273238,-0.9050617252942597,-1.3589888921306947,1.0913244749181765,0.49987746037214204,-1.1668179560496148,-0.49492071646786534,0.5928804958288765,0.7711929534807901,-0.7874782162122174,-0.4478558132514668,1.5329885290436474,-0.45334677039036414,0.13548028704238005,0.4995332807589752,-0.5708541435713922,-0.9156543576999417,0.7737978861132273,-2.230292549233745,-0.4443802965121175,0.9818327598902776,0.9305359552829806,-0.5690700567516004,-0.7119003696289309,1.1630866310302779,1.83468803979677,-0.3643087376874416,0.21172064951905897,0.2786242300286846,0.664785906125936,0.28361022876264547,1.010168576581185,0.19172964692971847,-2.3041091326234895,1.128968140067858,-2.028767618662976,-0.6434280100147443,1.0413598207807941,-1.2181856204153862,1.6794939076196527,0.1134154055327889,0.6740802618182868,-1.2811983362589054,0.7074472488099589,0.08991765095448147,0.6535950444454246,-0.3945878695846874,1.2903284499338146,-0.20127742913843683,0.6873562492641038,-1.3959396195896374,0.6178610190794648,1.0310345293559466,-0.4238186391510855,-1.5550723771559132,0.2566220575648673,1.423929647618304,-1.0949268272560801,0.5565386246211972,0.932914052118553,-0.8225305290557043,0.4654270936567567,-1.7939954353561665,0.19692777016439378,0.7453133539104695,0.8478985795339952,-1.4752311063934274,-0.20705169191934628,-0.9810002319496229,-0.41247174426982497,-0.054021356857884326,0.8250817528678939,-1.6528422861019618,0.514778412354611,2.049559693487308,-0.9723078921587688,-0.2932041751396144,-0.8477780096017655,1.0403887087713255,0.7799931572264025
2023-11-03,-0.5529443941234893,-0.872687998468183,-2.175114939404331,0.7746323783771654,0.7702642266562756,-2.050134220782028,-0.6549487542170597,0.42814599076359755,0.6156139001888492,-0.9870461294684626,-0.43742678970661797,1.8925723740726303,-0.27351320941743185,-0.13940044066732468,0.3980101652715182,-1.3648917004783776,0.016746925565130195,0.5068078409775028,-2.296783081179123,-0.28089848653009164,0.8131120271592636,0.5982883470790488,-0.7163065589971094,-0.12590019644900152,1.0792815572263759,1.6072522192785308,0.6142447433172131,-0.45191104273064847,1.0517206716034257,-0.40420245878001565,0.2291436017545382,0.42096510468679366,-0.42682153098010517,-2.2726647816991243,0.9072041877295867,-2.233129261796811,0.06699622670225615,1.4578643124087316,-1.3584721461620703,0.6476097284784011,0.279530181001637,0.5567378843550195,-0.9721236639642737,0.8546804359311518,-0.10743893965240542,1.263647128180866,-0.830266665497672,1.539307701729655,0.021974945778698487,0.9941917372450294,-0.7156784700493216,0.26187471828511255,0.22689160042819667,-0.7609926136288792,-0.20001006015451153,0.6902855237094427,1.1487546496197556,-1.4531549314874739,0.5655162793466911,0.6513965497079804,-0.2924595614214727,0.3126748783145179,-0.9367927233478676,1.1738908012970637,0.7880771294888755,0.7961565694305782,-1.839550911802091,-0.6949905299732352,-0.9089240103298482,-0.1654338511058496,0.8543619642656246,0.6236423430660903,-1.9444525944719335,0.1449634012645764,1.870481516017739,0.3190690614548719,-0.3062186192733473,0.2527356960683334,0.7474646379661771,0.3689024049470672
2023-11-06,-0.734712618865139,-0.769436170177075,-2.1186175642437926,1.0133420691961645,-0.4484167606281755,-2.056602900524101,0.4761341239870816,0.00628784051350306,0.4787605888759446,-0.5040417562269307,-0.6362667273838725,1.250077441577951,-0.2574736117190391,0.4305668395544505,-0.09146931640478702,-0.7237952738886088,0.3133491700734346,0.7528525444989361,-1.6663389286519699,0.4174501741798432,1.0085954079091037,0.13631205075564448,-0.6453040573542377,0.3203866555352151,0.3086942200261183,0.4434320318803595,0.8236694199329068,-0.6232495484114133,1.7898097832723514,-0.12795240904539784,0.6503753522035717,0.06262597395829633,-0.12711978896754614,-1.8535447861449181,1.7199976382724949,-1.9282174407517978,-0.7047490198891446,1.6102984482379255,-1.5152618603324504,0.19019880160317082,0.5000061187312858,0.22523355678749526,-0.8506734315656205,0.38146537741116615,0.3333799739916866,1.5370082901808617,-0.36051463813310425,1.8045107024902862,-1.13799665144918,0.8121585565318807,-0.43610757197764244,0.8606273478773665,0.33194312488200034,-0.13975327093225787,-0.22669522518154514,-0.44823718996256035,0.8926829794299662,-1.7304617472190928,0.026816829055449364,1.5456585291833476,-0.2762818939043319,0.26780841216054285,-1.2240493949177689,1.4860571398981195,0.8690691082464999,0.7974319081640697,-1.901796975940499,-0.7507230786028698,-1.5426288042002512,-0.25754973958409005,1.6247611943773075,0.26703267131159564,-1.8814031442113694,-0.06689656474223629,1.8634466526797375,-0.02709203536219191,0.08092482553425963,0.05938025276969324,0.5781519490440892,-0.5573401792861656
2023-11-07,-0.7775645071475571,-0.25460771354709305,-1.8976491029951856,0.9457974758956665,-0.9462240519055698,-1.8221831405526605,0.9155664965593329,0.24940813134338335,-0.5670617377713502,1.0127001826004192,-0.8051307966447747,1.9395329073670464,-0.3831895236328361,-0.5234846140246014,-0.20850330064201605,-1.1100055228756738,-0.13818688485750313,0.7950148715116911,-1.2741335482610552,1.132857924578752,0.52063490474922,0.03317873389405014,-0.8543173420802254,0.06611570832686278,0.1638498405646165,-0.059936958890518074,1.8219061650979822,-0.24266906640386046,1.4987625928016253,0.40704684836602456,-0.5453474478643435,1.2867671953773785,-0.6054837221673433,-1.620563187137503,0.7716329420423539,-1.135293871693464,0.5446102831838638,1.9081742940788637,-1.4932289498160507,-0.5887524792843442,-0.005180744214849986,-0.1704110636537742,-1.2868780186262052,0.5753993464934011,0.3106202880223105,1.5644248989531633,0.0797188414979016,1.7372828901490946,-0.8475637594122402,1.082087116335078,-0.4480222306655925,0.6882320453740379,0.07423162464572139,0.31420963490851345,0.2833717057879375,-0.6851881374653433,0.761132709049928,-0.6239820000579005,-0.3549757071147281,2.1022940661126683,-0.19888947639592297,0.2282735452296743,-0.8731106485072874,1.3066051690117935,0.27856850748309975,0.9689977481716906,-1.9812266104145595,-0.8765890050087605,-1.7846138064361305,0.029341856524696303,1.330469434183473,-0.7894234646115984,-1.7367083706373854,-0.10726772784331634,1.7052597507411293,-0.48282097239187494,0.10567281450248206,-0.39242691853255735,0.6985595510112438,-0.7395149103426152
2023-11-08,-0.4318485775600461,-0.3858189965664844,-2.265621440968485,1.0157573434229663,-1.0624147663465755,-0.886488759992196,1.9467430594223354,0.4191046182414185,-0.7051851648506351,0.7433062020007417,-0.7993886096961937,1.8290849279149717,-0.5189967759031648,-0.3229850641496037,-0.706649725111223,-0.6710953838682101,-0.22244181288592163,0.3673925477704014,-1.4188854244206874,1.0658924871459572,0.6464917617864279,-0.2722600201695429,-1.1429830235847518,0.4140153715781067,0.8364363277904874,0.5798224685628101,1.8194281148839175,-0.27817500035816584,0.7645087383215448,0.6042425558552257,-1.377720557164911,1.4478851321457893,-0.18565835452266163,-2.349112254224147,0.9001775486695376,-1.1331212226505731,0.2568578934083471,1.4536673665795403,-0.9739421714116085,-0.29185007855009054,-0.5899147613601278,-0.151707778648483,-1.2690935974796775,1.0932540033832547,0.5256906625143495,1.7933840147685403,0.915740907199777,1.7543062495642354,-0.5143580811021883,-0.1072726012406901,-0.2055618379210707,0.8162427498810604,0.5028766739220327,0.10262582842529894,0.08861721387064363,-1.0322677687300363,0.6779861858506208,-0.6040276812282697,0.04857887601060922,1.5919200359871162,0.048435555703444176,-0.4262458740287797,-0.9548575610126251,0.4771690103139514,0.7609862877716995,0.6189811587607298,-1.6818280135738695,-1.3637898272295834,-1.9219232520316591,-0.059099460552991534,1.0078005751274286,-0.5906262865484309,-0.7140212273115872,-0.7390939399217548,1.870885190212324,-0.23686759068463523,-0.1915188307106204,-0.4991877516452,1.0696137940897372,-0.620002530939219
2023-11-09,-0.367640566551551,-0.3412372575162162,-2.2196465889462695,0.5253737179484844,-0.39094524372770584,-1.3115231319332894,1.2998376404641983,0.5959642975218562,-1.0277141901834554,1.246051354647194,-0.5284337471534849,1.9540874395543983,-0.2633318265777495,0.18471437439535068,-0.15477094102918337,-0.712165983256602,-0.5403938155033521,0.6770992174442275,-1.4336380041196546,0.19771072306105456,-0.062470402586142705,-0.5256249215502412,-1.9675964019317347,0.20253265424627448,0.6600838121005926,1.0265109719866863,1.865623413284986,0.13947426387065365,0.8984261561314687,0.9059588967414248,-1.2561460598130298,0.2784611377967152,-0.6648554355499177,-1.8759635261295156,1.2191760042931605,-0.5251965304720363,1.4101494251146107,1.4371229254966227,-1.130205623097047,-0.20770183227879607,-1.0611120204915387,0.33919609878615636,-1.0600498250693822,1.462947267223768,-0.04351673324272627,1.4807917861225246,0.64970214395298,1.1693136701606623,-0.14160534462539262,-0.27057289661907863,0.5357829647250655,0.6362058748922131,0.28803541720916703,0.8908289081427697,-0.4580893464679831,-0.8995850984619591,-0.6180639329444667,-0.6035604865125188,0.5496925770951456,1.7275093680520774,0.15864293193981638,-0.7585788149622755,-0.47666678241538823,0.4851398098141575,0.6907132943118334,0.5466213076655648,-1.821538124672405,-1.3731370547204869,-1.6835362888417735,-0.5432899938216412,1.1054733431585992,-0.883655211569721,-0.4930887904407286,-1.117607656588018,1.6515073884161087,0.22795660095218595,-0.5513118700422032,0.16071124114895036,1.766793253753084,-0.8821553712061285
2023-11-10,-0.44920519996657693,0.1789813247172986,-2.920963728629852,0.6946669058689168,-0.3054638033830344,-0.8386606925303115,0.797209224309593,0.6255300672187385,-1.0723977535729905,1.5105985911815216,-1.2227883090055147,2.0554914712337684,-0.23686326894262985,-1.0279451776315827,-0.3609710302984446,-0.13152356136631135,-1.0539385771455283,-0.05829455457276311,-1.3362162643549909,0.08669718584573602,-0.023211984251455875,-0.710144713976063,-2.050239243961244,1.007537216141046,0.3566320086392368,0.7649225071486682,2.4383298764339347,0.3986806603467213,1.0203686338529188,1.081343277737136,-0.9364044676196468,0.3524224328515804,-0.6610520558787656,-1.621441976151997,1.0663072006484982,-0.09762284665524994,0.06177768405236457,1.4675551630045183,-0.9944141098222328,-0.13276920118688176,-1.5214046241067447,0.11930316439272017,-1.193382884177596,1.4793463290186295,-0.26089528216755253,0.4258039042436461,0.40228169185748014,0.9165319964436214,0.08418926637116875,-0.1783011701942881,0.08710638918989119,0.6161109275944977,0.9899906524889842,1.027842508678876,-1.417994954315111,0.020675368413076777,0.010221332617571462,0.033787026953020494,-0.38248911722643064,1.1895397600641442,0.3811843368514285,-1.0812348805657548,-0.31642424814428755,0.9922536009154839,0.5606953886389622,1.1048417040846386,-1.2520763173921168,-1.7761820501816952,-1.942834345361691,0.18076474124934902,0.4342007002415767,-0.09637119347463072,-0.262225412583555,-0.6348703936681205,1.1354875108046927,0.29756439274102353,0.3663296778426087,-0.17762768653998232,1.890284710815244,0.02545856725909337
2023-11-13,-0.10419859722094017,-0.010171894785105513,-2.760479158604294,-0.3947369375199524,-0.8074603256825237,-0.6729249973365524,1.2228088678252684,0.5915617650375282,-0.5596532822190647,1.685120001885426,-1.3798063159904634,1.5292297344004755,-0.8466850925516501,-0.44782657411040305,0.016295768954846915,-0.03947470076201254,-0.976220555107617,-0.573185302590981,-0.7596032314658726,-0.8908849101457988,-0.022005987622989703,-0.7974519731853654,-1.2463388712047427,1.5743935567080385,0.5837272591119059,0.36326556625265416,2.7392700086370825,0.15050016040692266,0.05698204729679444,0.3235969340361732,-0.38644980397676,-0.23240756634410326,0.1770195561698859,-1.6308352898159886,0.6341623170310355,0.40195722982879045,0.40747257304931433,2.0208395360621436,-1.3544752880902824,-0.7851787799311504,-0.8099776193236268,-1.0362907911056547,-1.188776427475401,1.3124044731874018,-0.9569237900556151,0.4631190588290604,-0.1151926804282967,1.3617377695576136,0.2336638522512699,0.15558179750485931,-0.1258663618414481,0.20833390299865442,0.8524098804771364,0.3350616071064961,-0.24756608957606516,0.2214744753817715,-0.4076938180619545,0.5104654225757371,-0.22630879695853096,1.5132022415083475,0.9870338282362031,-0.6010146634984248,-0.8025959632309821,0.8236317278130152,2.129362731819417,0.8720405942086937,-1.1687007506237246,-1.7866626407500577,-1.791893846872723,0.5641122811646176,-0.28626088073628336,-0.49684891228059486,0.02315163142364923,-0.6780606801636501,1.140424886829953,0.11617514071541964,-0.06345374361244498,0.4710744125645791,2.038862466465136,-0.3429831724532244
2023-11-14,0.10594676573989883,-0.20709292366278326,-2.156155351738094,0.05600083443722937,-0.3624341712749584,-0.9518137188638168,0.6562813938231787,-0.5014868126183285,0.7526031169152465,1.7451981038049367,-1.0751873117552444,0.6585597186993518,-0.38859348459380744,-1.2197644801738552,-0.034184825368356264,-0.077369070499533,-1.0844877750531756,-1.0716266361464444,-0.2817633055704454,-1.1209208760794334,0.18143873641440333,-1.0448191146750367,-1.2335584401886315,1.825891723306364,0.5598225561984815,0.8763544811998542,3.5110695623961394,0.6039137525760309,-1.084431518040752,0.09069945168683766,0.0970017660549014,-0.5359022997761168,0.15558761440154698,-1.5930008678166425,1.1378694169494696,-0.2502969917243221,-0.4111021921744415,1.897517922791623,-1.3315798865511213,-0.4576134910717099,-0.6062336684500941,-1.2046069651547258,-0.979394731860722,1.4625324506767496,-1.0730789503175995,0.11344669977649723,-0.39127274305053816,1.0965661752663531,0.2872592749173719,-0.6160281567181426,0.259952291226677,0.016058985857557863,0.6969961607254224,0.2361694996884326,-0.16679515847204596,0.6795496293334794,0.41417978668803396,1.079290906288528,-0.10436965919605017,1.77396200077517,-0.018205253736738102,-0.49196359600523193,-0.6915169246716392,0.13063107897906587,1.6962441431443833,0.5071901707450434,-1.0690234671571406,-1.3621292080079825,-1.2375947343380636,0.3151682957230759,-0.8521590892910007,0.0077113968143929824,0.39077164157227123,-0.20200654506727828,1.3648234473784675,1.179964001807136,-0.0690928775543718,1.0487539235405303,1.3646815365361638,-1.423003140389882
2023-11-15,-0.3061203162993887,-0.366535472459787,-1.8427689189414358,-0.3270104987615063,-0.13986587829712396,-0.5777987479956725,0.9564010962457492,-0.5841635394882317,1.0746047837632282,1.4307305705370001,-1.0800600478840057,0.29384056079879467,-0.026763943763905392,-1.3264913020771545,0.1854401375802256,0.31550974377461866,-1.0786271868477904,-1.2732178103389946,-0.2503725921436289,-1.0820417611648265,-0.03615035399309807,-2.1009151630985157,-2.000690792752751,2.041226275731341,0.2803274114570526,0.9278920928652737,2.7771929992241553,0.7528324007718815,-1.1235130219483909,0.560736707048721,0.07175652330882108,-0.6657587844082111,0.554065023404356,-1.2959614640616088,0.7230420569133709,-1.0561073673726085,-0.26475322150516917,1.7903014425879782,-1.3393113395812737,-0.8902464259230909,-0.5540836749864761,-0.7730420697498255,-0.18521936070815334,0.8579935084819609,0.3619797903717205,0.9483505759046279,-0.3112700274921609,0.8217104456118449,1.123654187030401,-0.9612646706907956,-0.1954677804539581,-0.7975144089068176,0.628112358055184,0.07299775966434424,-0.6406359532315358,0.5571316757744111,-0.5339516746569777,1.707517133819833,0.41517202033011913,1.1617262760158278,0.6884053338850051,-0.1776841225916746,0.04266292811710321,-0.7446191143506621,1.3742575710657519,0.9690927592730713,-1.0561324445556035,-1.2666534212075602,-1.0755129726406765,0.5493632683669503,-0.5996675166492474,0.7072787785381741,0.0690715201642442,-0.014413705492057966,1.4793363079594035,0.5022879591591191,-0.4352660781062498,0.8287945011244207,1.999394980690714,-1.2445465178381963
2023-11-16,-0.14070431297869507,-0.21056152487964924,-2.750316702888837,0.02937866964426675,-0.20169121059797598,0.3243652084730599,1.2143620951624605,0.06516061374743229,1.3371195815834163,1.1842963045426869,-0.8286066315354467,0.45993449079646587,0.5156669094374268,-1.6600514747627007,0.8344450182610074,0.11358924095712851,-0.43621540929018005,-2.0501472069705797,-0.1547094813170992,-0.9356402713369253,-0.08735829106067586,-2.652180732515349,-1.5338254302822703,1.6576529419012136,-0.7199378095219341,0.4374764589205635,2.549851506398637,0.7430435364499225,-0.8292350419941853,0.36539367150494784,0.008089224095933269,-0.6457378255468462,0.6887160885909666,-1.8612947173542866,0.24682924140870446,-0.9052625787864372,0.18474392236773082,1.7964091460694838,0.05823232146416368,0.4497122789047956,-0.33838336186712176,-1.0306562388052667,1.1085827437826348,1.1400932087245257,0.22754873969642087,0.6748584151319001,-0.3919479406060141,0.5097022202856303,1.671444301215673,-0.4634768149999033,-0.3699996538643416,-0.7744407438323928,0.1727008591387488,-0.19198111090375194,-0.4299350721303908,-0.7168705299469083,-0.745079471493765,1.1225838791243778,1.0177340053434498,0.7258550906500856,-0.07754710033892824,-0.75505127607178,0.9243142441549019,-0.5091530801315929,0.9316026668112495,0.19696095109679726,-0.8663061472585911,-1.5410657662302452,-0.6089272288861385,2.0962517692609244,-1.1591984965688744,0.4352757718287402,-0.1046279838757818,0.005556423363190675,0.25516243872495775,0.5604398582274018,-0.6772400205277989,0.4016900952161801,1.2444669485776798,-0.3319284090782252
2023-11-17,0.46393998404450465,-0.5327391981142439,-3.161581604722619,0.3164014503453959,0.550474069614704,0.9335537781166534,0.4583515928911301,0.6640547433752119,0.9139828131838994,0.13794652720598904,-0.8935081962310935,-0.09215809193376985,0.5109439068044516,-1.8838246380264603,0.7852955690068519,0.09418568070934404,0.23630325660612872,-1.8963741705684372,-0.14576696885835544,-1.357361821231659,0.5167899271407461,-2.442098298077986,-1.375953181714549,1.4038163213660195,-1.2656878298968643,0.9394895452033444,1.9517662262808442,0.9990845181688832,-0.23230802600256087,-0.052635958953361574,-0.1517321962812028,-1.1946152266484982,1.1589786045920791,-1.282631445764094,0.47082695141583125,-0.8335966800204891,-0.2985587722392623,1.843676748655146,0.6682522894357732,0.8648232717458626,-0.4320871958702415,-0.5408118455699235,1.1565798297466345,0.9518570731156577,0.9706585819966314,0.9897390133739593,0.8767658630686993,0.5184694929969247,0.29466824076372833,-0.5863373968017652,-0.258695322078019,-0.4950335355870047,0.5950514726268803,-0.3428595804747209,-0.7824524129428077,-0.8901243684758015,0.13396093294113856,0.8381652830569275,0.7764568754099248,1.3064472097095148,0.2692494510889979,-1.7167091625739392,0.43804016403388646,-0.779582319227418,-0.24882109631095187,0.06752220326451969,-1.9824651708091148,-0.8472644029160011,-0.6487524292898104,1.1923107635243828,-1.6842378344280742,1.1574498283365826,-0.3891206264100035,0.45028458609332944,0.17213634979229298,0.800967586666853,-0.20672753770996705,0.2741851912214703,0.6601988613767712,0.15111191264656965
2023-11-20,0.3982477158141055,-0.858054629998263,-2.8493862385066127,0.3266469658680984,1.054846103549699,-0.1422725649880333,1.4666886118593563,0.791997736108521,0.944712139856397,0.09625150922805226,-1.681294145261577,0.0727321017120648,0.8516729021308919,-2.0806220682973713,0.9671575937569089,0.47748338296535536,-0.3919545765368356,-1.1530864742395923,-0.11335648841979036,-0.40666399391716185,0.5131789325739241,-2.1550387339298935,-1.3178409634218509,1.024979111135653,-0.8230899644757688,0.6428060232549287,2.205026513201423,1.2043499200691943,-0.27763301967948717,-0.37326464403676396,0.6264288602079721,-0.9004632136516083,0.6073066336988119,-1.6806980491734116,0.6855169855595711,-0.7620649525766925,0.01766656666816653,1.2833488274626457,0.6943206235872021,0.6451190308785273,0.0061288687739048655,-0.9892003618392862,0.6436725253006766,1.1471298260191938,1.4075923076956203,0.6169603327716962,0.25225409187446046,-0.5432414335752925,0.5372846485360049,-1.2634704201763551,-0.4424556522335171,-1.2877848252858881,1.562172315261581,0.18205953371530115,-0.4951674524805429,-0.6355135146552868,0.042154611874238475,0.42892958212194265,-0.14559399523347596,1.2774545109034412,-0.3140248767317739,-0.1116973668707886,-0.16683958046385616,-0.4668732187759562,0.4537444071374525,-0.8313409368662743,-1.9568106778558274,-1.016391440388239,0.8765376188645396,1.0316214899254919,-2.0355955815580224,1.2411377538847386,-0.8817890869858661,0.38782254085453755,0.16080278191229339,1.1050647731994223,-0.39529124004540533,-0.08133020178225467,0.9678928648904195,0.10029440825019532
2023-11-21,0.5328700360543549,-1.4608035854673151,-2.3701382668330147,0.20982234115144416,1.0718857871565532,-0.8023966478536751,1.499799192085687,1.0089582070875167,0.9031580876175863,-0.4288875208570745,-1.1242664698978742,-0.1333447452249599,1.1969173854928625,-1.4159175279560783,0.49496119438708086,0.7704994661860535,-0.5278341017983704,-0.9881013515032714,-0.48503992380956895,-0.337738750702972,0.6102915155620477,-2.058625821036349,-1.193670698192643,0.7365185715259288,-0.8049696003304807,1.0825245888193442,1.6812373711246846,0.9086488433843916,-0.9416367930010292,-0.5971748087081777,0.37900396217205534,-0.24122680975881297,0.4932332834065983,-1.8874105384694058,0.6389272805443547,-1.5225221853231374,-0.4229745946362538,1.9427587192581786,0.08964932952521455,0.3333563406533301,1.402420015599588,-0.6318996765556664,0.30152801312434374,0.14241644505174242,1.5567110448352948,0.4035513240849051,0.6829912994683176,-0.5780337798969831,0.6316709929138107,-0.35077563758987623,-0.15625398477372143,-2.0763896672875517,1.589232409516497,0.9072773219086585,-1.2781825377481997,0.4887999998964976,0.009992995248502536,0.40425553018950544,-0.5058319634163028,1.370394429372642,-0.44418076969644293,0.32985113650155645,0.7867109709721666,1.038111441655297,-0.35153230817930947,-0.3084449883088744,-1.8288180791497057,-1.2454179282260274,1.2117469194655024,0.42018759044015097,-1.1159539466184911,0.4692183638317328,-0.48434335904919107,0.5481466032033859,-0.254624207684995,1.802705552414921,-1.0028298426691291,-0.19568379475352216,-0.04360036559579763,-0.48546432433003484
2023-11-22,0.20433605123756293,-1.8807582563170357,-1.6164355889165092,-0.4496333677993511,0.198057744271273,-0.7980826322451093,1.841454952342958,1.059772602790054,1.1729102209617615,-1.5187852433389382,-0.3313468069156983,-0.6947193433949651,0.985835042362345,-1.1237368360053908,-0.6478329048202573,0.24682237739383447,-0.032181539927609096,-0.241558429831252,-1.246504415213335,-0.320702950185237,0.8367611577752748,-2.0607256416620037,-1.0550616208174899,0.1732408081006041,-1.2983534611683238,0.7058933169750835,0.565578519669308,1.0876699555582916,-0.8624225576623122,-1.0019349658740548,0.5553139270830892,0.011443849945309802,0.9554388748154701,-1.0096417165746192,0.5775467974331443,-1.6154731392285757,-0.04466293984570037,1.15223888522115,-0.47728453741666443,0.20892668321299637,1.7304821154782337,0.011815758443908708,0.7644269370378322,0.055483148780027074,1.607689181807351,0.5914862550838158,0.3553329940047754,-0.15732591422259604,0.5377120295547322,-0.5385204216572723,-0.3238347962746481,-2.144050654628807,1.0313014549215893,0.7044465409630472,-0.5983096400002239,0.8555860127791176,0.3776281803932287,0.8208479026892948,-1.3594610245886438,2.363263219723023,-0.5551208665292492,-0.00484722310114088,1.5209827195912966,0.35965277712132965,0.1254754717848962,-0.6595481336490339,-1.532128958227948,-1.1860070078558957,0.5873638695272663,0.27555204763027386,-0.4994735297376027,0.6582952553299458,1.1105640359153555,0.8097894820264266,-0.679011725641471,1.4222229504335075,-2.066089398388096,0.4385520583024212,0.7897731721807324,0.18660085101012427
2023-11-23,-0.2915522724858936,-1.5371093309442179,-0.9527616005998811,-0.32514678314099904,0.01699237930138368,-1.1697499940488805,2.524200756167043,0.6127407472348809,1.4097059255072344,-0.8194538723357923,-0.8227954402683608,-0.544156516787185,-0.10425047387812557,-0.4036708207167691,-1.1390892987876238,0.5721527188018917,-0.17859700296546235,-1.1088260869128224,-0.3685861716080314,-0.21777055835597117,-0.12529370291445813,-1.2991188217456735,-1.289798531131478,0.3457034763827511,-0.6574120704619705,1.2122697916816771,1.1781902927045664,0.614255054712716,0.05792214926840498,-0.898024038556709,-0.40197891283475556,-1.2338507372012968,0.9809899629538174,-0.9947292027652777,0.07477357207869391,-1.0996747289779734,0.9388710384319623,0.8357529894891582,-0.2373767688132704,0.14896639989186994,0.7113967206729834,-0.703155737536916,2.044585223549804,0.05329809180750917,1.074728996348585,0.22290038018706576,0.6631440422806585,-0.29470453220657244,1.4477968838460777,-0.3981903519660562,-0.08009727140200487,-1.5992907288211013,1.829470138915453,0.3930835032819116,-1.009032259169922,0.7403607383053992,1.006031801567373,1.1679829888482587,-1.0382828338112977,2.073315416079379,0.04658819901020056,-1.2079296801078558,1.2067614854385749,0.17131089045899478,0.0018574766419145023,-0.471075933606115,-0.7839634316574722,-1.9829974590212451,-0.005484910071726532,-0.027792397379506683,-0.9091552788886658,-0.0370987370455405,2.262118716139909,1.3443835356550875,-1.0311325538708294,1.2112061324280299,-1.6685451978486474,0.36650347026456465,0.5003223095382732,-0.5939313622237067
2023-11-24,-0.7361388402063768,-0.6966292474974958,-1.6581657049784186,0.5518035881601849,0.18508170287922257,-1.7490615567452334,2.896636630398596,0.6804485253262554,0.32591350744745295,-0.926299394648567,-0.8245607391824881,0.6694951296385575,-0.01188306823119783,-0.3043658418876252,-1.3937004724973348,0.5612008033645924,-0.7961352645701789,-0.5454517174961895,-0.24833056027303052,-0.8815349752585466,0.6095771789103277,-2.24958341900008,-0.8111308741053656,-0.32119811452062896,-0.6624352588908717,1.5452467924734903,0.7419532205251448,0.05895910167311138,-0.682754298749948,-0.5270672429157768,0.7102976010866634,-0.46831278794365044,1.3873225647491803,-1.6007006478600225,1.1170348692039527,-0.4498919859732999,0.5263900571047833,0.31256772373477076,0.15088659522789397,-0.2661004201162067,1.4513531814198397,-0.4010297332274593,1.1987869114918237,-0.08690816733661462,2.2047663697969315,-0.3374816109786535,1.2073841921438926,0.004189613905637728,1.3085823920350674,-0.6514742240118493,-0.9132947204451872,-0.7994745100545024,1.2700052169493348,-0.940879303038641,-0.8836954524853811,-0.08304029235873531,0.5840364516900429,0.40197490953966203,-1.4691612090410333,2.058097406774018,0.10359723798942436,-0.6846989828272441,1.088666819811911,0.2849906447173859,-0.09325764649043879,0.25040508836277703,-1.620084119325124,-2.0430553731548335,-0.019410638391702727,-0.38568480779736336,0.2733077583004493,-0.05988645226166449,1.4529647831686454,1.629278793140871,-0.1998127219204819,0.7164775071582796,-0.8982452020453378,0.48020751679491075,0.41652851133418856,-0.034409297688490936
2023-11-27,-0.3577822310692418,-0.46673383803029445,-1.6718509954383587,-0.37814191314662093,0.5287061591676147,-1.3340257042806392,2.329920391674736,-0.6607100598012313,0.7130925563982123,-1.7256023383658565,-2.061208364762514,-0.4111200098243338,-1.4013390718868457,-0.21223142456002578,-0.02069348544160306,0.07746054169288291,-0.21190229867549848,-0.2759133553294945,-0.4665796039259515,-1.0822689562643504,0.8049924791692328,-2.7683507117755703,-1.1726663448469046,0.2956080689724363,-0.497524190038244,1.6615105490351911,0.7236014699594046,-0.44373507575395704,-0.6412948896477507,-1.410329251530599,1.1518226273259342,0.6976155095742975,1.334954451484233,-1.4310167800199727,1.3920527797695523,-1.9714586839935149,0.2697775453493792,-0.02406674874942934,-0.5254288928102405,0.14865523798849375,-0.12722328939464772,-0.28986314541435365,1.1061958654029218,0.1152718081239325,2.244632376465608,-0.3310229337010797,1.2746354287046175,0.33809464098311887,1.083692354462765,0.6056970319211489,0.07971563925038416,-0.42032881669872124,1.146392087736454,-0.3475849911087317,0.04619773925119099,0.8674174884213759,0.24924002040873497,1.1544795186157644,-1.3571903549489068,1.0284398064647993,0.858169662595714,0.21586664026319516,1.6547835116178913,-0.07249927289231829,0.5265397300154784,0.7372668276913683,-1.1586903979738188,-1.2474013644937716,0.5671899957120082,-0.46724039758563435,0.0841878404084214,-0.10616648219097234,1.1304018295999065,0.11836904699342689,1.2179911183418772,0.28437824211816065,-1.0861591000099207,0.38945862899311584,-0.2645594256032936,-0.3545700561397649
2023-11-28,-0.22724887076164774,0.4949504635197442,-1.3837475246909774,-0.3712120789024848,-0.07290951976020514,-0.07092467906735073,2.1215866628778235,-0.6742999005587488,-0.0785452567644832,-0.9066134110960797,-2.210899090314933,0.6897647983064622,-0.6540685323843121,0.06649717261583377,-0.45210720819442984,-0.02031044427377739,-0.39549197530555874,-0.583517357995337,-1.6097251346825705,-1.4523187098100745,0.30286469762449025,-2.229325030087103,-2.0727635384271847,0.9838660247619898,0.7999701680895398,0.9582020763535518,2.299912490318559,-0.08846890751609639,-0.8995972340434137,-0.9099092507815343,1.1068969872328827,0.29157235510971724,0.596071693178112,-2.0015539782909246,1.0296334165985177,-1.179233977646498,0.9886820825097976,-0.14717201013579229,-0.4892876989923592,-0.5346522110985585,0.24381102628910595,-0.3793568240024722,0.7579179512562856,-0.14899960857939398,1.2150059870155272,0.3523940530631088,0.7768632978684147,1.8536371075532208,0.2175246527265706,0.06300134296001442,0.7861849533609702,0.004636431050299725,1.5978125584218792,-0.8499818698331825,-0.9051103759099453,2.163268306533734,0.5056649415409271,1.1012344955156408,-0.6409220490185619,-0.00980097613006797,0.6025732003959925,-0.1937963378121784,1.7030600062985335,-0.7816283612166255,1.058497204688818,1.141311188123175,-0.442685413790216,-0.9891191525754351,0.3204431677078562,-0.7402556918830083,0.1378247420569307,-0.05208016592051887,-0.21766772222898018,-0.06574238428177788,1.1017806484436286,-0.4076353927540637,-1.2052377532347511,0.21038387357963476,-1.4281814845469436,0.5288028697532663
2023-11-29,0.6581825122458812,0.8338508611360808,-0.698735870760779,-1.1561076417656226,-1.1548259716568055,0.041733026398891836,2.1527815460932036,-1.2110359392442829,-0.6928377730956552,-0.7778844737601747,-1.5924924412870483,0.9652218579936729,-0.39393226306081713,-0.017373915463432178,0.18764650423368937,-0.22005015958944513,-0.2948634052050171,0.05752263766622447,-0.9604494806964058,-0.6326916643309682,0.29607755816601694,-1.7273317599249516,-2.328290450537228,1.2990548587804938,0.3481547610056043,-0.1614582159488493,1.4750393219870948,-0.41502620752662833,-1.980987053943272,-1.324089974532237,1.4867662357965508,0.872591410359227,0.9137066218582767,-0.5123279589901543,0.6358839141049094,-1.5238096862878057,0.6062200720458004,0.2256116123249589,-1.2953579805234596,-0.44451810874345027,0.5719901768983882,-0.10234809733507219,1.0734104675734308,-0.6685562960483872,0.03783427510828863,-0.3496836103481814,1.2298020727630492,1.9450912510423464,0.10390276021115155,0.7888824097866148,0.671560752970375,-0.46220892940670943,0.616324450333074,-0.5947667593084832,-0.11033313248546292,2.527426133039365,1.0792190213057813,1.0466696054574802,0.20627065054284127,-0.44942549707299245,0.969270858053654,-0.13776443421765078,1.3671064494953833,-0.9127538164226937,0.6818417897640421,1.503253784537386,-1.3930618985019274,-0.5630239354211992,-0.8084585570133077,-1.2234936879937188,0.15384520063046703,0.7655770130452577,-0.17776087250015957,0.2821477272231519,0.876476205699317,-0.5269952573347895,-1.1233335647326501,1.0397938998933671,-1.320585204981889,-0.15271031957102355
2023-11-30,0.7189196357988633,0.8404467187206073,-0.737478283475091,-0.22972567065677266,-0.8133758737216807,-0.7803724234505723,2.6264658341570133,-0.8185277023600497,-1.4109355317929795,-0.17528035008640297,-0.5564184382669664,1.368584763693255,0.5881336775019848,-0.5597140699047952,-0.054696037418133496,-0.10693714819345662,-0.14107429011908657,-0.1751250504200212,-2.1379013452973292,0.23343164306079045,-0.5293298836996256,-1.1492522042322435,-2.0677220412752306,0.8502820952842309,-0.034113352259110497,-0.055043577454131756,1.6952580270026874,0.10148111875284711,-1.978429368632313,-1.436520880341259,0.5079007916791525,0.9557333523341889,0.47128494101153273,-1.038195963481184,0.03788925454562825,-1.1831303689062935,-0.0847642220125587,-0.09158695820784507,-0.2581489673040221,-0.33560634711904197,-0.33244081846230716,0.2347156824546616,1.3269156365599941,0.00473680898248103,-0.29541661757527565,0.9193486171172301,1.3845669893217154,3.3009733733064976,0.5607055098624222,1.4079822558330946,-0.2373144495118104,-0.6299265027247445,0.21943765460830775,-0.6357843073387365,-0.7553044800591356,1.7166099180558612,0.7538378228723168,0.6242157366319467,0.4571835128779226,-1.0878552470478142,1.213761699366324,-0.7472121896802177,1.7011346484439382,-0.6621601099881681,0.19051047800268803,1.185556485887706,-1.148974123949133,-0.8796234410475006,-0.7342918409106373,-0.7416906650634896,-0.1516139354636436,1.0014275412420073,-0.8203417646024626,0.1448881707958333,0.09996472404888333,-0.5692595943411991,-0.845238070752504,0.43014478687665547,-0.7000446437678723,1.0394692456835768
2023-12-01,0.8265476251490427,0.409429442605813,-1.1264587669223498,-0.34709389074575253,-0.9560277475928805,-0.3722373248265958,1.1249128498779617,-0.6676015781014111,-0.7363403169579175,0.13549096103590164,-0.2257128481343775,0.9710098319416396,1.3441510125552076,-0.5900273535955439,0.9009618190246641,0.38293434126647946,-0.35777639002687045,-0.3274784161570286,-1.0214584425695539,-0.9154801660682421,-0.845521296591091,-1.7615774877700412,-1.7347788798939858,1.0598270319246355,-0.21778553207500106,-0.4287944404823711,0.551382704989846,0.3712437227474639,-2.013254213329529,-1.574360542778319,0.23212243003442062,1.1718648674534289,0.5718603657703466,-1.0973908292918317,0.1294706153807971,-0.9283518478690511,0.43252230546667003,-0.12822005242290152,-0.5830625095682553,-0.2897770672284309,0.14239183026377508,-0.4752290087270685,0.9184340538893923,0.34365556958931603,0.5531143303537541,1.1593650993675637,1.1014701833721376,3.678645134230608,-0.5191235479233844,1.4309732930672723,-0.25056183982923685,-0.6072916032988959,0.8365220199703784,-0.49152253558428594,-0.7603013477774355,1.1000581354624386,1.536102233364799,0.5345984200305195,0.5018196812912736,-0.3239337174651046,0.6142684755000826,-1.090132103537087,1.576252049774222,0.4028100168313676,0.36960058913825505,1.4406510123674547,-2.2015440359631366,-0.252256369539249,-1.5809291926980358,-1.0004810070296863,0.14590807751817422,0.9233594279303278,-1.870424895325983,-0.6363177577997966,0.12926084719970155,0.4978342067445563,-0.2195482105341443,0.49815242718581426,-0.5438327311572494,1.019018803521609
2023-12-04,1.516094197129173,0.4092010022521978,-0.9108063859647824,-0.264743252029978,-0.520681262592873,-1.1791431586403225,1.4547983928388282,-0.30139660388509465,-1.8311958231580712,0.4139084108209275,0.11332775424994568,-0.24388182658667187,1.0631650918551792,-0.9070782840322538,0.08332588058398155,0.07985722716509094,-0.3710648943107806,-0.1655209915202806,-0.23745465852289838,-0.3139118987437172,-1.0605391549756398,-1.2870305040865555,-1.2028809234862128,-0.5945301310497808,0.3702417424688298,-0.31767214264742005,0.8134358982106937,-0.8289266139029541,-0.8957235363832943,-0.9321376019794891,0.3503995105840333,0.22325891898159064,1.1871643613970972,-0.23700919287126057,0.13372823783759985,-1.8983439439894487,-0.15074527891545908,-0.9702196265629058,-0.8611597026585928,0.6507170529694714,0.13582198769763457,-0.5811179929107433,0.22418837631915187,-0.09595927762558475,0.19809361409086,0.5164505972657522,1.5763833462273005,3.7659442952260385,-0.7500339875585874,1.6036520817420896,-1.2241877753640582,-0.3135481351032365,0.9096128916065915,-1.0831249793878204,-0.686946388193801,0.9618143062950274,2.6856995996178026,2.0443067177298557,0.24886747586620997,-0.6877116291862289,0.6278707666946831,-0.0925142350258855,0.5654606514056422,-0.8994298180792955,-0.3081594492827255,1.7213768479317952,-1.6408387100679476,0.3733330798599967,-0.8202854765815211,-0.7349100133363246,0.23384429994073316,0.8186101432359011,-0.7745323899474573,-0.3331770925309305,0.6184570083556636,0.5150925757629925,0.9629213354958103,-0.0827402777552116,-1.1225393105755577,0.5451286542974807
2023-12-05,1.7227635917394377,-0.12977616218395507,-0.45268771051810974,-0.9359946374460951,-0.5017704930203856,-1.2650723273739455,2.0456355444430128,0.14867103000415852,-1.4709301638398735,0.06939996070470238,-0.37599826183825064,-0.6702321948088973,1.675756210459526,-1.1526337756918494,1.114256276915054,-0.04551006705125093,-0.299322300354726,0.0007377997468710091,0.40275737521925786,-0.6358067883252108,-0.46754682288171345,-1.5666440466201474,-0.8553023957402935,-0.5798569230715621,0.16681727097799326,0.31479499810864603,0.06356235556040828,0.18794667586551503,-0.8075755840349549,-1.5105056722349741,0.9904320951776705,-0.4418516189497804,0.9880982621090945,-0.2920265963846903,0.556078284493414,-1.1354109035462694,-0.6558860600363381,-0.39735921988185663,-0.5469289735840105,-0.19408052190039385,-0.249381014830284,0.7197166606317453,0.22059783289562931,-0.2045580344161858,0.3084749301136974,0.12060501702678705,0.6010076536222847,2.785157330837537,-1.134754117157149,0.8899279186943208,-1.5506964995138268,-1.0003924421349735,0.7096252575198301,-0.4912039549667781,-0.851204922649714,0.5689246543259815,3.0856872113315466,1.0864377615291079,2.0615563453432006,-0.03243777534542806,0.6747850997343459,-0.2637395884330193,1.2607881720254763,-1.088190456581371,-0.34755394042033527,2.2148909316155385,-1.4529434962161225,-0.544463536475531,-0.8857519386626088,-1.7117261687484793,0.48745308188200986,0.4874752780859315,-0.36122326026385027,-0.21128726683964008,-0.20768883216027512,0.265574451429008,1.1658566450727867,-0.22158872863679802,-0.5857068736392314,0.6209531041696073
2023-12-06,0.8288712184453708,0.15961680741548934,0.056966829814715805,-0.7915145248702409,0.9545114068880379,-0.9375141382912914,1.8227163301863296,0.22178688156993473,-1.4694057469096127,0.08602879545751661,-0.5790064908377709,-0.36399060425720253,2.2700143850790595,-1.105729723157255,1.2326385313821038,-0.32254968551018537,-0.2271642892940435,-0.6171167375641183,-0.10295557851614232,-1.05710564536665,-0.9275244040343824,-1.593507986851387,-1.785078931927711,-1.0724331721757374,-0.0030714947638685237,-0.12380207951119124,-0.4291947885141174,0.6956155086892872,-1.2100140818137568,-0.7948907286095868,1.727842956499214,-0.08053323784942187,0.7564962460913354,-0.05343958203547783,0.3863483778818688,-1.5336438968982644,-0.9370820181745686,-0.1936928272776592,-0.54070816558295,0.09102260682541673,0.33015385714071344,0.044912269961377,0.32818300715083637,-0.3025553497399962,0.44485128982793315,0.16816459984163296,1.1560276533586071,2.7552425759872268,-0.43075894354221406,1.081589723409486,-0.8676675008982043,-0.8409744119058348,0.9333509747916322,-0.4095141524353506,-0.7033242129201007,-0.36260044371116273,2.049843146721747,1.9769796195876788,2.299491538749954,-0.9582363699822964,0.1821660546403675,-0.5291134028383399,1.2656826953543316,-0.7676509993195063,-0.20922138718697517,1.342374148748463,-1.1376850004777777,-0.47644420752920147,-1.0547013978970312,-0.9285990272255051,0.2676874665840666,0.8063537770897141,0.7743288052253615,-0.12042937131998574,1.1336195758642307,-0.8269933730439789,1.082097928691635,-0.9344061313634743,-1.0225493792128417,0.022518032191695302
2023-12-07,1.3071521647548323,-0.23990741323697903,-0.7368727427312985,-0.21386541994462804,-0.10980267042555264,0.04827516403547947,1.1753159054765534,-0.18573039306557743,-0.17039699971536032,-0.3050719365705795,-0.4982067422056382,-0.22512752849180165,1.6442416788868612,-1.0595372177259312,1.219295256513667,0.3180947990771917,-1.3271374186327507,-1.0999240838619215,-0.6016581325330186,-1.3127743174786044,-0.5778455593645931,-1.856718377012535,-1.5308482536114243,-0.3313259003811654,-0.8039577283957812,-0.0367009868462093,0.02146506857271056,0.1051136309598977,-1.421662197118071,-1.193821101788825,1.386569007514443,0.02775727315142374,1.2154087089037213,-0.6929831529757946,0.006521066399701202,-2.148280429499354,-0.5113878857947961,0.20009690412755957,-1.0815780463854099,-0.559071060934842,1.1357435137278553,0.27545326131625814,0.9094524551845738,-0.2242958068969819,0.55015032381195,0.21269510637512093,0.33600433333194296,1.755287680874872,-0.2742299718007117,1.4194210645616214,-1.1089775710945093,-0.8157694957041515,0.593519882132954,-0.1684149264964806,-0.15398156181685027,0.532733458920342,2.468856232459391,2.3764929681195808,1.871804251571052,-0.18104649654996255,0.9948639885333047,-1.5002044711295415,1.8588258029784335,-1.2376086701431201,0.13078992751538762,1.4195544443140953,-1.3252481362589654,-0.3308910029073495,-0.7108845246835238,-1.0795695741226867,0.1321218345171632,0.5336287528397636,0.8831412120502344,0.6964118084091381,0.48517929327407,-0.9724821017090552,0.5214913114705103,-0.8233753251256837,0.4690550978328574,0.5011886986715043
2023-12-08,0.7671912675109447,-1.0763925333626299,0.11449513375017709,0.10757001268170688,-0.21928913576449213,0.3216647296716076,1.3531211857213599,-0.10191571251682527,-0.7543059925782076,0.6782693458996567,-0.3700579420877912,0.5489729497711582,1.456016240529899,-1.3332716502736812,0.7336660328340943,-0.6851441822420347,-1.2077740315433276,-1.240717183501998,-0.49705663103019343,-1.2143146901130188,-0.2538705010486441,-1.9483540561909563,-1.9415294396827698,-0.8955293030909773,-0.45083657870081906,0.31338211993529436,-0.7778054034167408,1.13147402412863,-0.909413612270948,-1.1591276817169218,1.5731884168137473,-0.13221571091299725,1.1557871092130398,-0.23916067586709325,0.08049005097336641,-1.087181461565949,-0.42790657184812475,0.36145365713791844,-0.6420509475899471,-0.5573217048402919,0.7907453048266226,0.4503288196753296,0.1435673354736225,-0.6047111882726595,1.0925705321406138,-0.7750462499434169,0.5765973144558345,0.7173971692078628,0.007617133746603505,2.020583026373514,-1.4461133359286367,-1.8952469635224687,0.7031772782667962,-0.3533083323008753,-0.49678865690619284,0.4998199904236844,1.910245210069514,2.476647476130243,1.8613743987855884,0.19423153110362126,0.7334576216153096,-1.5826721151786236,1.8393059714033404,-0.5150573288451296,0.126004298470977,1.3377726756094526,-1.4517922946452808,-0.9805228250946323,-0.24795622735593084,-0.9888414080852439,0.47873261421519464,-0.03708250213743222,0.8151773128823694,1.3473909299960254,0.6008623093823492,0.46315401460177025,0.6260940047416015,-0.9547645996245622,0.08017222405568371,-0.13732141262765732
2023-12-11,0.782154892403939,-0.9002497388834622,-0.5004664611346896,0.8009920325516239,0.4248056019252704,0.751740052732661,1.318776978092223,0.537861461976875,0.004409916785794459,1.4580475299418894,-0.925291000797615,0.1770114213037647,1.0374167541376633,0.13625747358159607,0.7240537577204352,0.2545371186127388,-1.053277228941215,-0.5042889895778809,-0.489300254922995,-0.19947114501902805,-0.20631682621356429,-1.1257752600665394,-2.0524377691421254,-1.1712692067992647,-0.6415613330498812,0.45872664236841726,-1.381381526587914,1.5025447545387987,-1.330440883721107,-1.997756604337936,1.9555058573624275,-1.3877113003485015,1.0444764655437766,0.04725385098964979,0.06862610026202219,-2.340662331342468,-0.4561299736980338,0.731034763804045,-0.2990948081131549,-0.771347823446693,-0.02396215361227045,1.174986969581437,-0.05488144346400538,-0.2510465191838521,0.9581063594060079,-0.05622487264206275,0.30714353358855073,0.16202344696360974,0.36060964344533025,2.476129158938387,-1.2364420577244082,-1.4323278057184607,0.18458864698428135,-0.9578648397733177,0.3904865044756402,0.7580862487244617,1.9637398400115642,1.8230548477793187,0.8527062074279927,-0.9704916720113991,0.46575699421413264,-1.3687178238686422,0.9487848862769113,-1.0280025406385005,-0.6234684031208373,1.096931713715126,0.15636141073461446,-0.1366988351799157,0.5229648033386192,-1.0388365849111578,-0.3589176183280401,0.18444511678997783,-0.23581141412522977,1.6753757886711083,0.6260132836487086,0.7707502040084653,-0.5274515273642262,-0.9483360261570096,0.04467759814067503,-1.1362440295331273
2023-12-12,1.0626783087666596,-0.6123032731207292,-0.534705230224869,1.0531514767615768,-0.49435964183450143,0.4803474327675431,1.3544271851417589,1.2435186054485896,0.39549502734806713,0.9075105831891317,-1.0522452382904581,0.6286477661143314,-0.025544349691989453,-0.49708354411496003,0.40361315417552546,-1.1334612916215536,-1.3160152311091176,-0.8527199691821398,1.0482769432986332,-0.8451349338338782,0.36172206512352084,-1.0806945806030048,-1.3658381703750055,-1.8891995369451398,-1.0085914771148794,0.9850810616008348,-1.745579932710201,1.9993274845020785,-1.4239674119200556,-2.0697125520302784,1.1737837626502767,-0.06554086264530594,0.3990188196049707,-0.16968815103060644,0.46053465134264,-1.7036150388395035,0.6175061900868934,1.2436336796322307,-1.1176539720444965,0.03736019719479753,-0.9194051425999116,1.3504305613350758,-0.7573909306873013,0.09582028843507075,2.015405993400404,-0.8283859291120177,0.8656402216312439,0.5814559989258281,0.5628937308688933,1.4991124914971345,-0.9287155806277703,-1.6349698840626037,0.7892806756718822,-1.390897978417402,0.16377979142681015,1.0239134182663694,1.1807214523039569,1.141100788894707,0.0374126082466659,-0.285613441068986,0.35161962062732977,-1.359821942080086,0.6115803340313387,-0.83566279674646,-1.1600953891797052,1.2463881104996546,-0.18782072095632446,-0.1396535077035088,0.15202680806868296,-0.5848322094876085,0.10522474306296319,0.5227610790556513,-0.39041834466885295,0.9198604946747135,1.6313755950747884,0.8386188648590172,0.07469407416401018,-1.1011800057325496,-0.1544250976499252,0.04619115029143478
2023-12-13,1.2990729696313097,-0.9626217845564325,0.8109947570498468,0.11334953679205322,-1.1427919965092654,-0.503438265353506,1.414908230262071,0.5959739677571231,0.3626992943482112,1.4022212400631326,-0.8347752262470037,-0.2937886314753237,0.9137948477861266,-0.6263093260090301,0.17501739476477746,-1.4660333416238152,-1.601869655364666,-0.7006990817624981,-0.11264958662193275,-0.8204432399927022,1.059391181201221,-0.6847409344294347,-1.021993105838992,-1.793988655131641,-0.6725748045426799,0.5353831581796581,-0.21681472449613254,1.3731979259416924,-1.3999910512221854,-1.3195333081656573,0.27216560191192596,0.07584305702888756,1.1967480914569897,-0.3387428131549387,0.03507478947532658,-1.3893803891667995,-0.23296474903947345,2.6175050298704408,0.023068026677012327,0.9584552942278631,-0.5074333774646063,0.9000121005748994,-0.5615307978974712,-0.000821130237309402,2.6112528990671264,-0.7174794049752257,0.33417486169274535,0.5307047550252826,0.7204363655724156,-0.8760101167276632,-0.37941040554577293,-2.4548133535499126,1.3981570366056921,-2.156776168897976,-0.4600553867873451,-0.45077972680391115,1.6422103569109483,0.7212421462441972,1.214151596656844,0.5267730514015114,1.0620933250995364,-1.8128090459773532,0.1872844215464457,0.18967898936626695,-0.6462773779599017,0.5300042039087928,-0.05349571198597503,-0.0584141222943833,-0.7827576021845308,-0.44659396656380107,0.47181780662613676,0.662751148869275,-0.053035458530482325,0.4659117032636775,0.9741450914145573,0.3727649762857324,0.1482042898193852,-0.6414539459752633,0.9076405055347424,-0.6101842548488865
2023-12-14,1.2573699709332755,-0.46525232997073507,-0.47216234414425823,0.15600078016853686,-1.0072096950218452,-0.5777595892689115,1.5891838447995663,1.2720749056548086,1.0504321920808948,1.146691049026787,-0.6404145933842724,0.6162142750551117,0.19574070984412603,0.34105998050828157,-0.2177581477336947,-1.8818258559512937,-0.9076159401616283,-1.451163761259689,-0.27748670436791284,0.20735100396055478,0.37542613603014585,0.46448756813001807,-1.8691359800852982,-1.2188385427428279,-1.4067179930862233,0.48895020426351116,-0.5562485506592175,0.847905590317542,-1.313731499331471,-2.1115779688086143,1.0834635448471963,-0.6043666291046979,0.6353086474158517,-0.23522507670710768,-0.2899637671764099,-0.519980076678771,-0.5750712750685553,1.900436106312143,0.31308765904054836,1.2771284789777253,-0.5833970638106675,-0.3650903150948785,-0.8381918712245882,0.47346155822015096,2.040966116641891,-0.6335296011428172,0.4662723300048523,0.3550137431126118,0.8965147351025203,-0.41656712197191714,-0.5884008971948059,-1.664638673924027,1.3461785467191771,-2.109201859625397,-0.8414784370277189,0.8329390078030245,1.6610568380125423,1.2975807513950859,1.4106404156236148,0.6261427421927969,-0.18647507454896822,-2.1212131758455315,0.6764638915483163,0.03139079404334208,-0.620364121798571,0.7019866712134912,-0.13461199326715065,-0.07869690918378346,0.05345864986653241,0.5058033812048436,0.3735792549216505,1.3965063289568485,-0.4215175787658237,0.4408685125976306,1.0583732004546493,-0.11488990198855352,0.005891323205582474,-1.049378531938745,0.9326028312187014,-1.4348548223591016
2023-12-15,1.239044030825031,-0.1251002397565137,0.07064706218085068,-0.27506575222507534,-0.7772969945130052,-0.20472795489380236,1.794294296432072,1.5654612486125223,1.1350732018616214,0.017063200743116666,-1.1558326958604228,1.9212711585479791,0.4138003123038592,-0.2754802457004458,-0.15204515287281742,-1.3170103621101157,-0.07406797951652339,-1.4386264626071408,-0.6149633800903348,-0.1756891983162216,-0.0381378005620484,-0.24089800661442734,-1.8113330928520046,-1.1666062186016881,-1.2052708588026566,1.318727661457789,-0.7997577514013084,0.8755484054147916,-1.6784094494076838,-1.3740864903889995,1.3085207504071594,-0.73384630702851,-0.1661295674577388,-0.01147827668079596,-0.3512171740482706,-0.12258668644262592,-1.0261518463966262,2.061845108079428,1.1480410461483834,1.0464368816551515,-1.0870421193405075,-0.47599873685916694,-0.45028337320053236,0.4964555487201661,1.398647412773837,-0.9593255996522659,0.7710194738789856,1.0604346236784115,1.6323787487753507,-0.44693959524780463,-1.1894282526102253,-1.5986676198742213,1.3094301861799846,-1.3163175439690302,-1.3069066179294797,-0.0708277568901404,1.6777338002123001,1.1801043637532296,0.6829362491283458,0.07487424835137275,-0.6922630347279793,-1.5819446332885294,0.8815793792356521,-0.5400925789810587,0.0967571502203206,-0.19798768016695684,-0.27973502319158544,0.12735003068034123,0.6093953768056127,0.1742996378435525,0.8637608019589461,1.1499510440252394,-0.2340562071147168,1.146599058646492,0.23235619274353053,0.025548679458505606,0.18006594275433765,-1.5297500941020274,0.8939595362734227,-1.3120294384736622
2023-12-18,0.7919208677210682,-0.38013555523845877,-0.15977898723204925,0.569310103163956,-0.23527619521458043,1.2427282171423542,1.5905819398841172,1.8629476866142307,0.7821363407613672,-1.0091541518376532,-0.5703054601137848,1.9761659551621715,0.1843313904735401,0.12152248517472365,0.5720063243011344,-1.379376265094414,0.1515958562301606,-0.5784340023122493,-0.43312530479805333,0.2108070518755615,-0.07649529810219201,-1.0651628482216717,-1.5664931854991198,-1.068858023203026,-1.1075910314983914,1.4412534878881973,-0.4303566717381177,1.019082401611791,-1.1256175875047307,-0.7378392996468225,0.8383394033383101,0.016751623198176618,-0.1974191347451403,-0.24219066642167722,0.26164513936808514,0.04558182894910361,-1.1384783765070354,1.4302260089397267,1.4389612023300105,1.041478564420985,-1.1117081273657976,-0.8230691424067498,-0.4108884886907336,1.3239527178497388,0.7584540682354249,-1.6548242365633228,1.190024212495747,0.9506117052911761,1.4758352572853415,-1.025845332780292,-1.8039142659059006,-1.7904198668912201,1.1672223275029636,-0.9397006594512894,-1.0705581275113207,-1.0359455505590638,1.146680371729808,1.938997075843905,0.6205409618191084,0.2340552268174365,-1.0378629701965445,-0.830952637750284,1.280152979796412,-0.877447807426238,-0.5559369265927468,-1.0406318402363088,0.017232431391347704,-0.5759234514557826,0.7179694246654855,0.22717969911373348,1.1024248787591304,0.8210175129071575,-0.936851909734442,0.7808255437173555,-0.3050260235038311,-1.396366976073106,0.6047052751216874,-1.0521333914829158,0.46021629369346323,-0.6293760650781387
2023-12-19,0.7340743576091052,0.4765274538888919,0.3968242909958378,0.5907642636802222,-1.261692431628588,1.2521067870109577,1.7269275732662583,1.236902733250547,1.1676530015921023,-0.47587716277161946,-0.6492627085437628,2.0143885613739347,-0.3185513196375329,0.3933566393760408,0.14325939801873055,-1.8785573994766311,-0.8197123752645522,0.7443497168430196,-0.5975968746327337,-0.3996057656396174,0.23647928202267599,-0.6769073698777199,-1.1690716347558066,-0.6999933301532967,-0.2907163013814835,0.3841273933951393,-0.026350586111652866,-0.0649641383885608,-1.1517235601007159,-0.2058858615652064,0.6800972978057971,1.4631192552634307,-0.1613016224856045,-1.2244875249356473,0.7193094475683498,1.2221369936612012,-2.112115643326328,1.8235748941217151,0.679417994639846,1.1167342808750735,-1.697055254766924,-0.07581579169224936,-0.30123001573629066,1.8092706677460868,0.11876875722249171,-1.8020784858306376,-0.13672314711569553,2.2091471584429203,2.3132363315946707,0.6835038245321685,-0.7359037185440248,-1.8963976853336841,1.003812296635914,-0.3928195894870627,-0.5284941717922115,-1.6656265017961989,0.08384930324159186,1.2336814096083588,0.18355531697497815,0.282379420604296,-0.8266093852649824,-0.6690034245190215,-0.06060058117697939,-1.1287997431013153,-0.7632241178362381,-0.3293780835141894,0.14656415129971254,-0.22680856709805755,-0.02313514735910723,0.5423903422453351,0.636192640977804,0.44563798244214886,-0.6511309881360468,0.506462027765539,0.12062791698504852,-1.2073816142532972,-0.13453249880287746,-1.2786901060368756,0.045022370726106466,-0.8504213054330237
2023-12-20,-0.3761206535971536,-0.11515958633537396,0.7052252195786399,0.700029154871239,-1.3458928298751123,0.1910917822234349,1.539712945004041,1.5908517201711618,1.6591253361039673,-0.5937334307486455,-1.1536514428172921,1.663026462516188,-0.1342873747934607,0.23232828244166298,-0.18685033175668103,-2.204475811947888,-0.2544640891703882,1.0026600796487068,-0.8199842559398834,0.6740349444515669,0.2970602714198017,-1.0344336750389396,-1.8633068455742845,-1.3032939700344526,-0.5003895853097955,0.6846043630548461,1.1336945314741391,0.0448216310799461,-0.6142081516952004,-0.5172552557756114,0.5198299472673488,1.2109190080700836,-0.6099479351287075,-0.5341873151250665,0.7529774089052987,1.5300745748969349,-1.819209511914505,1.18446972516745,0.040747436260836246,0.6841899076720367,-0.4796682125119404,-0.49276527567081185,0.051970207373402307,1.395278816133204,0.2877049539603918,-1.5110025649288283,-0.6453828121739338,1.9488733283132234,3.033485868513815,0.49787967499319075,-0.025160942400113042,-0.937545214541398,1.3883719599029558,-0.6497129494972416,-0.8735914110219666,-0.6656506859129216,0.18081029735489443,1.4541259278125336,-0.2802671883477733,0.1768304814960272,-0.6291276638102435,0.8276742412033917,-0.066822187275678,-0.9210954727363558,-1.7933350572966469,-0.8394571664324194,0.06283082135308378,-0.5210545372166889,-0.017661810231387094,0.2216421291034947,0.2900086564071689,-0.5286786906902335,-0.6555288053684317,0.5162368357787416,0.5372448459926644,-0.7493090877749814,-1.027450754233641,-1.4077654225461338,0.9838026389024541,-0.19736045167575486
2023-12-21,0.06435033445927536,-0.17605512210923907,0.943561353609331,-0.30451292326634855,-1.3316552490577052,0.4904147116027238,1.6913107481368919,1.6050595235323488,1.6476856528912325,-0.5408568340906521,-1.5891589756713582,2.06951625333348,0.949619448475779,-0.006343444237525719,-0.9029330840314151,-1.9445803524140874,-0.36695769831009806,-0.5835246608952659,0.028424446495997572,0.03621966812183834,0.24760772002784823,-1.025306498738621,-1.7884203548991184,-1.3010988524554692,0.01616683341403427,1.2965469678595871,1.495080825079625,-0.4483150278796011,-0.45303346148782453,-0.5719659911648569,0.5839301496547532,1.3823895876045462,-0.6424816771055436,-0.5132786255652376,1.1381023240974597,0.9371559795237341,-1.0616457459318276,1.162340582474175,0.4918412011479542,0.7255767203120315,0.2769638066782402,-0.7941761921275307,0.36543739754265897,1.3318302684680843,-0.2556252510532732,-1.2403423706641932,-0.8029716920979731,2.0106157389822776,2.1299372369852656,0.6164864300453142,-0.034996232917086215,-1.0690917505835502,1.4944689230930706,-1.0594011952348346,-1.2238811643570318,-1.3717197328863302,-1.0318466789201068,0.867255355462742,0.09949894299345387,-0.20759832933232047,-0.7533788485374817,0.3615539429065058,1.003970264821005,-0.36601272728391837,-1.5767437224082186,-1.2711654335132168,1.1686921670910106,-1.3293670969410882,-0.6489808869678105,-0.09609998134524537,0.46526047111393615,0.011974230275216194,-0.4669706816614109,0.12015049035432779,-0.1296024932456408,0.5795672776262067,-0.7785545197628847,-0.5975957133801512,0.9292918788594682,-0.17760858062034135
2023-12-22,0.568588717748281,-1.2721869012848155,1.1358427817349326,-0.06278614257465559,-0.645247203014248,1.301715140709372,1.4911415966683235,0.2959701091981413,0.8554327778964183,-0.43351905396547696,-0.4870166509636511,1.7549649497902797,1.856560230455419,-1.1123605479030627,-1.1525933226940086,-1.3734400672071119,0.3643388179864717,-1.2143158330085257,-0.3773326736071733,0.036059565816293965,-0.5739386467395445,-0.3290508568482506,-1.4734005270610513,-1.7005263785610503,0.2998773081462543,1.3316766521181829,0.5519515114484459,-0.9264579225444198,-0.9042111678038962,0.028071355181067632,0.38932122631700244,0.14344039661756575,-0.717070690895645,0.08074730540757816,0.41864577793272706,0.47143921522998955,-1.405834425525655,1.974011357829568,1.7675761829913326,0.6010457095979163,0.39682802912654314,-0.9711608660922239,0.4452113481169739,0.6552088943846823,0.7933647773299335,-1.2693693591923918,-1.3405870580251156,0.8593970098140075,2.378109365886781,0.33593428540027853,0.9444272310945016,-0.6885184389354555,1.4912298362088368,-0.9941414909773423,-1.3877843780621848,-1.3903172582747645,-1.5351189385719737,0.7149739851409309,0.327357749212923,-0.4323446097671279,0.01142268366105788,0.5327320697688313,1.5811621290920352,0.19864214807394168,-0.9595046497339536,-0.7593135327434173,1.630672834603282,-0.9240861786740884,-0.7031024344057472,-0.18167203284794917,0.5144546415111868,0.7636626948180306,-0.9085647278004088,-0.5886635642898019,-0.800823337740467,1.0372959882882502,-0.9807381219430154,-0.0035368349638422608,0.4031733775782874,-0.7530429406893452
2023-12-25,1.1960276490799033,-1.6087001591513348,1.3567708972853576,-0.6296085945978187,-0.6301511275050732,0.9696356868586773,0.5997633037148564,1.1524958932099238,0.3473825601545346,-1.155721059603248,-0.9300843506626119,0.4819364702463115,1.4243195156211503,-1.1806645722683902,-0.21266077140281567,-1.0118418252041805,-0.18333452392380156,-1.6830682439653604,0.4651514580920827,-0.16316936344906108,0.09512641225801016,-0.4798503487505334,-1.5315226378656863,-1.6061230077505535,1.0109305897486547,0.49231050597861264,0.9203950558864483,-0.04512189187098768,-1.109615823640087,0.780074080001436,0.7728513955016252,-0.386900517166601,-1.2092379169196843,-0.28578375887015717,0.7618077884727071,0.2412701086261361,-0.9214568267705416,0.9806952629477766,0.9637625569975947,0.7579728398035381,0.30515542081266595,-0.27056548341336933,0.7091841754023904,0.9624323394081781,0.15222499813479592,-0.9434330938072578,-1.5735822171667166,1.380578385345746,2.1255682861230674,0.2349579693215616,0.8858507821046369,-0.4664968334403385,2.1376810063122513,-0.9613192969951566,-1.049723616441937,-0.9909314160978854,-1.4781438193598038,0.8962196754109963,0.2929179989799589,-0.9575861043798642,-0.09926981243153468,1.589818129276607,1.9227550681807266,0.42137855028876686,-0.020908786440403303,-0.7475435325350499,2.158108458981117,-0.8684757134818244,-0.5579083860432874,-0.5039055254737079,-0.1726180499327523,-1.0001190532600488,-1.0598554833348508,0.30985064541753016,0.1931414039560348,1.2054555589824474,-0.7550590553859824,-0.5685800215933422,-0.03540435407738878,-1.6079119064937835
2023-12-26,1.1166859628187034,-2.0403769686015045,0.7176483467351612,-0.722227989249442,-0.4860690549712084,-0.3300429998601828,0.23371941062332222,1.1945725570392305,0.8803394939789915,-1.282966049670515,0.026749939814018815,1.0191690502569843,1.0931022485216733,-0.19539852643764166,-0.7440937998270742,-1.5296538254627006,0.07233365190038842,-1.1658679146495885,0.8928361821038797,0.22043344318709224,0.8346530249286351,-1.5904964172692475,-2.038727384593759,-1.7432635117111825,1.4438798615752757,0.7633739821200213,1.603200624738094,0.08860215010135303,-0.9645253240739071,0.6043026693736449,0.9812493815325172,0.053646325485837094,-0.5602461326527375,0.3435994622278702,0.7456836795535658,0.1622199197519921,-0.9612203746041114,0.2902266420739495,1.1958734083978981,1.3290152438805816,-0.7437791995091885,0.10570376944583858,0.5087415379651155,0.6661107071392789,0.5629394166445474,-1.0937368704852095,-1.1143657536957916,0.91282335347263,2.5623975167038857,0.025394834655808173,0.0749779385195927,-0.08930244225232394,1.3422160631656004,-0.6072589474618308,-0.0804491771021476,-1.3089504141422605,-2.2105618814954875,0.4918006729751393,0.6167658854224718,-1.2487536381071664,0.08340275129397169,0.8611953395247861,1.3443667698894493,0.48799680033583476,0.687311175326383,-1.1161154834863811,1.7272693326311706,-0.8783570962661975,-0.397451272365973,-0.022671918134720536,-0.12775714329772145,-0.8705517679843424,-1.1489200435366334,-0.4752312926752221,-0.15865449449673738,1.116192181962834,-0.24681899170576382,-0.22475837471043933,0.2262187809685068,-1.7913190142171864
2023-12-27,0.3001745900415623,-2.39236939004246,1.346040450640149,-0.744033869506516,-0.6415255872369952,-0.23881464904100458,-0.37323410821422426,1.4184546408627128,1.7647865162244472,-0.596007923160922,-0.2606553606782554,-0.09190940652472822,0.9968543937008041,-0.14059370508426208,-0.42112608203664875,-1.6242595836811142,1.0028045022341256,-1.101588461559178,0.5639432861575722,0.3621816040757792,1.613924545406503,-1.4517576829783154,-2.295563519251756,-0.9443616141659386,1.1936712322007375,1.068869743807998,0.10800154125336868,0.04852847270869149,-0.9600104536412901,0.30141550078521484,0.21448946895616466,0.042342068709609,-0.9993289643957475,-1.6416391171301936,0.3034173614459454,-0.8530083127497136,-0.6658971496848023,0.2292239261136565,1.2346047774444342,0.8962115497737726,-0.17327908437986278,0.4885108341787249,0.4789450778289978,0.7477557443526759,0.5835668645752068,-0.916276252434351,-0.690737967178394,-0.39755032368814724,1.8948689187371826,-0.45980252981029557,0.7429897962073129,-0.46644456036014936,1.2377921081011383,-0.3813188620656843,-1.1683030754111958,-0.7762746781684446,-2.6512335431073755,0.40262881132301065,0.532406149920535,-0.03228776863579053,0.19043227801191231,0.6818942918401304,1.3341253442343168,1.2752350241427985,-0.39788387117282653,-0.4582811714133308,1.9216216350543536,-0.6040206917048577,-0.5704274784275141,0.8004434032261262,0.08252087134457813,-1.4044306685576502,-0.968665729936635,0.2981339642552741,-0.02034555221524504,1.4003034343288043,-0.9456619554400275,1.3297035734669693,0.8321206031257637,-0.3450281959272182
2023-12-28,0.38029609867604297,-2.2475434524382685,1.2456116722197441,0.010776441002711008,0.7753611457440185,0.4757701370614332,1.5184950496766356,1.216047153681061,1.0272300132699141,-0.7779560886692038,0.30206244939628435,-0.06965401030056308,0.5950281951783218,-0.06779455318959794,0.06325807509183318,-1.2842265707615144,1.1523488605284629,-0.7714948952093489,0.968284312963521,0.19532453743049932,0.3195872307379286,-1.8608943453143174,-1.7186916096700648,-1.2503050367495097,1.4878232787789958,0.8519671711130534,0.3978303575545868,0.16967955906721394,-0.5690095991524913,0.1353912042889029,-0.10276168075364182,0.20806609241212137,-0.5331209708276916,-2.8026532423334194,-0.1278274767178759,-0.33746420628148444,-1.135579992364394,-0.12001171332425939,0.904434280947058,1.3374579004566634,-0.10905183648587383,-0.6427979406046793,0.6397751744509427,0.927399909819736,0.5992564316994795,-1.9490181411032816,-0.027675618470331807,-0.8477380657118984,1.572604978822052,-0.5625544512995796,-0.023307999061127422,-0.3451837574419087,1.019758803375047,-0.2914256554784618,-1.238380290675099,-1.8600628159195938,-1.894390774661917,0.5036334044057079,-0.14785065904370143,0.296897640305036,0.5178766560731634,0.9898382386356741,1.228567043492596,1.305462741449503,-1.2252598879308692,-0.5434196210508535,0.736557096240348,-0.20432623657639729,-1.1210687321904116,0.5115886016832406,0.38979169830459914,-1.1401123107118594,-0.8375539280423496,0.5953925641066515,1.0720202275375963,1.9714244513953312,-0.2847883974417082,1.1700491605440857,-0.4743533475197991,-0.2387161281384521
2023-12-29,1.3276887224109575,-1.2415145330118413,1.4249076336416322,-0.4320058931696846,0.6432277147251003,0.5351665282893865,1.8257125239786323,1.4815966746236726,0.658246337615176,-1.1161683548033263,-0.8591198715186096,0.17365386841385994,0.2274539232156592,-0.22093737067060326,-0.2502944053961219,-1.6101644575957046,0.9665996376818062,-0.09144830936921475,1.6855206137912033,0.9382492892597168,-0.08483259576279678,-1.9970706488393306,-1.2953161237762545,-0.4986099864524729,1.3856511607155437,0.9804245590418049,-0.012260984032961001,0.6752808769419268,0.09479533806458951,0.2161810566229656,-0.7430010606674947,-0.35549221968441796,-0.5992655646445253,-1.6957331231312271,0.5066031329368813,-0.44998927938433725,-2.051483703552693,0.6703904718809393,1.4619082917442976,1.0883466684146408,-0.5490037238764487,-0.857913277544975,1.1697813754594224,1.2405316994453401,0.2587454229513417,-0.47525118522783727,-1.1705984402765552,-0.8962709411771465,1.1273176198575054,-0.5359144491386789,0.853330396200418,-0.04985682658238382,0.947795175746335,-0.7363637577881462,-0.30079321506683504,-1.7611043244466302,-1.4529973453057123,0.38980688821519255,-0.7864762469462482,-0.34132915998520086,0.8541365532305832,1.3183764955702313,0.7879163134504238,-0.14455544930360642,-0.4744785953518693,-0.9568078327341101,0.40600567365826734,0.020640460642512588,-2.363472903276042,0.38047139252341283,0.9933830646516565,-0.8069483104391975,-1.3944738334035538,0.8729214143407771,-0.47868601673562583,1.534439141795825,-0.779058010877541,1.2627795337609349,-0.22964124375450426,-0.2392800708081033
2024-01-01,1.6104616567517245,-0.48879932324661135,1.4791071790933024,0.10800609586438296,-0.487616405654507,0.5990197945641916,1.3975042136453548,1.8319332959966124,0.4374107949497474,-0.6237373394090792,-1.336126683916057,0.8681637726144694,0.6576488247458152,-0.608458539739575,0.6388399083967033,-1.9547160542636401,0.6747909812350579,-0.042274215123742014,1.0072876087491016,0.8977460156867224,-0.22192506166465442,-2.3880332556931263,-0.983932434583328,-0.3812686950459636,1.9298132846506015,1.469712513433155,-0.42855665782227326,0.6597748024870478,-0.3752772475177246,0.22705610674619447,-0.10939799347935811,-0.3023946765439544,-0.5377068291949837,-0.9846295037325741,-0.6854030518086975,-0.5455103699093063,-0.7759840454470057,1.4561029882307552,1.4998919020284118,0.47916554436332337,-0.823128296981724,-1.0780971985743717,1.1132292904956254,0.3995622220995208,-0.6197312629240482,0.7387385215157237,-0.28363115627906443,-0.9149428706321783,1.5212035901121956,0.12698525903687483,-0.9365131970885697,0.10807381050625836,1.0051178641956753,-2.1771029053343325,0.22148138359355296,-1.4676603081693511,-2.005426631198526,0.40063087677329157,-0.5822398190989124,-0.05257742462450963,-0.34430321015046994,1.0619574854069866,0.24421839202500795,-0.1217173418725737,-1.3869197834358735,-1.1726695897889043,1.2304819673224907,0.43113214982824594,-1.059179034679356,1.180761478046394,-0.15012099956692757,-0.7511184633805512,-1.171735798441858,0.43224349977874604,-1.2452178178745232,1.7191093695216566,-0.005428418252097238,0.6827669271617476,0.07252947816707522,-0.008450937674858746
2024-01-02,1.5889214309280888,-0.7529804514950122,1.1685109963569853,0.33271801483948776,-0.1699197032522361,-1.025994632128831,1.4333503905956122,1.239071434329676,-0.37141768250617335,0.03535435888255012,-0.9355204058038559,1.408333701931287,0.18264489142533283,-1.3109016072483999,-0.6467659702850541,-1.2658689048443816,0.18212388416011777,-0.3937892035174526,1.3443853851067433,-0.3611792167250357,-0.9794120468132713,-2.1548815407034208,-0.48923180330819654,-1.323464487175277,1.7456954797254953,1.5718275341304793,-0.5078072371672686,-0.12145112116886657,-1.1375409211858392,0.46946463250445697,0.29603601470903235,-0.05730475826522732,0.1955908964095851,-0.3445853158784627,-1.3620173438674288,-0.094497842787212,-0.9797380382718546,2.0780337958507946,2.8656697570845884,0.3237544558183708,-0.9972995655651508,-1.288678311940305,0.9335947260933911,0.6917697373241484,0.7414800928642128,0.2543643311291601,-0.341236986485321,-0.8727888272043292,0.42019323301433437,-0.9544025874947496,-0.629197621377179,1.3090716418317556,1.181122989626854,-1.8367563543882497,0.1750084051891899,-0.3600893963303042,-1.4092757764338948,0.11133488485444862,-0.47499981173505934,0.15989268126679315,0.2757486633401808,1.320424098341327,0.37848035886567266,-1.1367982874716884,-0.6157809669923189,-0.699494324236735,1.2261014612779193,-0.044153234006615596,-0.28962201551605565,0.5347495827550455,-1.0621273337352528,-0.42528535350738583,-0.1792096384506399,1.5437725241776625,-0.8204198590049251,1.8000789984511065,-0.5909371414111126,-0.3280977950880297,0.09205029249687392,0.5321956650852973
2024-01-03,2.0440032270435653,-1.0514856634661642,0.5100785691377984,1.049683453847639,-0.203182222071313,-1.7274725943938756,0.46726049839655814,1.2985129113435283,-0.8215692628432578,-0.6443986666704337,-1.490130870871688,1.7593812068597303,0.28290448344935615,-0.12299865638578368,-0.5749385249638654,-0.9589500807106478,0.20241754110116542,-0.5577688672760523,0.1439509227728332,-0.6895609878295377,-1.1675458788524402,-1.6610369791920858,-0.6716315779575837,-0.8856457167405741,1.0821230161833797,0.46959077813600225,-0.9619484546323036,-0.7724253611743955,0.14755947775228645,0.5180357826473398,0.6279998669655249,0.1585553395572408,1.1142562596418861,-0.8550381265528442,-1.2888229603842487,0.6858079989125261,-1.185670246018272,1.3126524795554917,2.4383130192455376,1.4786236946138063,-0.22817997228832873,-0.7200442550377839,0.7001276298780468,0.9056014454158813,0.8352510927106177,0.5926347246216067,-0.5357428720575651,-0.7985132392175633,0.7977644740331888,-0.5471821671780952,0.023828970258946328,1.2097262918503295,0.7407243608017712,-2.2733465861750135,0.07096748692171198,-0.6193262887314613,-0.8675801643564943,-0.050396304626305434,-0.6157331854947168,0.1679883285356532,1.2330497784113645,1.0740995217084066,-0.20019141835517756,-1.0858346228964617,-1.6008238651379647,-0.648904708117346,0.9429479397323226,-0.6934619036513809,-0.7087977511668964,1.7343136862390567,-1.0627139758958566,-0.8550860187030479,-0.09041072824356561,1.6351964941034238,-0.7124007633132702,1.576382389691363,-0.016443863651830516,1.2881887719135912,-0.03283434037678465,-0.06433322033020063
2024-01-04,1.7184272324048155,-0.6155933543295463,1.408076374092473,0.8726843245488008,0.3466832921552349,-2.5341002090840057,0.8345219308492422,1.2414760624039876,0.09445276706831404,-0.7580969651172401,-1.6046670303639294,1.5084386135519152,-0.602066875937441,-0.6123628193005833,-0.3874452242587534,-2.1778093438302357,0.23897455740669132,0.15967518090944507,-0.7493781341121513,-0.7976555416611377,-0.6999032299514554,-0.9470791093017434,-0.5956106760100109,-0.7691926948392626,1.6767366161453228,0.48840911907971596,-1.1141583220804194,-0.3808034621342789,-0.12237233227113116,0.2591153165413227,-0.05581240626195834,0.11901261980278881,1.505873656180918,-0.12049231129307174,-1.1154191040464487,0.2672398885043451,-1.2557899367319976,1.8551547613468142,1.4888639739569605,0.8440323955576832,-0.3163580657253805,-0.3678419006762737,1.6227624491037966,0.07466295264984134,0.635458338709581,0.5703701210515509,-0.6907297082129724,-0.529357556614252,0.11133570581523791,-0.35758821507447536,0.15093004798755202,1.8123876695867642,0.16092131238786556,-1.6861737656455753,-0.18931257341954277,-0.11443392253500273,-0.9391008520212867,-0.6450307421658107,-0.994474064781081,0.1449849056974835,0.7940556104692209,0.3334891140626054,-0.07781795635499641,-1.4010088045390552,-0.8452786249409726,-0.22683038657807636,1.7500338351428744,-0.24692272806807763,-0.22617948301749508,2.3388540173372694,-0.606035335521495,-0.7333774952742278,-0.5427353615674892,2.141603944811222,-0.9034320192260888,0.9255018616110922,-0.48371412102378875,0.7058311062154574,0.10322390927889064,-0.16471281852487868
2024-01-05,1.7703280318306285,-0.8044101803629504,0.9296044417710357,0.9890722063414625,-0.25157307697093473,-2.688706916136172,-0.029854215530934855,1.1397377895033785,-0.038886458450489485,-0.6749037331906419,-1.1614709345304026,1.1954298018219314,-0.4523545294795021,0.050776913676791616,-0.2111042892070777,-2.0998676282158297,0.49437103766864926,0.9858780285748968,0.15373171618469134,-0.3204887123017974,-0.20448551049515776,-1.0536924587237713,-0.16367400344959668,-1.2338912725279594,1.9112533490741737,0.5685309032205883,-1.3745519263319688,-0.8184313452276836,-0.9039263768293508,0.17854254103971703,0.7364719953015264,-0.12639157708944737,0.4585711456128795,0.24108895854289375,-0.6923668004205608,0.6115774800679525,-1.7048407154324197,1.4081919480235612,2.082118414232493,0.10246335174840954,-0.34771060026230477,-0.616521740594938,1.7117559709360788,0.436890087404939,0.2945238567913336,1.6185694572578317,-0.6018790699387327,-0.4143903723364122,0.9686869978706629,-0.1745235490075916,-0.09739886533249587,1.0866158530058285,1.174996865212374,-1.8747218550609754,0.07562621861494699,-0.39057841997116893,-0.9806537110667525,-0.2550034923987905,-0.5880120074618056,-0.9412489883141546,0.39212104153456484,0.82814317333595,0.5079252852761624,-1.3534413520503181,-1.3593343446559698,-0.11847022303343001,1.6938103156872761,-0.45351644702680566,0.1729189265154035,1.9409236001473529,-1.0812071172089515,-0.6373837430306397,-0.5903729091637006,1.316633597269203,-0.9025842665178597,1.0189253799945024,-0.9548178003620406,-0.004814107543496532,0.25287953967074067,0.24877142248117154
2024-01-08,1.0576448218115797,-0.45494372188885296,0.24203576930147816,0.5887500305207275,-0.4726471195540756,-2.4835904849223702,0.3847862771440598,1.1881509765158729,-0.2981805484574875,-0.6337330025280211,-0.8796637156223659,1.4746638526772151,-0.22441231879321719,0.41423149803940856,0.24930638463363705,-2.0329833597349514,0.8288235219286886,1.3162578241456568,0.7322823147556494,-1.2843094919347096,0.19229814887784624,-0.9518206210019934,0.09051544048977016,-1.8152504825861098,1.7340601446733614,-0.043939917641736534,-1.1814153794864746,-0.27599368733754287,-0.5196070008483631,1.1275288855948742,0.2993962272405124,-0.2474572198911231,1.3008934630750666,-0.23480851517038284,-0.6085659101169048,1.2809636446422101,-2.5183226176361373,0.8095818944633997,0.9529548286466804,0.7148827457443226,-0.5275833998942315,-0.7373489664838162,0.6544276555149661,0.22899372759891098,-0.07712473089182872,1.4206685979222016,-0.6152387745799236,0.11880592929614768,1.2686658007580007,-1.1468086827959356,0.4156154148772375,1.4031307205944101,1.1636289570634466,-1.4642441410641152,0.7611280512314686,-0.7487891096735434,-1.385594131089551,-0.04214358517467219,-0.9190574816417975,-0.4547914982220699,0.172831975701766,1.0321112119774596,0.1126052692703491,-1.148142133941185,-0.8704023114703431,-0.896320988021151,1.9037095281950156,0.29487908852142125,0.06455989624367324,1.21711899601916,-1.029611637563315,-0.8844879289151855,-0.42621169163205824,0.9994465563539001,-1.3154466556304993,1.5041269787175735,-0.9354791121043657,0.8437077428843923,0.2760612178440232,-0.04975993556513157
2024-01-09,0.6742802115750274,-0.20773611178107848,0.073746531719852,0.7047672764079563,-0.9629794489616222,-2.6062544437707356,0.623502715986425,1.2690532498576284,-1.1201213094968216,-0.07765456010701621,-0.3422499913801835,1.6119177816102621,-0.9688553785968312,0.04060104964012601,0.14418424271119315,-1.0827955105217553,0.17961698983710095,1.469713872167869,0.25117993818527334,-0.40897691862693863,0.07834146644353726,-1.5204630009639624,-0.17693717372291876,-1.6677243459665696,1.3352137826976094,-0.23732845560487817,-1.2364818978613636,0.5293664844897127,-0.8841464148191569,1.2199626975115758,0.4541631273964197,-0.3899530579038719,1.476222805916967,-1.4462625462532939,-0.2935588326234691,0.9625726671069273,-1.9630463871029808,0.7696785099840544,0.9026677202743214,0.9012187221310652,-0.8447764165968018,0.3496508029754827,0.2217166906466243,0.9056866023268634,-0.717271273041953,1.0195805100628623,-0.381225172105724,-0.16164425194323062,0.535829056654992,-0.890698219474178,0.6748893005700166,1.3403846813252336,1.9123039749568416,-0.8125445993102752,0.31822868672378396,-1.969625749234376,-1.72943750292852,-0.07942968182521375,-1.2854434474147303,-0.5161531933222504,0.1885902619760179,0.9165781070883229,0.07818463057755788,0.1707151153377479,-0.7894712004867024,-0.5782210415404611,1.2348816749781089,0.48084398825771235,0.00050377940600162,2.0156654293019867,-0.8227807231074873,0.08012074080439203,-0.2545521570414618,1.6418554727557855,-1.2528849249316758,1.6620448218177248,-1.0302139415946556,0.5467702892019519,0.14589940828286121,-0.40299658771462915
2024-01-10,-0.033810535563468115,0.0610170063314102,-0.655347529065051,1.4373302464120705,-1.2179892368161342,-1.8348337197837608,0.9544445242217191,0.35279353903376426,-0.834076203374719,-0.06111279152732092,-0.22127339511035174,1.853770258760764,-0.5014077028875039,-0.56620811189728,0.02685384080198925,-1.3074561048449758,-0.18150053659478146,1.2358034471801949,0.3097301670167949,-0.18719226388034088,-0.054766093673241284,-1.077673781527699,-0.48297346393166046,-0.8358027172874128,1.6554846580813678,-0.17178709360605818,-0.42455935343115947,-0.003384040040174911,-0.5687072092987369,1.3221624117400752,-0.17107596094321112,0.6145541761926127,0.9754214760384181,-1.5270834985519977,-0.514747391024121,1.1249900777034658,-1.454664186166051,1.1620021658883501,0.5500095208727507,0.7335802437687541,-1.5297336173636458,-0.3790979754356233,0.1733927950324075,0.6731739731129565,-0.7466317276634651,1.093221201142172,-0.2948183903434764,-0.20346404687053876,1.471657515508985,-1.0483792525355047,1.03365118081626,0.41008419351665143,1.4369795439660724,-1.0718454743461554,1.1201188127624753,-2.133454281734929,-1.6315367809550616,-0.42701266084564976,-1.7573281696581444,-0.5884496836330876,0.5605499794246253,1.197691980511434,-0.35854573392225253,-0.31856398051884327,-0.18855377849154542,0.30945899548779765,0.8158236396754022,0.33056866623660897,0.8510388492203038,2.8759125112420723,-0.4744578079092094,0.5112657222932336,-0.14675439079842,0.6420032627562007,-1.1679966558535375,1.8612806317280841,-1.089074654453193,-0.4820751966044566,0.5396746860407104,-1.350288719755007
2024-01-11,-0.678073306387601,-0.6674877188266004,-1.7468366077586874,1.5327235624325652,-1.0738246888298253,-0.9561108962205477,0.9683222281287962,1.3520626159540334,-1.0280337023671677,0.017233287206579875,-1.2116175686076465,1.383812796094227,0.06504569872561873,-0.6245518350995973,-0.2330881035957424,-1.23580000815846,-0.3295927933585771,1.21654973063809,0.6350991751247392,-0.5376253316976137,-0.1479022800687488,-1.0407868713689115,-1.113327363750928,-1.2555853094423701,1.611429021763392,-0.6830739580327317,0.7273906854676485,0.6285707037661034,-0.4195048369453431,1.3258767324875802,-0.09919328833820061,0.9849403970082549,0.7567885252871864,-0.0896194810494158,-0.6500166736168275,0.40627536616839716,-1.1939937120331687,1.3481620893614137,1.4586970093712623,0.290597919350423,-1.1603570455399084,-0.24450251991456068,0.009594317457139743,0.9750787678926471,-0.4874641284268368,1.4048791605132176,-0.3520590285878515,-0.5071775974863222,0.9053656715710079,-0.8511836620663096,1.4301085895873853,1.0757983346140183,1.4479855362427083,-0.1428171992210527,1.0859050827446655,-2.27263871331379,-1.305283535818163,-0.34103265139165995,-1.2182587872694925,-1.1264948012899088,0.1995755022506398,0.6512057173441864,-0.2787158581116668,-0.4422816702391426,0.786533742703323,-0.14791265015392963,-0.2577468726081183,-0.7291001711984808,0.9858264722903227,2.2559689923241035,-0.23015918453501194,-0.27220406992535806,-0.48549067286379666,0.5546647117164355,-1.3612277972710438,1.8535964722621272,-0.5001786831698622,-0.30807760999379513,1.3702133461746224,-1.6638667160740885
2024-01-12,-0.7357109743991007,-0.501580298471584,-1.110730527368865,0.9181800167171162,-0.7179859663358206,-1.5897294549630694,1.387118696817878,1.6101314904054476,-1.5255069305955165,-0.463504996810089,-0.5467488525863972,1.799259449204528,-0.8719233616521177,-0.19220978775739894,0.03805552415006362,-1.4081029836692789,0.5873057572559661,0.38179991120374385,0.20894060439899206,-0.6735829008052949,-0.24143971187619348,-1.2909216430208539,-0.44058952400697243,-1.1306242072430002,1.07596442125922,-0.4550872842295962,0.4625496250617302,1.1768593191830221,-0.4396452078305473,1.4734983059871247,-0.5229062234772487,1.3660493812280947,-0.3276494455915617,0.06573479164442056,-0.57950859106963,0.652491348196519,-1.2027704127284908,0.8577992357444545,1.3225609031093226,0.24698120295745915,-1.0413184250221341,-0.07750275192655456,1.1819297635246742,0.281151982052936,0.04911929249008293,1.2304129660738228,-0.3915820449918359,-1.0107001292608369,1.3352334545412408,-1.159630826505153,1.5756808103026532,0.5712228308554125,1.6663242847229371,-0.6256964329586696,0.43195125018483105,-1.8495222707915122,-1.3260093398548427,-0.2190311469558904,-0.2714714986676215,-1.2627653741528055,0.19625257594499107,1.2327447591159113,-0.11413119647441393,0.39063225721675676,0.9421558001580842,0.1765753928236384,-0.2659363240384033,-0.5604382105678397,1.4835185858701403,1.8027653012781377,0.03582339026847525,-0.33887570726001265,-0.07933402076579506,-0.24691118002078755,-1.3858492652495382,2.110705519921432,-0.5567933902530168,-1.1481721564896283,0.7133019697426213,-2.138651192917958
2024-01-15,0.13532452423104915,-0.27336044799928194,-0.6869260721858862,0.4016137878782944,-0.45602938389756814,-0.9197110964854505,1.6954159953898134,1.1992293547590809,-0.9774697203894309,-0.9088179732815937,-0.8163278058697245,0.780360487006592,-0.8054692447824888,-0.12338715776863515,-0.6300651955971676,-1.0631443774990912,0.04081149377070386,0.13835662790178338,-0.36238172083992093,-0.14666410668794172,-0.3986626041618638,-1.3240643127588965,-0.8658471267419565,-0.8479696263832962,2.055830182410109,0.8604810416624726,0.0841074847039485,1.0264021901042217,0.12325715633472872,1.7555032322945643,-0.14221999561817528,1.696372026121473,-0.1711737540765575,-0.26228679061741095,-0.11601672375169243,0.6178579420968744,-1.1866614551788623,0.5361861764548184,0.7718910237981953,0.38136382642061084,-0.5837345152821115,0.6433032428313425,1.264132442497617,0.2592137525426561,-0.49724360979954213,1.7393259342979945,-0.0013298080943334129,-2.4485028421062167,1.3233849556755874,-0.8220436089489476,0.5114441219893252,0.6394224844819224,1.6928490516498533,-1.127258982786403,1.3141966918100751,-1.3964833146002391,-1.6684318573298031,-0.764621258671786,-0.5315573668226635,-1.3901054569088456,0.3552379674193474,1.1399671645714033,-0.420456454737841,0.2579476710787677,0.8012690683543223,0.0789999510438562,0.36920907291959165,-0.8074604991996985,1.3364942453134923,1.301758930666065,0.4406013648017212,-1.1902986927268884,-0.3007112309509476,0.0980958005715393,-1.2488847675988717,2.1454672089991664,-0.5775108020163897,-1.2159313627968082,0.5588008587381317,-2.0942634116418826
2024-01-16,-0.4843116861934794,0.3436600647582174,-0.8386738188125354,0.7064190844941926,-0.12230055449277559,-1.3916649970331132,0.9328700020342587,1.279690367765197,-1.0340741928143862,-0.9459137275699336,-0.7017916068978651,-0.02390609069159979,-0.6499794779357007,-0.024238464967099582,-0.22207386599137532,-0.9668239213320446,-0.17989664229553687,0.9038362212768425,-0.18857890810341096,0.3306814634457884,-1.28574685473243,-1.685183461178775,-0.3797610124033182,-1.0949126008859493,1.7175999723749642,0.4425368255747208,0.6250453829512638,1.3175699336530995,0.1824853517696597,1.435732105630599,-0.04815584591683823,1.3135776173413611,-0.001845549556036361,0.12799174564902216,-0.039251392774253865,0.6844129160733022,-1.513752291368522,0.685434941085664,0.7875173016951343,1.1523888747138693,-0.999685272585621,0.2017731196847113,2.253315927573727,-0.46899706669876945,-0.5293205464521091,1.822370214619182,-0.6124051578612797,-1.8083377114066408,0.8029929518155465,-0.7607128258350685,1.3086880121178726,-0.3580463476208484,1.3669612317784805,-1.1145992758307488,0.5032812411952282,-2.336647831709284,-0.9294105628410534,-0.40661556681707084,-1.0965121579853572,-1.4818060526073864,0.31633837495276657,0.14224576984733725,-0.14042838120869516,0.6449264567836,0.8087879759500818,0.8716977312904288,-0.1832312629393361,-0.5833939726834357,0.9121636817797286,1.6224590429710677,0.6489164243508264,-1.1345017596066171,0.34200111212175655,-0.4043359090604675,-0.30511234549835736,2.4246297750576704,-0.14481265840369695,-1.0421412768354201,0.44149217954141584,-1.7406004892843412
2024-01-17,-0.13669451295311433,0.5264335362938865,-0.41318335883890583,0.4594050247622923,0.3959999683358184,-1.7213536618784702,0.8267705004107281,0.8811090282673512,0.035131238111469044,-0.49537909106849193,-0.4613767075477978,0.5061675102941819,-0.8016436989853996,1.0593372095105322,0.18338743275698458,-1.1136951834919584,-0.32265624460517,0.8266992300443051,-0.5412755536536992,0.11901587772462073,-1.6390463758194338,-2.416110246541091,0.4309154622677307,-1.0131907869906762,1.3390123173251418,0.4263212906553805,0.8553379596720526,1.4960645620503914,0.39770309334161785,1.7379802747312327,-0.15614437349005553,1.68047860406502,-0.1858119300144616,0.5716636573151566,-0.8851169342649905,1.0839695715979867,-1.599778624114324,0.10030612703520474,-0.06047442969331774,0.9633435708359688,0.32789450289987526,-0.12192929185112251,1.7268190643669175,-0.35741023536482,-0.572674074450159,1.4872458233547752,-0.6190582421267735,-0.5550524285919679,0.4864347877884246,-0.41402968258078987,0.5388347741664756,-0.7327349621756145,1.5910259199893475,-0.7781762837970022,0.8098274317677937,-2.333506780977248,-1.0150116646699798,-0.8569704654696103,-1.534963026243511,-2.14429164735247,0.24869188405273504,0.8661401007485725,-0.5745058915837185,0.14837621270831383,0.5282492972972583,0.9004111448517373,0.17033062831280774,-1.280022650941997,-0.6422525175652937,1.4144313348471962,1.2223265116173805,-0.9667057858469745,0.26167493184369695,-0.23995859503964825,-0.35427995876477775,1.8051398275009773,-0.1598237329170827,-0.3747082581701244,0.9760462997137812,-1.821455634801077
2024-01-18,-0.24368806069929425,0.26876097390396764,-0.6551220069989694,0.21312412269141076,0.34848770105645177,-1.7970535958694895,1.1773574626518262,0.047861186855911814,-0.09188307268329869,-0.04772909761033099,0.48899676367744643,0.9082996987513025,-1.1250421203467231,0.5038946452954983,0.4413697640888222,-0.5349403862823131,0.39846592676759296,0.500028792207924,-0.3930254254548218,0.7749894369205605,-0.8984100698120023,-1.6596118929075434,0.9943360337756132,-1.443970762165519,1.026904785775954,1.559355933498474,0.9006754056152863,0.5473038582370577,0.9638552410562209,2.0835202455567434,-0.46226153599130865,1.8541405297608646,-0.3325626389150629,0.25827816493163686,-1.6049288453866193,0.7372609626591327,-0.79175025590517,-1.3545766014420055,-0.3587770750240475,0.6814190468001062,0.36400780913495384,-1.215442403907106,1.6658742668797752,-0.5414759528433081,-0.532713609584658,1.6349677612975624,-1.5036508716805594,-0.6630506200320594,0.3938494503141794,-0.023299791299701344,0.8776256739713899,0.42822333955041225,1.0906960060167914,-1.036172791834055,0.4462034821645544,-2.083501461757952,-0.32632110581825663,-1.3249809084143322,-1.5674222237116455,-1.4568467336930513,-0.4269701808511935,1.053740495326103,-0.4831122774297832,-0.1411628067030373,0.17318055725359194,0.2847593236626396,-0.06144814310184453,-1.499222824704327,-0.3231856279173058,0.5082911038601354,1.2997761788448683,-1.5187103513544549,-0.24846658410401518,0.6758290161317508,-0.3678730382203656,2.2611383168062367,0.6969208106236138,-0.3864812743672676,1.3291288227771392,-1.3360540703267054
2024-01-19,-0.45253792545355853,0.2792533220740373,-0.7032593510369232,0.8763650853746637,1.03424506210847,-2.195329678988076,0.6425308847727172,0.22376424171965603,-0.4561656285619949,-0.05527829683553249,0.599050741043352,1.2921554430310616,-1.1702346591503905,0.23487449702198618,0.37494636285694344,-0.38257492310094204,-0.44470025380802825,0.03740077132534058,-0.22434841854848023,1.0797764868917046,-0.25113899015465707,-2.246749465462771,0.47242249852383894,-0.5748952630699408,0.6564999588267901,1.6826077619585325,0.6715009433790852,0.6325593148510076,0.40560411667646645,2.3177343986179353,-0.8668678763553076,1.6912011831284577,0.13125129196151386,0.45134994031515074,-1.5109895544034173,1.065553751573094,-0.8156535349334806,-0.9070920717936167,0.5072922141515812,0.061854653908656236,0.4343470561959647,-1.2749299823538525,1.4961335127491366,0.11080214884795878,-1.210124559162457,0.6126718397602152,-2.1787693476459626,-0.5807945247932497,0.0884062510287883,0.6764799347992696,0.12719621702059156,1.3070311007720476,1.2248608734816901,-0.5729406463021353,1.1081099065033457,-2.702988144153287,-0.4708003152597089,-1.1805225621273605,-0.6657532665986451,-1.9522742680400316,-0.21256010095465774,0.5560349594793412,0.2378878948959906,-0.31193220958717766,-0.4590217878102837,0.5819332698180139,-0.20698722479375647,-0.5281610966557128,-0.23578196927378828,0.8028464027033879,1.4046672238506526,-0.8641385110081288,0.2856393572717007,0.7060359215867965,-0.0477410870062054,1.2753879535134605,0.4588460758972082,-1.1192797494444977,0.8126488934230227,-1.6964444750626078
2024-01-22,0.21930758104327472,0.06844747265454901,-0.15987166527001667,1.0781442656431053,0.06854664389650572,-1.3967345049786482,1.2889021470211892,-1.083068813963412,-0.2992094965503451,0.7259078637194463,-0.5011555149366006,0.5895988635870799,-0.5786936509308229,0.2660696465698949,1.0197762227706124,0.07289929457920902,-0.19929765661210858,0.037395919855280006,-1.0161192753012611,0.8758567515722577,0.4521962541279904,-2.145037365853508,0.5916914879849794,-0.8839528881488256,0.10080484167664625,0.7340157180911026,0.938955371696517,1.1503548815913203,0.6506362490673147,2.364153493185532,-1.5048728006244265,1.5034600285785287,0.09124454077384903,-0.28425549169644826,-0.9046248898833185,0.5972512084449029,-0.865320878514673,-0.39372892629499917,1.0735711588680565,0.8073217017609038,0.08253853737724495,-0.9041953369169826,1.515870708488513,0.37400953266579245,-1.1389359424610153,1.1761588519983261,-1.7954084610913226,-1.3914759718313519,0.4333175095985401,0.2606283457490149,0.9954721617421355,0.5924724268076222,1.794873685712185,-0.3640595424914457,0.08816736870995225,-2.385610625544905,-0.8252429431035609,0.20861964666349608,-1.1627642595437977,-2.3794242273046873,-1.2192760269282985,-0.01044710888645983,0.6570170038171773,-1.1305975741476149,-0.049490116142976465,0.44586548458066744,-0.5555122920765971,-0.8357489742935329,-0.9922289258121236,1.3997814776191775,0.47633018421403556,-0.5302602342763021,-0.2789927175347446,1.0001612512836817,0.11250634300299939,0.9679493882686899,1.8613139622055788,-1.5221065388586137,0.1591231909540593,-0.2809650314131907
2024-01-23,0.5828287284143183,0.28543290233543794,1.0378515840175249,0.2009020656804514,0.07376470078327522,-1.913147278381213,1.2246391470952163,-1.1169669718209283,0.03498818886705068,0.1718119895117964,-0.8331387264047834,-0.45074036695536734,-0.3062377809025083,-0.3206854300973171,2.163221182015089,-0.2836675200950366,-0.4391342193838539,0.13214095700004988,-1.1973749125947142,1.1402245636606856,0.018938811721347475,-2.2253967748377614,0.9573148113479859,-0.5718252736013412,0.35796420908795745,0.18501876919763072,1.3538365459286337,0.44583913313774176,-0.4830810125622349,2.094192778362165,-1.2810870340609566,0.9482381138960949,0.48804466433895666,-0.3858846743295328,-1.835784114906771,0.17049034047577363,-0.5756904213960847,-0.48625152766674223,0.914013733430168,1.7002128335739213,0.905117531344937,-1.3049128179918885,1.0815015309389606,0.9588913395954995,-0.7585799208245433,1.6265655643302952,-2.0229190564593074,-1.362761855457582,-0.7670486208463877,0.5465492137502589,0.7630275585218436,0.28469604656277586,1.715628242070315,-0.22318205068385244,0.5071206213137835,-1.9625571691693047,-0.32220784713774075,-0.30408298951749335,-1.446634286508674,-1.7334884545540215,-0.16426392683571983,0.1275089382562979,0.4855562787591737,0.1519360841415569,-0.24680082236253006,-0.12527007123979508,-0.489614658777949,-0.27518161561135024,-1.2346353085519892,1.2183597882855162,-0.2905934578458091,-0.4292621544193987,-0.28236385018752463,0.9455176842055254,-0.6781214882536378,0.9615830175571973,1.7865529658923307,-0.44239091317004015,1.0466220586539934,-0.2216778416558466
2024-01-24,1.5718170564864582,0.17194116387789915,0.47170612342457735,0.28717703354402324,0.14313506970501694,-1.2197810383282175,-0.1080106805537318,-1.4576252957327287,0.2587745907779466,-0.17524801338789028,-0.7627691585949524,-0.49826817302615006,0.22715534411432572,0.44488984293152106,2.1050307729371394,-0.03195965472145377,-0.7973786993399348,0.7100229562497413,-0.7351894157418262,1.2914423951404175,0.6584098673973967,-2.023436574176944,0.6529317822928812,-0.8903595866684936,1.155217606060203,-0.3959588091658051,1.116978030058967,0.2560179710387658,-0.8885461972280002,2.099317712938682,-0.6726585080863963,1.0396305637172687,0.23345802548235928,-0.1364191611433221,-1.5897254138244086,0.5296620681132912,0.020839990137149506,-1.5100933037193314,1.2557548400632184,2.7511790390339965,1.3861010394676128,-0.655475643500406,1.1524030381119845,0.4081007439865783,-0.37944195247229023,1.3666171860470782,-1.7666443524487065,-0.47417400772697305,-0.6566603109058026,-0.738181365782564,0.5418320769543243,0.236483380695057,1.6651392047088514,-0.4462750375772461,-0.8391821866449073,-2.1418550409388795,-0.7663127469087191,-0.8359281597637558,-1.4710454685779,-1.2664284204193192,-0.6269688008252114,0.7093061368271859,-0.120890152607487,-0.10536065402005583,-0.31272830405285995,0.02837511426023084,-0.36861813885649963,-0.3362659112714093,-0.7964944478718478,-0.07923858312847527,-0.3055065132796482,0.4142976793641587,-0.4300497603219198,0.8637489744851258,-1.2965368795400407,1.391305308560283,1.6908026428808036,-0.5940613065310819,0.4668320920955926,-0.07008263455452007
2024-01-25,1.3920759974126258,-0.49752810369090245,-0.23405958177555414,0.6926405188358327,-0.21557267936166427,-1.0273899061635947,0.2960498953779511,-1.8336668858338299,-0.25315502046332217,0.9521071146375575,-1.0356571242605355,0.35764295536135754,1.1669053071914817,0.4318627934044687,1.4644549707813246,0.31813420247650587,-0.7077042174016662,0.39609870307044487,-0.3734837624939862,1.4079701763382697,-0.40499200938698965,-1.074282626773031,0.6481584724223438,-0.8093156596020894,1.6360807681825769,-0.6793806033969004,0.3116066499753229,0.7301289380142575,-0.7394348100513471,2.532988811521203,-0.9659516946540794,1.0546412978264517,0.3010144494687661,-0.010827557183637945,-1.1441763687337487,0.595576754173397,-0.1276542039250099,-2.0911026681210356,1.4252649339761767,1.1518589044565073,0.7911802520388044,-1.0752984718772083,1.3552632151719037,0.15124645622738872,0.5844226628110032,0.7459349977344507,-1.9393163700558247,-1.0014760877480071,-0.9794622652182914,-0.7425438433002659,1.2053926569328643,0.5127697885256766,1.8687920385871841,-0.7130356310124037,-0.2733856325616083,-1.2481224037366203,-1.0289713742853797,-0.8555234947769617,-1.4420257481771828,-1.6308628484064651,0.1752663169227047,0.3287080498530042,-0.11882570244294635,0.7782217192111852,-0.25704777084363295,0.7299529413945988,-0.8868955527565122,-0.21713938379573564,-0.9469682540765346,-0.4381067708024343,-0.3894741434857454,0.6842286270720402,-1.0485837686239352,1.0040875812727907,-1.2902342278516459,0.5122244189610031,2.3044310500043497,-0.28611411195931297,-0.3615673825744667,0.40093133601627073
2024-01-26,1.5088349359291466,-0.4553558563595733,-0.5426467773221898,1.4834459510671802,0.41618119474201704,-0.20484982492356982,0.4184046542450776,-1.7900664070551424,-0.7138324607037927,0.8834787286466202,-0.30107820261150225,0.2336432757235263,2.195863074868811,0.5918766031515056,0.8737924174835873,-0.07852759296080776,-0.1949016776354624,-0.42372150168937645,-0.4103792472212594,0.9480534492321738,-0.4877027426333506,-1.3594996448954122,1.1835871876273716,-1.1526144271821102,1.6073700810926739,-1.0983102785017202,0.3681467754537404,-0.02215980760934614,-0.232157993867838,2.1965555547605593,-0.6840355181624801,1.1681209756533355,0.06148602417371973,-0.4096405977495353,-0.7118996717869329,-0.4705363775755755,0.46002991956730876,-2.038788756649038,0.45603163254443024,1.2140529525980033,0.8865641896502746,-1.2491735509218715,0.3944097241016152,0.08244669515508382,1.0156336475045369,0.5906499712570945,-1.3468101411343958,-0.5505670518460789,-0.0456367817835888,-2.190624957601443,0.5848801144239373,0.5919076902958773,1.8222063452114048,-1.4071246334696512,-0.4075687240783498,-0.4778588287554267,-0.9271254121127862,-0.6238769124766548,-0.44647115784769015,-1.5947307677774956,0.653066656042645,0.5641681640400246,-0.2331511246538337,0.6174383492622799,0.7154629461981884,0.5299764050123297,-1.6315706974388025,0.27196044485522664,-2.3148656487933663,0.25479788446504226,-0.8578720259542943,0.6261726228010471,-0.8445280606920769,1.7001438896219885,-0.8883414314619023,0.49990890553225137,1.3771621008797725,-0.545481326556395,0.040693089806592836,0.2774793757741166
2024-01-29,1.8548878436793375,-0.8350048045855367,-0.9762581598976743,1.389209338906793,0.20345453723701246,-0.9685296585010693,0.438469024539029,-1.0643702279620508,-1.115729107569893,0.005112109719329752,-1.1157171326750484,0.11682072155078303,2.14870711392968,0.7998128447262619,1.5229726655132494,-0.397819335836715,-0.032322187921050606,-0.38286081161244173,-0.5176569219002352,-0.5412162281969306,-0.8919156760897783,-1.5300041752847053,-0.06259463272301251,-2.39859366211761,0.9263302768456977,-0.9640952699999051,0.6158899135465336,-0.4803531152085138,-0.2897430436320343,1.9369533397027208,-0.12121103865308704,1.7658101874865906,0.478738361049817,-0.696040709974737,-0.3253589613290758,-0.12636130575169907,0.442234538829142,-2.2907243078507924,1.4040696422783636,1.1861209111993263,1.0964318110451692,-0.8453775666331643,0.301005501798258,-0.6186381932133793,1.1130294855663754,0.740976185026618,-1.123355659376232,0.7129781756468455,-0.32833738848637434,-1.8962895020489519,0.3431867190662801,0.5070243659981192,1.4281636247492466,-0.6178472784640234,-0.897877734213125,-0.5636456757770599,-0.43002780316556444,-1.1241064083415253,-0.4159786880810809,-1.4989909357391187,0.8303270399417109,0.8355636431634292,-0.13715827626932384,0.3930435194093571,0.5192239418064002,0.4064073129765582,-0.5647126755769104,0.3917503085637922,-1.5416566036220196,-0.07483586749160559,0.004817914064352199,0.5630639162780626,-0.42282522456502925,0.7558294364902517,-0.058296927484235615,0.791895264465644,2.2736645486551414,-0.08061497121855567,-0.8449593392951279,0.9660371088847234
2024-01-30,2.003125468304746,-0.34193362838033003,-0.5295610066094443,1.3268200884773127,-0.07146227462061717,-0.4148202306879393,0.19263162028616587,-0.8753253468333344,-0.353582479939185,-0.6202199774423091,-0.9817430577925337,0.491102162869053,1.3782793597530274,-0.6957460958370421,0.6187614663973539,-0.9740925212288599,0.8396821261946624,-0.8037889494505899,-0.5138058162597595,-0.1703697090058956,-0.2140695185860439,-0.8238672127612806,-0.06929307039842081,-1.6943470849951594,1.3586201357021621,-1.188190143659038,0.6516769377332454,-1.2039260848831421,-0.7532162264703011,1.8734859578953191,-0.8685428601410843,2.7663276813150444,0.6058047381099763,-0.8694912406903037,-0.5511835479757221,-0.9466314242747159,-0.5609263760959793,-2.3580050498067933,1.6627353459488408,0.22047865884191703,1.4387626693253652,-0.8223948540112402,0.39235276606670527,-0.6556600629234479,1.4537972254794742,1.4656957742609011,-1.166770717390739,0.9759268417079302,0.16434142003726607,-1.6393433566368838,0.43170675143398113,0.01760531763703858,1.0418979679952702,0.323571648823379,-0.8862630259628068,-1.4748907857389404,-0.8703660969826664,-0.8809361295657103,0.34857341420764437,-1.299530185571351,0.9738016999236717,0.510842986537974,0.15676165113272902,1.343721056828325,0.9101432269382145,-0.9072091212751145,-0.9141849653750028,-0.14506645359954615,-1.0230902839028566,0.12742409910575936,0.8881722891832387,0.3843785186770539,-0.2862306585237773,0.6107046115926865,0.2593515415429362,0.21579146882262254,1.4420507554078446,-0.2165194173702859,-0.5391200630451973,1.3088096622045535
2024-01-31,1.5501084445677262,-0.06258173790992227,-0.1142406750994421,1.2451114980694078,-0.1490152082845826,-0.36596674714490623,0.9613300010300572,-0.28587221483425757,0.38460981765392627,0.5437690761883965,-1.4769821390572928,0.942313261839831,1.8194785277647683,-0.03775794020528902,-0.02905242854746413,-1.0440459943900324,1.4638177061079658,-0.6132587393195146,-0.4439866583930176,-0.1771059903662677,0.5494859996683992,-0.4808449478449646,-0.42575517052883066,-1.2951227520628859,1.2007764231793698,-0.7716621331351413,0.7317624812930061,-0.46814224041571484,-1.4424441789823763,1.6708533910800574,0.19458929713151332,1.8303283197053724,1.4903858148877442,-0.7814458705818762,-0.18453042160859978,-0.47115414992839694,-1.5348749966275976,-1.7561492382445563,1.4707623337155384,-0.04257163369407398,1.89114365274572,-1.8327061615731028,-0.0782721171201342,0.06426452537371805,1.5526063875135085,0.767407744872784,-1.356822893041179,0.6330964852457994,0.30588670686100417,-1.4925017403706984,0.19848200646671013,-0.14043753215738772,0.4563766602450006,-0.09101499600919603,-1.3359778093931374,-1.5391890390215692,-1.0071858769133593,-1.6325946129896851,0.024776694642356413,-0.7169176112519113,0.9247238166582898,0.4435422279553316,0.6805246085797113,0.9531478959706199,1.1629627354029963,-2.185102140589531,-1.1889477278656675,-0.9014801534452086,-0.04511311554602722,0.02770920330910743,0.160802997199592,-0.28384656667419716,-1.2026539708330268,0.6371236734963845,0.4103335755059982,-0.3686127746623217,0.9581275729443071,-0.3336827782353143,0.7338483912971169,1.1512538687305256
2024-02-01,1.7624498960195618,-0.35691098365404944,0.04891937874167585,1.1849003131013003,-0.0247691788383262,0.061876343792420165,1.4747199597192417,-0.3447987227263494,0.3142110798950449,0.49011197040874455,-0.4850612112803635,-0.19831976003345853,1.076284037734233,0.49216515680475337,-0.4020658250687515,-0.8991148425965951,0.6569664582685174,-0.9206529032570804,-0.2080035991173516,0.0801366472863636,-0.32127324166478755,-0.2842504806902536,-0.7434545184953886,-1.2173296262789366,0.807116421286545,-0.5656228208430941,0.69302210679013,-1.0672238634490814,-1.637460958993101,1.8966336519916056,0.3732955510902414,1.1954900016238477,1.8935944669630218,-0.28909813687808417,0.2991063785045193,-1.1320871074519754,-0.3586788639405561,-1.0125081534173341,1.8829276162887814,-0.32850340575723525,0.8932236140234047,-2.086722099253073,0.40594559637446426,-0.7783859700703329,1.885882452192015,0.2938904960974428,-0.8230097480126959,0.5499562664706167,0.16362589258667565,-1.3308624851313526,-0.5204174191448004,0.9327456886350978,0.8000852285872238,-0.7116151273457693,-1.7712056165529346,-1.0379536947095218,-0.692771164475909,-2.0943439173370297,1.3156072818853333,-2.2233099455184124,0.5799400186031831,0.21017909805699628,0.08679699329456671,1.5462222879518832,1.0185601499111216,-1.5689899433007106,-0.996641263674661,-0.8260491224103897,-0.19030507689352044,-0.1259875610275839,0.5342458226236673,0.9117431877033063,-0.9810961973838367,0.6932601560407338,0.08669661984999341,-0.8956107699591248,0.41014746545697073,-0.06062459754505963,0.9714358265430877,1.5389723449805377
2024-02-02,2.0277173909585167,-0.4085881042217808,0.29670942375026166,1.1026395235193167,-0.8646545593462198,0.6446469400562168,1.6952592271531621,1.505711423785433,-0.24279178130797896,0.7109496862826054,-1.0583323631661345,-0.3671509419073151,2.009468406450561,-0.756068696444505,-0.337656344058725,0.5092639683879139,0.12299491188708447,-0.8055435554715056,0.2977074231372977,-0.8773792919572754,-0.040091529598670364,-0.6461654676578651,-0.1342582212655799,0.027832923310093904,0.5425959513943804,-2.279806744016515,0.9477251652871287,-0.6467759238559275,-1.1039106423421574,1.5630969514567468,0.45068580977948924,0.969072356618957,1.2883113427152548,-0.18614924214689588,0.13441445257017579,-0.5912818962654329,-0.8296019760726467,-1.133004967488075,1.8152755021541371,-0.5310260404835294,-0.14074155184325254,-1.4591955736439526,-0.05440295710465155,-0.4155503882042891,1.8659387356522732,1.2748307980709859,0.2665501044697964,1.1609574511296674,-0.3712043813506732,-1.3015106634312574,-0.3034114568195608,0.6760052305342942,0.630700990262184,0.03865802095099893,-1.7525000162195183,-0.4457793273103388,-1.415944840488119,-1.7337399077751257,0.1066107798873589,-1.3459024083360434,0.303221454589147,-0.3825060999738746,0.04479090515582436,1.3711409366096252,0.25696508853748556,-2.154405811715145,-1.2543481169015516,-0.22273096514642857,-1.1513699598969172,-0.08425120884782923,0.22174117603675403,1.422213490709152,-0.7823577634589572,1.0810973299141724,0.5602575904981221,-1.3901027026377566,0.7138784274977096,0.06208542677361185,0.3458915220452147,0.9365801502008697
2024-02-05,0.7337685459751122,0.07885778126251274,0.2856874611067761,1.0389584830796297,-1.1422998475286976,0.2403864231892221,2.0388564213675417,1.332913144204765,-0.2417670042310503,0.27909232336656825,-1.255826169436065,-0.7049692898890326,1.5800785584059855,-0.09888476086895892,-0.18073006296215896,1.3567871265914448,-0.0720588782559818,-1.8604918539876232,0.1124146122575902,-0.6940410248605574,1.4569963459572155,-1.0247289855656494,-0.6664920969661997,0.1874014944661435,0.4611701961020303,-2.269672754737175,1.299808452524871,-0.09020579825762283,-0.7327422911613963,1.4385178879761504,0.21300099179971957,0.8089105561071359,0.4238220731807651,0.48330038335522196,1.2832586517226252,-0.7253040101607628,-1.1814610704703874,-1.6605759804821028,2.0177492765842406,-1.2643028574771085,0.3810951325768393,-1.2098579417846207,-0.20342413228491119,0.3895030422605109,1.4782960196365802,1.043061992274274,-0.41636283209785885,-0.11457378676547768,0.30177634471766057,-1.5718364317365883,0.15931083206978705,0.7250557143863984,0.3695131407989973,0.1383318831495729,-1.7360261198304825,-1.1458830491089564,-1.5502899930838643,-1.8653864454517122,0.34249951024535175,-0.6534478065642557,0.239715830989488,-0.4101430764499904,0.37500922760271826,0.7462971963808572,0.9840179146136839,-1.0735387489971968,-0.7509838211396732,-0.37667110734625414,-1.2841258511272529,0.07804794518378175,0.21604491821024846,0.876234120595162,-0.848243725524067,1.1192159386634792,1.1691738656213853,-1.334205492724491,0.7293649239825898,0.10119818880117218,-0.06245730418510948,1.3595115301574878
2024-02-06,0.7004969732372718,-0.14300510074198378,-1.4065820267590665,1.3774852851618051,-0.3226083653209155,0.9585160816213478,2.099539248060755,1.2170556487372868,-0.30825016965526597,-0.9237937922772045,-0.9572210075620188,-0.9144318815650001,0.910162087664241,-0.8036263216947053,-0.7797484059823444,0.41513129097746737,0.5567898366013323,-0.8200628772344875,-0.18988513314830735,-0.08653230605298627,1.3650169147992177,-0.12382902392049336,-0.3957982038292713,0.6566311195073934,0.5282590089988114,-1.9396708237440388,0.3375819183394441,0.2311498013376125,-0.8208308634972631,2.3447379051069244,0.6408536360990039,0.07235264785218641,0.3825443501187215,0.23382819755971462,1.1009650496338106,-1.5995818251667342,-0.6334197756239643,-1.3584452049805729,2.0549974127257644,-1.2078993779611782,0.0018331957445076046,-0.21867209934282034,-0.8576832658410172,0.5492766141714389,1.9461890998615226,1.5811829019464507,-0.5092810243497703,0.3679814073282431,0.1836050093638201,-1.9226038156088985,0.47548938560764586,-0.34421230811636017,0.7944505391451298,0.652467127921669,-0.8618692960182325,-0.7057192435718984,-1.5554330128946212,-1.5597580358881964,0.21458798392763226,0.05801620467719685,0.8029696258270033,-0.4862021884536471,0.5217119115947528,0.41011474391438124,0.8286812074226553,-1.0182777709557476,-0.4381234018254205,-0.5812090203202607,-1.8400781694751274,-0.5698260145557711,0.34680844386354304,0.38931895304356534,-0.7919510256435089,1.579376342623624,1.406955522530142,-1.6558996947935576,-0.36506913824300985,-0.568388895534562,0.002883161148516641,1.2874861123466752
2024-02-07,0.016106178302556104,-0.9131016872194886,-1.8097584670679716,0.8926689500428028,0.6917149490297707,0.6145895385659731,2.3777863541377706,1.5858277495836255,-0.42077335231610635,-0.7733395766615171,-1.192790837004341,-0.600268367074035,0.5495803366797124,-0.0990965961601251,-0.24355600796333388,-0.021595027255846392,0.9282464013806226,-0.8710413992371728,1.0753444470578695,0.2902605697241593,1.5987313235385665,-0.5805843008576229,-0.8693061628649973,0.49190212291346663,-0.14752687133839404,-1.1038357606014797,-0.8446746135382647,-0.43902262251135427,-0.30228726183475424,2.1944857768994854,0.7635911187324864,-0.5155942124019305,0.23278832090227689,0.34249713113081126,0.571484692655979,-1.5275042765383933,-0.3732803183009242,-1.6555134973151708,1.8119977716112112,-0.7096364143816684,-0.12097897577132985,-1.7310729680954726,-0.19927835243010436,-0.06007965713551466,2.43473360607551,0.9105075573576373,-0.45762246135627516,0.7561794007521891,-0.3639392835243349,-1.8296223543086831,0.0019530824238906386,0.4287346144864285,0.5274521391572793,0.2571277092524981,-0.8634860100695553,-0.3679723961919821,-1.2299913833521705,-1.1309627803651514,-0.7507887043601846,0.6274336141483613,1.0172442642858537,-0.7208827548868376,0.7673884929610991,1.1569835269370323,0.9661207637920243,-0.011224358098921637,-0.2787768803468589,-1.6200361494954467,-1.1192306953860953,-1.1032960399882192,0.9828461467546515,0.6485886366427165,0.24390783633854785,1.5062976832166086,1.521209287925714,-0.9387479639235098,-0.9659334929857696,-0.7069031386508811,-0.1018171483978647,0.9024194841688663
2024-02-08,-0.09825867627135852,-0.9218163420786544,-1.1436989196614187,1.459625887338071,0.33627605872709604,-0.012554450771478747,0.49882385420349934,1.9286610833834503,-1.2624039320039477,-0.1813003610683784,-0.8988595445006322,0.1580274558819182,-0.1713793396880501,-0.09051398181796343,0.5781473096769363,-0.02565146463576858,0.08465034963480156,-1.3884635496039097,1.4633545402982433,-0.08744014100793059,0.8662186863514937,0.7111161694166782,-0.5115866674682101,0.6933043504631831,0.3428278846221624,-1.8461178853176718,0.05005952132510537,0.49266478650641593,-0.6688287444876211,2.040229825925521,0.9895652606550446,-0.41491701454939295,0.4272407339879244,-0.03719360046085814,1.6637746735930423,-1.2137701513522903,-0.6063575133724444,-1.931488666983911,1.8929282213542127,0.15391479525239693,-0.926496696762875,-1.6447199217356023,-0.6816660240324347,-0.7228965347629673,1.3680825260375689,1.2418059728158282,-0.9446809725233732,-0.20546741807415636,-0.7067171341329632,-1.2888034471812249,0.14864566882346508,0.015040924518856831,0.37106757574459626,0.5607555813761136,-0.26509535553358987,0.21808088097195125,-1.045918761793343,-1.7103393198256704,-0.8671368718488113,0.9890206834034473,1.7248692508602161,-0.6819358210200346,0.5014504949311408,0.34476845497022596,1.5438696909952696,-0.5355579236074133,0.7894492340966495,-1.6154621367247195,-1.3866712161883752,-1.9008782136182594,0.4988808525027428,0.48427439412124795,0.026479296572878966,1.2256232288565492,1.8893963813667414,-0.4927104924009425,-0.5025167555632387,0.2737725807682078,-0.4427251033628782,1.0342519454638703
2024-02-09,0.2556547489194023,0.037136645704510904,-1.745602910481977,1.362070998791313,-0.04961751850853865,0.3019841122646388,0.4993900914200578,1.9497773955350008,-2.379384937032128,0.34454021433763965,-1.0507902214909013,0.20342150526102187,0.17343037287493235,-0.5563723101740403,0.6586271992813442,0.20950663467109007,0.14507657656467657,-0.958638064969271,1.1640324053883935,-0.9405050188079981,0.3880378666015093,1.336507208868966,-0.7270014533025914,0.9276156118541232,0.735828041801423,-0.5145258243415766,-0.024075648500579874,-0.1792459717575878,-0.35723374846565153,1.1535101065449997,0.7557733671563145,-0.36384920699266493,0.2606710472674427,-0.18888698287402272,2.011623921279199,-0.6458125370731176,-0.6377019570389406,-1.8322871698236796,0.918596635748082,0.19347765972821337,-0.8256502060120715,-1.4627769117470866,-0.05610771584865403,-1.2890569960988036,1.8833653268929145,1.139362986958372,-1.1711844405397878,-0.5799234693607983,-0.38261451186698375,-0.1630700555081928,-0.9933183512686413,-1.0802972217702316,0.32973354665984694,0.4332487343600762,0.11246772109685782,0.613508046662039,-1.798456808471469,-1.3974822064093662,-0.9837115949507382,1.3065244524581308,1.4860434443231818,-1.3689882078653932,0.12272390776401224,0.6773746246858983,1.7210998049869355,-0.39962759698625183,0.2276155920304965,-1.6618063726995644,-0.6724615158018118,-0.36141476763855473,0.6812891297191233,0.7820604812499461,-0.8195201688856798,1.8918591244623992,1.291732228385056,-1.3241080569863852,-0.05463056487694232,-0.10358931351102317,0.12733853982877938,1.287690476351337
2024-02-12,-0.5947846805217738,0.28196631935655403,-1.7954025104460185,1.4018541585734705,0.18283764375716732,-0.14621789229061635,-0.26600663307186484,2.0723471679087595,-2.07481535082775,0.27339054777958455,-0.38886970508970364,0.062045748195650424,-0.6953432953329155,-0.33915474770217924,-0.17455511489157977,-0.06017531701416521,-0.5495676365236523,-1.58868261492015,0.0891365756066394,-0.625923087344342,1.0389189872914362,1.3493488366095945,-0.6491620409026322,1.3769274047802114,0.22034585288487457,-0.07723649546472745,-0.0018070218970183127,-0.6597711136857489,-0.003692038795622448,1.3558750003694549,1.057766018892824,-0.6954480055649175,0.765320140646207,0.1558149470413717,1.3508245389851659,-0.2023804913634173,-0.0870003616582416,-1.9371532173397192,0.15650343806218558,-0.0024070597283875495,-1.952840592005196,-1.3005257573703544,0.664482110981269,-0.7530607655221447,1.7556667941794781,1.1776826079295575,-0.7709189143047439,-1.4243778813233585,-0.132160937537057,0.4581069674531845,-0.4818215368143568,-0.8473056189814152,0.6118158055932003,0.5726389245365624,-0.21117387391575715,0.27838436407808453,-1.1620678996616816,-0.6677370714372334,-1.3706778531582462,1.053024067761228,1.6938810227587004,-1.177168723559823,0.40981091107472045,0.5110471150509958,1.6555621695724176,-0.5787380915429999,0.05701371699839005,-1.8991933139589325,-0.523300804211757,-1.126386148742674,0.6355194451287938,1.1860974629142371,-0.39004588569623905,1.8483712646178447,1.838986972116028,-0.9708014850675293,-0.4707522117717404,0.6857939719046197,0.4044326048973411,1.1370701726725811
2024-02-13,-0.7263940859647433,0.5698733304881942,-1.7122728572647503,0.9402403611353709,0.26632692492815685,-0.13892686554990388,0.2044573550149687,2.1386377243035253,-1.8061809552768857,0.13406716828967347,-1.0651306446108666,-0.3356749760617596,0.1076433196789248,-0.133415834594123,-0.6907419362545242,0.29639489661396096,-0.8379826134010016,-1.066311366564086,0.5956878160221535,-0.39844975995862913,1.461247489313128,1.6454075154051373,0.14233136011115954,1.3871572161518766,-0.12258927648326096,-0.8189552162539006,-0.7811995928570514,-0.7552390473396331,0.4807389004838104,1.592449512819643,0.47581130322769394,0.07170050453805009,0.38173422081537917,-0.5340953637239622,0.467973053134253,0.07149293794256055,-0.4150495405460324,-1.0912271788989012,-0.17457490699474468,0.4497489001857537,-2.4961852531819275,-0.6402991451083659,0.46581174211804566,-0.4899706808708662,1.0828693933735032,1.0046685226647363,-0.44297314824863365,-0.26099344335018515,-0.8282086236279128,0.18624396199068416,-1.2250701892765063,-1.6807140262639757,-0.2503700879456571,0.08908046343932974,-0.6445683923126513,0.7923707904336623,-0.9304026506187836,-1.2525591736124788,-0.848982372298718,0.6673428427482283,1.57434062733236,-0.6484235484913811,1.3917050675323634,0.917045647050573,1.0592788248527534,-0.21692497502519045,0.2097326973529427,-1.445027034295872,-1.406089621894157,-1.056924461932423,0.4638430465351984,1.7352124553524695,-0.16725427431518947,2.7130943041523943,1.045085569709083,-0.9350106770068783,-0.9621037654594481,1.2129299326019325,0.9088729808110813,1.0328168830812468
2024-02-14,-0.46739980324638575,0.5415522304499558,-2.116984097568922,0.5407330336762043,0.03864629482436045,-0.5569780670822809,-0.13876875213195655,1.4444363937569444,-2.138563637128444,0.13173073393909396,-1.6443216477954254,0.11034061516313852,0.32920287268525955,-0.12585070820468278,-0.940826180740934,0.9689889351429638,0.2410242537307792,-1.0471556437328158,0.737234028767429,-0.42632073450893837,1.4588051690897759,1.4551420623358788,-0.6277537870320881,0.8478692931601216,0.336089166877872,-0.2602600270180805,-0.2544581542759028,-1.3284014864950564,0.7641775062939943,2.205971321085415,-0.6419227578879221,0.21331375823980958,1.0628963994444147,0.12059319130430765,0.39798707535067795,0.30537629229929497,-0.38458922151172614,-0.5077632371660382,-0.1321645748788545,0.3399094893917864,-2.111268521292023,-0.9395093085190275,1.1868606163369606,-0.9272355820154694,0.20248126330492155,2.3042354371351395,-0.5158298534654874,-0.17588533967868394,-1.0530027094593029,-0.00552715721669816,-0.906094607908878,-0.7102954322014731,-0.4655706049385427,-0.5001056836509433,-1.683054735754272,0.9169967475053957,-0.8691896316477926,-0.4774422819629718,-1.1938617550122872,0.20143919368876517,1.0023543763629208,-0.21873491497899966,1.1203891285435517,0.06506210469242393,1.9356988705844793,-0.11567935805749556,-0.14519238113702176,-0.8197914923878633,-0.4663732304426704,-0.4267933293812671,0.28586945666195485,1.725397966524448,0.2455325260855958,2.4265486799541662,1.2696694672568998,-1.5743804864380582,-1.1453638452712105,0.37840865021112435,0.8524174875633236,0.47528267180334316
2024-02-15,-0.6949660234369839,0.5888399207917145,-2.091055622169762,-0.05714418903932784,-0.5035583329859071,-0.9383268183577252,0.13947068345081268,1.957408373475434,-1.7132869183257058,-0.7790510988680093,-0.9696363423567198,0.023641992634199634,0.4994445447793807,0.3302207644432254,-1.3125819881668386,1.213341537205864,-0.4265937737195695,-0.24562033011896095,0.7154813298922914,-0.14812490750989712,1.8596503725080942,1.1990180052435022,-0.15648965802216508,0.4766725431152592,-0.32757970607145587,0.19522479159380313,-0.75225011259257,-1.5670102739135348,0.7149677872457073,2.0558433385788777,-0.6004577124829529,0.03871533788671312,1.0237201731377732,-0.010623740625661815,0.15545288047010877,0.11551390392839717,-0.8053250171040052,-0.9838926421924347,-1.0549953382062074,0.7920563560842158,-1.6537367794103142,-1.0789249963572496,1.4251273396909128,-0.7189411734887932,-0.5635076261036209,1.6016344177658361,-0.4485625632219586,0.2769218615309847,-0.5045039939340664,-0.13114129559860857,-0.7793573960724945,-0.6025392848346798,-0.7396855698821982,0.058836326838073744,-1.129132606627035,1.311395396138598,-1.0826409007143905,-0.6092155278662034,-0.6857839280339156,0.3907671919718562,0.72913207675766,-0.7204773330823765,1.3652943125881203,-0.2989670140136796,1.9620222223030197,-0.5068061935563958,-0.5623253510988517,-0.13625062564421786,-0.26215301962998666,-0.4414935827655282,0.9760919601009033,1.3556671363045913,-0.4073060469079359,2.1619861438658625,1.693826418429313,-0.6883411463180664,-1.5918437288650336,0.18442145153358064,1.1829453151135052,1.7114540228958042
2024-02-16,-1.0193868285107188,1.229665043187117,-1.9222264211994406,0.12398855209260849,0.01336413670623929,-0.8696514602602837,-0.1697487457953793,1.2798605514025168,-1.4594445343159133,-0.29719609489501286,-0.5835883485087341,0.6892104465612733,-0.0706219802616389,-0.06886712202987479,-1.8312776316627166,1.087089838279742,-0.2291410453167457,-0.6225861771001622,0.29387699607361245,0.2766700535414589,1.3905243917039858,0.6237302148220978,0.2991612445167741,0.20257071466145987,-0.6693994477587858,-0.10281876951695423,-0.5711958306204026,-0.21108364969138055,1.24743542797528,3.3345099276811556,-1.2351441524327427,0.564832649103526,1.3287305499708566,-0.007148765563272029,0.12986267888019246,0.3995900485626752,-1.1785091666230918,-1.3110522526830202,-1.6148138546652426,-0.13545464760757453,-1.1913507875952598,-0.7969805053336239,0.6695619939253766,-0.5611658676105515,-0.30336088039349385,1.5611268164259715,-0.14690932179239583,0.4292449938806425,0.058889109453844436,0.018937555803700632,-0.9875365617807698,0.17106519733166958,-0.9658927678128397,0.14633236699688956,-0.056926057914196006,1.18896596245954,-1.7640731835282715,-0.5695121355943593,-0.4295119176222418,0.15903291508303222,0.25930728620068877,-1.5035904693199378,0.4458833225093157,-0.6481871343854365,2.027293903431807,-1.1194707637420622,-0.25443138914684094,0.26430895133436516,-0.0510070845710813,0.3537225817385199,0.2618064879168201,1.3258319567195662,0.03514344835671127,2.4032664711100167,2.0107959254623617,-1.5255216347763263,-0.7242921387782298,0.08276764620576614,0.573602187041892,0.8185169836059399
2024-02-19,-0.5682458287979083,0.3098292461167688,-2.002673953828369,0.4133110964823583,0.42409412261810353,-0.2791769911065727,-0.17379473328218048,0.8658031754447654,-1.471132470850745,0.5206307588362334,-0.5106031361665712,0.3941621838999543,0.049226972094704786,0.08350357246223591,-1.8483016528427085,0.7235697571227068,0.2782358496221141,-0.6230407592705228,0.7882074886918273,0.3287182550672122,0.5483879613164041,-0.8120887811919761,0.2795701824690157,0.02559493512786041,-0.4378453939735369,0.646998222589899,-1.0401497832063873,0.19440263842619093,1.3829651860453802,2.886460157812494,-0.659739663732747,-0.4331764361567271,1.386391565383231,-0.21675155583247613,0.816222992962648,0.7077978131103579,-1.179934639358124,-2.102180914409919,-2.3063455793354577,0.5338749428872691,-1.5092403602478335,-1.5538848580307298,0.046513383522923835,-0.34357831336266886,-0.11452206682419193,2.0053568284553256,-0.32685692741000505,0.35635305130771566,-0.03582084296674384,0.2526531112225516,-0.3842335453931123,0.5538254368808413,0.05297171503022535,0.1274006370538716,-0.9246534608566901,0.1949841860487578,-0.903555510872478,-0.6417218639711372,-0.3378721569089005,-0.35295859610247676,1.0220211513407715,-0.4916513607216579,0.5038940117477154,-0.6316605172206576,2.568008094571926,-0.3100244185359661,-0.9707269370156496,0.6685751935953541,0.17065225880613596,0.5373436535057481,-0.06096328510116391,0.9396496402974175,-1.5667533410256067,1.8102099130713594,0.7684224123322888,-1.4010396488777277,-0.38997285503675855,-0.4800301096510878,1.401845618216588,1.8282638758789196
2024-02-20,-0.16076928754640396,0.7154843377396237,-2.3323771025330835,0.8588363657290815,-0.12785037111080919,-0.9291136814345315,-0.45681321607107295,0.391111857290274,-1.2317403144341654,0.3084811608994157,-0.8106619957627244,0.49933082711164933,-0.28315352222940593,0.2915433080636968,-1.5372143429141656,-0.20428056553512935,0.018754805078644535,0.08533521079287551,1.028790087116175,-0.14086542525095025,0.3783659988882544,-1.1683049005155297,0.7692939689242239,0.1054686298824099,-0.7084692508391237,0.8622206995483994,-0.08022084356861818,0.2805210454970644,0.6602846065401335,2.802836997789574,-0.4174757998116836,-0.47711834132750575,1.4593219918374778,-0.08862804760278903,0.5794031936567177,1.080260903138445,-1.3939036279383468,-1.9804968041140936,-1.695823849846681,1.300792784049825,-2.352634470843909,-0.9598933563953891,0.08875869730707961,-0.34809801424934556,-0.29672952753113335,2.2741257642248693,0.24119605962076357,-0.30228828697191046,0.16528992150948157,0.8006017695312777,0.020165252340613286,-0.31581318393486413,0.4471228684727448,-0.3598931412479818,-0.6733552011018606,-0.05813943761350371,-0.5654299024300856,-0.5811089077952974,-0.6447301657003711,-0.211310767234811,1.1180686525202348,0.3098449974021352,0.054418635538299294,-1.0449116294510221,2.6060196978974277,0.3778239358140141,-1.1984733979015765,0.3682065977270973,0.045625789452488456,1.290396925174571,-0.30375631414923254,0.8156832598282183,-1.9871955477862175,2.0830185976137607,0.27537280782304485,-0.5798966089384457,-0.45845144852257225,-0.19460551948181018,0.7495208153595245,1.0542962949365444
2024-02-21,-0.2462530202770772,0.7880913130685574,-2.0055448407066536,0.17076736232707954,0.045768779854017054,-1.8421135222862717,-0.4298535405691152,-0.20080053488627433,-0.5718519958013975,0.8997566889773851,-0.3656481987789664,0.30849322754616093,-0.4114107077478741,0.07654094744696446,-1.0379683659024572,0.25317118585094534,0.2692049088096465,-1.0239565990928305,0.9480414059494793,0.1743369572896387,-0.11140854739573111,-1.164255863991581,0.7812248823765654,0.2019217943045554,-0.9064435696226527,0.7492433480254408,0.1623221786051062,0.8308550545142369,0.8204987805155237,1.5673984193661807,-0.156504270065265,-0.9575530351502418,1.1223094835251664,-0.5393145334384688,0.6763526548643779,0.5695271981305956,-0.7613365519858858,-2.3739499348566833,-1.9840414281958532,1.0841802691256976,-2.3585941314306087,-0.03388713152612761,-0.337481079093859,0.08136471846419557,-0.5188835114612336,2.2111386949049425,0.1993361821780691,1.2351516550576258,-0.026372213213084222,-0.1502816757497286,0.3065606161758175,-0.6738900062143687,0.7459437284007676,-0.24227073130900145,-0.7701008341186669,-0.026945651813721248,-0.17097389367421406,-0.5242012770666152,-0.6841672226406652,-0.2961916515410036,2.0079990956902734,0.4864733686364574,-0.44141743010464746,-0.6805270061442215,1.9371441784725854,0.021982193169708147,-2.407905149422535,0.44606054869391676,-0.05661126421806731,1.6836888478670773,0.3643564451350681,0.9865914716533255,-1.3941740609243254,2.329829363170889,0.9222660829450604,0.205169250504432,-0.9074410055775598,-0.3687224778992613,0.5700899494955725,0.9200952348056929
2024-02-22,0.001990827579297618,1.444206833046292,-1.356958699881629,0.9252241263521439,0.09119549682823594,-1.508156276225114,-0.04192890552677269,-0.09208826499868758,-0.060992316767494066,1.6094983067015163,-0.5363140218281428,-0.0936245125790174,-0.6768877430442518,0.6005483701542842,-0.5145383587422235,0.5448731731611322,0.531948520092371,-1.1583425823554805,1.5971950901284069,0.7370156676683346,-0.35536640305413303,-0.9876390377247225,0.6216395162094274,-0.10467946246763375,-1.6177638565940415,1.038117706790436,-0.4559012297753428,0.42322610150734175,1.3999842212945777,1.6324595981410763,0.1047979995266103,-0.9554401955855036,0.20646142007839946,-0.4733343170522831,0.9412339770092671,0.7363653802101922,-0.9496369808735451,-2.2871545168287692,-1.554054102747225,0.6578688038295785,-1.8848240492627135,-0.3537293648277639,-0.003084179944009038,1.0555197230221027,-0.6224532449022625,1.9791005016372627,-0.01190933556716762,0.40041361285718136,-0.1504450612751631,-1.2079156912608053,0.6635314401631383,-0.7168480086380247,0.05489570242382784,-0.29065438614696393,-1.322694935936846,-0.3181821529792147,-0.6569806428469442,-1.1151072891471099,-0.7964404213424328,0.4810564057692431,1.9116712514303913,0.43735621003173897,-0.37590435671059375,-0.9094879423701218,0.9195436566187355,-0.6273604721808718,-2.0396966734300075,-0.02415544713409721,-0.2510521655319681,1.280081679529539,0.7963735225089154,1.3244199474208054,-0.5168317254885328,2.9568761590453967,0.35613312377330025,-0.24774915066533285,-0.6428435162190334,-0.6449601362902542,0.7177852195379193,0.3315028426718308
2024-02-23,0.25461734293577215,1.7145883416599852,-1.472877156270154,0.0011065066871046986,0.5994132215678638,-1.570088439393238,0.04035920872559184,-0.04582459540456585,0.10346991464942148,1.3266959189378171,-0.7725443923819975,0.08195294158920663,-0.03722896238493464,0.5056664720306651,-0.7675457082517596,-0.3444944680246487,0.8043214331619046,-0.7615326270451767,1.4475112302410031,0.030494550902778226,-0.3827612303126907,-1.1149162045589467,0.4611597031704944,-0.28488444004049673,-1.0469493412955984,1.002137264027754,-0.3179824607135767,0.4521184222115032,1.9690293823247194,1.4721757004597171,0.955287217752956,-0.5182159716525164,-0.052160391766493515,0.37994762534424886,0.6601279851453937,0.5930628514886571,-0.525893303469323,-2.381516178880346,-2.274742486821212,0.45922887559729236,-1.3781248266548962,0.319723386316264,0.18664361224235348,-0.05853653704658771,-0.8144962861473214,1.310273627454175,-0.8511376637876742,0.22574667177797195,0.28405660314512426,-0.8439134041524642,0.7130159405947329,-0.8755464126579893,0.9307345155651527,-0.16986182076183584,-1.1383354330975262,-0.5178334306845064,-0.6264229760938061,-0.9620504128068361,-1.1672318227185259,0.5966724943946735,1.9770370408741604,0.8093864606679394,-0.4476727538051209,-0.5065723720086589,0.4542695715834403,-0.23128179810834573,-1.3103464571349657,-0.5399286684858036,0.40568803188800195,1.8604469452210157,0.42734808152484904,1.9261297623515692,-1.2743451506200134,2.407320681645421,-0.953724383487047,0.29414026715381575,-1.2094547966396434,-1.448910993540631,0.7669306445121068,0.7878503095832565
2024-02-26,-0.04269531129432475,1.6677435785321288,-0.5198259684818162,-0.1627286933414785,0.16667938734777787,-0.8883327856367104,0.4096515305588838,0.6989312522198328,-0.5272206719224132,0.35140080526213985,-1.2677960288915422,0.7106389688844785,0.2934401032653051,1.0263144969325713,-0.5241494858305104,0.3749881551733885,0.4720552776499339,-1.7358789451714731,0.618853421025345,-0.23967301196417162,-1.039713820699723,-1.142288882533301,0.12637346825316448,0.011174936378930087,-0.6711500488873067,1.6344744334535195,-0.5747482805218772,0.4311143679609235,2.0668521577079026,0.9407920788882324,0.4869189689370331,0.1806419022624598,-0.04579279808219556,0.49029372529668847,-0.27958900238937573,1.0189375723807828,0.2605734710145387,-2.5083644500673947,-2.081662216574622,0.04098464519592946,-1.2789813926885767,-0.535348512315215,-0.5628912758829093,-0.6194979044869608,-0.37602561162229753,0.30680038260696735,-0.02308472313703399,0.5710126157446735,0.9722498423290271,-0.5195269183540598,1.461297782886642,-1.4530124569165652,1.2013696918047891,1.0382583237779144,-1.0215095121024038,-0.5416903187179594,-1.2078942818006964,-0.6935784793294197,-0.864787802660718,-0.8158731443829906,1.9415735233855593,1.0536607296601093,-0.9175020357435115,-0.365827822790306,0.9988370617070894,-0.6192624231423988,-0.9340658110956075,-0.49733887350726097,1.1655631405727638,1.651128768713756,0.3438813071562698,1.6816211981593314,-0.9813234548407642,2.8184477703407063,-0.061546762457839445,-0.14111981657542946,-0.689638978358608,-1.4980039785472135,0.25484562994617416,-0.4694337796266818
2024-02-27,0.7792410789401721,0.8885617491409008,-0.6829607887862025,1.0721836171990815,-0.0896605457266414,-0.9431186714169392,0.2660657918870069,0.6198404220372546,-0.759535423459345,0.7928535505475499,-1.3284711773552145,0.25931044820417126,-0.29151019628199454,0.5952200699432113,0.20196672832219623,0.8038720202748486,0.36814203200696954,-1.860524695953013,0.5009391627009456,-0.3440650620819858,-0.575742390062497,-1.7712928480592425,-0.08185090166732092,0.11773509546272369,-0.9037379775117051,2.2386088545677505,0.0808519890615262,0.38963836653034495,1.4724984884040095,0.8673030757325084,0.3969924985075893,0.4812438202322436,-0.6956687757379286,0.03382512533067067,0.06723881070104652,0.9735634840649684,0.14384507019159465,-1.6497303374494552,-1.06072163451655,0.11874937633983146,-0.9481959339251955,-0.5396765774987722,-0.2802480644751141,-1.267767804670472,-0.9152506287149261,0.6479121064435239,0.7239329356491121,-0.1702950584604719,0.9538632466887519,-1.2095232793262467,1.7919897207474171,-1.0806014125821193,1.8812861439925148,0.28942775082099104,-1.2224580978388107,-0.4934424483581114,-0.6231715027792925,-0.355425188589256,-0.39572165300477474,-0.6971688801619339,1.8348547928661425,1.7973992854838183,-0.4501446367935008,-0.8592081519184716,0.6806900447789628,-1.4272224959225401,-0.5539417743734686,-1.2661410797921486,1.2464140817944467,1.4114795271731415,0.3419170013116438,1.4365992421123384,-0.3117817164663566,2.5638892188416054,0.4035573004346231,-0.24652694831496705,-1.0698116753284879,-2.013798568557767,-0.3630775339208939,-0.7363105876300157
2024-02-28,0.4861514876496909,1.1056307251823252,-0.8572115862942381,0.9430404894066798,0.42027204545540087,-0.6215839408644194,0.419801599846975,0.6861072242564089,-0.17218115194571723,0.7074401146730097,-1.648884857842106,-0.12583101540820618,-0.30348508176780575,0.2652114299644088,0.7004387321289799,1.2123452816296125,-0.14744384017999754,-1.9042080035064624,-0.07956285430998505,0.5105293951585455,-0.1609466504722058,-1.7435830363001474,-0.23291360481507045,0.7291147934565378,-0.7220287230788472,2.3616415084203557,0.027107399417461167,0.11740011253098237,0.36862821209657737,0.4396081767667523,0.007275619311877072,0.7640632890332963,-0.41605071495510826,0.1589501961298044,0.4851544445336609,-0.22795028889141797,-0.2389488178666783,-1.9302291500589746,-1.6735217987144628,-0.17018049667922516,-1.0896585465522581,-0.5057277004494359,-0.22006369901463635,-1.6421672448465496,-0.7386673240240247,1.004946040016675,1.6241518121835798,-0.06609116921109129,1.047124577296139,-1.468643350965831,1.8649370126052804,-0.0502411472353266,1.385872974706026,1.0382713859844075,-0.814232826809021,-0.41509667940975387,-0.5804944651454639,0.631593950543514,-0.21133646911116327,-0.4853372073897533,1.5112016702191102,1.429037433308953,-0.8419762794659424,-0.3896883713742653,0.6252032484661677,-1.5786200829204342,-1.0095016259260061,-0.15239964017588917,1.1784389752987947,1.347542381979178,-0.17648081172690147,1.0711308327756273,-0.8252076546768436,2.360080037940447,-0.26546065518930456,-0.13668929166056887,-1.763986145403368,-2.1538036135036576,0.14858036763142768,-0.22570736186610235
2024-02-29,0.6335434654837001,0.6608237861994728,-0.5662516428527166,1.5943977412153052,0.3727634823212641,-0.6395471283894678,-0.10185711174121684,0.18215141917200434,-0.09450463621457864,0.9639793531390213,-1.30415312690063,0.3587327837985619,-0.7493111087337161,-0.35678539322585395,0.5581886412755341,0.724978486236422,-0.4590008009260014,-1.5912173768431472,-0.09825835304910208,0.23981412552976167,0.44813550838787697,-0.719903654040024,0.12717493432171212,0.8192396644176387,-0.06003047449664315,1.969720455921571,0.232380881493723,-0.24301900327604967,-0.17188040343170516,0.9409675861551179,-0.5116057953995019,0.46673512252412663,-0.4704141539494988,-0.7924003402615367,0.3076319043698087,-0.04490803615471918,0.2645120733195838,-1.9237643961078792,-1.4963768910838549,-0.5191112988339015,-1.3438098016411195,-1.2662347537724679,0.3636444064989128,-1.31788964102121,-0.7526197404431453,1.3644697366262082,1.4815408645349022,0.7092323514752725,0.6534062502959653,-1.5650396865609715,1.8261462735226375,0.6445889674144936,1.0250182022780217,0.4067620190055785,-1.761877426322027,-1.2482559685761385,0.032786386465129914,0.5396363679515126,-0.4567315095618403,-0.4028265724430433,2.5867772196777112,1.3347095970064653,0.3261903049939692,-0.6083365163490962,1.1058415698785942,-1.6293346000818052,-1.1594556293695524,-0.6237305867147203,0.7223813532922494,1.7502093519431008,-0.5208336828205007,1.1734630033380657,-1.2839086430397098,1.9098797532556409,-0.3693475153257373,0.7392409185608285,-1.271716882255626,-1.5618142416792435,-0.08937989264459664,-0.41435189676317147
2024-03-01,-0.07858040497979457,1.2910298294353595,-1.0982862359506316,1.3347267396267388,0.6059824800465242,-1.164349062359749,0.1825276484932944,-0.19576008257767213,-0.035320209642535134,0.6734441505645113,-2.1507956464826203,0.6588221531889293,-0.9458700063987514,-0.23228364774824312,0.635921672139434,0.6053256884413223,-0.36282639677315526,-0.9117085821268502,-1.277000357420156,0.5120813686094854,0.5835308702785799,-0.9191344089149686,0.4445110197225517,0.9399300323347789,-0.7207733033996578,2.1766807010794986,0.5013951555791551,-0.06925156043014265,-0.8104296929534904,1.423863817202109,-0.3774994469538714,0.516954111965796,-0.41504278979712467,-0.29390421966973346,0.5844376720848032,0.20597055325909283,-0.3200088846423675,-1.2751516203628543,-1.5794504797125961,-0.9287396991571466,-1.3548591177953238,-1.1346936602670432,0.6161774821137352,-1.055475611563562,-0.8603814099405324,1.1366276091494736,0.9742079889887673,0.7602412215205411,0.7725460216692304,-1.1062305339864629,1.4082425818128317,0.6891705467609538,1.0179371856600226,0.7009619373404095,-1.4311500493396514,-1.2166477196561016,-0.6064136115547676,0.6429883299763098,-0.44929260683167765,-0.7625294265737275,2.5546533425600226,1.0322154001440287,0.02193712931407895,-0.4985202644873204,1.3659692801458856,-0.6425351379943105,-1.062483012708576,-0.47871729583205436,0.7815283272816238,1.0002196165732304,-0.15921087322229466,0.6296916175800168,-1.6062089605303846,2.3049851125838936,-0.9496086369638331,1.471316284776068,-0.30832772174401074,-1.1419728402890115,0.16692902909127807,-0.9382564793596064
2024-03-04,0.024934451537935325,1.1378010861918273,-1.1917370844683794,1.5262179613975488,0.719992131907111,-1.169748494768497,-0.556875742130724,0.0689678237267237,-0.5342936305174242,0.37930710000876583,-1.3947022204591106,-0.03971009396626562,-1.2267084316631551,-0.05579993042765194,0.5674331013812747,0.8139936943175767,-0.48934778670062073,-0.4541978423486375,-1.6488413899129177,0.5431668622076568,0.6900174219793453,-1.5068507784792036,-0.2899603418635287,1.6498399351253952,-0.6351689639276037,1.5554731637164667,0.09087085770047096,0.3653198677459249,0.05950230211662976,1.1787293791014004,-0.8570622144476573,0.43533691573763317,0.08404156382072281,0.01907504036169456,0.7905696117311227,-0.947213396784351,-1.1143717222460547,-1.1545730040157007,-0.7470508024001584,-1.1073969430270985,-1.1191845886535132,-1.0094408901141225,-0.19547710270834343,-1.1789106414224768,-0.8149466597579645,0.9945773604685213,1.4015952487458385,0.8416520540622037,1.0524803052428473,-1.1152561061337507,1.257401425528891,1.1044361867573127,1.0172721956449837,0.4373641508778235,-1.1627081423316292,-0.7897811381013975,-0.1819228108626601,-0.34729948066582017,-0.6155313664840624,-0.9330816112459938,2.574092431190469,0.03134246715460056,0.20172677119298008,-0.06438568216292848,1.6475828215112145,-0.6513277869672408,-1.6908460421865985,-0.46813090002548896,1.552662610445587,0.48642688890705077,1.1130301807444378,1.055978630812602,-1.4553831084747615,2.3855645232927727,-0.9764767072729237,0.7986194604876796,-0.4265596201286702,-0.22840692802436263,0.7794658598194535,-0.887193716421049
2024-03-05,-0.15435437377278385,0.41643226098169894,0.08388136837901652,1.88948766302197,1.3411008670935842,-1.2867326611233156,-0.4486835619299638,-0.07427357092686061,-1.737976909456976,0.053354893084594825,-1.1092343613378712,0.1463522871275087,-1.3347680687190935,0.37682427851988576,0.33916047576852787,0.9345040307715191,0.01746415986907802,0.02177247371016477,-1.3352621058995324,0.2922631935727853,-0.15375641611505791,-2.064445623919032,0.42173836291266376,0.737273926104805,-0.8342258403811494,1.3639303392071367,-0.052700959193984036,0.13960978703137567,0.01576503518144285,0.99660148746606,-0.6230188433957161,0.3062012060177451,-0.26470994670834463,-0.21157263730416614,0.5653331626606989,-0.8690961021580006,-1.254750614968528,-0.726469794963886,-1.6318165586954185,-0.5352072661336982,-1.2944793004456434,-0.3156585288574007,0.21953536137811683,-0.525058618034564,-1.1433661552021304,0.5503673627823817,1.22629199809318,0.9976432180762435,1.078456746273345,-0.5011435819130351,1.1817854806054655,1.1230700677456384,1.1188455634700258,0.4399061908325376,-0.6623699529020616,-0.47691259536357106,-0.6807506813352449,0.07425455368569575,-0.16407966759686546,-0.8921575027188892,2.351395861962062,0.8378861611560281,0.41997262267393143,0.6089355957842971,1.4532337860742834,-0.7457057472798183,-2.002929710234606,-0.5792540148010511,1.7209181411328482,0.2965350127416013,0.957038721467105,1.6731123445004068,-2.0259530396151377,2.2553518586823897,-0.29474235987037833,0.8711348735343402,-1.0500499694248846,-0.35366672264745835,-0.21814313529028362,-1.2852452804977845
2024-03-06,0.09923053735238467,0.2866805818834542,0.19925283768063654,1.7990860108280875,0.8313436233446184,-0.8599093386397904,-0.8145117772913608,0.00859443863296557,-1.2221371093366684,-0.0034826185454408906,-1.7634702351538312,-0.20831971381222156,0.18861256034277013,0.4659450993351178,0.2780583427422383,1.1711579362601872,0.7387207640744253,0.37584969686388386,-1.2463397924537707,0.1077452353692787,0.09725642423523806,-1.8684560012741296,0.40571584093605073,0.8344213086255741,-0.19296081504024273,1.540495809361097,-0.6659649377528261,0.2076347892732788,0.6067162009170914,0.6671532443232384,-0.5483258234389762,0.8897369861155439,0.6293030809240198,-2.0289806226638976,0.9244447769652487,-1.462036176819032,-1.060020778593116,-1.2571178500434586,-1.8685372623527796,-0.20094591372008536,-1.1868264857694981,0.05752085114210452,-0.11774584516785365,-0.06510075477478831,-0.9676794911760558,0.3260556631471249,1.8071574751063892,0.9577633991198161,0.4032246536568056,-0.4436532885804724,0.6977468996657621,0.6374799954669509,0.9810537143536615,0.3673688489165428,-1.2301268135466967,-0.8071543359217059,-0.8825965544203018,0.3376145498784299,-0.19673601915888903,-0.4396129970478381,2.236757683580769,0.7566888367121346,0.2511392517638362,0.03961352392107805,1.4153951699132936,-0.8798559429094183,-1.4460550617573635,-0.10957325613553959,1.2609608806097157,0.41355145045359776,0.19942697915537172,1.400995446415041,-2.6195165215908567,2.1491206315569094,0.8295258226826551,0.5699890010748268,-0.6534767084838596,-0.28248901189530506,-0.3159049290354073,-1.533686070375765
2024-03-07,0.4357005289402941,0.6790583638020513,0.22217858975013474,1.4909265457557341,0.286352942703302,-0.37557346956616944,0.10538541698510386,-0.7719871871272704,-1.807417830989439,-0.5963115561562795,-1.7433000401811096,-0.5384223991598295,0.3646115106866884,0.4630480480437504,0.07583615752573863,1.6325596834921887,-0.06914490935604786,0.6225645806803323,-0.27157185114227705,-0.42915326957389743,-0.49792708839338684,-1.6096592662824183,0.8211615418390963,0.6784143758663895,-1.1446129850788622,0.665089841412998,-0.4402545151319773,0.3250054868905772,0.2881978511791381,0.4435595956992507,-0.48227050519208026,0.9428797765178346,-0.015031527521286643,-1.4472141589559022,1.38793452157344,-1.5152085145875374,-0.9865868111893012,-0.9037387258676073,-1.7880776483769831,-0.8563460875336263,-1.1457881305362487,0.2556236190574684,0.28511532132709083,-0.3473366851862615,-0.7678950700541833,0.8410048574341823,2.0960174175779733,0.9956438961805735,0.4904722644909212,-0.7520630975347486,0.7575792883860099,1.2297984918786888,1.3021670181892886,0.5081542957980597,-0.6957666079123752,-0.8383357969053367,-1.1987633697312214,0.4872152631505153,-0.09083262637893418,-0.09039689469999673,1.9343815530745707,1.0280470737583363,-0.5243170196355197,0.3162520365817099,0.9966859922528366,-1.1805078282666746,-0.9185930297325977,0.2966767468588237,1.1293885078072599,0.7386338968289662,-0.0986452780613679,1.8021268061790372,-2.869660724664738,1.736534658938079,0.8772443076390245,0.6081484066263438,0.012002664526059723,-1.0701087346471192,-0.3920891491243864,-1.3844693534508623
2024-03-08,0.3201486595775948,-0.12801614607477166,0.26888503336406167,1.253102544363233,0.5029994950393841,-0.016429776040917755,0.2823580338662686,-0.4910737615419519,-0.9002054209360448,-0.08665214972190556,-2.4379102656343474,0.0021771356040069566,0.27106912942807376,0.43217319934213516,-0.05977388873585628,0.6946410007184798,-0.6681139740242648,1.0314716895039842,0.15340214384911008,-0.49179813265091654,-0.1734627860859214,-1.0119614620443684,-0.24536920146509905,0.773251948149567,-1.0990497578599248,0.9567730695188308,-0.3451785364361701,0.6391425990567742,-0.3276956056725348,1.0456047934962809,-0.7218091257846804,0.9507373813094535,-0.5057783686979394,-1.2778766671996413,1.380427053164343,-1.3307878105626625,-1.1523491241037689,-1.1128912621202207,-1.0481764515363017,-1.078054050923137,-0.45993027840782924,0.6547855022246744,1.295838217280384,-0.8881960284725163,-0.30508064210639313,0.608908788306583,2.111353282019372,1.1375468470792955,0.18590078720141975,-0.9185898830960169,0.780207216538952,0.6189359485797745,1.3224875656594923,0.4619786464007079,-0.757315225930355,-1.298414149761755,-0.6396013179167024,0.6869982100089207,-0.23391409726193374,-0.3062418093049028,1.246522510988731,2.1051560481589777,-1.0539424694623551,0.4900823099358322,1.0436393317853954,-1.3069968768466889,-1.2539357522817842,0.40222220528317454,0.7887383304471012,0.797340690695545,-0.3295564931431161,1.8526527105827022,-3.2728339911193602,1.275438287786772,0.6272657247923692,0.886688346544881,-0.6551359663663745,-0.30729999811328035,0.04465834701692353,-1.6863120592248508
2024-03-11,0.6265439247067588,-0.5536200843765522,0.3506817073276946,1.5315320160148254,0.6258618474925953,-0.17661519315017246,0.6461032940017334,0.13117840483180077,-0.8842029702449024,-0.05888841982979473,-2.3130077285773605,-1.1106600960680137,0.01418306447911687,0.5723300722161178,0.3069728705760824,0.5301591697664481,-0.8309425575112944,0.7660293995267835,-0.36274514157090104,-1.0609823164155083,0.22033699345135663,-1.2678224443569646,-0.22840184462366217,-0.2662649065760411,-1.149957605772326,1.4995862287462145,-0.007656376692187272,0.6432418601900053,-0.6048389658688682,1.0552761924653413,-0.22113777369536436,0.15762243203967002,-0.5753865767296106,-0.9506386996724383,1.1004869097595493,-1.381748863728266,-1.489145115506862,-1.0789738375777351,-0.3375122228329619,-0.4938408941711947,-0.9010519088864365,0.32034396760122996,1.6286510692093847,-0.3529916843483274,-0.1938091072831412,-0.2898090034856481,2.4596648003627393,0.8902565005971295,0.015787639832014637,-1.194979407382948,1.287463939575946,0.43322212104568947,1.9582762545517,0.16713376040249053,-0.9844222701353145,-1.3331088927679555,-0.9801558619942918,0.5222765354464388,-0.4344499711347657,0.03380549417411208,1.0072044313392234,1.8930169338338452,-0.2933556803753575,0.9996782011906569,1.1785837474266345,-0.6652843221588106,-1.5377072996819747,0.1100257690026071,0.09722547541306582,1.1913172415851836,-0.15868859803601504,2.105613359529312,-2.5361773366952858,1.6498398200819993,0.4154988759001505,-0.04285207799916949,-0.19592312523690816,-0.5945106696205479,0.1631811576813406,-1.2119256306031057
2024-03-12,0.9145301324931678,-0.1879789345572914,0.02318275189421052,2.2063135848448994,0.13482474936923566,-0.40171923888732486,0.6157491243237367,0.3095974807517089,-0.8570538358369072,-0.3443421076872502,-1.5815279507445732,-1.4380572979421369,-0.1486147010569103,-0.1567297626569904,-0.3447100502792753,0.061669289574023164,-0.2779644342897482,0.5778271884728221,-0.35986495025416865,-2.109366638925029,-0.2628342097486608,-1.5855529979005838,-0.10638694004216147,0.32714281936861284,-1.5017911070193786,0.7258266224849462,-0.5117888641275051,0.719316600372919,-1.5412119704315794,0.196839945210236,0.030455219767606,1.0497476666914227,-0.20262597980080543,-0.7590894964965257,2.035394230326853,-1.2466016767832924,-1.5967856430817837,-0.9133156219741236,0.3728623849643365,0.13087275341989008,-0.24529318011197576,0.583477050769841,1.5901409812243295,-0.5103047721468287,-0.653334578572908,-0.11225138267305265,2.5531253187889047,1.1619790426351528,0.810951014968031,-0.6717578115532077,1.4335326320605775,-0.08361296621579155,1.3756442569033083,-0.1041625023150909,-0.2131442941299818,-1.928006808928692,-0.4956989644571887,0.851501347471972,-0.3497806038920908,0.12385001835203828,1.252192647238221,1.4441877397953051,-0.3427126940705453,1.0044496457061394,0.9924626903786558,-1.2811268852204025,-1.1770531543367522,0.07348356980851553,0.5150135266831303,1.0874953595949859,-0.13650940751609414,2.2954802731140096,-1.6435577888367372,1.011628876588055,0.14067522801715968,-0.8561210425564557,-0.5423932141518594,0.0012087767340749152,-0.16843035343643412,-0.783465725516938
2024-03-13,0.990605931572201,-0.5798432670106882,-0.511847555005035,2.1873585116278864,0.582745899562556,0.542533639378017,-0.7642542325357402,0.40015411206029855,-2.042576311326778,-0.26579031811776577,-1.4667626237781037,-1.5330838295962903,-0.6084022807171418,-0.35418259287558257,0.007691261422617341,-0.5391005567083922,-0.7911131096038352,0.91205048939463,-0.14866432423572626,-0.8057277678536015,-0.14861229760234546,-1.0403496551661673,-0.5323467206272434,0.7784469193767696,-1.7821580412675935,0.5934715581817394,-0.32718363953756546,0.8985222065977921,-0.9426348760365669,0.12165851282654462,0.5965233790167671,0.38637275371457785,0.13045587695900135,-1.5539974222330932,1.4307167485593335,-0.1941806138553175,-1.3940811265416444,-1.1924987368097115,0.33744577459844155,0.04077060644322511,-0.9341694803589587,-0.4953689425995102,1.027922380748966,-0.4680881958025247,-0.799480652963233,0.035839956461120516,2.8087442632527817,1.1848347159467219,0.56199639028627,-0.6216631252454118,1.5751827478690419,0.30839932276912424,1.3598483460464361,-0.17525819655975355,0.07239331415422835,-1.2118191656971364,-0.26710353453543006,1.8332307597737525,-0.08996082174098406,0.5697871001054008,1.2927713243788375,1.1493531773849432,-0.8801499520670578,0.3842472561373046,0.9017374132002903,-1.6331474859232222,-1.363524076896973,0.3755293070246909,1.0913529791472396,0.6040713722931409,0.19467813028885605,2.1252067788182596,-1.3429450212908685,0.666963391125969,0.9742815994169761,-1.1862835517032755,-0.6200459913323172,0.31961375908496803,-0.09495881566060817,-0.6521510575885253
2024-03-14,0.7972506114337017,0.20762472052889333,-0.21982004692240079,2.057779009956603,1.4248697525482192,0.6565192146506291,-0.5583741572736611,1.0612621366153279,-2.3675375970281616,-0.5929275350663706,-1.4887315649911645,-2.039811227917661,-0.19947787261250036,-0.05312083891247874,0.7201901646343061,-0.705379026907386,-0.4920310255525447,1.1035476847104984,-0.5150089327242982,-0.21669516369195052,-0.2963330035673663,-0.546207061525148,-0.6923734316544907,0.05877254707784491,-1.6903979589483242,0.7148752942301764,0.057124151682343666,1.0166934242077381,-0.8837660768928791,-0.35354460644099395,0.9776510349681662,0.3001165061179049,-0.44638332230973243,-1.296060633952637,1.1057656124011868,-0.4202356867800766,-0.913052630418908,-1.2406144482618924,-0.21788807849088168,-0.19146751962709638,-0.7549433564811072,0.2139373865619592,1.150406534628588,-0.32792792317498637,-0.9650391490221669,0.238824425909392,1.8475450907268791,1.4130711613399471,0.2506556060610048,-0.6727816049981639,1.6023111526904468,-0.11911265966326724,1.0288082256059516,-0.5901711525017207,1.082096079317841,-1.1440846900973711,-0.3432405819141661,1.890803993677873,-0.2214807796621395,-0.610048468812508,2.0006717187688214,0.665891398329389,-0.8705895446820844,0.4918260271857614,0.6080122536986127,-1.7237090775287256,-1.0977877097586997,-0.80739447887953,1.1919659705947616,1.139329595481608,-0.55400283799241,2.096397662209682,-1.5123144216197053,0.37504426474460495,1.0907772860034155,-0.45806742725226274,-0.24983443792359641,-0.5343052523981773,0.03395853881532574,-0.47830123528161056
2024-03-15,0.022832280264002157,-0.1862100213560129,-0.1279010431559231,1.9592588818135164,0.7343243980629736,0.5247294493601942,-0.8179043726125079,1.170553213068651,-2.806707025244778,-0.47231358618094804,-1.0690422169476201,-1.6473377581652375,0.3673232047563883,0.4088913432294075,0.010219876499021008,-1.272916024175637,-0.251014260272718,0.9910504731293001,-0.5153805815876192,-0.7225733267603589,-1.4363956247620466,0.25182671096996706,0.024009186031979726,-0.2751709747080648,-1.8841633755161609,1.1105320490709663,-1.0009513466361348,1.2025107731105942,-0.6801771177965494,-0.49214302496625373,1.701757867919375,-0.1356616036972737,0.1608993050576724,-1.1327616444765591,0.26150679828008805,0.4020901506324584,-1.1258085645615892,-1.4385544412720095,0.3230118715756905,0.4312050401362133,-1.2913778597880818,0.7921178649337652,1.0194528290407945,-0.44630843835642,-0.9103587541237375,0.25190656929474525,1.1533394460256412,1.2277074363295977,0.41787941020547986,-0.8121493270173624,1.270591890895883,-0.20067801651467024,0.9286240829823378,-0.24782205286968803,0.6916923473545783,-1.4014245909348009,4.7880654523654536e-05,1.1251050398120497,0.4712650553900963,-0.5508461065033826,2.4156386570858674,1.07428570764221,-0.8173847450746927,0.7389009624067188,0.7275345659793713,-1.2556237600470659,-0.8591277312251111,-0.9126947686256781,1.8929675045500203,0.8423982806898145,-0.5889907133238956,1.4186126816971791,-0.9415752991422272,-0.0030664280619667815,1.6571138344608298,0.13811046924674786,-0.837038820695182,0.14939146474646747,-0.21836685421637075,-0.6772946530208401
2024-03-18,0.183068363606985,-0.7205808180952199,0.05228311175841526,2.3080456049528055,1.0249608662269298,0.4727918285747697,-0.9791622928752924,0.9449661387993349,-2.1009109975190476,-0.5875564010713278,-0.5491200236274469,-1.892775679420161,0.06175670745961939,0.25881036318877704,0.29777845648151097,-0.5563007215532053,-0.08774628451717506,0.8398208678319703,-0.9916828374782913,-0.5863822411091499,-0.29695516979928666,-0.4386109948280987,-0.03489368284068685,-0.6912181295623395,-1.9654701499154634,0.47897182228751795,-0.8948456959399488,1.3646283030040143,-0.2783195086368058,-0.31952634685132314,1.107830432803456,-0.5305599125750053,-0.8036977789524272,-1.6248390343766492,-0.20278276166244916,0.1294448676538977,-0.9981928745259558,-1.3197315453784497,0.7747362254207355,1.4104981552547746,-1.247568597093691,-0.017466628973337246,0.7466860592135246,-0.702965529598681,-0.5449074759400153,-0.3773875400853386,0.0895553505967949,1.5137917955669713,0.16437313637448697,-0.9249553262407537,0.8760380967196697,-0.46548762329078136,0.7673400291708764,-1.3974030638983947,0.6331314820556981,-1.1047710421440489,0.5492194460094639,2.0683323337622856,-0.018329265621258105,-0.6746650984122188,2.7857097493860845,1.1227800497415732,-0.04057901973723741,1.1520907531827747,1.0362449810479308,-1.2946066736014534,-0.9472970689104121,-0.8328965718573219,1.3330846717535036,1.0553113349109027,0.23511216726751222,1.0241079925241225,-0.35270133070276294,0.3825364990285725,2.1700683643603536,-0.15007229479467415,-0.6980324036531493,0.4298978004003167,-0.37475481548209827,-0.2270949552300971
2024-03-19,-0.024117069420374237,-0.3268324906930078,0.15462687434546496,2.255785174971701,1.2190876877381125,0.2669759126493846,-0.6119168089457027,1.0678658863577735,-1.1219790030391426,-0.9171778926704245,0.034570610062626544,-1.9394723539459313,0.12007632558134441,0.34342299576021823,0.21486590725104274,-0.6588221413456032,-0.9961016634731025,1.2320495548511863,-0.9443578536629786,-0.5852720498060447,-0.5066371246501086,-0.11380211833236768,-0.3090718202297018,-1.1630020535138839,-1.8815612038926937,0.03837017134579869,-0.9245411268850913,1.4021367596763081,-0.08459679350025272,-0.20141474127670647,1.2825933788096506,-0.9322790460570679,-0.9640708516426864,-2.2149050627674636,-0.07983558011147351,-0.0753107306198024,-0.6310555873948892,-1.0874160791728773,1.2867476692533275,1.0882094604447745,-0.9799674904675576,0.26895584100079634,1.8117480631798493,-0.1289047499877811,-0.7579266466883422,-0.18729471284444696,0.6449389553391077,1.7005987164561043,0.11587354820470298,-1.3565173579955887,1.9621743335434811,-0.9207703542660467,1.1598889667382273,-0.887877465739473,0.4002889088418697,-1.1883891404155285,1.320390087585485,1.8982247908214518,-0.3124035033686933,-1.0582591670494361,1.6818795761769818,1.1862573243453831,-0.16936435004108244,0.8671557867029615,0.4938333705414768,-0.8714114294626444,-0.6770087142663066,-0.33470623227181984,1.2747432575678685,0.9094950542429638,-0.43665879268444835,0.866640391958759,-0.20571423511843828,0.17493017364243896,0.8637509078154377,-0.06197229656371437,-1.054123278612081,0.4352862820936817,0.34942054605289313,-1.5090400870578267
2024-03-20,0.5601473932037999,-0.9725734119813447,0.6794416349553523,2.1749675814025213,0.9718809329636039,0.2778525316329796,-1.0332974479318306,0.09588452918231995,-0.4604663309048648,-1.2674729099297555,0.4852876316921299,-1.2027166831148628,-0.3092960273378608,0.2916820401510147,0.14712479675740825,0.2475562297405607,-1.0662727985383735,0.9007140798020383,-0.6774235602816933,-0.3562535129359927,-1.0735936209255754,0.2698626809926505,0.6024463388878798,-1.2259197419881607,-2.0287510494381413,0.285681659192905,-1.3943658265684182,1.072563804210878,-0.10462647157757136,0.08468941171890698,1.7308583060055875,-0.6029465479718731,-1.194095547473936,-1.2313462992041342,-0.3406727074184957,-0.4209033265637907,-0.7484413869738415,-0.8930079633640866,1.7790870977207864,1.3117141841296052,-1.3039003338481763,-0.7131649471496391,1.8134915394765525,-0.10719109613128942,0.09696204948694791,-0.09958149948088069,0.413776362265752,1.9174618194145383,-0.7000340347029822,-1.6007148115464018,1.724389922586485,-0.5230387599440763,1.207030113902657,-0.07726066439775331,0.3707047023604877,-1.4449882320162668,0.6653999441699597,1.8604487578114859,-1.0511093223147931,-1.6542155425680116,1.3635529505068615,0.7468813091439156,-0.17113405674935367,0.7052937362190748,0.08412959768213228,-1.6136997944527822,-0.27093968415752895,-0.5736278285151051,1.1391581743409513,0.7631458280813211,-0.4239115152868733,0.7868997746924911,-0.4406506632234516,0.14197380851714592,0.211303307722286,1.0100630372242765,-0.35754813557918885,1.022916365811022,1.0143560846791642,-1.2976279559492778
2024-03-21,0.40831196225984506,-0.6079149118278978,0.6446068669499929,2.557078072369803,0.48577345258144,-0.28935659969806116,-1.1824801535509613,-0.02873337463364024,-0.5200694485069182,-1.3082775067373342,0.5944853534625887,-1.4136961499652947,-0.055342898119362036,-0.0508670648979155,-0.0659782455719702,-0.2168182850853429,-0.8448777240009762,1.072775904722207,-0.8484684402174284,-0.9809736735950263,-0.8566906762476706,0.3260501169158468,0.28412249854485516,-0.8232131982461183,-1.2102818434186315,-0.21430885014069076,-0.4900081162631713,1.2943858889193376,-0.06429083119560555,-0.4873097061234503,2.123700820193699,0.10365938009344469,-0.5272691807839529,-1.3932424882384469,0.12408121483917674,-0.4545301398998553,-0.2205873756685605,-0.8477441547836282,0.7532898721116745,0.4985226250409858,-1.0847556926924966,-0.41779660256056406,1.9447888437589285,0.013069179860450515,0.1899160802640525,0.15250247401121086,1.3929473759596316,1.6282872516653246,-0.3806521824391648,-1.039146198505565,1.752708378799355,-1.0329426441067797,2.162837033098191,0.019576724017201452,-0.11607550700381808,-1.7339746427809006,0.5597677569551391,1.2348016790271221,-1.274830648159196,-1.7440687972752706,1.635654311967369,0.8747694944899366,-0.45284921388657956,0.30674838966523127,0.021254932848659806,-1.6179880366405028,-0.7485914509193231,-0.9130337672700742,1.3668750701499273,1.3788351899308167,-0.9583902793517374,0.7690701438763623,-0.21897621713429488,0.04438355686441774,0.4289918927240529,1.369240504075326,-1.443551272265905,0.40555460962717793,0.9248609457413693,-0.6673316579720663
2024-03-22,1.4090059634907268,-0.2603224447853863,0.8912603469774101,1.5436226980761705,0.6061195271918695,0.02063516548397549,-1.2838425796032018,-0.04214601539569364,0.12940252462955673,-0.32293757454945177,0.6153754856340886,-1.2124882233488399,0.5094314869455514,-0.11454038047799477,0.42793920980333605,-0.6646327696400355,-0.46994075516102,0.8731260960672443,-1.0739713307042467,-0.9485515283124181,-0.8404218180049304,0.7622628921169238,-0.6837105920560234,-0.5397788274704175,-1.5162303580739407,0.4669666255805272,-0.322694375502064,1.5183795542735716,-0.18401877515431908,0.1602728666561334,2.3471366344321054,-0.5360019273850422,-0.26315517017082696,-1.5974739282910162,0.11636840300052592,-1.431745256225271,-0.14083366046189374,-1.2789000721752046,0.3344853734453772,-0.007974707716527077,-0.8708366736749159,-0.4753416538379578,0.8395422262461656,-0.20983933358568826,-0.19336504342726532,0.5613810365779067,1.1890237926648624,1.6294372982101564,-0.9417960177751579,-1.1842295024011893,1.9143707311243912,-0.7341013294144854,1.9800844517532492,0.9942382704594163,-0.48479942888287747,-1.2288799851381682,0.14424165029860453,0.6792219669882452,-1.8325406323134377,-2.280919655255622,1.5601025643596402,1.6036161424807942,-0.0017955129230700533,0.15813301419421197,-0.17085530619071945,-1.3943046966081067,-1.1913485148187781,-0.4213959706852918,1.4065917488957982,1.0483366889650887,-0.021398108600564715,0.1468188902555046,-0.5693842233836237,0.6618267526778681,0.37339969885311564,0.9659854582706168,-1.609460667138609,-0.1973544706158047,1.4126358533826493,-0.25051929312628207
2024-03-25,0.3721651453089088,-0.32035655381324013,0.19992635458311628,1.1848417475606052,-0.09471270590136882,-0.344681857896949,-0.4057887594942603,-0.253234783783435,-0.03478789627826238,-1.1112795861714295,1.6031820478101535,-1.0915740168024826,0.06959596183284567,0.21085049160193975,0.392349372458339,-0.6700076946764663,-0.5373605774985424,0.042410131806657675,-1.3171173155487876,-1.1077101437102326,-0.5867048487339531,0.5511448365433524,-0.14315622572863898,-0.5706451441366021,-1.900882451221029,1.104871865552139,-0.37361325391981554,1.4345856561619919,-0.931885642171956,0.4971661363531647,1.3588459921592058,0.6974922019081914,0.11876333271097422,-1.7793552702383941,0.5611350743020046,-2.1779112298323344,-0.35364823734919615,-0.6634150315787201,0.5561202878969989,-0.10392926639874174,-0.8682867103964983,0.008901066566927528,1.3396970407108026,-1.1318107953795626,-0.10601629003126053,0.6693895110722556,0.3723179040515061,1.1534107086757102,0.02497243341469944,-1.363677799954831,1.185245258263448,-1.2161242549871387,1.9959534795401193,0.6172276561306315,0.8158898475133624,-1.6980720615915579,0.6414815255153777,-0.3825669352617174,-2.529478116944516,-1.184815821736968,1.837091358633201,1.7655818466242783,0.6368486558398876,-0.18228955269832767,0.7611817475858585,-2.0923890087382233,-0.9447821580981828,0.7013583164975202,0.5171330224648635,1.3107304907650006,0.31965804751216703,-0.18898651726773172,0.5898828368563499,0.10598252958422429,0.6138948224567258,0.9227800026921149,-1.255815461406063,1.3316582536141874,0.3517592178381776,0.4733957604074285
2024-03-26,-0.7323158680490475,-1.262403182428227,0.16631543182703748,1.3921288572325503,0.5783215985428092,0.5445687886205403,0.21334754062982317,0.3718799985110769,-0.08322434073578179,-0.006517018921689046,0.6382804634970347,-1.0204265039279374,0.6314313164773089,0.6438000028473087,0.9562052522117009,-0.4791230570197826,-0.4087151094121147,0.15436426443954013,-1.5962827673314295,0.10457059366049865,-0.9815446030120112,0.2669386913586017,-0.09066267180414574,-0.771410958848441,-2.0472910235015767,1.6722379738757813,-0.82885843466795,1.2704470192509532,-0.7440767821534884,-0.42477070517042703,0.5282668866864634,0.7226855920996371,0.7992439960297761,-1.7784261811708504,0.09259846261427283,-1.389797611745801,-0.11653437571035137,-0.12829836800960878,0.6922973423098855,-0.38264439957484647,-0.2274810602471968,-0.043015758240845796,1.409380619120263,-1.1438427073077089,-0.10384312591846356,0.6632699792974408,-0.7540469191928361,1.6377570787682323,-0.26859438771668137,-2.516391766258862,1.13335767942274,-1.2291942713065847,0.9555910191318496,1.5590430602642358,0.8349856192688159,-1.471022415192211,0.5664529731235559,0.1667896357152303,-2.580414404708989,0.18739726126245732,1.9487562731073411,1.9320164173709606,0.3519726632872927,0.5076112727146774,0.24146942971101723,-2.8787279806615236,-0.21388945055437764,0.9451153216116923,0.20869259751090616,-0.13622621716980463,0.06187837573021607,0.04556212426400005,0.047387231929869475,0.2588799108739735,-0.028726868695374237,0.5802352461465965,-1.0827890831691704,0.16879839182776998,0.7667067670574795,0.33249335829492216
2024-03-27,-0.17519287649187892,-0.4944754947299086,-0.20469799167681213,0.10252428018823309,0.5521815167427694,-0.38006849119538305,0.825509887736561,0.21231099175092594,0.3620869315821824,0.8358267694676677,0.04692909538856517,-0.9422192661038751,0.6976270777878569,1.7879898220027168,1.564172729360536,-1.0024103450352344,-0.9679190460405189,-0.09389102064626083,-2.2116567956613453,-0.22407408599607906,-1.2323429313624457,-0.165946085759957,0.1204705414949224,-0.19192041147761907,-2.041277563086464,0.6774242607016782,-0.7254121153465595,0.929865042050965,0.08497809837388534,0.1190030109529436,0.7959085242957756,0.9751843412177481,-0.3608431159061727,-2.3047803791837875,-0.9166253238577324,-0.42548664269227665,0.4370814829917462,0.10161835375970336,0.04624828317406818,-0.399725266827469,-0.9083003834401743,0.29676489053425537,1.4991384216128223,-0.6194299295249224,0.16363741783796557,1.213111503609686,-0.4214237842292528,2.002950122592046,0.20388501836750145,-2.6854932312177184,1.3426047993526127,-0.9242093994163215,0.8991086815256483,1.2259315101164827,1.1744640014793337,-1.1561466721270552,1.0058998264591836,-0.1101794665544227,-2.023472202797925,0.37452567856149854,1.2785966259659287,1.397398425003101,-0.5129011738448688,-0.49972035906046475,1.5420208281866739,-1.7110542741948491,0.1704086301859317,0.6252952133608921,-0.0994561622804413,-0.9283080981165359,-0.1437721780112602,-0.38325036495336734,0.18300261543056892,0.16828216459066286,0.7924843127038838,0.46901688523541857,-2.062727708282383,-0.15205889600428496,0.9760740401536051,0.5233268792468755
2024-03-28,-0.72392235596981,-1.0236906220398994,-0.4036674739040461,-0.7901110464684997,0.7036821605901392,0.5049187418941404,0.7050124749531305,-0.743614757245793,0.7817329916509501,1.499209520773323,-0.42209356997712716,-1.6687400509207082,0.43284227636248923,1.7026575450632908,1.1618453374953361,-2.0301612401634026,-0.2572857314416371,-0.12257188082550555,-1.0841116692794972,-0.14652982570983383,-0.30381342343229145,-0.2819331269045814,-0.13505941045440992,-0.23172431786091272,-1.252520133141834,0.43090240511972666,0.08805198629872081,0.6989706288757557,-0.6558459251199256,0.3105556356887171,0.598240972912413,1.3822135644473834,-0.29148937153107424,-1.7559267384575403,0.26129931370215764,-0.0680449697382665,0.53496550455774,-0.08662843471003007,0.4182961722331881,-0.3193512726642405,-0.8465610839826467,0.747256137772851,1.1386266217683092,-0.5450520496222655,-0.8526026149923646,1.5331030362816112,-0.6823786374717342,2.208863818739265,0.6611174639387734,-1.9266697767189414,1.7745521109762725,-1.4877970564111704,0.4910271151381138,0.7212015043824097,0.5476308729195845,-2.2946267418635267,0.7364949401171561,0.33566560181363947,-1.0900083990231617,-0.3475743394556596,0.6099505024968384,1.1177298263506614,-0.8214390725397915,-0.26656451787578506,1.4513154672836102,-1.750675570340174,-0.7574706740625813,1.0962411388456001,0.11839959362363582,-0.6230480870372397,0.33034716683426046,0.12047853794336738,0.030807682790166994,-0.03626069035991479,1.3225263259577036,0.5725406674905512,-2.1922055258827453,-0.7179890485750176,1.9219642586905008,0.23452360940210462
2024-03-29,-0.8459544647434789,-1.0649281837544389,-0.39177880187262293,-0.6211210551609735,0.447492349338363,1.001676518167224,-0.23388531993695225,-0.9304050835045078,0.9656684868471442,-0.01589379734696832,-0.3195065415380606,-0.5858181189461907,-0.4550193612433859,1.518510033330527,1.2001137474727919,-1.5232585022356315,1.280773050293343,-0.17204201287384044,-0.8382232461473036,-0.46382017057396757,-0.32261386156712046,-0.3469380852435427,0.15599595068711228,-0.37992624318637225,-0.9026619983327689,0.3541211024198558,-0.1729256087685158,0.8219444022623505,-0.16608838917164515,0.7572650349017439,0.623941215195433,0.6786499428492915,-0.6712458570069625,-1.2071166409609444,-0.38677851438625926,-0.5521984774587215,1.3489980536174562,-0.07153954833161455,0.3245183516643601,-0.9684830693993532,-0.9240240605644796,1.1075126343639299,0.3693382511611899,-0.45243456299178647,-1.4619612532196835,0.8143909891358312,-1.3246837390014297,1.9883061678397247,-0.4060622680214022,-1.981149933266622,1.901203400754595,-1.2201951752742637,0.8810137694941077,0.9236120695794838,0.3023390541126388,-2.079688112335265,0.7608966028736566,-0.3584867306853341,-1.2641932645715905,0.6118685708753159,1.1487753467652018,1.3413656634369813,-0.29727501109800764,-0.7242177026224317,0.908220781913706,-2.5013065145578715,0.0486653738554625,1.5488563261460653,-0.459732054615026,-0.1204893897657308,0.4343098542929357,0.22573882468274264,0.35187911747987627,0.35577964711842,1.522729634326162,0.787953934568919,-1.9488900325023428,-0.8209222605116251,2.0190040428779015,1.1224547225951944
2024-04-01,-1.1645854022271767,-0.835656968006775,-0.6888728317594095,-0.3151901498087781,0.6958051781457554,1.2798485064601672,-0.341007708812346,-1.0673836335114173,0.3275116643825338,-0.8987711479961648,-0.0458337691336451,-0.4251591978930513,0.0816913122860981,0.7434951626996544,0.9028154247107767,-1.6363033925983501,0.8201408767934373,0.4392057103060815,-0.9472006868438874,0.3576866364736308,-0.18766078564443386,-1.1239160564847965,-0.37266932779169376,0.0822657044950751,-0.13208477459734858,-0.35726222613304914,-0.862126806788349,0.9280649043334116,-0.840249001369684,1.2454054344616001,0.6961406686106565,0.860764770553449,-0.22702569401958309,-1.6768398095551418,-0.03598882126053986,-0.5404023542255282,0.6399582722448152,-0.011059807332895105,0.5594042934622019,-2.7068695982324122,-0.4872841355695902,-0.03966584541985303,1.2300563185378668,-0.7594971943427133,-1.8668880378378838,1.0187425177023408,-0.8052215725137637,2.5135621327294047,0.029149357892038447,-1.7027782739919433,1.1951716542631947,-0.8353456484593536,0.3376478096917898,0.7378932594849582,-0.9228232996583722,-1.701906325188686,0.6948611958906886,-0.23636231474661967,-0.20054172342313537,1.6069977173283538,1.5030238201316917,1.7680171229640034,-0.18852725548718904,-0.2829828809262168,1.5896969583751688,-1.8439854461080072,0.0066127020365240735,1.34026705290155,-0.34711516456937613,0.24646158638718604,0.855842107494181,-0.22494741747614927,0.4696699681724513,0.7351196177806081,0.6351396822484989,1.3974760444239174,-1.7645142197868113,-0.20973171430403134,1.0708428789557527,0.21778239602463445
2024-04-02,-1.3295370103490933,-0.3535352221242584,-0.5399338631445245,0.3746930517706643,0.14189079400481525,1.1790693264318683,-0.7569960517751841,-1.2962799969073169,0.20648086781542496,-1.222330081717423,0.3623579629082518,-0.43257827557003825,0.6382456736851067,1.347771878065152,0.30021860317436955,-1.3497332513709552,0.5864855081272898,1.2758098001483875,-1.09141897847429,-0.7323890903369155,-0.4810385867556305,-1.3679323744056495,-1.1612414146219736,0.03992842967249412,-0.45747906946578115,-0.20071245803768903,-1.1435129113638158,2.4296407298368647,0.03169164868165773,0.8143129660472453,0.35657078050211427,0.8900647888090533,0.5147336105122124,-1.4382260215839437,-0.7670193106541994,-1.1644052252861532,0.8601925060365232,-0.34666836241906046,0.6717664934128241,-2.8886333230846577,-0.14689325209958787,-0.15489623220630144,0.2543094254883956,-0.32716287500840513,-1.2679718132906734,0.9255444360861619,-0.5887816911757937,0.9644130124451338,-1.1715262787514118,-1.2843318452142964,0.8958277095409287,-1.253133178544218,0.5551168355986947,0.6570878632211078,0.48879958083529385,-1.248902689109095,1.0052451766906962,-0.3989313564689642,-1.1415183771732649,2.0170721603212685,1.4010172919651718,2.2648155005294788,-0.598840244176648,0.20287458381994233,1.3587837497104378,-0.9305051303677947,0.38158501285662877,0.8140115299731514,-0.12805294642415987,0.5140874435138755,1.1245510978331852,-0.28292247143034116,-0.025487013993983676,0.24880006424059806,1.0257421422057953,1.0794528717080827,-1.452264860353644,0.6431048166128439,1.006503586113668,0.07305182428427659
2024-04-03,-1.4960335578471218,-0.5134687989231098,-0.6152441669417089,0.09508117906095814,0.70445956266093,1.956159371213939,-0.796377023156,-1.0781062255232836,-0.2601482703509052,-1.663634350906365,0.6314165601490088,-1.0192275798272972,-0.12662794941720032,0.7342299359285318,0.6881780676068014,-1.6221474986969806,0.23369777059102753,1.8724951710653448,-0.43807502505635304,-0.644835380266646,-0.37870681801785283,-1.7076927656547998,-0.8914327706852817,-0.647849825006097,0.14069857757313525,-0.051490311297358024,-1.1844137636112197,1.777208298703428,0.4313761133183291,0.5088942511505912,-0.4209636921254359,-0.21793956167562453,0.44352958333148834,-1.2571619251632502,-0.8413030647678031,-1.4694986833647445,0.09465970106023586,-0.5878979158031955,0.09796497612113156,-2.890106015284512,-0.40111803349772285,0.8683072060311533,1.6244397775560642,0.07728116988629101,-0.7926346901671355,-0.415313406210537,0.9815898260410607,1.2036225766335054,-1.6155758639892628,-0.0650375888930601,0.38529146537840847,-0.5339286416451591,0.47205360628193793,1.045343482075971,0.4505608601291491,-0.5631023310738114,1.5355492230630194,-0.40860270456897074,-1.0623914014330396,1.944717272200262,0.858984675736183,1.5786359391902125,-0.8561295489118385,1.068844981720341,1.3356249492742993,-0.898171194981263,0.10146648132154022,0.5173894870912522,-0.6458513735494388,0.3793895718691863,1.204379739497894,0.15093374870184612,-0.1872047946259137,0.8920419456835212,0.2133518741654655,0.8298192010269481,-1.3299779289661986,0.5592313031135718,1.4208099611888088,0.48571299749072533
2024-04-04,-0.7203851852519644,0.5609658973611764,0.3579010842965155,-0.08558076351857742,1.581561904347002,2.642125170552128,-1.308773594183939,-1.118052392642076,0.04164010790999622,-1.3312190671895607,-0.5499769179855708,-1.1816647183741982,0.05378887872135082,0.5039081565472372,0.9269855773388536,-0.5544587629149296,-0.6978258491791961,2.5157932782077195,0.6202192200541075,-1.6638149974099998,-1.0632168204434465,-1.6805631538683012,-1.2650304030563744,-0.2650003930582707,0.1630673773066292,-0.10617168885840937,-0.7444534216270624,1.5631340058499925,0.30145927730847344,1.1765735329056306,-1.3536025979738084,-0.38284603206033996,0.34330089766348415,-1.1984491273736173,-0.55914724319441,-0.786591066485177,-0.3746079755472555,0.41203263109729404,-1.2545148861581494,-2.465666257334554,-0.48262562089823924,0.6171487222366544,1.4152832947714367,-0.23859990065265282,-0.22252517857898804,0.5953859382311432,0.9194140278937727,0.7921711388122183,-0.746942006488885,0.36320532299978625,-0.4265241958879168,-0.5988573998847659,0.5542636652835063,0.7113667413085173,1.0734913471035121,-1.5872861878013118,0.1009700855448727,0.13156484501565496,-1.413753964367783,1.386941988341506,0.11860641917565358,1.479172997455708,-0.3369857075104106,0.9170877529637443,0.5615154773792264,-0.9425768064571348,0.05921038302515656,-0.4141117439656417,-0.683205956796696,0.4511338032626298,1.0855394587458307,0.26117594497432284,0.34603061399834273,0.6153462387952864,0.5458198867382611,-0.1327799791280841,-0.8618408323172487,0.46753880604199516,2.3890050949265866,0.07738180393203167
2024-04-05,-1.147676110017637,0.007156356395188187,0.2540670824518025,0.09012496740903018,0.9502512678450495,2.417475314955596,-1.240884337499685,-0.8412853511196523,0.16458219941845467,-0.5448834729428073,-0.16689783494798635,-0.6211684408489699,-0.6618673835149832,-0.44164885543538535,0.7276486566820205,-0.08955046574735782,-0.7512736012767702,2.4505789432065477,-0.25532073724686516,-1.6629217592497103,-1.1412772194097236,-1.3450017424430074,-1.6813094343463342,0.09224548320787507,1.0422932357404244,0.7171579625821931,0.00895097528779415,1.6356658696147273,0.6756331205674124,0.6266299013529752,-1.610855176984565,0.14458739736209034,-0.13319580004289444,-0.19553659095204332,-0.8293673026460175,-0.8182452746994555,-0.1162649672262302,0.555678243303892,-1.212129786694625,-2.5822244885951755,-1.176567272331886,-0.3553957011648463,2.121617691270901,-0.30836027394382964,-0.9500285008865335,0.8753053604805937,0.23434979427449984,0.18273548690532665,-0.1376952728291472,0.9120175958243918,-0.23274049092422858,-0.7251804675956542,0.9545113031277128,0.8316785784856623,1.2103669107963753,-0.8208588620299427,-0.441085890718826,0.26144582639915215,-1.0707377174942638,1.106810948078982,0.5799102757051199,2.0919271870222005,-0.3040718746271175,0.6221548996497337,0.2179478539164981,-1.1158057272454773,0.5780372095066793,-0.6917975593648692,-0.3689531393192182,0.014768898963455642,0.4573929714271407,0.7775111921141059,0.4904554942634219,0.048026003763247706,0.20503889599331657,-0.36150782371394585,-0.5246399626737595,-0.003959996601019897,2.9597071522267195,-0.6142718402258642
2024-04-08,-1.438147638352066,0.006337104226800552,-0.9739323235735236,-0.1925516737953325,0.20833672700735048,2.2049791860389365,-0.7461488426488991,-0.5242983256143912,-0.162408647537162,-0.8098493460461648,-0.026901075649682287,-1.624977803763647,-0.3543717462359255,-1.435237970579294,0.5668014643225187,-0.1615396236340595,-0.4931278236907875,1.3882642997112031,-0.19424538274625744,-1.799729293779596,0.02523680618549492,-0.7699233440357072,-1.7903123363304763,0.9878141127589317,0.8354020963603656,0.10509215561868405,0.5911013876958212,2.2104958318185206,0.16307775261791663,0.505910118329508,-1.1269594284991271,0.27835415184199014,0.021262041040983174,0.16906637095918867,-1.532628983391892,-1.2918688326844148,0.2029731519708315,0.21898961028960004,-0.67505651555538,-2.4563782688391385,-0.8407270983030299,-0.5285728116370104,2.0385384432080023,-0.2914895761285662,-1.2061671038653778,1.758727853631641,-0.5078113186427564,1.5043644961914546,-1.2365758861330112,0.5385504264775208,-0.8627770474150355,0.3975622510661471,0.057228874946529625,0.4203724428858175,0.6834253651485738,0.0765605520540993,0.31282091386618677,0.09951082617490296,-1.0242285317419562,0.8670321519626872,0.584604494951187,1.605310759391357,-0.37722922385757585,0.7550412190312246,0.5817883141769855,-0.1395178463124497,0.07296248010656231,-1.2127023963480767,-0.39526523528831176,0.052954432388683616,0.7068957960023965,0.22732855091394355,0.9786640768844138,-0.05889542354259284,0.9079688312695082,1.0868797697639199,-0.08572895013137474,0.2219532776278394,2.918566579911693,-0.7968238724978732
2024-04-09,-1.6189171269504667,-0.19366505865751296,-1.4355767951569873,0.31657589879455794,0.30397202950108887,2.1671921189876375,-0.641639329223448,-0.331411172799194,0.02543770509379005,-1.409174135634397,-0.04386404564399513,-0.8206165518062933,-0.11987113858068384,-1.28448690063176,-0.4896040604703356,-0.4111666116964465,0.8588331092689561,1.319600488128027,-0.5577640437631354,-1.5180615467122553,-0.01332350311339032,-1.488792921962605,-1.2640930120289229,1.2982681765196185,-0.050081673008934145,-1.198336993968561,0.37903898212935044,1.5568902028214853,0.5624473559648026,0.1113976082977608,-0.8556034622987659,0.9238252466372109,-0.6386017086276583,0.07557129323800178,-1.5736976876330808,-0.5496662687825745,-0.08849636554669246,0.7041158992262513,0.02139559752662393,-2.0597104143658918,-1.218592567446937,-1.0936654045013823,2.3874709286402136,-0.2942620537804069,-1.647343984921941,1.888617370801605,-0.08454208329806231,1.1036408264196358,-0.7560290568406928,0.7042557472503019,0.18844141581775437,-0.2875000115709079,0.16691363851253269,0.4267689493625612,1.4362150518569348,-0.1023456758928139,0.43298554970005304,-0.3535659413063573,-1.2531498006580621,0.5981468003864382,1.1302293778763102,1.8286068837783762,-0.6167527764511302,1.5432499429338178,0.4776350790018238,-0.24015017288310267,0.8456732465540184,-0.8207867498250673,-0.46560216196164045,1.0087763562782792,-0.2206982847855277,0.8950575154826013,0.2868619670540059,0.18087380894167587,0.8134164334448473,1.0194251735898086,-0.28344642882091703,-0.5155660824122728,1.9221513322466088,-0.9997533416441571
2024-04-10,-1.179360000560648,0.07781174032436557,-0.6186759691878658,0.7315394672962013,0.9613825055425319,0.7403006708276808,0.10524794066023857,-0.46593703009763354,-0.6083296253294492,-0.4473742382320071,-0.8072420757823242,-1.0602404152154183,0.8265850809160322,-1.214433535341257,-1.1748290853104384,-0.4850882025527589,0.8930337064718123,0.2672684247892592,-0.4390089256295413,-1.2238023617055733,1.457748385927359,-1.9635046094797732,-2.1575923920328735,0.6476730252679458,-0.7506400089629324,-1.194140277253605,0.0016293309441372955,1.651522055486235,0.23433239398166228,-0.11073973548679102,-0.7120917628668064,0.36161084750659894,0.1520176364711746,0.21121793381088816,-1.3102682243371329,-0.7869629337956351,0.2596586777169611,0.17123203082302926,0.24428648882630805,-1.719234010912975,-2.3773260048770326,-1.2535352466037,2.14604477148964,0.01699780137278954,-1.8010125440782638,1.6844171368324754,-0.017840699396554048,1.128341329175994,-0.7659368171679966,0.953184129999389,0.42618168716238897,-0.14615885915761878,0.18160587605390774,0.7259251337703108,0.6585291161362695,-0.3716676731778789,-0.3990765922000984,0.4970471216809864,0.15141561254446512,-0.03602353360893333,0.82070953762009,2.3638977261615874,-0.9604751382022946,1.329713053616369,1.3926245300482816,-0.6375847727930144,0.34085830461943545,0.11977457695198604,-0.5149477884429075,0.974106743051187,-0.33095444643045346,1.8005819454281677,0.9351350569393877,0.3533557048081913,1.1553171761424337,0.16949826335030033,-0.03022170088608374,-0.7973153809579601,1.4413431499372866,-0.8931312104295144
2024-04-11,-0.4998193599034948,1.134407212779641,-1.0375082928059454,1.0265116525626792,0.7573998447908836,1.2017665829621766,0.31269977881916594,-0.48701498733971726,-0.6865790711178249,-0.6045736430863269,-0.6357225133842426,-0.7707119115493416,2.4190217930983966,-0.7141794476910208,-1.5828451643346204,0.12172026882897112,1.1090887709696076,0.3259292725921882,-1.2038641336930214,-1.2936090058194651,1.8085624973129764,-1.592336271523226,-1.0173720094533945,0.8676405187156817,-0.3091431421484458,-2.219213731507589,-0.45291315039225355,0.6529244091422602,0.8180297939407807,0.10598809371886368,-0.7441971151350789,0.23954778554324777,0.8189324246767336,-0.3325348359538889,-1.6981433638772485,-1.6154776156937887,-0.11483654454832555,-0.4867486587035319,0.8288631694164431,-1.3160331252442057,-2.54942381858145,-1.1516961071493108,0.9912734837844879,0.13641615481089173,-0.8558611735483705,0.9978885802437364,-0.28600243663417424,1.2363839805110997,-1.0623336312257845,1.2437304235072215,0.14244102244890292,-0.9544710751896045,-0.683629447442418,0.3231715746618088,0.8096872796250891,0.25646699009202073,-1.1337795938972115,-0.18560885050574338,0.4724949198690447,0.022272304051278523,1.0158944388944666,1.7900148796517248,-0.4136583949825712,1.688203490841275,0.6494156230294778,-0.2212880683344569,0.7661364801069533,-0.2117213119864185,-0.6990418275821474,0.36150575107183963,-0.8145321317732902,1.7027486858212488,1.0953838009844121,0.7080324282713752,0.02071663683444202,0.8864555849235795,0.42039120444186207,-0.00490120613995221,0.6493901989976724,-0.2922236174677034
2024-04-12,-0.18528546745732866,0.27845616209980256,-0.7944594979773636,0.6993281960453795,0.6462186144192849,2.3110340218266665,0.6138976375702228,-0.26034103096364586,-1.365938889820518,-0.2938410285842356,-0.6961197186867273,-1.7470145096477143,1.3046536421364656,-0.12614707255050095,-0.6358784947889946,-0.0005503654524986253,1.5912336627568455,0.14993708350834836,-1.4733001802746506,-0.33379770557907973,0.7981264403047424,-0.8972438077605395,-1.2543705829664389,0.9076697173981921,0.3961316759294934,-2.1275568281731125,-0.6524303971574726,0.3976098060542092,0.9969559430956816,-0.33590395544486196,-1.0029775933383305,0.06366783489871435,0.40798370995019395,-1.157268672970493,-1.6341962577699323,-1.562426186823088,-0.11664652109105601,-1.6045697344966394,0.015647788316861068,-0.38687573512611123,-3.0900149166660213,-0.035182998659695035,1.0142453273743792,-0.28339852126585874,-0.7562408832771937,0.677588339226702,0.49082560608419856,1.3098841576830382,-1.0073978515316984,1.551809934129181,0.34609274079287333,-1.103608244599609,-0.6112458243265075,0.4866718608592688,0.5444454198544157,-0.6818142445943591,-0.23800511432300567,0.0568439654918287,0.21826389515056813,0.4949037927567733,0.5722197904193952,1.0460685631166913,-0.2275335053417076,2.001553768154232,0.6618194809626231,-0.40318482389528715,0.31241404087717073,-0.27643136353629943,-0.0688418919634533,0.7621999700279496,0.08611761396021604,2.568343855178345,1.7406241634976753,0.05677778801425112,0.1788500721713759,1.091119238830748,-0.6840895669125703,0.38482129063016973,0.1449419143972542,-0.26586854015783146
2024-04-15,0.24773268499098666,-0.62917232992123,0.5213392867539977,0.36087203228117987,1.710785997157172,1.1888910424108945,0.12673142248719863,0.15696194020428655,-1.5371431194084042,-0.018790074494521917,-0.6473840094059358,-1.7363536585638364,2.0699282162673254,0.0790314361718595,-1.2752928302961255,0.21458218885218502,1.8189388924972236,0.028553297403442646,-0.9659158480201075,0.1752137135859971,-0.05140084160988473,-1.079540605512498,-1.033890810606681,1.5140764784960028,0.06245172834450536,-0.7733677656337582,-0.6502819253078417,-0.20963548861823633,1.4622444541708348,-0.019041643451935597,-0.2580861610488206,0.04739148958793523,0.3180862982327177,-0.48576122366739916,-1.3599732954821384,0.10611649015986337,0.005719700987460333,-1.4056736891139983,0.0460815143325984,-0.956970853147631,-2.546040452117005,-0.4268641844393711,1.0436926308119345,1.3704859588860674,-1.4910287555121364,0.3891988200300289,-0.440428551290418,1.0660803333688031,-0.5478022723922988,1.133935946698726,0.7468530543914853,-0.21435974727997864,-0.13216218793127654,0.8591489575660202,1.292460306397886,0.06880040172819517,-1.6722535881243574,-0.05521834229342327,-1.3975716098097475,-0.20272390428719372,-0.17737660560918114,1.068768728314726,-0.6799546529479806,2.1215579239831768,1.0179315333067582,-0.7813989261010964,0.331362913738725,-1.8593209602436684,-0.6026313890602336,1.576623105536367,-0.4324986189543285,1.8297843691016527,0.9495251952380531,-0.8809015032562976,-0.4636143204801586,1.1055726962673151,-0.5965270164902665,0.8375440750492619,0.03480182132760069,-0.41150531518704897
2024-04-16,-0.25087684099287677,-0.07739181603635863,0.041500963321148464,0.8090559973684822,1.4042922416522299,0.5283982656173362,0.43934168477454794,0.23186029638734232,-1.3925970030307595,-0.31578472264019325,-0.9795756773588413,-0.46315989217013337,1.3074297374947559,-0.5432331026652092,-2.0763283490679325,-0.5056522572321546,1.8042849786894974,0.04077795431560022,-0.663114957767531,0.7405376108434925,-0.19554202797998674,-1.0902278496574807,-0.21578360298856647,1.5218056657188201,0.32698928875485556,-0.6488817484076049,-0.009608293725373184,0.027358110141401045,1.5927590015076754,0.3762126271152502,-0.1532229815883172,-0.7834497826772835,-0.06307715072073776,-1.035520761697627,-0.6284306335279852,-1.0611797735920372,-0.0008552154481903404,-1.1090165324038828,-0.49151085774970643,-1.0084122428221995,-1.7064596866282842,-0.6522681260301054,1.3558736582572049,1.395784304205613,-2.102464588086186,0.6572164356797833,0.062353273413279516,0.8722839531463947,-1.4942802901589116,-0.13314828710149482,1.4279838888113794,0.04680178956932079,-0.10142762124168621,1.275134671481409,0.32504533429062576,-0.48088573888884395,-1.4778170576884793,-0.4745071296758481,-1.5877048815765413,0.7836520348334908,-0.15590202646844478,1.087518153795667,-0.2085253357884139,2.176164091913974,1.2328299075441935,-0.6701551445946587,-0.34826871036056595,-1.2248637729539051,-0.09019811317497486,2.4200528902300134,-0.11476923595396736,1.4846747057745218,0.3364025832629117,-1.6137337592634766,-0.7298715619257314,0.013029352543660739,-0.3269953937128816,1.1468483723650764,1.0393546196868828,1.1250720907145362
2024-04-17,0.1232124097811544,-0.44030855334622515,-0.575541427994087,0.16282657429265365,2.384923250684636,-1.2124093281720403,1.429248234151686,-0.5216409391131449,-1.3689934959588086,-1.6345492321195354,-0.595151107107054,-0.004476083842750795,0.42800995390109153,0.06264721345910625,-1.0315453309573832,-0.7776012747186118,0.39726339853992787,0.139281180763888,-0.16485975134289663,-0.0690122218498079,0.513120737508005,-1.3835929678018988,-0.47076130777799713,0.9783479846482945,0.6438263624346073,-0.11403073179789149,0.7860250618341877,0.07764470701535046,0.5316873656042107,0.6598987990696792,-0.08372135488842314,-0.7946612754164057,0.48036936723391466,-0.7415016331581449,-0.9168541218123704,-0.6289347255610426,-0.03379093433885084,-0.6644258667062268,0.013064430140573182,-1.7041633923874295,-1.6369008552056459,-0.6196944623217844,1.1493431806341694,0.5519355710821096,-2.2573406531503273,0.8206412369869109,0.23196982194803495,0.582922284769189,-1.9039062826812072,0.22972499529868695,1.3040158369242134,0.6613741000074546,-0.45490934744253897,2.853405079546113,0.5527154482677907,-0.38634748052411444,-0.10776057597599141,0.1764692822256826,-1.0877451854137283,0.7350731855027934,0.21995140087472148,1.042176863202853,-0.9603051785660682,1.7716086375937474,1.5193846274796503,-0.4775595914813552,-0.8878709907528524,-0.9216863205260583,0.5798200113390348,2.9262349535147107,-0.6414769430098515,0.7781303330046466,0.4649781510054733,-1.6062959256985057,-0.8733941329965342,0.13108843699773642,0.26282266898736645,0.3106852881037314,0.47088748838651684,0.6169650691692852
2024-04-18,-0.837312742933961,-0.38922977541194587,-0.16956530315882765,0.9594033213166402,1.5707603695011252,-0.8290130989065676,1.416543690137402,-0.8551568768335966,-1.2543258337232035,-1.4811045426166363,-0.8863957592626011,-0.57241887793887,0.09709545748196786,-0.6537216708583851,-0.9039759237569197,-0.08714130404687088,0.09637251701935516,0.4223588420464247,-0.8192532557086878,-0.600269440045984,0.15403390687185994,-0.054591854770177105,-0.28610333974831487,1.8740966491495508,0.2775972894447753,-0.2961634152379603,1.662861717887467,0.1047086128900392,0.1477667663603784,0.7095573908570157,0.33387868254106395,-0.6830905772060283,0.5054796385193414,-0.6712257847080121,-1.5208963928868793,-0.9938624439179131,-0.6164773848637692,-0.6241585803654426,-0.14694245790193522,-0.8941113173571291,-1.0838107350160793,-1.1324657995272904,0.8152061083822654,0.08236731290799267,-1.8522131205582948,0.4982946741229756,-0.13902214941438826,1.3377084726110493,-0.7972541101087689,-0.2739949521982918,1.702856711964312,0.6997441114780505,-0.7125265310641963,3.389452888878103,-0.6735293610743471,-0.17678233623534767,-0.19757646647053484,-0.6634531499606472,-1.194724464684524,1.3492682820424264,1.6991760692152826,0.48347601882493596,-1.116858621941505,1.3907525282737474,1.4468938526173978,0.4571471590550018,-1.010816019814899,-1.6433838051295642,0.41920271527403735,2.3079675130868305,-0.44016264107143976,0.9266548946065198,0.4849451194421539,-0.8719011765895278,-0.7937615251724978,0.16721632943445175,0.41387762801883043,0.08172852666889308,0.5590861087586037,0.8552070425104906
2024-04-19,-0.5087208718150763,0.509504437943465,-0.9377396065235949,1.1297914919237786,1.841762223358752,-0.5476201614095904,1.0794339928675174,-1.541565081539489,-0.3869498403910115,-1.7562215285889478,-1.1489524681246837,-0.4021434582783004,-0.05539361656639634,-0.7076496092075136,-1.3558434551948373,0.11973803495889464,0.7711838277363637,-0.5183215158985244,-0.4578112085677501,0.16149548713424564,-0.5925164097408494,-0.059673333045934626,-0.897720000353782,1.668515583349863,0.022771201581157283,-1.127485385778582,1.233743453471522,-0.34925949822725677,0.247667495176411,1.6255118232500507,-0.3096759171990935,0.009177324149751474,1.3451938033726878,0.39879131008809654,-0.3095621991759492,-0.7878893334429038,-0.578293012369793,-1.185336072102231,0.015632420934356805,-0.03368923179549678,-1.853283544903412,-1.3496254542033506,0.60982711187947,-0.5970224464466044,-0.5277075861791761,0.4598296811264556,0.2556194633531917,1.5820071486952274,-0.8738739875352894,0.33451557104956114,0.8109418617767677,-0.501587540097311,-0.718042263585206,3.5347719394464905,0.31838741432679646,-0.4286537567616252,-0.10277453997459259,-1.156619795599041,-0.5788439642800673,1.1413169237027296,1.1135338447947158,-0.5176162357100238,-1.620759708462503,1.450145881170972,0.45840285713654033,0.40081205257851493,-0.6214551032019743,-1.8317499775637691,0.07464039071581667,1.5678490356066206,0.46295240545597394,2.2765941758214736,0.40529724040627835,0.07293260116523557,-0.30293605321887046,-0.054059451525667504,0.49632641181238,-0.7243155498477163,0.27373035379350985,0.6366114973221525
2024-04-22,0.33002570255841246,0.07900051475658987,-0.9319180441117456,0.49691945424020434,2.0250969044752534,-0.497632327220235,0.41587204779133174,-0.6836583253101282,-1.1882546509340381,-1.9803120637417702,-1.3879809492929385,-0.6616759603363717,-0.5729038884738503,-0.235667256786481,-0.9800154446595976,-0.1755944187215347,1.110552823520172,-1.0212066649483298,-0.3642075633002455,0.3643547002504396,-0.3442391261226069,-0.2263237319644227,0.015523034040211306,1.546491231204633,0.23095959276180522,-1.4438851468309162,1.5132083300124148,-0.39779361816818437,-0.18686948467659015,1.109125646832838,-0.7975115870531853,-0.24127325708920508,1.5847156850232396,-0.08104663843500347,0.09157311854347627,-0.24253396459928397,-1.7678131220287805,-0.2967381135347982,-0.4681233682179402,-0.5804027366218709,-1.5726337282381748,-1.461220620910636,0.5720803438678156,-0.8987479741104809,0.0551775897429983,1.8690774885370947,0.8378964549170783,1.6219465580827792,-1.1035876638806854,0.6684997970867333,0.39921344680764836,-0.5018453221269663,-0.6433674842357399,2.240469208163543,0.0652712604180699,-0.8252357338893158,0.3648234346232292,-1.2736096464153073,-0.4780707988779995,0.6516272294521996,0.6407082106399136,-0.15661784454766847,-1.3243520627388492,2.5430533752399787,0.9599338822818284,0.4533556877441027,-0.5806411391938329,-1.8097943613328384,-0.2735213541901479,0.7011373812619095,-0.02780607493611318,2.5575015567150285,0.5713801056030509,0.5387474369100043,0.4888288398567771,-0.44240296024600134,0.2623635819241775,0.6800836850220283,0.6428525738778118,-0.1704116917360111
2024-04-23,-0.678535368371683,0.5132039089901139,-1.279722316772331,0.46606618822571094,1.0754616607180223,-0.7716488047434316,0.8073610325562465,-0.687594252648169,-1.409865599098265,-1.5709094048171361,-1.1732619283385592,-0.657378334683536,-1.5469225125852286,0.2085856209847544,-0.7779132270496086,-0.06303678193590373,0.4598451897454971,-0.6245853491148273,0.10553700456573253,-0.017293909691790822,-0.36171444195086355,0.7095295843571094,0.6299977762777446,1.9918593077470668,0.7557430682029609,-1.5615592234910496,1.6912340632684564,0.47754773958853225,0.038588133175147935,0.2762111697497979,-0.6316076937652925,0.29139174156759096,1.4087857089039366,0.2188242507331949,-0.25680523346175294,-0.29066109641265114,-1.4632896187791142,-0.06825178514829362,-0.46129272536323035,-1.78858252632706,-2.5556980224056076,-1.260421181388906,0.6338230340147483,-1.039919374873461,0.05919005810792999,2.339174846478894,0.2602430893637309,1.5691239224838736,0.03317858630845176,-0.25833768638071,1.3218454800023716,0.4982626327507694,-0.7994379770223319,0.7447532009948596,0.927054546906074,0.1253532113529567,0.1475074470624776,0.0007205634090680664,-1.1232927097061467,0.6757514532901261,0.4921028688980159,-0.7382520571337132,-1.3426207944722353,2.008433559598163,0.3044793244841568,0.6248385099605537,-0.879044473226571,-1.5045315036582672,0.15146657404357072,0.4836434125442261,-1.508496305894025,2.475340221466166,0.4380552676108883,0.592204043089823,0.5841442845276125,0.43917896984995125,-0.08266621652947027,0.793719547372071,0.4678405901803071,-0.08205195826823104
2024-04-24,-0.4979244624417833,0.7010255128831697,-1.186673520413543,0.3832790850030511,0.7027393770323018,-0.23540347328223868,0.9661046932725819,-0.5224991459434953,-2.1573432062640374,-0.9576602413429374,-1.9388373720924588,0.2118411966471714,-1.9481069697067528,0.78927557999587,-1.749687889835393,0.14156128222594708,0.13775089941871488,-0.08838524694047159,0.8260798978481337,0.14207625651219669,0.32885722850439186,1.3599627029285195,0.10093547612417193,1.5930249117156996,1.1769624489988766,-0.9562433200842962,1.2411056616710157,0.6447434231551086,0.16507130897179506,0.4679459512372944,-0.7605317275806657,0.46144234365072345,1.1215540760472886,-0.3975829087565325,0.3621950251081631,-0.5629850182172291,-1.5436396925519458,-0.5449565201030241,-0.43162710399464155,-1.2443725772632956,-1.7536977128358706,-1.492004504730305,-0.05827685715533133,-1.7687147628770077,0.1347625856223915,2.59065455503845,0.5632530503852874,0.9908172743532362,-0.1650568034479798,-0.9100813016809292,1.8261173529037684,0.8409678646898153,-0.11375478881278768,0.1145494425675876,0.3904197264036202,-0.0009911228572442386,1.0093809473726174,0.24900284121579827,-1.0540084475711,0.9494563347156605,0.2061948227955338,-1.471658111820265,-0.9060294835652855,1.2273980713368882,-0.20937560057469007,0.6055367208254696,-0.6038968924244524,-1.7292737677845227,0.16928578307075504,0.5557308310297694,-1.0432195661533958,1.8276125039594102,0.15756828650412022,1.3074136233822506,1.1941564176899764,0.13604693909952703,-0.06991645058277311,0.47048600776462635,-0.06720566094816711,-0.4007240890418985
2024-04-25,-0.21956676403905437,0.2541946895459972,-1.028987510991816,0.9072389808351916,0.6599262013823576,-0.3133905532842614,0.6676984581545444,-0.40720418886883036,-1.4715529768600606,-0.6973606643100231,-1.8197263644338366,-0.5647732264996526,-1.34840772232292,0.704234664829704,-2.4097803324413376,-0.20041341996310075,0.34207986609638724,-0.5601165301915396,1.2432027887481865,0.8608474088564932,-0.540120179321516,0.980588101617025,0.25121309178567397,1.4228922644547997,1.2521312991955709,-1.2466170613591492,0.11275078033249766,0.8694523838586484,-0.2641288937056315,1.5430058926541432,-0.25612530986636983,-0.17559295366130284,1.3686145226495385,-0.40391454537726657,0.3918579401467873,-0.8780116892597061,-1.498222089243037,-0.008336921530110881,-0.38003640535086225,-0.8895574494055273,-0.1853789096768177,-1.861215539517413,0.8402719742475405,-1.6317540953836058,0.0757558373878662,2.194597796779162,0.8159473410135373,0.7871168435824007,-1.135562919113456,-0.7199194065134134,1.396331658335233,0.024659057960135247,-0.8379103521010399,0.1976925250040262,0.7770305774307371,-0.7878033072685011,0.7621270297143787,1.2966382698502992,-0.5754662695654569,0.8675264310899452,0.1556595054070278,-1.5340955661338838,-0.9382121002128406,0.8733397630498594,-0.33470657645906143,0.6079259834278182,-1.7233216811699517,-1.7403048410069963,1.0412693662997405,-0.1367705937621517,-0.19372304160148676,2.011926467235737,0.32295793922556165,0.9859993978229362,1.6020609951209008,0.9705862543087458,0.01053367702759975,0.08826500095955297,0.05108974232420197,-0.6711498179755037
2024-04-26,-0.09094763477716511,0.39318971906350664,-1.1613259218249812,0.924645981816086,0.7426450320175434,0.2703773173819283,0.8305361418406478,-0.28911175017345603,-2.7664360765903977,-0.29746097963724266,-1.5754160732199634,-0.5283699451609769,-1.1921529953412684,0.28146505542404576,-2.473060057831469,0.9943346232477686,-0.8706644327076225,-1.0878421082890168,0.5062482993582044,0.49353576316932085,0.3191681872831055,0.41305936004733174,0.8233665152269657,0.21808418421476225,0.6560628979082604,-1.2863540340260418,0.9731677878443152,0.6882038117093336,-0.46474689769856553,1.273600219867693,-0.32449188603947,0.8462788657229151,1.8510351887955898,0.4565924495092566,0.8709111597099259,-1.1861389754140979,-1.3201649013279273,-1.2232438558801917,-0.28598124146788356,-1.361644688373717,-0.11869931643874537,-1.5983295633874932,1.0775930505788844,-1.1585285315691694,0.5234029763224572,1.7270630111599856,0.20027537031911205,1.7955364455934573,-1.1716250891258064,-0.7867083175085917,1.5857023409703364,0.07860820984824624,-1.3397008876681582,1.154303254579737,0.1930683805420218,0.3189039823461866,0.8814040845248996,1.5442483732467418,-0.30515690980929405,0.0671191497471028,0.2952799155917638,-0.41634387213199797,-0.10269213571389493,1.1108012506488378,-0.0794933630669919,0.061529502905616894,-2.0157239397495728,-1.0333572251012597,0.762243988072266,-0.5880604423820243,-0.3927507173228087,1.4940239545364318,0.22857167624791744,0.6823194371589115,0.6010710241920975,0.09867003492650146,0.15286743160699728,0.7360218446362075,-0.08070465772451078,-1.2237078269794504
2024-04-29,-0.31279151590821874,0.41612184161838783,-0.31480759081236454,1.129695942769024,0.9130543522016232,1.0552666593408888,0.6036679779109233,-0.8075282051664626,-2.413487906217595,0.4256224908555654,-0.9411193033924027,0.45463798883166323,-1.029396944134486,0.19402342998236244,-1.983206925657327,0.04150483192493363,-0.6568503370749903,-1.0758214096860037,-0.06261108070308856,0.9151863137146696,0.31787145454737187,1.00969426187235,0.3271150311303228,0.13725092646441342,-0.31200943589778596,-1.4600017746465195,0.9771359146829969,1.0539250429389626,0.03710747407843394,1.803695488864646,0.02440598013901227,0.6464931344739842,2.1454066919330237,-0.27549529823671215,-0.1461556886028583,-1.0457957246241374,-1.07852100410522,-0.8124821339388929,-0.5022931990006784,-1.3093727092949592,0.005662424630889212,-1.908528113719806,0.7605257795171173,-1.3017421559517808,-0.5210447530102925,0.877953705630177,-0.3103315285904119,1.1840810151022252,-1.061681648753175,-1.5689101934821312,2.036720416400396,1.3719056714084794,-1.4595254563822722,0.5673701460896624,-0.050184997518463184,-0.2906031605507316,1.6804757919472915,1.2666022567387873,0.24665205296596848,0.5997347697836928,0.702679766057592,0.21013682494252728,-0.6745842770509393,1.4736525439149708,-0.18513365871746362,1.1902825843168636,-1.9308685646619397,-1.3696990845380075,0.4011870642820955,0.237115906036632,-1.078290162558708,0.8534173995062104,-0.5228257465328263,0.5677468722869411,0.010147942170914996,0.53615227534746,0.2760838661438684,0.8232956203658099,-0.6461796738360063,-1.0885845629064748
2024-04-30,-0.6456785913743398,1.2600939556362027,-0.1738320851312414,1.2895096808318371,1.111620613042639,0.5429634355592303,0.7435603593236265,-0.773785879825317,-1.6739907381903427,0.2503910012046627,-1.0687724480601173,-0.7229590158893576,-0.9162394676184769,1.0867528647474676,-1.7092332924494316,-0.09064503868145275,-0.36989177937511064,-1.5459897412885082,-0.1783218030901225,0.741868355924335,0.40248324149600634,0.9843178108002124,0.7956691975525915,-0.47226998632525885,-0.9258003115176846,-1.271719517861637,0.645926429724081,0.9090315081206422,-0.22984444210521426,1.419863863055811,-0.13965546451612862,0.9576517111878703,1.8516442211236996,-0.2747248794895125,0.6830026623964817,-1.6348497810959153,-1.0061014457761435,-0.782919591578268,-0.6020671552824509,-0.9260357841578711,-0.40846379222399076,-2.0266782809380377,0.9209104903558621,-1.0898877562399347,-1.0249680349577328,1.380433539187545,-0.006990625784994986,1.2038621874556459,-0.6097295765252015,-0.943849973898472,1.682447005258293,1.2263227363829583,-1.7245508378315384,0.48704884367020984,0.364378076583084,0.5749209189407425,1.6049214859148087,0.6465934033953338,-0.31048467489428105,-0.1737689130196155,0.9319807153118673,0.07311637781751569,-1.0464137494396017,1.3080372809145082,0.140601157415392,1.0099633234028658,-2.1244581598180194,-0.9489231689961269,0.7492120899673735,-0.19373369123039824,-1.1449375373358075,-0.34916649488927276,-0.16603412030596956,1.9397632497118558,0.6696517804919322,0.6125657890046123,-0.01402544331433916,0.7104078045206541,-0.3123556292765094,-1.1587404658307079
2024-05-01,-1.588366552372749,0.8807623285739483,-0.18908995481924346,0.9098286345120375,0.5821713049658198,0.6284354380326916,1.8153585422475396,-0.11891240696727719,-1.7658258952051646,0.7789545356645375,-0.7617917229020817,-0.2075765256052803,-1.2851510129743562,0.46504835674072753,-1.0305834630504758,0.6538461103069495,0.423914716219174,-1.2181660333915723,-0.24421954258235434,0.9722342779030254,0.3733798290888651,1.6521597990446046,0.2257205990190343,-0.22287056914433268,-0.5660990439267445,-0.47110160293531883,1.1803562479932246,0.19609447373473626,-0.29662248960081905,0.9345008552310297,-0.5966210599736068,1.437941500466555,1.5683296340414534,0.4119883725991999,0.4117421142720496,-1.2404077330361953,-1.507104717035394,-1.3022990346576193,-1.1408539684596277,-1.5391931243236145,0.05981739733009752,-1.709905535447941,1.1789833840440722,-1.0433045104362566,-0.3290678918125064,1.4840425074582893,-0.029534158390751377,0.8102334988322228,-0.4891427398418058,-0.39177509058437365,1.3601154115676746,1.263742217271322,-1.9384057695714887,-0.054039554806153654,-0.05423031050260596,0.7946730047128809,0.8990307756578969,0.5798398848901228,-0.15329112021915378,-0.4488774021341711,1.1772432238432295,-0.17734987167446192,-0.9400068637812431,1.0790753856848196,0.6811117590060948,0.7002449141263188,-2.4251643736426196,-1.4471131462934115,0.3617844723780591,-0.8366797975242884,-1.7657456420549464,-0.2925804323031025,-0.1775853416571519,2.053488537817307,0.6277625521065017,0.4472057565768198,0.21010219696466373,0.5152365198840116,-0.7444776277012548,-0.04536743746609731
2024-05-02,-1.692591665420474,0.9830996698306315,-0.6684683616131838,0.9260239614598952,0.8137404434094077,0.539070097310715,1.0375083099699622,-0.14260858486903283,-0.9015628201944825,0.09390678995135529,0.09330117660314052,-0.09597112808183063,-1.0024672572240787,0.07580857829380613,-0.927073451974413,0.29938999452622034,0.4161073116528036,-1.5890166001214108,-0.4423986764343202,1.9033542256086318,0.808099604896127,1.1565606458440785,0.09388563605992102,0.3126568555786294,-0.21025470892433848,0.08312537703238544,0.3839072738072774,0.16721941525057843,-0.4986427056571988,0.6544304956469008,-0.21932986252720973,1.220142734242355,1.2329301293845478,-0.0843172081010831,0.2208435893478672,-1.9342624948083362,-1.7303067251656912,-1.7693450555339056,-0.07582003367002613,-0.7639142219683022,0.7083543730679033,-2.1109587781275074,1.539981523832852,-1.1009609331195227,-0.3493814220052735,1.1766210025057013,-0.5511299251009426,0.5015846406037078,0.04652421802889826,-0.09443401390059468,0.3436834177500477,1.439094023497962,-2.0647967862997936,-0.48104111248971887,-0.3278901497192143,-0.03886209668571611,0.496565874931402,0.4249346275086758,0.3084817899218133,0.1005191575115232,1.6303243889429158,0.46718943628667886,-1.5529499752337725,0.5119482433885139,1.5108235349768213,0.572606077080301,-2.116135183777976,-0.9180462891289668,0.6788516896908928,-0.2113654807457081,-1.7398126290928055,-1.0821837189728318,-0.5840550049510044,2.617491965881892,0.8604846854657991,0.5361218818086313,-0.4325630985642371,1.1053366132504872,-0.2513274634480163,-0.3363898579877397
2024-05-03,-1.617930369317043,1.0810765890362088,-0.9141880600688537,0.5086480719598875,0.8378480572477478,0.4587572004154285,0.06118051198458079,-0.23821653549413718,-1.0919675617625852,0.23073286269820542,-0.73261873078304,-0.732170591374273,-1.4964255483830533,0.27142790377139386,-1.6669714797317892,-0.2426193118437432,0.5323963162751156,-1.1212170430512265,-0.026448992777791107,1.6685110365922853,1.1872243997721204,1.8899540370251657,0.7227322813691279,0.4000645604435769,-0.3447624097003764,0.3254457674749274,-0.44308475071677117,0.03899225078224354,-1.182699381764827,0.3154944817901129,-0.5747938690857596,1.442372869415286,1.4259919404857098,0.3100618015730158,-0.22885676833541152,-1.83297517871912,-0.914241875207689,-1.700907348487632,-0.6330059665728806,-0.6151824206733308,0.7274077453720187,-1.120502603540227,1.415858436240171,-1.170753571876036,0.4381839083620212,1.4572274149055704,-0.42606382212214916,0.7578643753941651,-0.039292852066529195,-0.25391920614952135,0.5364808288277633,2.143921104775464,-1.1471212262239698,-0.32710669148891536,-0.6614536176999418,-0.5079034647209133,0.24873708519794677,-0.09494248512966927,0.16767549959387387,0.1564954703788385,0.8527568876432345,0.17741634603779458,-1.4574993132746823,0.8111117238258503,1.5953873481077234,0.058529416186623585,-2.32752430131894,-1.3158632182661953,1.0635290368387362,-0.4611946223980579,-1.4379019272312776,-0.32686273648857245,-0.11159742984012207,1.7784134519149593,1.5128744343385225,0.6975006281167498,0.5890745789379658,1.525248909919376,-0.20246954975120163,-0.6793507375892548
2024-05-06,-0.8496673494433461,0.6243514556493953,-0.4696581374829774,0.2122339394854941,0.6831934679859949,-0.6335369105867357,0.08823064366999012,0.18424871293856196,-1.1279854200443058,0.2753221935885274,-1.3347219728593145,0.08390314494797857,-1.4619375951872482,1.2767423486346448,-1.5162599222357542,-0.2394518005705154,0.26976100015026,-0.9502455282772302,-0.5287955744500051,2.0313279854490296,1.493410203570353,1.3190032118978645,0.23136400395562856,0.2378816220885087,-0.6867365313894458,0.5215455232541109,-0.4303168507009522,0.32766250743055053,-1.1328649291069912,0.6768972221788698,-0.7538729293252685,1.1607457613576835,1.464111443828266,0.9645571261994257,-0.25514710799888296,-1.6544794772546083,-1.0970236596890113,-1.7247575237165385,-1.3439764105305068,-0.48178568801337546,0.23953910506593568,-1.0355572589304618,1.8012600449153409,-0.7888316462734034,1.1785263079492632,1.3931221652955714,-0.7573709876436026,1.091529394306412,-0.051910773862288526,-0.74297403827008,0.49113278801099014,1.5176402481199,-0.10208022407510817,-0.5378013918831003,-0.9313610047965726,-0.34479843192182613,1.3830084310299107,0.023071570602125197,-0.7328491288835948,-0.07334846184815555,0.3394449494575406,-0.0713416420151009,-0.6919176749473088,0.23010607278129852,0.6905651715742296,0.11601030250217406,-2.2390880478605113,-0.988769288929222,0.8733107860492951,-0.03529022864045946,-2.054130125204428,-0.6535986605215401,-0.3413874945691674,1.3749037113208529,2.3730741052864794,1.0803270232303317,0.891798398444422,1.2965173564136594,-0.6679593326824395,0.00420571200451335
2024-05-07,-1.6874831745983991,0.0880209165373839,-0.26338690884032917,1.3811281137156257,1.4997634602379764,-0.3971919122606615,1.0950619561933317,-0.3386444786117236,-0.7236227433585435,0.7104219680992085,-1.956394084981489,0.09393945216514786,-0.9218056598849016,1.188112719389797,-1.3704766211290018,-0.038987117978489104,0.3856466637483572,-0.9500175936674671,-0.058604040136872475,2.6886141874145433,1.1931377880846445,1.3725032669172477,1.1652013133285555,0.5604196426267524,-0.9228294993830651,0.7676950518492323,-0.2269594667361798,0.5945713858240067,-1.3991640216978511,-0.10306625170799445,-0.29505156034930785,1.4306021314547217,1.2922858423141563,0.4182542679591655,-1.4648571666024608,-0.7745324571169202,-0.45700650448132757,-2.0897814106636,-1.1995071085950555,-0.8592297004765219,-0.017507400145853842,-0.1229212324784002,1.1703170677587673,-0.676868140368698,0.9059405115373557,0.15747237186532317,-0.12332870500841858,1.2320189459369046,-0.16574428124723564,-0.8994432214178509,-0.08395781587712671,1.2479144276566028,-0.25308696079812704,-1.1516493472823333,-0.6968580122486082,-0.591621236829717,1.1537454707703436,-0.0658227025786026,-0.6876924089764774,0.5176208301858384,0.2039873315715612,-1.051250769758967,-0.4030748559439383,0.4964865515670982,0.5753173010532356,0.048060322052599164,-2.155043721984507,-0.3736703756909168,0.826192599929593,0.8917300043414682,-2.240058435770288,-0.8912302285913489,-0.4752984241089612,0.35611110799143203,1.8849763287604604,0.7794922930630053,1.0818291154033357,0.17007442268591136,-0.37849025737532765,0.37855088574918
2024-05-08,-0.5996881014505039,0.2150981588949889,0.2231860258442255,1.6516550414656674,0.521117081285314,0.2830984784427613,1.063946846902406,-0.619989547618728,-0.624916823297686,1.3316915520312083,-1.920815087269778,0.3532089759514315,-2.128371584654874,0.9601469258383224,-1.2646178202434248,0.409412312699435,0.5592889410023606,-0.3482554095516543,-0.3324724211443365,2.6429789083009156,0.5655352707837626,0.6718756550383107,0.7443002384967,-0.11826449204732271,0.5140101368177532,0.7521192101480559,-0.11770121020843267,-0.016967943640463744,-2.595683735380798,0.8197941945108522,0.052864519958623166,0.34765180346048913,0.7879380982347853,1.2040197223657758,-0.8896943323172538,-1.8627259058698424,-0.7135212517015395,-2.1132269853822874,-0.7582100080285528,-0.5703540200313402,-0.7428843341989302,-0.2458026001332802,0.7961413959140219,-0.3771909794732291,0.6806589708131724,-0.14016818285829,-0.2431047491425245,1.1106713569489663,0.5843483556325294,0.2196368401735343,0.6275970871700085,0.533565368597864,0.2562825747595431,-0.907697080189678,-0.8341967364752245,-0.825173956551365,0.5156030718116504,-0.9172300735594614,-0.04181820041419262,1.0618891687665934,0.20015996907324254,-0.734193783162169,-0.7411677927258492,1.6879086363521163,0.6286999870335731,0.07664419402420118,-2.0468701077321354,-0.7382365292525142,0.6312518171784448,1.330220423714205,-1.9388002683660275,-0.541780231601504,-1.1245427950482259,0.12105309918563745,1.9459566994992896,-0.21165882138896494,1.4170196347088029,-0.06479446883885391,-0.2698603646416255,0.18240198576132008
2024-05-09,-0.47142419515271955,-0.9292845362755441,-0.6431023429560981,1.9179782086275636,-0.20351289606034306,-0.4782520558985204,1.2456990560535224,-0.9651680736319063,-0.312895175027233,1.1346156022838414,-2.341401647601607,-0.6758948651801467,-0.3080769633389987,0.6452673909196368,-0.5572217985515169,-0.5429267502917565,0.2745619634864705,-0.5172111329711084,-0.550689141531442,2.58404225819037,0.3868727456793863,0.5576997025308379,0.5025163529138709,0.22071499121617028,-0.10577808006792687,1.1273839232113894,-0.19328978550988046,0.06434249287179977,-1.6112012380209815,2.1333018644279353,0.08285944835725174,-0.44768255982881006,0.47432553776799846,1.767053230294209,-0.7432741092613727,-1.1569046413193242,-0.42714321726334936,-2.133293775158939,0.04297389444760966,-0.2618035788854478,-0.5968737602111117,-0.6611675537709336,0.1748336036235762,-0.8837673170290082,0.3591946888832021,1.0141303978237826,0.40646687010411725,0.3482966205371889,1.2889752430703538,0.35332161212577773,0.4789463166161584,0.8088529208501529,-0.05436434265867948,-0.09525034819937468,-0.5917414977987874,-1.2791595787840067,-0.10009304083669472,-0.6047705564145316,0.16901117580265693,1.3900070350776086,0.3868018722934118,-0.3742100311954058,-0.9534432932965465,0.3448883819920644,-0.06610602576233914,-0.4475759417005461,-2.0404437830802986,-0.8130205174880383,0.9793737067346405,1.9511526093626064,-2.641949283087974,0.8951043443522879,-1.0289447331941497,0.33879008149738243,1.5900184017592482,-0.31617305759835174,1.5191062003459146,-0.5680714244481316,0.07406766363141996,0.6610102365764683
2024-05-10,-0.3334090970698121,-0.2796074717134755,-1.2086961618429126,2.303680555210762,-0.13775132104547488,-0.3690604983285999,0.8684674819359598,-1.1121859384815227,0.5062692050082696,2.488211314243707,-2.6498683891925654,-0.02671017348771334,-0.3314731037522472,-0.06436158944922175,0.060346677674705584,-0.8080461922518248,0.5751237256921712,0.08411335599480847,-0.24739568369317014,2.4126659898990535,-0.08662947939171466,-0.18215570838669518,0.35833580265901754,-0.07770786078745989,0.1495460966213037,0.6461407256990321,-0.39411479610175626,-0.16737210190278226,-1.3733578406395495,1.6878764886124895,-0.26947414583618745,-0.7052245157909381,0.8295380997858847,2.2839070965624466,-0.5433470598652397,-1.3691234047387024,-1.1953533144861914,-1.2435633807903599,-0.013252872235932802,0.5069669963968974,0.2272689732200417,-0.24133029164011796,0.7913595730521155,-0.36412624220658707,0.17450216727755052,0.47432170932972423,0.6833234826442731,-0.24557816235274987,0.9950525939284418,0.1574790891823725,0.539037805627891,0.7590103830712107,-0.21743928291367115,-0.14201005981539955,0.26623531435105674,-1.542689026844044,-0.21322875328969176,-0.16462948861473228,0.21165612285420793,1.20561938474959,0.868730408982591,0.26388845779082465,-0.6546056431824773,0.4161389358242102,0.09440817997664501,-0.5735505783075188,-1.7057735433542753,-2.006372650518618,0.8458583873415033,0.4004456243654497,-3.0116698431652065,1.1335700522470402,-0.7198309890652195,0.18540333331144054,1.1577277079111008,-0.6906525648465592,1.2646964152755318,-0.4157716696416013,-0.2697426830089914,-0.5086801402818116
2024-05-13,-0.8656314142214743,-0.8618793998321314,-1.1230050422820208,1.5474344508028772,-0.3400586881712024,-0.17220576518911393,0.1353244456081812,-1.3683062364231493,0.8219018388587386,2.0631038798472465,-2.003979032431856,0.5324483733984455,-0.33559163194326125,0.12915521918918801,0.44881917521131126,-0.5723228733056733,1.0758092784656474,-0.027845283568851107,-0.4111139694504029,1.747695126631404,-0.10375965567459,0.636327183852008,0.48862395317584983,-0.3933398110207941,-0.7251998785171992,1.226325445517542,-0.784207232436918,0.34876698351557783,-1.1840563184838586,1.5204091225930385,0.02691985490593407,-0.44005072262086214,0.3124652607110045,2.9717015420565276,-0.7442909531951718,-1.2575647079855292,0.14495678575647794,-0.3890051385084792,-0.03793004903095094,0.17917309083320088,-0.36027128382047807,0.3387171990670221,0.555443213915628,-0.3581634549492265,-0.4341872360338874,0.1451838447719081,0.5989492429182472,0.23324896373549164,0.8325147742757524,0.5445956048178987,-0.4173119287139012,1.1541559028143786,-0.8886879285162106,0.20052933497087425,-1.2070165358351093,-1.1706927656650399,0.2669504650372877,-0.861912471358764,0.17073023106817886,1.6217392842549994,1.2237296839885898,-0.5337459378897624,-0.22245170216198007,1.1567677787190445,0.589999363497914,-1.10023848650346,-2.253891630028484,-1.4894388616076526,0.9956731668929781,0.8125257325895623,-2.808533912538275,0.9994076569551475,-0.8931977919073473,-0.2814238584138623,1.204399932393909,-0.5778729315155409,1.18804642614456,-0.4760248962320471,0.2514988375984013,-0.9657602333734608
2024-05-14,-0.8320415231351113,-1.0998471883877114,-0.9016210555548781,2.258968196171133,-0.2529272371968748,-0.13018722783040654,-0.10354187671156576,-1.2015646180247206,1.2055860735279702,2.072492678555311,-2.8751322044344807,0.9881117118885024,-0.5787186695918234,-0.48506334013632624,0.7295102198222319,-0.5629736255325443,1.9498720178415565,0.03453326621871643,-0.07136533261887765,0.9167533667761159,-0.6530964174722753,0.27355075665652284,0.7818258980666623,-0.5869035704017841,-0.0005707297505576226,1.0734754295884017,-0.3629794932859677,-0.1046320593187064,-1.4698637037694957,0.42858251894554705,0.27233097630416514,-0.16079852314504528,0.5620365692475208,1.7871722810313238,-0.947239176972986,-0.4739349821591626,0.0912010860229014,-0.1760072487990294,-0.7134426622116993,0.04853460986196843,-0.6290469464407851,0.7780631850221088,0.11022004743933066,0.09292390291017408,-0.7845710625476411,0.3608040273930124,0.5851252610709332,0.26882328545095074,1.9442576094127277,0.24255223252941197,-0.531666083288697,0.4005974549087517,-0.28969250236870037,-0.0038196386599609537,-0.9381928454699953,-1.4524327545662852,0.16824842195731024,0.07711349286377518,0.6112411753826634,1.2557322040427055,0.9188115645511652,-0.8873467328924199,-0.0691490461295101,1.2881353915576743,1.1770258177443464,-1.27236793514237,-1.802703012113493,-1.5933553469854898,1.002608426678644,1.3732816216467194,-2.3893417481038504,0.6190142929534295,-0.5672283731130158,0.2552757987085073,0.5909303858598863,-1.2518797805560513,0.5861952746111658,-0.5858948894985677,0.9346198122067912,-1.3229971791098714
2024-05-15,-1.600340572901221,-0.8957265411164332,-1.0156491320636294,1.668644472649903,0.10795502217664957,-0.05162324181608723,0.7132945182233683,-0.9649650353441049,0.6941103327921491,1.199385360482139,-2.045188906858502,1.186626774075562,0.8513686960224129,0.23367247036229524,1.0182705683400672,-1.162309218469465,1.9995995103504682,0.37895227709530077,-0.16671729325187054,0.8485305398529694,-0.4429433338906931,0.14862784945492596,0.40165854425595143,-0.9038272054321375,-0.15965149618740657,0.7764174667271163,-0.17099663875687027,-0.8898736355528089,-0.944357168396165,0.7714499722202657,0.375962455174937,-0.4166753062397779,-0.3313332265354863,2.337318537562987,-0.8082873550274667,-0.3975381533827816,-0.44362100327560156,-0.05466366667274057,-0.2297539556497213,0.24895466737967878,-0.5401143009461811,0.9402916355299658,0.3212722105509839,0.764177159056021,-0.6490621387708739,0.760341687583551,0.35900295253489356,-0.45121314987187816,1.7339664632483995,-0.43462236265112686,-0.07703401002303531,-0.3994036384348284,-0.6441394519983963,-0.6584453461390268,-0.5354815660147467,-2.116694453275773,0.611344591989015,-0.40675158119879495,0.595569651290123,0.6679593245716076,1.9923200556314877,-1.4047513832266887,0.31615850190906797,1.1658780771980526,0.6225137202575575,-1.0338208410658467,-2.0584676753425915,-2.1708322819627472,0.2044433895058449,1.51592996936566,-2.4143375146888633,0.16207385222362244,-0.3139037343320702,1.124880811023539,-0.02760468619326568,-0.7186858925782457,0.8710651209968167,0.21918770833475873,0.9635785561121017,-0.7213473785762651
2024-05-16,-0.9022667111407014,-1.6790278192556691,-0.8659606398363838,1.5248612724484574,0.7109331909359988,0.32583065453173266,0.09730013663437144,-0.34399317350702446,0.4489240373087568,0.3302496725917365,-0.8272584239620003,0.4612359196446645,0.6501417863459262,-0.02931033608463684,1.2640463934884982,-0.423134437845569,2.2722943261749493,0.6860342780740946,-0.7562793629535528,1.299843397264172,0.014187221506758085,0.36832428527747585,-0.16640527994360038,-0.6156084082007318,0.3540966161969394,1.6378929191295268,-0.10553493051104741,-1.1550405409785345,-0.38079728714593736,0.40185721982186023,-0.07562787789866424,-0.3200138635293721,0.3110177027136234,2.3473711622924407,-0.6973739150551026,-0.4575931187393723,-0.475962648847145,0.6143704111014677,0.6170491831319448,0.4836699031497447,0.16038426445497783,0.6022631458285999,0.7569996405031811,0.1952222168311248,-0.6554187042790546,-0.3621311956888656,-0.5360862606714863,-0.9116613462085983,2.0601365455063982,-0.5354718960323493,-0.709923709085314,1.0036832348043743,-0.9155869943365075,-0.21500255127180745,-1.1271643523368025,-1.3113005848225183,0.45520158657615745,-0.3967359304665769,-0.4290088249265083,0.40040508660095203,1.139787439784805,-1.9591282296482155,0.5758030042031237,1.5050642207752662,-0.0008018836586712556,-2.011519303361714,-1.2608511189141784,-1.8010309358723535,-0.4083378965667329,1.3073553327718073,-3.1639637080987724,0.2154660710631489,-0.5861063580775631,1.4793327151844122,0.07784450404518588,-0.6986594052349242,1.5958922703487752,-0.4075576043819683,0.07342091437522927,-0.1451563140461331
2024-05-17,-0.07210509646421503,-0.7499135727622491,-0.842457505494445,1.0026586132204482,-0.12908093583656105,-0.019816122063497657,-0.5454640515167378,-0.511428094593023,1.1144720914767607,0.2538161179872625,-0.8283024131366064,0.5986361109105802,0.43839760932065597,-0.3502459875701926,1.6725552524846494,-0.3404693535627498,2.353678817173759,1.5539554399146263,-1.285080999967781,0.9842120633035456,-0.2406005801062455,0.0723174665344719,-0.2986762516801008,-0.09009331808969201,0.286969776962383,2.3421701903610024,-0.36146978794968565,-0.36083689176896044,0.2538206130948172,0.1562775642923402,-0.14623570579643286,0.12100797759793232,-0.15789922233473838,2.568965048098818,-1.300005569364481,-0.5497859483564075,-0.9611084688806568,0.4530497212276149,0.3874489520122367,-0.1604015027728806,-0.07082425451123979,-0.2804144889994795,1.238648434955213,0.4877490337439123,-0.5442087533768214,-0.27364816121910807,-0.6164810481680931,-1.2651679205290365,1.5992263753249267,-1.083546721948495,-0.10145765777037945,1.057408603445411,-1.4199633650703771,-0.004443278366264022,-1.4343225412255105,-0.9515506875445482,0.26326638530090574,-0.767469274539313,0.03603296297465717,0.7100683737362877,0.2375498631227228,-1.1035029550732836,0.18906120062424872,1.9621000108436455,0.552963074111898,-2.0414823974743057,-1.943107704500984,-1.5008399047348413,0.0679999724285507,1.310917457587621,-2.6691226184278065,-0.008850318245114517,-0.3055849376480277,1.3433271731075587,-0.48197830843897926,-0.4858600269428108,1.2827070240866651,0.38451486747867447,0.264726075385536,0.05262839059082214
2024-05-20,0.23695171616350194,-0.2756022715266837,-0.8780148209682689,0.5405147872213079,-0.24834137144865945,-0.2351975842920573,-0.34951509021437616,-0.31874612826708504,1.474679969087232,0.8727744663163552,-1.3125176180807767,0.16742522187315137,0.030875359911283304,0.5837192613142552,1.962396777181888,-0.9909505619591451,1.4263271862928912,1.0626028739598463,-0.29052893977557315,1.4079769153929658,-0.15909406620453945,-0.13390718946355254,-1.0718821504356928,-0.01626460353082004,0.9361016157747758,2.0390428552799564,-0.4194838199748434,-0.19143240297418068,-0.4222624566942372,0.49196883090696786,-0.3781279003645676,0.01721026730803023,-0.5502592848374963,2.1817284421874046,-1.019708918532865,-0.5367243801613049,-0.8380658711084253,0.7971857261552852,0.2682775617393064,-0.7204300112371118,-0.23791026440657104,-0.3295209981101257,1.353654957620735,0.3535916917040843,-1.3900021889777963,-0.4147291807591721,0.05211655478533474,-0.9573745846605435,0.9021380171769089,-1.1795528924325491,-0.5271285858966221,1.0724487069083886,-1.2656838496582965,-0.48152386578733375,-1.4635600344240984,-0.15040257240257868,0.15781983465090446,-1.135528466523517,0.8159879090721796,1.6561139126807929,0.45185595223952296,-0.7725734242393838,0.479793651179716,2.1750995283409833,0.1765722805305975,-1.6974436986839472,-1.9226396099814829,-1.353829706900842,0.7797478613973068,1.3311272237011367,-2.73805938772787,0.45583546236878547,-0.2851588720496899,1.299721647171777,-0.7590628126974556,-0.82693117376669,0.9192164296153644,-0.6996820415055778,0.07121151817863398,0.9435426802548486
2024-05-21,-1.0200379839229181,-0.7717672707706211,0.41647797491219807,0.15090102282722664,-0.1486561820419457,-0.24185496876136517,-0.7913900603566296,0.4592253843573766,1.4844998656106116,0.3397626178315489,-0.7483979795632265,-0.7144375887841753,0.17559323887308295,-0.09883487657793281,1.298425993657954,0.3367118377915556,1.7731543303282542,1.647847540065096,-0.5213553377132075,0.7051433812349711,-1.7080208335927582,-0.2279118061495882,-1.741691136540947,-0.10668955693289914,0.4723910135076342,2.2179122253243224,0.8541011738734773,1.1813346496311865,-0.09024037261130423,0.5688523002308987,-0.6023614590322519,-0.44205201263672456,-0.6087286506281097,2.823013921795068,-0.8494066515895032,0.7909014795078325,-1.2229781451900144,0.4249485598193188,-0.5601811546669143,-0.1846752901093116,-0.4405032650000761,-0.24668964690336606,1.4961647174466381,0.6118482407781164,-0.8049126270834055,0.3364155708760986,-0.30118816377952556,-0.5283501260531075,0.47396236902506733,-0.30577012404498033,-0.3290547299942841,1.005565507785497,-1.4389116526414387,-1.0799492437089546,-1.3159146182121364,0.43528913689635174,-0.2933610537749527,-0.3095079088683214,0.8364901557083492,0.358749023799276,-0.22311128192763066,0.1410860314527139,0.22665518131682147,1.8740566141235304,-0.13907472207274016,-1.6269299400584782,-1.5525508862901711,-1.3175369390500309,0.4308214290227889,0.36496398509593764,-2.855187975138812,0.30574654554936653,-0.43963624435194804,1.6558067848738136,0.17795899136272608,-1.18776881116947,0.981420725801538,-0.7845745103726631,-0.2765977304765787,1.3645519970511744
2024-05-22,0.04336851782559084,-0.6765905500064585,0.10213883569714713,0.9663156283834617,0.32870511383852974,-1.1187333847240095,-0.7072426716906175,0.25145597271972914,0.9425200887119639,-0.22382768427615132,-1.218693785842328,0.27516461553854465,0.17156105105287336,0.1445331616945918,1.9805392121379544,0.06572192271862018,0.9182856154792738,1.6487890989345932,-0.7055556125376454,1.3487594455854257,-0.8808214244533309,-0.12019778463503102,-1.6074233818706614,0.8504251497689509,0.47544384678829743,0.8651970420776093,0.7023465486417988,1.3566023931828801,-0.6553638286096463,1.597979989411436,-0.44721763607760134,0.07554093665116637,-0.030635351368307057,2.6377432267604255,-0.6722071987032587,0.8620441633266624,-1.1425098370074234,0.4694738066944536,-1.1847943739893954,-0.3249663602847878,-0.9949084697015157,0.030564446106062276,0.7929693681425387,0.8363163846098188,-1.5743697008491035,-0.30257387716918455,-0.5488410492258664,-0.5186712712122913,0.4304016463182668,0.32968951181554357,-0.03311404960232842,1.0160239934123239,-1.5937554830262006,-1.2010380224169093,-1.8304152026471203,0.6126777482292511,0.10136388534192932,-0.950500058592268,0.9595125404043894,0.2249630554905768,0.6263619811097063,-0.19434047818303213,0.003706249285671686,1.7944817123745092,-0.21524598037910528,-1.799237814811308,-1.3625566599015284,-0.7455184295304893,0.99556783993847,0.17377852521733353,-2.5199927506399518,0.662095330896573,-0.33483846751962537,1.6217408070781059,0.6186515668147898,-1.5971130252724275,0.7915318271613138,-1.0404738235067932,-0.7704179731478039,0.1416496500423544
2024-05-23,-0.32296971213612374,-0.40186284254933297,-1.1215498469951215,0.7464524419890904,0.34059134912920225,-0.7673781341662583,-1.6821776425233155,0.5499077363973432,1.0473681998277884,0.3328402576972415,-1.3851185216173294,0.19055439319624698,-0.7720392698520733,-0.6039287118780824,0.6192234765950613,0.10944402150537585,1.159996888611583,1.9980290628880022,-0.7008721456194718,1.217214249884407,-0.9064352786783523,0.3987572607421604,-0.5530782866131653,1.0267217165310243,0.7935491170520159,1.6543626705864156,0.6003730154859169,1.3863953373027023,-0.08473395307522141,1.720443442074546,-0.03278881029297328,-0.2782154894559786,0.7453865854783399,2.1075045747597287,-0.05810639854853693,0.7524419253364526,-1.610191807902187,-0.5924706892458994,-0.9016732490664721,-0.6656498245657443,-1.4458771783076576,-0.0690978321151054,0.17392498873362025,1.026138508465329,-0.171286965821761,-0.5483418257895087,0.03152693824100081,-0.9952172314840104,0.4541986241430929,0.40264194213907634,1.5620644647698478,0.5935527636479669,-1.4540421450154295,-0.9128577497739657,-1.9576998649644217,0.2657964048847375,0.07920352633680422,-1.2218760557855042,0.8784455086484716,0.007448365493802193,0.0041952687590015615,0.6804332783720107,-0.033573128155767386,1.9004436708148988,-0.5641965226769572,-0.8828954598293187,-1.4107934219486584,-2.015334757130974,0.8643056712478168,-0.20517683850037235,-2.5377244290648955,0.9129424181024223,0.40055581991889677,0.7872165317266683,0.6620107501782533,-1.3765122010222053,0.695320484557377,-0.8459178383077899,-0.046452235277298234,0.2561906435015036
2024-05-24,0.035299079913390555,0.12094697408777581,-1.3523441581031657,0.642537340360646,-0.18561972976281427,-1.0003837626081347,-1.5700591699421422,0.10139885330800942,0.8131122736798203,0.955675415000043,-0.872245778733139,-0.19039814328192084,0.37755946666714485,-0.7251699144546038,1.3238618816649275,-0.016404938940371414,1.04118908989333,1.7640292867596958,-0.808247346581093,1.4587273780756007,-0.7449912874385153,0.3557559461170588,-0.8336752252358026,1.0951061295937272,1.3707576567480073,1.0313139173004222,0.2914395873867636,1.2308076846298595,0.0845435597083138,0.4895928602433129,0.21934320256300566,-0.7064076041124743,1.0245767090385651,2.589622197958608,-0.7191543075432063,0.6606878367368368,-0.8256278492697628,-1.0238750681731146,-1.0881675046826873,-0.8007516483841883,-0.302401985763458,0.9673160821052642,-0.27841530234155304,1.2245804359204528,-0.08305115237838064,-0.8611134155526416,0.0899592124828988,-0.9245410223547061,0.5175201795191301,0.7787668199000387,1.3985952792264154,1.1342724892063127,-0.006270591737645383,-0.8038388671671468,-1.6930741457564504,0.04736872934220315,-0.4091103372744835,-1.3400493058096714,-0.1477176174599854,-0.897830069633729,0.7250250118662667,0.9978352342624904,-0.06165803135861603,1.5771353923613238,-0.3643024574499046,-1.4093240005466523,-1.7094028934303558,-2.2929971934157445,-0.03079525885617889,-0.06351756868633375,-2.2955361038510462,0.9735740766094861,0.12257083355974051,0.8135932662704799,0.714996316945862,-1.4622505993454293,1.3071897391762959,-0.7313684013687682,-0.10717279039917148,-0.7289208770043372
2024-05-27,-0.3837621010955158,-0.4940008794359938,-0.9437353508572321,0.80962344338084,-0.16997408333638905,-0.881402451107671,-0.7572411468809503,-0.18098281676214648,0.025178817430127155,1.2812567089243976,-1.024481504977288,0.05671918382700499,1.0778347250801343,-0.05954936015646441,1.5657776453536385,-0.7405109727903875,0.1874424274305011,1.5894106399215517,-0.7256782488466877,1.267203200624151,-0.01965096718504536,0.9204519420784434,-0.5845968260918265,0.33198999332963147,1.3952751984585312,1.563435480844658,0.04629969701698094,-0.26513466122808416,-0.1675736236080571,0.5894731986801837,-0.45684818451478126,-0.4240557512954137,0.7702753795698167,1.343947295288288,-0.1602875526707589,0.7104077589688425,-1.047983055988818,-1.2886437545137088,-0.4515582021953683,-1.099705360117992,-1.145565588511782,0.9911341361425627,-0.7898932504328524,1.9844862356437993,-0.7512012781654812,-0.5155122519169655,0.8635112946736146,-0.1559365689303703,-0.14588036288297332,0.8416346011848748,1.6873756021800346,-0.08784686189309636,0.7140547555321922,-0.4986009780708766,-0.6304527263720844,0.16196354912741412,-0.08715693916684925,-0.7057163919201636,-0.4336873080627026,-1.3219551746166247,0.8094672868078344,0.8806660667862984,-0.14400171067956463,2.4220886847537013,0.537344053355179,-2.6816621057401506,-1.4901247000365194,-2.927448565531015,0.47255128422723647,0.12588588644208923,-1.305533457980507,0.7053143244952277,-0.6775688760768971,0.7791113613859917,0.2638869092325941,-1.2155344550729468,1.7859082103747368,-0.6813985862006529,-0.1413438156870348,-0.697008168948413
2024-05-28,-1.3131505591619075,-1.3409168836378462,-0.29913539299039177,0.8579666354524711,0.8991369162493976,-1.182874640635683,-0.7153465303712373,0.3860728963503206,0.8691614400921124,0.8537917735556207,-1.1334765565676646,0.02263709413511717,0.8313257559547982,0.3714735912371869,0.9388226895030697,-0.6176693951369859,-0.61150251883107,1.281965661382233,-0.6592991714105015,0.7684902933185911,0.05666663148477652,0.9621213146821871,-0.8507305997810195,0.6822977423749683,1.410481365511935,1.8948738256458768,1.5416014987102518,0.2320653078018577,-1.0111864995975264,0.27385513506669834,0.34293168531635493,-0.3683975228843599,0.864411540471572,1.9793126607530562,-0.016159460141822332,1.5531495104762552,-1.0689714996075586,0.29213247751125465,-0.6648002352000962,-1.2164669266833212,-1.5097114650259524,0.10122722148597228,-0.016174560538341473,1.1059467573094615,-1.26621643571057,0.037496440029223366,-0.4397875476715308,-0.8692384919092102,0.22790720873862713,0.8717807582861777,1.5024652785961914,0.3651663599216961,0.14290878098173174,0.27886233550232364,-0.22295953035762517,-0.26619030220349416,-0.13157596334684288,-1.7645886890896718,-0.08987426607548121,-2.0364756159744397,0.4983619494698218,0.28538092983071567,-0.7633838195743898,1.8151173924002713,0.8556534989562103,-2.5075013494227516,-1.0156347215818302,-2.2622363130477354,0.11291541946516014,0.04622297208024091,-1.0210878743899294,0.014184744505686353,0.09747316786100099,1.3084538606322098,-0.48146375888184556,-1.501800067009214,1.3034214205870118,-0.34868891879031444,0.8697440303492151,-0.42276188678674886
2024-05-29,-0.7205009902295612,-1.3343143953245,0.6729897541599958,0.24255383264377522,0.0861458730315913,-0.40281506387132,-0.9427855626027742,0.7591893448172041,0.3475192220765213,0.42965933451668636,-2.1060233972191726,0.5780171594176486,0.1669990334539552,-0.12329526612946921,0.9105158449896147,-0.27128872558373346,0.7850804265384316,0.28889345529174437,-0.8323740400721887,0.8979571075465986,-0.19895513253976033,0.48937339819305564,0.7836758702685616,0.8235975917318716,1.8806318046454462,1.9975937706487303,1.4738260308482505,0.2354153841567765,-1.389330328919439,0.8585296271234074,0.6624347483789673,0.06420470944834365,0.5616414741179673,0.8014637166268404,0.7459840878071055,1.4381057526096301,-1.4847445227484903,0.24771070760752567,-0.6170433918212084,-2.073932869649773,-1.439504690495375,1.5052844744141864,-1.0539050174793612,0.21865846111245,-2.2427509907200927,-0.7978648070856538,-1.1018884915857292,-0.9673892341680865,0.5615481383445404,1.2166116732403731,0.9448980826810502,1.036112153367016,-0.05046095462955975,-0.09190655841952057,-0.18807383786558277,-1.2435923176143826,-0.5511652891517905,-0.6786994585973914,-0.0011524261785557514,-1.8527812729638422,0.8453705653515123,1.0109345784251211,-0.6105215205735403,1.0568672986628997,1.1000008197335536,-1.8083507090913358,0.31499131107935396,-1.260581381683478,-0.6091707150498162,-0.43757806503614977,-1.3742250747148665,0.5603132315420148,-0.0906514546416516,0.5768971074118445,-1.122783589812501,-0.36340739805385486,1.840474177880992,-0.5630099058859531,0.9507104856282383,0.029437226638071783
2024-05-30,-0.5454208990279493,-0.4798886205547627,0.9824432234522645,0.6290908980828089,-0.07867557976964897,-0.8792080581294733,-0.9037822562215029,1.8311222840998584,0.13171990364729178,0.7640938982286045,-1.6673240760357202,0.01573987919475214,0.23700949998822532,-0.522651948594871,0.20355632368500717,0.1153761231694234,-0.041932233161846605,0.6880421631951712,-0.3410311415617835,1.1608079711073809,-0.18484090273934914,-0.16230739604311065,1.229963255778177,1.2405487004342364,2.0805981006788037,1.9358980124183724,0.8189989898566131,0.6125626961019792,-2.3346188831547714,0.24672110973645428,0.053843644929638064,-0.8632274361021364,0.5466700523627565,0.9716558418668654,1.0367844959615207,1.540179596407973,-1.3275378453404831,0.48408751477689255,-0.5497788817789496,-1.9494064213495406,-1.0800896405876708,0.9626010319072739,-0.9628942597377124,0.6470252548175238,-2.2058500434270747,-0.8302167416568255,-0.6070839266820465,-1.2962201565651463,0.24336007053166137,1.3108091948606788,0.4183131683468264,0.948039605449569,-0.06916376607871387,0.2717038404074771,-0.26968582706815897,-1.2681910038873017,-1.0506437362098686,0.016741334634274394,-0.36178649797216267,-2.0739325755958333,0.45864363873282105,0.3988202407766735,-0.9084722768808042,1.1701944203728711,1.1343835690226924,-1.7221433277536624,0.2822529181819121,-1.3054305820202627,-0.35685176827156107,-0.08542166523955588,-0.7331192109411868,0.5950398002109867,0.09412586062652792,0.5913477344049974,-0.9978878720770527,-0.5907532033289438,1.9331005882635728,-0.5047476078470107,0.7411367939610524,0.33706502472399114
2024-05-31,-0.7134392711063641,-0.10503891016062376,0.9066684879220097,0.9858645209818775,0.2553280943620875,-0.9472740459194013,-0.34756340528969293,1.6550097726063104,0.3046169968943156,1.4231086610483463,-1.7434831147104544,0.17543784235728893,-0.10122765132460616,-0.5970326890032264,-0.10705704919432966,-0.6053313210094854,-0.8545911561132274,0.08129166125987687,-0.7857079890764561,1.0855781943103846,-0.3171740167045542,0.29281110061658816,0.8527182419637315,1.1898386422736709,1.947191287278593,2.4588807365923238,0.7685568765040981,-0.19158085246781736,-1.378785078786425,0.41228795055426015,0.5818809809101514,-0.702683813248994,1.0386721898132316,0.4560775613211673,0.9961568002245635,1.7501836022430382,-1.303541784066783,0.5864228416305293,-1.132416943061084,-0.9594345415821741,-1.6701127987350317,1.1393055470248838,-1.8064763281327962,-0.4901157205161055,-2.038074248107895,-0.40430637953939225,-0.44534437436919627,-0.8249388545005721,0.6957481673668403,2.3120727408415083,0.41099821618515175,1.2678119962774246,-0.5683704953688805,0.0015350550867238358,-0.4974331241577526,-1.153658057483678,-0.697731829423108,0.3864859215285726,-0.24597002239078666,-1.3009770899226665,0.9880987073175204,0.26404634538493016,-0.9272157304251176,0.2720279188597697,0.6483019746495206,-1.8206536006610776,-0.11563780085419065,-1.1434486078985855,-0.015224426483954282,0.17202651482858416,-0.6877784203742706,0.7357322404067547,-0.00691339853728753,0.7621603583118968,-1.1491337448354784,-0.07326517612997854,1.213599651217209,-1.4347723494397675,0.953858035711443,-0.017476223553907985
2024-06-03,0.19998515320687174,0.27556557731997733,0.4111209843227735,1.6950687255709185,-0.6727457037672538,-0.702806927176749,0.3369500727683317,0.6428879358465264,1.250709128218205,1.3244075223822687,-1.1744928894753615,0.7896376246459684,0.1121294705793748,-1.0797511760507261,-1.563719187539963,-0.9113644546823888,-1.2318572894365858,-0.46058243466664556,-1.1422981678811388,-0.2916204382851507,-0.7907840510501919,0.19425692773648517,1.0180553521756985,0.8486527065821886,2.0234572123504866,0.7649889027180843,0.9346720510205794,0.6247707709072559,-0.8162601070201141,0.26013741860065664,-0.6295191056145515,0.2362866555699886,1.4838247578139325,0.7501407134248674,1.4831302915674773,1.2968574348059076,-1.0479391939858356,0.7553393725086113,-1.1280482096808495,-1.288876565692227,-1.1891455750888054,1.7209395387716746,-1.3086501053317923,-0.1151718020178951,-1.6254600163066595,-0.5270273913961964,-1.578494778998804,-0.5040662115040674,0.6279977546789008,1.312436748375616,0.9245031257841472,1.2716499836271122,-1.2505534869268538,-0.07495481318841873,0.10900542325442081,-1.2567851339010434,-1.2518696874817559,-0.023238558409438857,-0.15702192516788596,-1.365550127775894,0.3193855112429484,0.8655094105141,-0.2634636682273507,0.0981836214408238,1.383474200826414,-1.3668681661249618,-0.11339859665260277,-0.9277671894223922,-0.00943485888105118,0.24360215222890658,-0.06995183299553745,1.3662172624236768,-0.24640514094614413,1.116462704824975,-1.9395112623201305,0.14196048545138512,1.8632584649952155,-1.1169201474264114,0.49689595487403665,-0.3601387274599655
2024-06-04,0.5416514651824849,0.5155936099778682,0.030473231753844164,1.9834663511938893,-0.9807195781982934,-0.4298012328785994,0.09258577651337525,1.0523660429229549,1.3884729218668603,0.18868455942018228,-1.3855984304920481,-0.288629629521476,-0.6103291320078036,-1.0890541594944831,-0.9893218917757183,-1.4755374708970608,-0.8197017439473978,-0.7793842324941177,-1.100084477044636,0.9597915240040925,-0.8309327283726821,-0.24057032122033808,0.7829183383542794,0.5740699274110609,1.4282791870680551,0.679096469494306,0.9641171394887655,-0.11530625371294115,-0.43987404800834917,0.5997716463083157,-0.6885892337092292,0.3767709742032282,0.5195178832471941,0.6140099440874865,1.980105069597263,1.5640934007498697,-0.6293157347545879,0.7507796983570245,-1.1804374641009139,-1.1401689655284364,-0.6293189059166835,1.263867675988626,-0.5000022304149905,-0.47126145774947836,-1.3403735479176089,-0.7833413226118381,-1.1931902264873264,-0.3881893000768536,0.3547113610256669,1.282679536172538,0.9687148047711767,1.7650328222960543,-0.7628135022658458,-0.9268754383932539,-0.31130719008701163,-1.411265150886498,-1.6426166206439639,0.5219411118504361,0.7147261649267191,-1.476352671609246,0.7321008658677729,1.3161982717758731,-0.34949152304599695,0.35361738824848993,0.9294314331314394,-0.574588609022319,0.21453709135735366,-0.7075867820069089,-0.19832903804679453,-0.4290267303580507,0.6320004387097318,1.1249755579767655,-0.5216908527016013,1.4728169109834786,-1.7460667174923934,-0.06551019018414249,2.194243369500753,-1.8376039346460684,0.996132222540298,-0.9441835176015897
2024-06-05,-0.38935242053519675,0.682603707098337,0.38204725166245695,1.179891649565611,-1.2093248786495,-0.03625480327777981,-0.10658528487110772,1.1980979071461544,0.9654823229529512,-0.11160044663994081,-0.7258351771161466,-0.4915242934298337,-1.3347388986296678,-1.2199161832791343,-0.9635279613181429,-0.5753117074965254,-0.598057670046689,-0.7906175491155467,-0.9791634873470818,1.0441227363046606,-1.4790678619632316,-1.1052426885696642,0.7931525804932712,0.8490006740629252,1.7827983840518962,0.9230813481658966,1.2946588710711313,-0.14476986462719565,-0.4296962527985943,0.5394960684893989,-0.0523530165961938,2.013493378908152,0.4122239163212143,0.7068542105630271,2.627253518475401,1.558580668125417,-1.4969535842212889,1.38433218003406,-0.9064275940198508,-1.9775149824580769,-0.6967016637530293,0.637708468971961,-0.5623869808429371,-0.3911697305661403,-0.8654961653623211,-0.13610054085339454,-0.50844664114668,0.4592702059798189,0.3989751848407911,-0.020304753329257068,-0.24364682815713049,1.7298706676448925,-0.979883145596143,-0.053735391298412004,-0.12418450621856654,-1.835693567497486,-1.5790000060403542,0.22291466902114304,-0.039194516229499765,-0.6974284719488247,0.5992499838946573,1.014414287438637,-0.802606579291302,1.3301107369122351,0.7029767005268751,-0.3780632076990249,-0.2322326912572553,-0.9049371363448949,0.1397904777907921,0.0018013131616024,0.36793098723826795,1.2465900467152198,-0.20956164622559093,1.3309577745211736,-1.509940799904612,-0.4240276811969929,1.509382321304574,-1.7701942762207068,0.6825419385024091,-0.6228836039700685
2024-06-06,-0.10817019676282286,0.9948967832019517,-0.4667764776046897,0.26974382606719277,-1.227532582964138,0.4547491011504988,0.7957181101157147,1.3437717727077279,0.6079588067900127,-0.1510139649443588,-0.28989662772660857,-0.825795120736344,-1.4848083533799503,-1.1769119098474996,-0.42179068670452796,-0.06229733187762875,-1.3456257350212941,-0.6227426954658579,-1.213062000447383,0.8001418821144052,-1.4438233993177656,-0.9451791861183424,0.7160762553055107,0.2852344398714808,1.1133230318611536,0.6450911643967142,0.2686338131898448,-0.5623766612341666,-0.7151992152365595,1.222583802565093,0.07811446121004717,2.548572660728288,-0.4243933314389571,0.27121635676743383,2.762961428061013,1.3860172371424462,-1.6686885031117635,0.7727888245386374,-0.47629746228010267,-1.7505539117888165,-0.8615261835301327,0.9632586496076347,0.35113818777306727,-0.8473733678398002,-0.6951632067851032,0.05793007017610041,-0.34783271852922987,0.9863123228505025,0.7526533611444712,-0.13373654432755042,-0.8864552346445407,1.4443202334860707,-0.782114676215172,-1.4684583218800464,0.38501072044726947,-2.0301079468009244,-1.6500571370476713,0.061285683428263474,-0.09665711295204768,-0.043663156318334645,0.54484907184119,1.7142183666734074,-0.43347404267661005,1.4316806486599323,0.40784456912316736,-0.5544058473905422,0.32571223210395467,-0.42311926094126895,0.032309897935502076,0.3097024376064012,0.541141986774967,1.4067637958599961,-0.2898403536295477,1.4405623487042132,-0.9581222831376168,-0.21809311096489883,0.8725804794201888,-1.7828124526393359,0.8009812086483927,-0.28190171778990825
2024-06-07,-0.29957485104442727,1.4523288712881972,-0.5317992751197875,0.9679066047642365,-1.0045457277102119,0.6360335037307823,1.07239197280103,1.4487599490081218,0.8093053378405389,1.1431106600158134,-0.31604768881604045,-1.4056164771726178,-1.186931068084486,-0.5953533566807527,-0.09430862573738276,-0.8591575916542077,-1.3293630082358696,-0.8981639108455106,-1.161014121649388,0.9141442594435294,-1.017297006388416,-0.8978335082886183,0.2200973787996349,0.6097980335638697,0.6595494633448251,0.18950067245220695,1.4111690060508508,-0.6355253757393617,-1.4828633190946505,0.007832592766274888,-0.9031029293041503,2.897670802500222,-0.12669956279670103,-0.03910264957286213,2.361056815109336,1.7278106726675313,-1.541937997172253,1.1202817040770376,-0.6748024372096487,-1.9402187470003345,-0.06880239977740624,0.3049537603283189,0.20627364569883377,-0.4954870044132366,-0.7466153909369161,0.07574344660802064,0.036293722912759944,0.6189935365580109,0.7897346533209129,-0.030102923573458513,-0.8335974382788565,1.422307639619169,-0.6507038429419516,-1.0539078967605038,-0.0962295973732423,-2.0060533391014386,-1.0146200183624363,-0.2571336169137786,0.995316927773989,-1.4117637284899784,0.12201544810117075,1.7348335650867028,0.056258978426743204,0.7732248359970748,0.3219096508852929,-0.42960567549387885,-0.42077408607447775,-0.8608585370922196,0.4489366613543891,0.542976086285844,0.4463459910789552,1.5001453325273193,-0.12312803336335569,0.9958558647722329,-1.290141292436011,0.028297809843346212,0.3757691394400905,-1.2458335275994468,0.4030351500611179,0.12864743739593626
2024-06-10,-0.653673677723591,0.6631326407666398,-0.29549821794703024,0.8106349979206011,-0.5022564678960958,0.40248864116173355,0.8876514650350926,1.3028003053629866,-0.2617793197653629,1.4718936902293398,-0.7854986940819906,-0.8902232925949274,-2.116024460743949,-1.0023925336482544,0.02131178150432303,0.13208577858082074,-1.0279832368682373,-0.3911095821737522,-1.393860183040363,0.8747410934813148,-1.138723662370859,-0.8580107896252773,0.861185677587782,0.4724241766292204,0.9033455654257305,0.0058841454958756525,1.1045068554131527,-0.0030733792227760565,-1.1485785765419276,0.43521245776174683,-0.9119627221381943,2.218677794478175,-0.0377784238667419,0.20913909316889032,2.755825262516794,1.4107018776549984,-1.7874785341141421,1.4575651657361792,0.009042387821199158,-1.2372688982031417,-0.458576194892808,0.5625725453900241,-0.7250600564877407,0.19036966878942635,-0.4788827559493724,-0.05788978267620198,0.6832313856591173,0.2899070800292667,0.9000875201287928,-0.1583572419050858,-1.4133808144109496,1.373924052803291,-0.35157323490163317,-1.832087914943958,0.3258913745402092,-1.8907734571246622,-0.5917298539230771,-0.3407301602072366,1.3025236964975897,-0.8284936892718068,0.45866435642917097,2.068076457190466,0.6114464705376988,0.31562069689275124,-0.22405269269933525,-0.8316092861542624,-0.11613624520565093,-1.4246990646543625,-0.6720413630325738,0.04015660327479933,0.27394947687175863,1.681788726578599,0.38096823791170503,1.3359634121657884,-0.9578908576111335,-0.39445549271080477,-0.41462662992116134,-1.244897859606155,0.39528166216651983,0.25044502326701495
2024-06-11,-0.29531679668922645,1.0128170427316718,-0.26803811549226647,0.5998163297933584,-1.3513653138638981,-0.17031918845822755,0.5186297732643711,2.2561245776513914,0.6518623910946069,0.652668352277222,-0.5604941141033366,-1.4374062880429455,-1.8684253152657153,-0.9482452523277822,-0.2969069185563248,0.5426213733768299,-0.5440962384072651,-0.1524152827976513,-0.9861980881761763,0.39906841046397984,-1.6190446636780058,-1.0424936263742224,0.35739130787931955,0.14947604469245587,0.2127709082204386,0.21499396274127444,1.7114866816756533,-0.9712393588347361,-1.4592072320404834,0.20226530552410726,-1.452608770866686,1.571914802947605,1.098818744256153,0.23376768161070427,3.1966282068631777,0.6648931591241609,-0.7103903324511197,0.7256281468253643,0.42312263083621016,-1.9727323527963088,-0.35936171795210486,0.6445112000173056,-0.7232335177871989,-0.5002504785546249,-0.791639499797328,0.3075518527629886,-0.1361511111624034,0.010601608303979474,0.6323047301936362,0.020190842190467937,-2.0613802862151496,0.8210202126716134,-0.12812248106676727,-1.5167494811299054,-0.05735389493465847,-1.070238225969541,-0.15765220978474045,0.11708553937585237,0.9733905682455702,-0.7914037955834113,0.9201954773447667,1.7780573577998853,0.8214221519763464,0.24829258976426824,0.17790383706575139,-0.4447308106787958,0.44895329945437623,-2.021838559973717,-0.009868061504701394,0.7496205967461232,0.7074816932065685,1.3703686232649988,0.5179437320832686,1.1857781676121564,-0.2969017920670305,-0.16204144692069028,-0.3060896959948773,-1.3911518019180946,0.5342066112747897,0.6494555930133474
2024-06-12,0.42246370597041927,1.189235330689713,-0.17545450293062861,0.4301931572485677,-1.1572361459261138,0.46706451157214773,0.9457385203441202,1.9733432827517297,0.45819513667960504,0.7640671738862281,-0.16654727572598524,-0.519385697900254,-1.352021216368416,-0.5713356395634516,-0.6619035178152013,-0.017979659092026257,-1.2718762284871057,-0.5193667582798811,-1.1318822488061289,-0.6160451288690522,-0.5478271862645355,-1.126384431147446,0.41130108268573623,-0.3036305369581697,0.4576648904785259,0.7433432364621861,1.5270302067019497,-0.4901701540787861,-2.0527785617112304,0.2732916039455707,-0.9618990749035653,1.6798997846931638,1.0803117054739297,1.1851735812939386,2.350755123555382,0.3813948737903672,-0.5821248850079799,1.0570839786241832,1.056438684219918,-2.2429139881367917,-0.2615568874894703,0.7485737855499851,-0.19218985845206527,-0.28315660570879864,-0.586572212704707,-1.2128821899127538,0.9631868844649383,0.602746663612429,0.05889647977398206,-0.21713052656457568,-1.5374897179854963,1.0144245383164958,-0.7109941726682177,-1.856301698849678,0.06977745698618194,-1.0615974217011632,-0.8169127873812508,-0.32301030023715893,0.9325932559878073,-1.4381966819071128,1.3295581378432562,1.9208986244183035,1.1504782126172572,0.3229347469444449,-0.09971318344689759,-0.6146948831780774,0.8596443632504185,-2.152015358696875,-0.11911513144467573,0.44995963229785474,0.3261743518337508,0.9358828706350673,0.4269144348754848,1.0335189049366529,-0.3717463442646111,-0.19681334419286622,-0.44228996557005457,-1.661424496383376,0.48203882019220123,0.14237487110873687
2024-06-13,0.26018657020862634,0.6581602613545001,-0.9484273308624008,0.9769198915926645,-1.409629256332286,-0.5525795005847601,1.0573999848190747,1.4847448767122726,0.5810017950792129,0.7392274181058601,0.3661074215671033,-0.28522481585403725,-1.807197011934442,-0.9404757076336584,-1.168824061601495,-0.018527552949516444,-0.6050760440885747,-0.7955080874666343,-1.0546120704373922,-0.9307151739130781,-0.7837263963109061,-0.7422783472087386,-0.22496640876804352,0.44227596831724203,0.17040053392809582,0.7872164640279053,1.2428334210486904,-0.1459060748809056,-1.4648291978142904,0.34875775995932806,0.32909490461193275,2.177024761461414,0.7754377636044423,1.7105630532616944,2.6131255139077045,-0.14288114189609427,-1.1281341760753918,1.0851143431171315,0.7416465672030532,-2.8501812314255996,0.10041983464042024,0.7560362623361211,-0.4511743805797861,0.5629346432648866,-0.32776519640726537,-0.94451700999317,0.8387827090660366,-0.06238324955354796,-0.25185141413747997,-1.2855906706012323,-1.011618738680218,1.0596197260523506,-0.5470883535754357,-1.343679024795363,0.06765957845954211,-0.57454662388537,-0.45711856164277975,0.4136960937126512,1.055235968959856,-1.4143366242312025,1.5607189799416887,1.2666206065996755,0.6452079567271854,0.3518804605262969,0.4647051270359752,-0.788220181026448,0.8358584545970875,-2.4242701055718268,-0.08054700790347759,0.13264536902806842,1.1080315300622527,0.5777012422451374,-0.5307364149183228,0.7662331771210579,-0.46785916628930796,0.05943379048797119,0.12521563193952015,-1.1864074479451276,0.6846493160589574,0.16888402702491975
2024-06-14,0.5978581080928638,0.5759813101764639,-0.8383733369147756,1.4716062634488354,-1.4786044629868906,-0.4432596917231323,1.1928348695222235,0.6883304900048818,0.9386283928967621,0.4800499968401216,-0.0027243295546892643,-0.044573160867449446,-1.1589477440465281,-1.2520975799202056,-0.7088063064928753,0.40515613949373064,-0.9812761328113078,-0.2279109671117075,-1.3108228057243185,-0.49917807181763796,-0.5094558336265662,-1.1683606206528876,-0.4021437967976451,0.8995780368977198,-0.07671168731257023,-0.07145756639446545,1.3698026025416035,-0.2175404841960826,-1.3032501770682205,-0.0690816756548588,1.1779475739878638,1.5363053599150258,-0.18630494502452802,0.9289491758049387,2.214130298099738,-0.002442522978084853,-1.165883628100478,0.956278797191141,0.49829201468353135,-2.422942056577904,-0.6311218363701723,0.7879153544515675,0.0348863689909429,0.12877299593697394,0.38418636971760384,-1.7082312116675555,1.2422888176331703,0.0215295708193579,-0.7814807054110711,-0.9017500620530589,-1.2905478963485264,1.3067615236992702,-0.46070770261671407,-1.4996015989984686,-0.1808697126536473,-0.6303632316844408,-0.8629210547310875,0.35779552592998126,1.806095809073647,-0.4652628073697674,2.066447944629091,1.198880214759592,1.1687019890326893,0.582298353238144,0.23816227788467018,0.2110664796082922,1.1367040439268035,-2.6328613717220217,0.07349722985161289,0.6244278598013422,0.4839236515603766,0.8671757500154731,-0.3842804507609103,-0.6526331753180022,-0.7195530703986802,0.45709562079117194,-0.2845744700126218,-0.9301705822393203,1.2644860662058628,-0.8157487224432082
2024-06-17,1.1585526062258964,0.2151848502308803,-0.6488307348787221,2.2863672612185466,-0.8303054156373157,-0.9105951189055057,0.8129855199522064,0.44937700255787777,0.49359581250595486,0.8894599605849434,-0.05021555949731266,-0.07833316132386,-1.4587625154423598,-1.0291938782228431,-1.524964865302895,1.2217079741099728,-0.6781016490940978,-0.9564486280800855,-0.44747584570298227,0.09712550837895212,-0.5049663536478622,-0.4421762819330369,0.1247808010208865,0.866372718786355,-0.6237025651792972,0.23836552762629815,1.1501847990668492,-0.0551917098950741,-1.4876455149683185,0.42138411066756454,0.5855971815311894,2.0848536290469317,-0.17453805281323753,0.34216687960397346,1.6107480359786153,-0.10588702963856113,-0.5075306209556535,1.1971582800862397,0.7104791890822324,-2.253356701733844,-0.9242562167897825,1.5095621398671273,0.20999609642062878,-0.2768368633720557,-0.17971131983702493,-1.5436724091652874,0.42940227769071004,0.4267831557953225,-0.6710780280811589,-0.5694896035454707,-2.068077042361334,0.23484647075206216,-0.5244439531301419,-1.2095866258433943,-0.906430640892575,-1.2586060779972315,-0.6251651643812107,0.4288189778058811,1.6776288331423634,-1.071467614252229,1.7141874347274917,1.9136823590356697,1.0504546254149736,0.10127661466657806,0.7560077827565327,0.5785702244233966,0.6309561924096091,-2.53270568528032,0.36091176096244804,0.7559342326448414,0.6753280578998219,0.7925913186450283,-0.5552719652144438,0.2728209973090701,-0.3441172189426714,-0.059854593787243233,0.08136967371758108,-0.9003116430129335,0.5305312249080607,-1.0988032305181894
2024-06-18,0.8879747892428386,0.5899472221111824,-0.8299038154021743,1.2627035241393179,-0.4636153022614019,-0.644720387095271,1.2370610866365772,0.5056862550858224,0.825089131444905,0.6846317893642014,-0.3191615118234888,0.7136775224674775,-1.4430115124737293,-0.5222791102065487,-1.5835190016243041,1.391732236766285,-0.6050073985280412,-0.9425814093182739,-0.19980620658707388,0.011038865440532132,-1.1287582159758915,-0.244216013024224,0.5312769019113179,0.8781206115300199,-0.6221229230841295,0.4409849281037218,1.4250903965642796,-0.2046797751227595,-1.961732798967023,0.42469754847194013,0.4780343472977277,1.8119222073173917,-0.16834341440071598,0.41092662004855934,1.4067193406300413,-0.027884807562539297,-0.7835274620835558,1.2609946562114436,0.8435041438837603,-1.835768691442413,-0.6833749583242459,1.4438555416513361,0.3867334350759241,-0.18389146799082146,0.5412977678612776,-0.6913888312176838,1.3360619551739872,1.1192724867643025,-0.0551669879866787,-1.172362137684887,-1.3347810511819473,0.45400110486249823,-0.3623308003750974,-1.7743818495353787,-1.841724512224255,-1.294539401250327,-0.8142520357147565,-0.17424629127921598,1.5595613605345857,-1.6258954458822477,0.8635012777298078,2.4401927790531985,1.2344119071264534,0.39175125105541747,0.024146727895583323,0.11632134479146775,0.3695115924134937,-2.42273278377187,0.462496240545485,0.18626357977201166,0.05150410255657193,0.11408100766986218,-1.1796457947521084,-0.24639315569322862,-0.389728865700877,-0.05316936736533165,0.39083522493094813,-0.695446870109129,0.825773813025516,-0.8072962601354239
2024-06-19,1.3793293138877423,-0.026865610482896794,-0.5139356198837243,1.223074859778274,-0.07050113074763288,-1.841757701663697,1.671944102688318,-0.08608280744537376,1.097254047435488,0.21662216970115641,-0.24173838860677987,0.5030463882433547,-0.8313284375282757,-0.3211450479558323,-0.5090944549126003,0.6902848252574979,-0.7553922825712069,-0.4521354936295035,0.42734257311994067,0.29315743690049845,-1.521571270589738,-0.739638363848055,0.6484201367969313,1.1629946387590349,-0.7727298053839022,-0.11560279255845715,1.9170664566758127,-0.8723184315776986,-1.2005743570078178,-0.6244671945522849,0.6277542303650561,1.6819929612151308,-0.4587370169851854,1.0645440859933661,1.0770980773025036,-0.24192224315465707,-0.7842370755327829,0.6428379542889209,1.7550174954688171,-1.8657056476543796,0.3136800409655121,0.8177309311655273,0.44237633185265735,-0.24207960650568952,-0.077070706199364,-0.5630684689063774,2.0241193855978965,1.5875581771346443,0.24356482133212082,-1.551124614870131,-0.8880944924010213,0.16912645560509218,-0.9779149657824813,-1.370456199355391,-2.1148092978701607,-0.9605913213350199,-0.47102765334357466,0.22710556835733287,0.9925639574405404,-0.6985432953836375,0.8283768130697681,2.134316229939558,0.3082587174991052,-0.29630437325411024,0.1397250176771173,0.16729688720505886,0.1508354722465934,-2.475442571364055,1.0726203064859383,0.1991063300071278,0.17177534951363438,0.6092991803841059,-1.1694824509090351,-0.9437128070073815,-0.41847704470807384,0.2570786261831943,0.6395342831644519,-0.10395149432215173,0.23794094821703105,-1.644139047131714
2024-06-20,1.5243474561240775,0.07413792658205692,-0.9528403220898624,0.4927026325339342,0.0427540797360004,-1.6810800774432542,1.0513837798879582,-0.0278675236194049,0.7176371471754035,-0.40511714176078606,-0.7563198125336846,0.537539998676711,-0.9589709607756434,0.2212692219215625,-0.5295690254663596,0.13742974455569823,-0.42709080260627,-0.8956238998807675,0.20683689820940732,-0.4927359327078961,-1.089578763045615,0.3107455003065821,0.8274844945519144,0.9432167755265694,-0.21195056715120808,-0.5449160890910044,2.0439135461362694,0.13273675789961628,-1.3939231555674876,-0.39760352148129074,1.5590205166682964,2.0513052301881474,-0.14765982488827586,0.24088164651086072,0.8485198147540047,0.5265956876923794,-0.6858328121105465,0.4327285411471231,1.8246730957860022,-1.253219131970156,-0.34158701021550497,1.2217839098962686,-0.007024777424957803,-0.9866135847026783,0.19867191263290665,-0.9954521087574926,1.3457508328089065,0.9543454834990999,0.1371681599356989,-0.9486348804534729,-0.8667151114383563,-0.2623970529372084,-1.2683118195698662,-1.8495727325771254,-1.6806367348116118,-1.4317903893209458,-0.5407038451611735,-0.6966098960360546,1.3431401413836614,-0.7024358824968391,0.18483998562589776,1.7532764859423133,0.4698554258668762,-0.7185957522781184,0.4509485108102758,0.7272760831218572,0.8941825531037154,-2.3210917151999504,1.6542084206806071,0.39507098303457144,0.28168273099105223,0.6341194997415159,-1.0263362844443749,-0.507144399124566,-0.8323430074488481,0.9695955049402685,1.4111093669397639,1.2947059120823712,-0.647081591633097,-1.5866144553864479
2024-06-21,1.0200123043447091,0.3420273904517154,-0.194352110334811,0.790150880067216,-0.1333968602210055,-1.7655757987475207,1.1241507534060768,-0.01181577305629724,0.564770889060441,0.513495883104386,-1.0197530253806828,0.8138410269931313,-1.1601001311382537,-0.1792310332099439,0.2902127678227818,0.15954595540491565,-0.5442314870360653,-1.4201085067372088,0.1759427613160738,-0.06053634214744173,-0.6687072295512128,-0.26727928920734967,0.10387063329325434,1.1295259107396185,0.40141615893440236,-0.8555906786946175,1.1909179819492777,0.2625566364878284,-2.3078720666419774,-0.40153521057257685,1.7916432992950864,1.6023794409422039,-0.8668722482591481,0.9449262715194,0.7676470451022713,0.36945321486807414,-0.4177891185061334,0.5056985521577385,1.852352657645666,-0.5879977337522472,-0.2528275757570972,1.529387782211373,-0.5864955629779193,-1.311307177825222,0.47835780435775904,-0.14493080730258606,1.584964686723844,0.44756075331622863,0.6482687518527568,-1.4047623220862147,-0.3966918056960679,-0.07902669774192632,-1.6374492593324435,-1.5345254146778713,-2.112345498097091,-0.691168164446547,-0.9663176693042138,-0.6179709616350226,0.7008346179240328,0.4775132561977593,-0.5492874729056284,2.5322594915816445,0.3882350198325429,-0.8355358620077272,1.1751397586863608,0.756913055847116,0.3967063483535622,-2.4636039357125967,0.9351071989893027,0.20726192329934476,0.4853951362097572,0.7680174745389077,-1.040943844984108,-0.5177205575395162,-0.35710525402909415,0.5157341066619631,0.765742786049741,0.5715417085429869,-0.14679417802625,-1.5719254108036163
2024-06-24,0.7702327834899138,0.5305114861837265,-0.5444115381970713,0.10718114600660736,-0.7651608664480689,-1.476384800782543,0.45215365934572366,0.7133104413012525,0.17361880840498253,-0.556331607686971,-0.940700296302121,1.3156875038976652,-0.9779455462414249,-0.39092348756034284,-0.06117669526587667,0.12120070967452506,-1.0178226383074214,-0.7034897039153067,-0.39687472224778253,-0.2826044651249721,-1.3095519263727766,-0.8318531907560951,0.6594588495512435,0.9831264399617866,-0.471705503847148,-0.6598042810357242,1.3397024357529395,0.6821429222856198,-1.9966530462345549,-0.4858702354218548,2.9551532228839603,1.162791516890691,-0.01851769242659925,0.9257517984018544,1.678350899702343,-0.4446202182344518,0.4444111291346296,0.8867143013150475,1.371143405761026,-0.7757815005590093,0.45698795768868844,0.7147452719062117,0.012583747010516835,-0.30385645863904415,0.1937123835633259,-0.2192557877665879,2.065639202462034,0.14258571294428846,0.13541459296009864,-2.5451690264032565,-0.18187419789778533,-0.3896923346615867,-1.119282313700716,-2.005097690272006,-1.3533829870754877,-0.03533233894752774,-1.4149291776513593,-0.6218914203418566,1.323134001901264,0.8110813788899613,-0.2229407766152639,2.46477179234865,0.6704071295612578,-1.0906600781442286,0.7350634906687495,0.7368753700138294,0.652403845779947,-1.4575760048244037,0.573621845456369,0.3894931626237188,0.6580040580313105,0.195247717710669,-1.1438754811862362,-0.4379827749887027,-0.5396326822916625,0.30025144650716845,0.02300778077870769,0.1696899222899164,0.7360634185418446,-1.2428131952082366
2024-06-25,0.6710116624122052,0.17813597032809753,0.23882908531069832,0.19412265736681852,-0.24362638601506975,-1.1777810355935572,0.12319146211872073,0.3746391836120623,0.41975228657362845,-1.636790214476885,-0.024722375826475688,0.4723167625351606,-1.0651638631831069,0.07443550878698742,0.24860687889106547,-0.4523773212379944,-0.2787164496990953,-1.474350984536296,-0.39635330077656444,-0.8840091674294513,-0.7017615695069603,-0.01709800308614724,0.7731576241088272,0.9504034750476258,-0.3386221562482097,-0.02959801405949324,1.2715501766357877,0.6631753636716818,-2.118092813872993,-1.7494757335885018,3.464808084002916,0.2806272308626324,-0.29847019487954246,1.312144596716557,1.8939547666237724,-1.245327471961465,-0.4805989018463251,1.3806882382520886,1.6659737435513875,-0.9271407573541817,0.4472367859879547,0.9087213568403549,0.2401672696838906,-0.06741033955895614,-0.134338555355996,-0.08571166091730138,2.2911433452613004,0.6558140083496163,0.502351742276144,-1.8400549483719486,-0.17256842648848467,-0.4487317396975701,-1.7318457344987155,-1.3596522703035325,-1.6028720103126364,0.1822164560512468,-0.6201972329495301,-0.8129519357728495,0.5198798793976094,0.4419540261055027,0.40599555881500576,1.9035888323574894,0.7893908095520855,-0.8749949501819193,0.17176519954851385,0.88694454736931,-0.2049798514618713,-1.1694767181857468,1.4452222397082122,0.8626725542186057,0.3953440527146121,-0.1736569646292147,-1.2508726607363474,-0.10185182553881944,-0.21122910806389394,-0.14163780607585905,0.06224452051771774,-0.5611404471883114,0.12220685480019257,-0.780132895496268
2024-06-26,0.6027231452063091,-0.2783125743006499,-0.36447938219404336,-0.05985024685042516,-0.5444716840185474,-0.8380729785989933,-0.020303003196899542,0.7745889552534699,-0.27433281713869495,-0.4517473495536276,-0.3551634381759159,0.17928757447653296,-1.0361496177055665,1.357131220728904,-0.4050904429670889,0.7517569259356781,0.5288268446535335,-2.128816530936299,-0.8628567228201739,-0.9333890763140287,-0.5203409773663951,-0.507048555736285,0.462494078833761,1.437356359104632,-0.3695715533600973,-0.08672723653879448,1.3011539442646032,0.46958104006515805,-0.7676219736828306,-0.937853405463003,4.379751873984932,0.7459143417538074,-0.665588952544289,1.9452849049328118,1.5211281405834627,-0.35056328367514694,-0.8628996752412619,0.6217066753650989,1.1639929818539705,0.05775808801972421,0.16734374716983846,0.7539328326398212,-0.24042273007866183,0.32393590892623403,-0.3356964312125978,0.23735550525085267,1.5927709376570816,0.11838542668175753,-0.4955409981015806,-2.5291058056943734,-0.2974480033308528,-0.25838449229076704,-0.24858109882845822,-1.5631910627400474,-1.4442260458123595,-0.6274876171050091,0.007099534545227717,-0.4035831865583316,0.5543437996283058,0.8490053278830738,0.15334115962741157,2.172863505377988,0.11384966622809059,-0.8156447997589725,-0.18552455076096636,0.5055758499960059,-0.8426037124993399,-1.4383590662972596,0.6607593317825792,0.08539045687677063,-0.5289430497551245,0.011206532881687787,-1.5854765137454443,1.2971233089081857,0.01823023181929164,-0.04245723201375528,0.5122579536421075,-0.054764506312674564,0.0966145584444898,-0.9731302897075582
2024-06-27,1.0375663740258423,0.4225456602833413,-0.8938563630196436,1.271849658374506,-1.0857144448789247,-1.939021864949576,1.102996272202362,1.3573467469837808,0.05157157462536804,0.08591793901275932,-0.7696430830276169,-0.6923686927203411,-1.230444347327429,0.6118289260585905,-0.6525199457432173,0.286138973512434,-0.02570242650594061,-1.7728272011412654,-0.5918073218573744,-0.44054747060071797,-0.24658019680278573,-1.4155163667251411,-0.24514540251877368,0.9417208717296938,0.4496850336186904,-0.43908837287831004,0.28344135361178974,0.7289018563761136,-0.8421089025150419,0.5133894525590569,3.4201838915104967,0.6242095746277871,-0.7075250635984963,0.7826835881305686,1.0912366649299463,-0.79895631177415,-0.6823765330610748,0.29549345293541235,1.0685340142263742,0.4027754525594158,0.06391756959717299,1.0813770962807454,0.11097133194910039,0.5185602899362628,0.19701291084994615,-0.05505141075746232,1.2272536360816575,0.3734802603933366,-0.5907858385719277,-2.541223661763707,0.1732744118774686,0.7773253583840093,0.3099124372948958,-1.8582369135179018,-1.0866319679267695,-0.750863491103205,0.05214487488805997,0.3880116220530719,1.5238535772290611,0.42374256000006244,-0.066372162891795,2.6439845132837982,-0.03963628680382739,-2.1833963645220873,0.04187230938837171,0.12703009192287917,-0.9250399153552886,-0.9751564727358105,-0.540993748240296,0.71388836749927,-0.888072078650184,-0.41776039613103727,-1.3089516287560568,0.2497303299217919,-0.44479583252219795,0.33852170700974193,0.5324650667323423,-0.254388767774154,0.340811719377764,1.3599478758243897
2024-06-28,0.1714276851976437,-0.6369324805030137,-0.11747469755839646,0.5415749457310254,-0.424406083668181,-1.3163354753661292,1.0010538200921573,1.2539878639850075,0.7225085125039032,-0.28874833784176257,-0.0607225964031301,-0.9553469535707587,-0.5368775418846581,0.8683990492571174,-0.3725708280149903,0.8768738558512242,0.10091485734359266,-1.515004742020894,-1.0131154810268967,-0.9036734125225527,-0.9991836965232582,-2.021200309446944,-0.9595769799492663,1.6180032083406959,0.15037589332161988,-0.28351850145234236,-0.5454795475290923,2.115204833397955,-0.7049763495249751,-0.19019079862695545,2.7333964242944804,0.5211779940687971,-0.9727419547154826,0.1932742951211138,1.5495237297300062,-1.2264733097171754,-0.3289959886221323,-0.25156018355006454,1.0071801599605876,0.3425518238795935,-0.21691497432002108,1.3562620673424206,0.5625280261742325,1.3503659252985782,0.25010810388751153,-0.2973693712937292,0.6578633466428229,-0.6379134912021593,-0.12264912002214218,-2.2977224109133263,-0.17468389107669569,0.45146705984595875,0.12586369210521295,-1.0474770538612888,-0.13776812443177974,-1.3855363406414551,-0.9396413611755349,0.22602680788622032,0.7917747348928639,0.7504248054344258,0.5060578968217402,3.4460959111813474,0.573922217336372,-1.623960963781171,0.39137950843992436,0.34984750410423954,-1.4152676637625559,-0.8220162277538793,0.23258278374427302,0.8193063531981271,-1.081829899673506,0.31430685631399097,-0.23967968985353688,0.13044857135025253,-0.14167856336258225,-0.00040858699621507436,0.642845416324165,-1.216630664911069,0.07789565740088053,0.6494524512696153
2024-07-01,0.2973570579274387,-0.4675068442828957,-0.3347590908154305,0.6213774693581963,0.3378527618692366,-1.4726841357878804,0.9981652147706108,0.8589392931315236,0.4478674208809459,-0.9748972777879199,0.6446133413604641,-1.6395792707045858,-1.2292305021846683,1.1431524598663179,-1.6774078712982023,1.0352070318667663,0.5748328566773866,-1.5003884203645317,-0.8323882825185844,-0.8616455306185365,-1.0910802652473157,-2.015930367257841,-0.7211191960708141,1.2533660645070177,0.618661751587796,-0.17360288326688494,-0.01741815786211968,1.357835710102329,-0.3209058287742456,0.5883151058803591,0.9328852964034471,0.7359628912673422,-0.9181100288704223,-0.05162927872166104,1.29081432105601,-1.0841503340999652,-0.28110081801223624,0.1189726694914492,1.0662033426921467,-0.12176084268872332,0.35766578246274366,1.5430421841888173,0.9307990296782122,0.5656463322110609,0.16723391143048047,0.998255542091734,0.6081470109790541,-0.2847886459961495,0.21155168100706534,-3.1300655758859848,-0.1675078225174799,1.4289213633996853,-1.303021803564994,-1.2343768765400192,-0.17075217856050082,-1.557156362161694,-0.964968870735355,-0.24385068706836163,0.5869119465359451,0.9296265775354356,0.5823521167824464,2.3978032119374735,1.2052084805175993,-1.2012760683761623,0.8888930524195164,0.20586034332495848,-0.969205822659085,-0.7556602911425002,0.6155260214334578,1.0753140885945878,-0.6191137840804946,0.3634786290381096,-0.029882672017514395,-0.9783832341438258,-0.6037167505283147,0.4155740024266479,0.24441388098651587,-0.856797634195456,0.1424039600405082,1.4708090976905177
2024-07-02,0.09909329501654925,-1.7770483527090062,-0.540895793735911,0.8935594954303232,0.41091774595979863,-1.2588424567038448,0.2483502744357351,0.7497962735109189,-0.06744535185015649,-0.9304710385635047,0.40354649419130756,-1.1650838671767165,0.07592211154143566,1.0472254950482067,-1.0950399561609627,-0.5375544158146828,0.2187885611015802,-0.8132447483409129,-0.8336686535883184,-0.5192725571123812,0.660457790965921,-0.8769360815486463,-0.501588566468053,1.219258347465402,0.49123122491707094,1.05393831554327,1.1555819672718448,1.2570489267728917,-1.2025680384277762,0.2841878662489454,1.4577553546542,1.554554346350438,-0.6366936058925424,-0.27143297462928506,1.9451076500102247,-1.357177280208619,-0.60197406591502,0.021417687813309137,0.8176294599650348,0.5370740828311954,0.5649825870647853,0.8744353395477291,0.5272096110576406,2.041451077219608,-0.9924889405564946,-0.6455508085541163,-0.46217320006053064,-0.1621281340235278,0.634350528289473,-3.007194498857111,-0.7450272026639273,0.5448269905064899,-2.2683963015115576,-0.617234875263525,-0.39491700142428693,-1.4323071813458008,-0.7133333472402397,0.728906928939505,0.16562756073221477,0.10367919477124277,0.4608022726396146,1.7923189805125186,0.6909125231194172,-1.9003271879536012,1.2552735872525764,0.8630190799594112,-0.014385518873300869,-1.1485690823011534,1.5516474084599319,0.5132797852635219,-0.7351575095203939,0.8269705553997142,0.13652411483336577,-0.13157800553096935,-1.1109701212352057,0.04137418279103943,-0.27406550201361485,-0.45828555236716556,-0.1650659910627731,1.4460586918002303
2024-07-03,0.0332615326395538,-0.9851986831951491,-0.5680024617106911,0.5021534488572461,0.1783427245312482,-1.463058112878379,0.303008913711572,1.022634450681298,-0.6372166997478963,-1.3261855957325637,1.400609495702061,-1.5527621117872585,-0.24513122492274256,0.9923596198484415,-1.4538382416389177,-0.31106567710393807,0.9228235858049899,-0.6981670355532348,-1.0470677557834667,-1.1998525624824046,-0.2582253868298838,-1.1560199389668104,0.5825026313464938,0.9779942105282807,0.4159545820310333,0.9040852452791678,0.6301509825935087,-0.23581230282274349,-0.16823670333566698,0.5848963925750388,1.8259727893042113,1.521793937165599,-0.11273492729344958,-0.9727680558984844,1.5268697178194812,-0.7112173534153932,-0.034697328558923816,0.26738233938269185,1.090705895412369,0.4980477311172679,-0.2611804437943452,0.4109271062090619,0.2528333368647701,2.062099560900595,-0.3296085431924516,0.44478904003441294,0.3525192301118703,-0.16721545785047753,1.2704120241872692,-3.2303270688443155,-0.5524937627036374,0.3518335613023921,-2.01426184891935,-1.072313516366444,-0.40673261092275675,-0.9819402847867623,-0.6596537207206805,0.6119475798519406,0.385399056365044,-1.0716026521364426,0.5507770397262719,1.258913079766942,0.11455598882908868,-1.2933865108367342,0.9681536028048731,1.079581713783823,0.21872981653707352,-1.064833333668753,0.7029252840455467,0.49816473647360504,-0.5896245919349826,2.3154471060783215,0.022210380869421398,0.18421566519766938,-1.4210709392164684,-0.391480951347378,-0.6606858246850532,-0.4429354451387525,-0.1888267273181496,1.699447257770384
2024-07-04,-0.058527773474631874,-0.9643827067190527,-0.5752965749649086,0.48757886155979635,0.9708214848879168,-0.563803226031748,0.43717473657795286,0.036220477105431303,-0.41160533227990254,-0.672815909523897,0.37921841249779725,-1.6291150047661962,-1.0416482158523221,0.9493755268805578,-1.7285886454765025,-0.4308920703883465,0.8432853537528452,-1.5425574581530144,-1.2986325413782855,-1.596740449792798,0.527671488740295,-0.47824659429702343,1.1120645857329743,0.7382123374122922,0.39174831400479393,0.7766052683113783,0.9049133391770359,0.5639001203996225,-0.42832181879715003,1.0332505350663352,0.7066559387309558,1.3020252194688124,-0.1119384839295356,-0.8682020939191545,1.649740110612533,-0.21224431196400587,-0.5060956781269659,0.6596225717028759,1.6196043126120268,0.23654099255993358,-0.5355782553874047,0.4855930466249271,0.07562450960868515,1.70879358471752,0.3667362172986341,1.7623517177069004,-0.01610829902613715,1.2077753649567475,0.8813968567092394,-2.3229885919898328,-1.0254460371953342,-0.19274282622948222,-1.9496802303141512,-0.40086899638895596,-0.36009961076293656,-1.819077652597425,-1.0378920036400785,-0.4596674747432681,0.7161791929774008,-0.6569154657176075,0.7330097958879807,1.300300054191901,-0.12851776834552373,-0.9970667625773657,1.4346839634800141,1.2021594841454457,-0.6866137173091815,-1.436041361613958,0.5395043238291577,0.812138697525405,-1.2048647053025763,2.1817458960722287,0.03168109334144306,-0.009857337161284424,-1.2151859771889832,-0.399200742547767,-0.05966011326089568,-0.6656952704781657,-0.4294063006276425,1.3629266033736036
2024-07-05,-0.01861340559823571,-0.6571650665318861,-0.5311126297992729,0.809347113636262,0.025601713719476418,-0.17189888118343596,0.6101764138916728,0.07750726294034299,-0.11721124136209334,-0.761263858461903,0.7088209765558718,-1.783960145818209,-1.3318196481543392,1.0718857919269733,-1.7761174050933326,-1.2177594736451105,1.59590801816811,-0.6025804647212358,-0.7536839334466313,-1.839399598982551,0.1870562365778054,-0.4364726435634064,1.4400679504035072,2.117267581846797,0.3114382656055177,0.40484733216669605,0.4729767573116955,0.555885158772073,-1.1305924595419947,-0.06512667348616387,0.3353704361192058,1.1761929341849844,0.6767649262836993,-1.3571605625473635,1.910847987118581,-0.2187128555858157,-0.9358325678191631,-0.29052681776153133,1.5008262257269658,0.3128112631841313,0.5802359494877414,0.07163032696532898,1.0808277050993356,0.9560919355252742,-0.04655132668715555,0.6742719259851333,0.45777209885015324,0.9926639731761726,0.4717904128586652,-1.982453074985135,-0.7984209527226813,-0.547109661985282,-1.3839282813632041,-1.0773580769464446,-0.8506633028659303,-1.5137487936987926,-0.15178403285913872,-0.21071569738780868,1.1267520869450873,-0.9067746088339743,0.23191008859185572,1.9565728847598893,-0.5617339534844084,-0.5664366833808413,1.2716562618870557,1.0045598789960875,-0.22282696315179693,-1.3373835678246428,1.2125932641998467,0.9573778521549489,-0.9964051992933519,2.529058713313573,-0.8571055840630657,-0.6995198683790593,-0.3934158118289349,-0.3089769613424899,-0.6604568635937118,-0.44992719053224445,-0.10516653252923261,0.7485076179064865
2024-07-08,0.1768740175946027,-0.4727859867881116,-0.41763190768547886,1.3029040627245168,-0.9621162060324127,0.18063145353334725,-0.42147479892641926,0.11586466973469355,-0.7253561172543489,-0.8513396621569695,0.9224358983490231,-1.4652845592683097,-1.368479752408148,0.46443727980524085,-1.4427581868582098,-1.5225804334870165,1.6346235263543725,-0.6957621077379839,0.13317578167315886,-1.4842058606035347,0.7670535110775377,-0.6045710138403928,1.7697764267875429,2.0101380948177856,-0.15968280935111143,-0.13813325525292713,1.001605488705399,0.533022446590551,-1.0921375532824664,-0.20900982483048397,-0.14969468799523017,1.143053213026222,0.7430476036944058,-0.9596760585998138,1.8577120630606039,-0.17856482102059798,-0.28701401471414695,-0.2913274106545498,0.4434117793109733,-0.06948601164005282,-0.11905487568693937,0.3466808565611872,1.3708808185570525,1.1886795031228494,0.01361072684218266,0.1638054972658493,0.6909661378253203,1.1781390555672318,0.7138970988962908,-2.257061588664657,0.1817718583696995,-0.7993822569022166,-1.6489862036682204,-0.17304191096509805,-0.22072400402453302,-1.6270362678618544,-0.12233098532156089,-0.7935827228514538,0.9200608904935007,-0.7927849350413506,1.5495167413600144,2.133855670987914,0.33636128755674893,0.1926659280722683,0.4172562296285804,1.2237256663627811,-0.9554201003308757,-1.2372736934839594,0.959980016412521,0.030108633084540433,-1.128020962341405,2.2267433416030653,-0.7153670991626758,-1.0460699722729196,-0.8678235181233342,-0.6276506220642625,-0.5040030579989974,-0.8389956494916413,0.8248419828078978,0.5803682084292007
2024-07-09,1.3618255413378375,-0.5071662977286433,0.0014225932195188723,0.4919166392150492,0.20943034668587218,-0.1020347019192848,0.18887103065235075,0.43763642637363104,-0.028428658471996934,-0.8767571832993644,0.35236860030550576,-0.5033226433471014,-1.3534502796740269,0.3778173024500959,-0.7322824888028588,-0.29598004494977936,1.4847736175540298,-0.620941790493825,-0.9668100042192936,-1.1741701721975377,0.5155317288697328,0.150173975994676,1.43267900291946,1.48261872960348,-0.5490459879585811,-0.20997784382168677,1.0586885874592853,0.45793697509944126,-1.7573229959473649,-1.512196937411743,-0.4341566148318098,-0.0097648552437598,0.022339677570538882,-0.8269884093423998,2.519593140401479,-1.3584930671521713,-0.49413165433016387,-0.09704508008403194,0.06581246316702113,-0.002075251303086808,0.10369529651138451,-0.241320224790186,1.993266013015544,1.9043574198101128,-0.7421764055102208,0.5926321750818746,1.3219146980367444,1.6447756267150548,0.3704642981575665,-2.1041960585988435,-0.6107603765265954,-0.9729712964805945,-1.5702168352740715,0.33188815399163163,-0.5773915700071703,-1.517700475634516,0.12935408008239468,-0.4865678578597895,1.110347099130618,-0.7801222686144405,1.3919147924319184,1.3671275778305432,-0.14938916141776604,0.43517969351053376,-0.3753908965662679,1.25492445861988,-0.5928316673221486,-1.9824372739494347,0.3659151768141429,0.591241296767708,0.1094201186605096,2.69530953787218,-0.6405276481462131,-0.4006093803723715,-0.727629295314729,-0.8181482375620386,0.15998354081490157,-0.9537713244724001,0.2983489734965472,-0.1267951892804835
2024-07-10,0.5932833526460815,-0.6375057823759989,0.40030739202072674,1.0996045059088213,0.9092727331438883,-0.4035368323003815,0.8172008733973116,0.4925397161385875,-0.006609162722375702,-0.9340473565999095,0.3463103546605063,0.05439619711322794,-0.8519949238530207,0.44813542204310375,-0.8759187199258405,-0.8688357667054166,1.9293836634387667,-0.4552049619438081,-1.4591748018117678,-1.2825439444104842,0.5466446745245608,0.9571316629410201,2.132133728678999,0.7151500699087446,-0.016357093063520203,0.05709337284382834,2.119456778087116,0.418880814088163,-1.4961553382580142,-1.0198417430378632,-1.6099704528234509,-0.48206967289711333,-0.12703120857845565,-1.062925541929944,1.3614693796360475,-1.1598866816505913,-0.669837937552992,-0.13362827289824686,0.2086937159591475,-0.5221037913094495,-0.12014582134270088,0.02570436877058971,1.1448434191182686,1.8324623874179389,-0.4383512885903821,0.963430159405691,0.9914290926806685,1.6674051581213973,0.8742511362224281,-2.596981203732875,-0.295967795856226,-1.570756245730124,-1.4772843350838376,-0.1805663451665052,-0.4383582503619576,-1.7184831170835997,-0.3395834557018239,0.46990259690315295,0.94988245300628,-0.06540946139968036,0.7334327122840668,1.1202861525012613,0.26891505461029913,0.3550946018564181,-0.1823452592855363,0.9988387052714262,-1.7800609717077656,-1.658351368061316,0.6288495079860728,0.4579277585223847,-0.007525292820447281,1.788290274724717,-1.0044392298791796,-0.41877339578233924,-0.13429735083661032,-1.0035373523203897,0.1733475254455028,-0.34011971101805477,0.4199828487374007,0.37515291764538217
2024-07-11,0.6705162611623997,-0.8099777052716162,0.7585426311626089,1.058164278414069,-0.18614896166829697,-1.6236468645907092,1.3894518601023704,0.4958104758664916,0.09953393753222396,-1.96261143722719,0.04384937661585096,-0.6166888111616036,-0.792616458804001,-0.09115853088203428,-0.9110501563495198,-0.7300849615426874,1.9569896257244521,-0.3263807854166588,-1.0615705307705934,-2.1243368606072566,0.5286050304249645,0.6756208133522659,1.5495425004129102,1.111563251775291,-0.010502377033953512,-0.5172718984803168,1.9843489461448667,0.06142156339898197,-2.0329189138545507,-0.8988237973591754,-0.49214411457804436,-0.34296940194230524,0.4903935435450949,-0.45732782477333644,2.4664016384384317,-0.8337391728988158,-0.6539046927969662,-0.007336797970316817,0.5975470094233112,-0.5944543791083184,-0.21544762609719248,0.06714374155504545,0.5716978977101976,0.8772860372094119,-0.7853477522014299,1.5474356831539782,0.631803047085332,1.6795015203298185,0.6610803398744504,-1.5511757974303695,-0.235147224059015,-0.3520463741698791,-0.5456668951676057,0.04057742654544566,-0.6458859966930997,-1.6705672832715672,-0.37935372071212853,0.3482941740076819,0.9829739896494845,-0.12370856332929751,0.5715231498242745,0.8006529277444999,1.2097221904250426,0.22745120163634627,-0.4043083072870187,1.4825084532202042,-1.4356492578476923,-1.5967909659181305,-0.30986313253641123,1.3021898141675028,0.5637346847119596,1.280770522946041,-0.8323613400117021,-0.2266297596239125,-0.9528951943174695,-0.8091501131138489,-0.4251651887754483,-0.3263068906631721,1.4820377562312235,-0.36555448320986755
2024-07-12,1.581724040653445,0.15797269520381257,0.76396583448111,1.4599042106114821,-0.2573540815420022,-1.8730732831050612,1.900946059573776,0.14448560511036534,0.5835612113739566,-1.5752985839290932,-0.24465323957169002,0.0545647237327247,-0.2379401378389605,0.5634589191606445,-0.9925096192915718,0.0878126363908984,2.891578588618298,-0.4295273136217768,-1.2855675583191057,-1.2659571624516421,-0.7067575360331834,-0.10020731631431361,1.313531356281904,1.0662635126396425,-0.10657547073466546,-0.17443334800455068,1.0780234789128396,0.9001298273041143,-1.7407698116264638,-0.8157584527661625,-0.5214934954426794,-0.5363405129644131,0.31210485945143546,-0.947257226985158,1.3460845422714531,-1.034732776287716,0.35991071575719935,-0.32633208501630656,-0.09456401270919287,-0.19052991834671645,-0.6780360066268298,0.39958475228679197,1.0606262440547123,0.31051469994830816,-0.6455520530682924,1.9019018733058946,-0.3189109668027632,1.408469546922635,0.36692242605928105,-2.2218205793296844,-0.34542283420605185,-0.09549876679886346,-0.572527440670135,-0.7411261874937234,-0.958293128609908,-1.504611796691402,-0.3939622875710055,0.20767667079906957,1.0324298753225774,0.3108277077497985,1.0494333093300683,0.37297412395616003,1.1281928169885296,-0.748116316192362,-0.3589096392733789,0.5466390913177603,-0.8964325559965148,-2.734349937779371,-0.03463396192540799,0.04768860843827133,0.4198681408451261,1.9301529815851366,-0.3491916996439187,0.32487049248345506,-0.4850600189438169,-0.09460588681442915,-0.11757114293084897,-0.7731595896247137,1.1604656750807019,-0.01983611410753301
2024-07-15,1.882828323122205,0.147459866603017,0.27346933995064543,0.976662548126368,-0.6372413603769969,-1.4601414750853716,2.180098915378785,0.32061158796296735,0.23023338676228045,-0.3030723040391164,-0.44434110220110734,0.6972658241117112,-0.6686144638236788,0.7120735007767526,-1.3904798898307518,-0.885200044101128,2.0275911239501894,-0.29651511296822947,-1.0095935235875022,-1.9941512925882332,-0.543859070423999,-0.14348600202663309,0.07392008372951031,1.3489125770239139,0.12065074751151546,0.01785895282979314,1.53418923993127,0.2892925707263525,-2.023991627367301,-0.7527330671193972,-0.21857127718151328,-0.35696326596976896,0.6990524563529178,-1.0559360519543621,1.558401462001381,-0.9176229601150793,-0.21244129132619347,-0.9459154086539613,-1.7257408876052682,-0.8214309367648915,-0.0525680249782139,1.0332198927170935,0.13023773508030886,0.7358119463709734,-1.9906244216768216,0.8522310356745711,-0.608122067945043,1.8355742572548532,1.0978623875259337,-2.1790154989854473,-0.3491660665190502,0.5671906795982529,0.6469823191247359,0.058337875869324,-1.531181586544861,-0.9246047193999618,-0.6931695488277027,0.7823696231748023,1.2592993203460503,-0.13839332219869366,1.095733636724366,0.5921323232411239,1.2048340129722617,-0.6668674267669076,-0.7595994968894367,1.0703849317536827,0.47348953052640586,-1.1597483802172224,0.0412299490619613,-1.0087350608655181,-0.012737085065872213,1.4970821424843255,-0.07302104584392735,0.8119046563287421,0.019259423369586325,0.08561376064472781,-0.012595563308599856,-0.7784905264271604,0.5736001399358881,0.19172817093937972
2024-07-16,1.7934614495444832,0.7662786161250124,-0.9675597711779538,1.0900361082785819,-0.8997187422298051,-0.8467997201816652,1.5897122564249981,1.0352447458555694,-0.014582183625382064,-0.5441608852618565,-0.18468082091295673,0.3036782645217913,-0.17475512967133558,0.7245033323011314,-1.155568604587796,-0.6535187377235219,2.40605279338801,0.1660332925767927,-0.0436329169122297,-2.557722943474417,-0.6495933433374352,-0.607616188152046,0.24791825886953528,0.5142231620042431,-0.14983893194629386,0.44753480372618065,0.7719843107040321,-0.6542747446975712,-1.8517803669426074,0.8145075042294012,-0.07729230117168616,-0.45603534103385146,0.9639265816765875,-0.417313325901498,1.2082936211416517,-1.4579359883980547,-0.9683677987776794,-0.23220128969088466,-1.953089514748109,-0.48077835924173035,0.4741585168628035,0.5424022685890442,-0.5105575525227168,0.36398958415067517,-1.8065703765811498,1.1167027034098373,-0.46928765494823693,1.3948524340199544,0.5135474638003977,-1.7550410702264312,-0.034653793898610404,1.518725939150302,1.5725121579926327,-0.19563287850296324,-1.4525832438390316,-1.2954249577697936,-1.4044929587228565,1.1096750743823893,0.6031634331087556,-0.6824315990886538,0.5646335809053286,1.2160054602984054,1.0452197050291387,-0.8359486671409176,0.22849872253503614,1.3963582635335563,0.15806135737158802,-1.320500398338657,-0.320653876292219,-0.32147762847834205,0.8826320342261781,1.428679156065348,-0.8359225171936203,1.162817111156322,-0.14304642871100623,0.010339046133423308,0.14994622474265987,-0.19169912157591215,-0.1382935522976353,-0.5832731129046561
2024-07-17,1.9291198489256736,0.6489719020886162,-0.6837934716707922,2.0530901785353173,-1.1851035471664215,-0.719455543725154,1.6414569309584954,0.9324506712529158,-0.7703058695975482,-0.5896320459877371,-0.7422287615213065,0.996968590631103,-1.0097779943548726,0.5120783713115216,-1.2210903592495854,0.4476176797271699,1.7946659374973617,-0.519350026967603,0.5527399360583628,-1.9859524108859925,-0.7466179487594328,-0.9664817258590872,-0.43743670008651636,0.5698221499621916,-0.23342628839363713,0.33370170997398585,0.4541921106190703,-1.1829751063313043,-1.4033398585353218,-0.04400846699162958,0.07960591630284324,-0.16034296006737517,0.7438363979844457,-0.038227880503053716,1.7210831397219186,-1.398420068446676,-0.7256422167109775,-1.603525937313737,-0.6776672085138251,0.16558607816649035,1.3622911475005237,-0.10338062720976587,-0.4814556367831927,0.5770670117994864,-1.6494119028534797,1.1718326841772284,-0.11599333313477607,0.6372673098817399,0.8878019416978562,-1.2074457554955305,-0.5699199934971906,1.0801952931417946,1.8900300630110944,-0.3994780366810702,-1.9441631131031976,-1.7559008651036703,-0.2999480439199444,0.5740530811044756,0.11910219391667741,-0.6681986268142631,-0.026768430781205756,0.5878554026805347,0.07492185665087357,-0.7750478159738718,0.7638895853897366,0.9392127527668988,0.6915317624142565,-1.7336407142118868,-0.5548474732991334,0.2712131081815422,0.945194043305999,1.8580469590833888,-0.13939626933167842,1.6002016061798654,0.11328740629992479,-0.3911516675847829,0.9121947852208901,-0.44722732032791573,-0.03586688245080254,-0.2901326379253248
2024-07-18,2.2911941618993987,1.3122167775163174,-1.9031738804786231,2.65262200522231,0.1115907330791487,0.04878589322229424,1.6872208347200377,1.9468646894136707,-0.4472035946972095,-0.11737171992974704,-0.518736017732989,0.9082017030650004,-0.1349331458730446,-0.40486567733519807,-1.1463704400219275,-0.18264217438223485,2.261112994102302,-0.9832620941235714,0.10219217290401165,-1.3299087593736412,0.10975751025273456,-0.5049118076558204,0.09927609076541113,-0.38898706280513884,-0.9622204457891811,-0.5047949778878791,-0.256621170807391,-0.6875739908381048,-0.7207117858968103,0.37998902299506593,-0.7906901725855202,-0.3707044716432053,0.810873865984062,-1.3524962903496822,1.824037292748396,-0.5170025806647776,-1.0358183880797145,-1.498005548777324,-0.7617471965235145,0.6836550575686237,0.654155441555275,-0.41824879283373917,-0.9993495669888993,1.336893728384059,-0.8774907111630807,0.48365498924043354,-0.6983667278056606,-0.0339771284135102,-0.18549294637128974,-0.09604468168342846,-0.4960029864537015,1.095986465530769,1.2568221621575546,-0.35515429163771006,-1.7919255593988082,-1.221899591531612,-0.4929501192779342,0.842745718184578,0.817662311034122,-1.0205502406153013,-0.1328450392315034,-0.7952734487789365,-0.1440174223802396,-0.6127409713074183,0.8980111026557397,0.7923823162143201,0.8740358702010348,-1.4396661260081798,-1.781495009945034,0.23890530886543898,0.6016864649951023,1.3550141844277228,0.6408341848302924,0.44856626706792724,0.25348695928272813,0.5282579837042545,1.3592012335945853,-0.8797689711802609,-0.1680407143606027,0.4541609442343784
2024-07-19,2.552991474885864,0.6139722370454479,-0.6675981830262049,2.5463800726622687,-1.4320750046925645,-0.23913771598984848,2.3887018273943683,1.127611942524928,0.1008444377970183,-0.8206810042970237,-1.1025843672505675,1.2992486894967585,-0.17052615731667123,-0.5785461787967121,-0.14647170615372293,-0.5698042173274215,1.0491881046852498,-0.46693442930281975,-0.1472688904346695,-0.9887183418824178,0.20566130263464194,-0.6369128653068522,0.7781741173644491,-0.9123149495339699,-0.7847973433734255,-0.4440558812343942,-0.005020622795516864,-0.41941202104135805,-0.13977985010344698,0.4997262117325261,-1.1188621047564558,-0.5439544424359685,-0.23959808811682104,-1.4286060506105793,1.865477528083348,-0.5309311714904814,-0.3646404101501595,-2.0343595986650893,-0.4076713919283491,0.7698770675101841,1.043464686742042,-1.0450912949830293,0.21101136794238673,1.660927743937761,-0.11741788681115178,0.9584236874741242,-0.9666362855934338,-0.22925942254612094,0.11374741163927926,0.12962824750373744,-0.8842088333654734,1.0710155595105344,1.654237271104449,0.0632132775406029,-1.311430230706493,-2.4246986623667297,-1.2892279588550646,0.8392674534765792,0.7021498229760192,-1.7723938920947893,0.16415413440986032,-0.15418616247370304,-0.12219745530386882,-0.7469553937250286,-0.23495215582395299,1.149425692964287,0.31645967407333564,-0.2491306214250013,-1.2954430149123126,0.7108910781051545,0.8950942861093549,0.9182695027557212,0.9445324003521439,-0.1599988748150264,-0.33561760570973587,-0.0663173120431232,0.9121234382027963,0.3548888314184726,-0.5227306683334101,0.6583761378452643
2024-07-22,1.7706540410098508,-0.19977267220733463,-0.3872640680489016,2.133068400914058,-1.3745286661755027,0.48871497815903686,1.6470970759025547,1.1079894144606766,0.0494538534103854,-0.8857017710962373,-1.618786496356721,1.7569195726698892,0.1478218305662119,-0.17467149559368406,-0.31309952434193417,-0.029228117183276378,1.0495393347830595,0.04573933979603656,-0.5215382757657574,-1.1942900024899628,0.797796942909469,-0.08540171442372747,1.6957066075858955,-0.2973145103640166,-0.607460285940158,0.652043975632665,-0.5881706954568889,0.005141322956336691,-1.5200625190888972,0.9350454112280387,-1.4599270747605184,-0.904771373659722,-0.625574901245245,-0.9408897717539455,1.4489710013118733,0.28162146163818264,-1.0665804597043846,-2.439347383773875,-0.8578327361519845,1.5169306435979626,1.3071926567875114,-0.4758258316560468,0.08193889723130471,0.6322804432106643,0.2814532169007979,0.37864049368362007,-0.6297399087436125,-0.6867394955634646,-0.07442170560871876,-0.6837279161909957,-0.39810056160602025,1.4324766657716728,1.8284188440009628,-0.5981840406756733,-0.933011217346679,-2.0451866809061756,-1.3272819505513864,1.4454342900235317,0.25643239018513264,-1.399854235043186,-0.817427743071742,-0.025183971821831196,0.5004211609470618,-0.4790628968319826,-0.03418334463416102,0.5238591146026595,-0.19175615705060328,-0.7070908595455099,-1.2991938083576056,1.0388119336931079,1.3381504676512126,1.182894630388501,-0.9006514177064885,-0.1483849954319701,0.21299040658643364,-0.17766742488709084,0.5572513526068906,0.5507568256475306,0.06925350957428478,0.9759781707885544
2024-07-23,0.9901548541600983,-0.43651511330579407,-0.06993079398754502,0.726377674869061,-0.15060627964272447,0.33202724352162855,1.2426706849732052,0.6539945278979913,0.6999278422567224,-1.3827488361648714,-2.5816824578926534,0.8378906434656306,0.34401473588957904,0.7832975341405176,0.3753750637299207,-0.07570020301120053,1.0766537851294604,0.15846218872716322,-0.2519289779780521,-1.7816460947145325,0.7110228011196673,0.19776292092191852,2.242341017155553,0.12966463975015663,0.002950112043319103,1.105690532559171,-0.7680822330765803,-0.6011388761715519,-0.5289488747948405,1.580879226407491,-1.1571418458818838,0.20546202916353687,-0.5469334937456114,-1.4859304071837651,1.1803823898966128,-0.0677602349815539,-0.5244719011154587,-1.6381008264368369,-0.8698755071411941,0.8173380310697747,0.662208460953584,0.3635945889227896,-0.5870407202441651,0.849750813003566,0.8436907720162702,-0.0508901939135284,-0.8704413000655183,-0.016814482697515332,-0.06851194316483278,-0.670596964348049,0.06520449178585934,1.9845287889044934,2.1945678525457106,-0.4262598468733952,-2.249115437613541,-2.032847618706783,-1.282208529679454,1.2166520158754228,0.10743246707682007,-1.1261856617175565,0.052452564698056446,-0.3070940083688516,0.3791301628941456,-0.317831916177927,-0.024117623952725993,0.5413471501259297,-0.5421233812900609,-0.2295919008016855,-1.1244837686831934,1.7989671895662749,0.4475122382475364,1.574406821508573,-1.4816267461602766,-0.7967156664134012,-0.7304375299078614,-0.19937691141616803,0.6377605454164036,0.40214635178009006,-1.117167000798678,0.6549283560521122
2024-07-24,0.9294691225246098,-0.7245671136624825,0.05653492435553392,1.219987885901114,-0.39000568902148647,-0.3731387483339178,1.2671276288030642,1.5095163072887359,0.9034350750905782,-1.935695319646434,-1.7807059056412053,0.7856167790701217,0.24078851168742121,0.07527363221804748,0.7150473843696065,-1.33890504874921,0.2340244601461294,0.7196159510070259,-0.23737407603159189,-1.8147504266622008,0.6784601567997506,0.5715228402408857,2.0151803767655303,0.21698661674846284,-0.4698320927980816,0.41298434292517855,0.20512273154164806,-0.495188956308147,-0.8603782963696683,1.6966086419794049,-0.9835479210010728,-0.28737242978291,-1.5449008348774929,-1.453590875347588,0.8191994968999206,-0.9895722752823425,-0.5088916919129527,-1.2515144330976926,-0.19000332677203616,-0.09000796264186073,1.0368323905850336,0.6794462596068767,0.1753385491221222,0.9740036229804487,1.0479389061568807,0.19133742006975465,-0.7913280017272984,0.5509133544395689,-0.5580810450796513,0.07752328057560791,0.5052926060634557,1.765596935764632,1.4572147779384905,-0.3398547305192229,-2.506867494510212,-2.5545264325386356,-1.3235440752740721,1.587939173162855,-0.06997816271478609,-1.23635249510073,-0.6513244435301039,-0.0893016414531944,1.1761384223841826,-0.4674609227331964,-0.20029639744883734,0.6519036704577346,-0.300591669760719,0.37865197339387774,-0.957591251879491,0.957482077713186,0.7385830367297104,1.1198527433315588,-1.320399899487261,-0.7823965045112397,-0.2500608439855713,0.43689020168389747,0.25680409517980396,0.6393700526815188,-0.20715237849098925,0.6494953983016212
2024-07-25,0.9775998389797678,-0.9135211773999291,-0.23408259773013093,1.8517982398054558,0.024058557630882323,0.2571220458192444,1.1882056649731703,1.8924544037109037,0.1414035492405559,-1.0248030561945327,-1.316911397830654,1.2510385932955737,-0.4003496536438736,0.12988717544251419,-0.3394844346020687,-1.53572960309423,0.8688164123006022,0.11834337733377145,0.6563769761610327,-2.2130260683881566,0.005317856677680663,0.622920195694176,2.358850877137927,0.8664456204490217,-0.5285832953003464,0.2879933882213533,-0.24889010779187895,-0.22281492650680804,0.36154345914220404,1.246807699111053,-0.8123306582059105,0.7979861776543318,-0.6722884771889903,-1.851437621277539,0.334993717425978,-1.275872714039796,-0.004706891774956187,-1.8644338892831434,-0.48536846580287024,-0.09841204571690444,0.5820310992042658,0.3661454564303952,1.0055699157195244,1.160968462417932,1.3441217012797158,-0.295602921184966,-1.5302061042162274,0.8517402711180823,-0.5657380087094517,-0.46369855573834784,-0.8249541402207268,1.9285216362162505,-0.3998386289651939,-0.13117570608251888,-1.9941449197713053,-2.0381509714578594,-1.3704895386558202,0.16183376897962967,-0.8697371969612043,-1.3542813988749678,0.2688595220006892,0.3494029259476721,0.8034739675016963,-0.7003805239843416,-0.24932559201497018,1.0990330191746651,-0.12026217293624816,-0.539112104748324,-0.10530547270605871,1.2004553512332026,0.47413653538967016,1.6338637069692175,-0.7954253262682301,-0.5365683247805189,-0.27435544766242204,1.134605589760049,0.03592811910358145,0.42682508700720573,-0.5613452141677566,0.6956653902195363
2024-07-26,1.5462654146979862,-0.27554349281333074,-0.73370601662057,2.6873213645771807,-0.36954758903082646,-0.44778871505787415,0.8263442501136422,2.1335709331125936,0.38432149436939383,-0.15064757383055194,-0.4450100054000179,0.3810299461700812,-0.19550127197710118,-0.15294437658177748,0.5149714416918434,-0.7246326824273589,-0.022192125780336646,0.3889323068500794,0.5805923020252093,-2.4481063600243735,-0.2170943484505485,0.30218848880036014,0.5960743370040091,1.1783354430419237,-0.38871101929099056,-0.11992481267860629,0.07581753253704747,-0.1936313280085515,-0.5289459973020078,0.6633745361743628,-1.059708109866838,0.7502846957216411,-1.4001801354947254,-1.6383240265628447,0.4194880371464411,-1.7001218465497083,-0.3298307976622923,-1.1042215543220046,-0.07694097537844562,0.07382207693792882,0.016052865647056845,-0.46874550223019257,0.6064066621791395,1.2830257364533242,1.4151700891993664,-0.6359625907104224,-0.302752485999463,0.5014148069810068,-1.0081116540379789,-0.40592281942861963,-0.2773863187603507,2.1651668310789542,0.6021229484258408,-0.5921178525914838,-1.8942399294651784,-1.4385561370130215,-1.6180391242516448,1.061531770820538,-0.5544668095493617,-1.8563739663491594,-0.3818835758987187,0.6490984419988518,1.8242147130909574,-0.17998560759989343,0.1660254361165305,1.1392556437939312,0.7539546747593208,0.2030415844028463,-1.3881656119845334,0.9629052511349966,0.02138814713477458,1.5046020293093134,-1.0526536196738276,0.08841308246468034,0.10372541446630254,0.14708976735372506,-1.0476722588796854,0.5319569184973143,-1.0020041500869892,1.578997759341713
2024-07-29,1.6339857783747231,-0.920089568313604,-1.0979496756418892,1.9752647757330528,-0.2604102257725699,-0.23215164326622847,0.2986281905647667,1.9872084211637857,0.3986080950556754,0.6098958126283978,-0.6259315434060025,0.26660928849465915,0.19052727307255185,0.06070008650431923,0.2753008852922963,-0.110278921901955,-0.6362075457066901,0.3361326330911042,0.1136655331508602,-1.5048410874678462,-1.2841242411716838,-0.08719863098574247,0.957265997212317,0.8015210119551316,-0.3866616515475218,0.5957486465416642,-0.8770045948527155,0.20336072769760252,-0.5886717571156926,1.1435885442632547,-0.7382125626396594,1.2047830056610007,-1.2917576758256044,-0.8993293525123772,0.46814103662421425,-2.164434813233495,-0.5370812438811128,-0.6191763094331828,-0.018231116191940795,0.6380545293181191,-0.2794123364867309,0.12827020011785628,1.0859043497991046,0.3762325625636737,1.254610578047006,0.11012069954288495,0.08631769737260177,0.3310514072449093,-1.4492482753609381,-0.6640469378741026,-0.21110554895472727,2.1294207320251775,1.0666857444305262,-0.6233529883073872,-1.8704006442455625,-2.2193616441078055,-1.1024384389361757,1.0810817149113159,-1.7392125888769485,-1.1034177541271388,0.30550191743367794,-0.5456485908518635,0.6761016677959298,1.1639726752073514,0.17560889869029603,2.0215363488913,0.34481732036865026,1.0000075124995216,-1.3115222553453674,0.5854608665830193,-0.49973773982136493,1.504525140997771,-1.1547350866408603,-0.6067756726710734,-0.5303626446010553,-0.015051292769935793,-0.38206701680022176,0.3485353562918047,-0.7503787585463134,2.003266712979212
2024-07-30,0.5423025477101422,0.36572683866336464,-1.4080288517592245,1.9557565385405005,-0.1593850191733085,0.2707934775960829,-0.7294015801079932,1.7742621658124267,0.13536445477870493,0.9579054388911509,-0.8503923664550286,-0.7671607381894187,0.36918275671836653,-0.08650263681975932,1.0891236031249631,0.671625356269678,-0.7920991803531587,1.2065903500163115,0.00893798460262241,-0.5208273310664655,-1.5494396484873467,-0.05870895248470544,0.949281019577929,1.0400459057342122,-1.0956318432724106,0.8259115355527897,-1.0035466853207449,0.45713856483041754,-1.5233397869937522,1.4863684781756463,-0.10078964662999106,0.38415566788804967,-0.7658201963549576,-0.7957801919213553,0.7258962229886305,-2.811434938039078,-1.3029649243147048,-1.1350779399913562,0.18865830031854466,1.2929532740448932,-0.1991775279508819,0.6149640595561684,0.9696688080611602,0.0045068051374370635,0.728612940178142,0.100846286444488,0.2197369245460294,0.13245105017613945,-1.5619230140638605,-0.20937541595476816,-0.28840008080862495,1.3794624954679966,0.712006742273742,0.46638154546855154,-1.3191432423606668,-0.9686152797146421,-1.42870809243428,1.2145608185761385,-1.5853274223505398,-0.9764480280439726,-0.5817005404429034,-0.015376688569831796,-0.05213926589750448,1.4756144761614374,0.3194025172372571,1.4533473030903963,0.10035088978459482,0.7676117176293475,-1.4674234912358837,0.7083581260905665,-1.4188541170426165,0.2367069718831696,-1.9904137894815772,0.01142201950939648,0.40645570622837957,0.22590024946300344,0.12333763963492428,0.22065911682760972,0.0005578078041111111,2.2284549550216974
2024-07-31,0.33269418073475254,0.289191231210152,-0.7319562073269915,2.0835406142529056,0.5256744674623219,0.15888472591152508,0.004598587489240198,0.9849608961169488,-0.9196961273383951,1.4112654393530644,-0.39623941954687236,0.06779796981428467,-0.07954659413529346,-0.476202393054206,0.8540778932192964,1.3243956134915853,-1.0627921712244677,0.46019228493896425,0.4385092755074273,-0.7135258192280532,-1.4456183080097265,0.35662317595541343,0.5956124198893586,0.8882825345461718,-2.0625469522133693,-0.15874248479286338,-0.8303939577438338,0.6555836119932152,-1.3844776617348467,1.1781772470323644,-0.24674749113690617,0.41994713399776307,-1.6973353295199927,-0.12228962574660049,0.6467947168270964,-1.8600605356263267,-1.6827154434321938,-0.2684180820749322,0.03927211037940581,1.769091514151389,-1.1319490013851645,0.5060448255849449,1.24214309710371,-0.09984721993318472,-0.5945498379415276,-0.5523934119375767,0.7153254270359671,1.292365909050213,-1.1781462376297287,0.41116440603254784,-0.26607219861585213,1.0076009971834263,1.2327472417345218,0.7219950822550544,-1.5503260228461349,-1.403421479857798,-2.0451446078330626,1.1437150703889751,-1.5672641904948843,-0.7856594266259782,-0.3095788868618958,0.12377733059647192,-0.005415142926020933,0.7151555978623645,0.4339953264864623,1.4464728614613755,1.1831519285121719,0.10184204059097007,-1.5242130776158105,0.2536983866085149,-1.3090869586857412,0.8842136207038724,-1.2554636506760242,1.2132631712965598,0.4397710926044254,-0.6323042321865519,0.40625984932939263,-0.334411743036895,-0.04147593337440001,1.766156957653515
2024-08-01,0.06534673728674079,0.3706852548793234,-0.8902849642721067,1.706876230833619,0.31973883849156676,0.19535406867402844,0.455913146742221,0.4110468669191818,-0.5459818074388292,0.7543057580739742,-0.8746129418543411,-0.7469877160749989,-0.4543629408972276,0.252609467417031,1.2404559018315655,1.3372063524574096,-0.30173311462213687,0.8215943196377232,0.2939362054437707,-1.7548146466426702,-0.2936101654193147,-0.1775436219042068,0.5073856891666552,1.618418741822357,-1.6769966538213614,1.1132964211279297,-0.9374801889746709,1.2175987199230474,-1.1725832001306487,0.6201824744764539,-0.7303580840084359,0.00043047506077566585,-0.7113817007943403,-0.12331473701908831,0.7282451580876981,-2.6478966031569224,-2.280103909029735,-0.6567956256701359,-0.22715136676750597,1.520746790154405,-0.894105444173329,0.6555273874411623,1.713931334763051,0.02483349529132334,-0.9461704032311543,0.237035874204127,0.5323947748826308,1.030050283215365,-0.6232383393330365,0.11153750226627719,0.28784094390033105,0.0951986490253551,1.1681370877381003,0.3749797803158947,-1.0677655683871319,-1.1662722397671788,-1.8684025353600573,0.7968949819720114,-1.7277522131551375,-0.6722532140244291,-0.09537130655562832,0.8173678399009358,-0.044404589161588286,0.1144030622674311,0.21430445658946196,0.5943359034180529,1.5449887320961424,0.35216955553746343,-1.8590128598054625,-0.5354416775705354,-1.4231805473673909,0.7058328912997136,-1.3092708276529175,1.1885435512968858,1.0170279406787865,-0.6458680224081312,0.8366231045595363,0.16620355889425772,0.0934827179765091,1.8574847484135057
2024-08-02,-0.03728263272180318,1.1028170379603492,-1.321087431949362,1.4860523806051391,0.876834474212193,0.11377373428116104,0.4909323156904194,-0.16409656271084422,-0.6332271862562341,1.6488125128835571,-0.9267542400788137,0.05213209707730764,-0.6116036523209086,-0.3132097189222658,0.8233009557574166,1.2446951723669841,-1.3033001437166114,1.6597590160649613,0.3768953475356922,-1.6452082736362454,-0.5347532024265252,-0.12507632188526824,1.021654311225804,0.46025612964947066,-1.4300930960021425,1.5772268669375642,-1.5123182127948613,0.7463593012615203,-1.5776667726816571,0.14064058108989996,-0.1391877243872982,0.29422660283729063,-0.678122705407869,-0.8534262797173316,0.4301435382865054,-1.649279256120465,-1.741961752436052,-1.0181264278297089,-0.5195110107653715,1.7446635808920548,-0.6520713681386899,0.23777732454688222,1.8581589164894814,-0.37353227692467483,-0.9619654937045313,-0.029307126522224548,0.08114405870500092,0.7805100286215093,0.0696743732292566,1.3011164871910172,-0.24252681215480673,-0.11082420017638979,1.6194747179590767,-0.2783671813501006,-0.7038942089363415,-0.11089663347455274,-1.8273640641947297,0.5511830214951207,-2.027221996961491,-0.19292758881862146,-0.6791921049212162,0.41792221195906115,-0.6854191413055982,0.01799749034745166,1.4675038782402077,0.46904493110145223,1.1809952074924934,0.3799563951843243,-1.4088514386208721,0.27363153682188046,-0.9147906403772729,0.418357494459612,-0.738651485018989,1.1211029947753843,0.8472945424389273,-1.3885852883580527,0.4855497199559115,-0.008176073590383595,0.05340224212692138,2.1468841985609166
2024-08-05,-0.8020084966073054,2.4814522366767195,-1.7950453929221752,1.5613271327822105,0.7420476427695623,0.3257264700761638,1.034198084782707,-0.5168151380166679,-0.3847555245016744,1.164068385619675,-1.4521367398564768,-0.1396839501423539,-0.4928211649652678,-0.36516715699481667,0.2229155873931511,1.0786082273133286,-0.7797876834127443,1.0269292815202098,0.6967057692551767,-0.68583608715772,-0.9711029584901082,-0.49898619305959063,0.8823437642308876,0.6770236191401768,-0.9652560859998005,1.712329430995615,-1.4516576477308945,-0.0667141825819908,-1.9246872214054984,0.9036723463734628,-0.6345877053226376,0.45769901138822533,-0.2592144844276719,-0.45771189597129974,0.8831477877129761,-1.6663749204710132,-1.818112281512075,-0.25423988737378816,0.33990587671092,1.8944002618695184,-0.42864388691983873,-0.2614556621239649,1.5484976943166489,-0.37309097310526385,-0.3659613696647678,0.41187605628521023,0.10809404153248547,0.7311905335045672,-1.1924847909636465,1.6647821514398025,-0.45821591699680814,0.07100406924933221,1.0899357651733586,0.6154914182153893,-1.1897535243692274,-0.010668574400018305,-1.8345415446859465,-0.2769759886952869,-1.678525182673287,-0.16707064194615706,-0.2416211676229576,1.482798935975021,-1.0638652367733685,-0.9237694824434879,0.5847363714061925,0.6086610414565414,1.3437348086502512,0.014177253154120212,-1.5183179755806047,0.8410765224799619,-0.7875523843352729,-0.4046041009686641,-0.21680031502935884,1.2866004479571225,0.8516214958701599,-0.3685772039740141,0.47453793771836195,-0.09490624012829814,-0.6520001425025694,1.0787876438311692
2024-08-06,-0.6406001819791524,2.4887903567204264,-1.897575887864782,1.359263345567586,0.4188716444534166,0.34877188573856144,0.746355917241191,-0.416001767573179,-1.0588669940767832,1.0868654813823713,-1.3323880020697785,0.12829782933296535,-0.39435146156730483,0.5265526361329917,-0.4048890724218932,0.7861563997254053,-1.2593721458892146,0.8531358608809607,0.7725554812367091,-1.0971134148516406,-0.6930204386619145,-0.26567565616623506,1.178229373252162,0.7175223421570449,-0.3928816720418354,1.6765457509149384,-0.8656197071931759,0.24829276046192106,-1.6711757420715783,-0.28007316233274704,-0.35748914765291107,-0.09516668564092001,-0.6817291590660177,-0.7364801455388038,0.7184016483116334,-2.015239869086944,-1.6193093860829344,-0.08053400435410142,-0.1604157028373891,1.7847911491983126,-0.1376852439123159,-0.567468301782712,1.8337439818410317,-0.4858620384649723,0.07002547754860702,0.6496411970891744,0.23562888291743925,0.2966884184799221,-0.6999068943839637,1.2215202226430344,-1.2627577360595794,0.47162361523884316,0.8229266013793964,-0.46754893459102914,-1.096813497140562,0.263622433770376,-1.6506193665900304,-0.17921826004550775,-1.2228859843518232,-0.13619525482525918,0.008468487717087737,1.7418016981634703,-0.9313879608034794,-0.7489727292892473,-0.05730609945565302,0.8235784113589544,1.373374321122551,0.2348049317812332,-2.195871271784972,1.309849030265476,-1.1434223042949097,-0.06122791405080749,0.13106937837044555,1.4995401235026629,1.2868814180321912,-0.4664485856092587,-0.1448873806047682,0.6657136593268361,0.04911476142434043,1.2434382503804162
2024-08-07,-2.3694132056337045,2.9675908912493654,-2.640449127663078,1.4968441614284178,0.1703381156823668,0.6053869227818872,0.12273781119956938,-0.22245714582224616,-1.5374713160444173,0.9925663555935057,-1.4386563140764301,0.7534055759827336,-0.49247886446755507,0.9034003132864754,-0.538086278101686,1.1200317680252974,-0.8050250407801243,1.1972274488717245,0.31566746203715673,-1.1216817828864076,-0.3988906578186106,0.8291994600346749,1.678766493814024,0.14563662947527242,-0.76617448905926,0.04245989232722813,0.1756306463262465,0.6559081229383376,-1.299284170601264,-0.10515128248447536,-0.5084720030470571,0.7900651476308425,-0.9999156872596734,-0.9483827118992672,0.488279764043864,-1.8053796810288587,-1.4721693762746975,-0.32189054098579084,-0.2930111226128795,1.4320061152594685,0.11052070285956683,-0.10861358280000806,2.1676748813180287,-0.347753727827802,-0.028389792319176686,0.19527244348370684,0.9103246275398018,-0.026424229790681607,-1.2429532625670496,1.1580243866289308,-0.03263714214863753,-0.13039885821338718,0.97200904859497,-0.777640593280572,-0.8241540270436736,0.5745392051198502,-0.8617405976318688,-0.458050111293439,-0.6471756904660648,-0.055967331978109776,0.1524175207772494,2.136120385009839,-0.9093872959525918,-0.0036768866191740014,0.15584099140791766,1.2635843594146117,1.1014683828077285,0.23226248130440513,-1.4290705998464106,0.6539058475933945,-1.1346735539596176,-0.35126882173580964,-0.11330506347394982,0.009586404866224174,0.7276467984614782,-0.3847767709819501,0.12367520637159432,0.022297859615062903,-0.1434964659328652,0.5456745732475052
2024-08-08,-1.6604111756470208,2.636628321382994,-2.2290395505606684,2.0206728184341176,0.40051249317475446,0.10381307424812858,1.0121802091733645,-1.1909456296224825,-1.3185736345906782,1.0382756589291002,-0.6266990944324159,0.3359519403075456,-0.5950578425265532,-0.048357471946010824,-1.014720972478585,0.89852530355563,-1.1364041327974859,0.5201730482813884,-0.7486331122186041,-0.5547127632245603,-0.992813768246852,0.6616346242989959,1.45805825968095,0.18521467760622073,-0.8272787260803804,0.7278430026225603,0.6643842674811943,1.3578152673620965,-1.6394454890951382,-0.3884364444581873,-0.5340528748645583,0.5232830471655856,-0.6758905185581017,-1.2199944708243957,0.6540620427259247,-1.631582586488598,-1.6605779021910296,-0.14057551636729917,0.5448048785305656,2.053532084184484,0.37799414254736935,0.3129749316236807,2.842628151453923,-0.32906155893587297,-0.7920529469928042,0.4858280344589423,1.066705472570543,0.4262741005110403,-1.5883030008528038,0.32065061680910034,-0.246587647358674,-1.0675875895902585,1.2664621738023432,-0.6297721546023329,-0.10987177538431334,0.4580252628459931,-0.17183214070903233,-0.16688459452115859,-0.584995366634273,-0.11571150702552968,0.3060222191557876,0.7770211342076537,-0.04471005206494572,0.44482113380147376,0.47509466287731084,1.0664342823890085,1.0608172267881613,-0.4544163568399465,-2.007856577663535,0.5495917344402009,-0.7161441454094295,-0.0985382966891448,-0.3681000286539942,-0.4913981139283991,0.4070777781950499,-0.45201425282620217,-0.23285629036705224,0.24938384250501075,0.6866670956259133,0.12505905851520227
2024-08-09,-0.4134810568289996,2.2881001658008118,-1.890825776526682,2.3481513318846194,0.5807580000254909,-0.6782790691475847,1.0237994700853272,-0.8315758141307711,-0.9133858403279895,1.135497907764478,-0.9373060420000648,-0.3200593380169444,-0.19908318149923904,-0.2270110969422875,-0.2235209338101826,1.3137212721659572,-1.419540598969804,1.0655357569375836,-0.39898598367083765,-0.1820750720217232,-1.026807932285005,0.2950758674447726,1.371960479211493,-0.12379723055344466,-1.427423811234713,0.3743886404497204,0.26494684914183175,0.24335498407868844,-0.8610705554011293,-0.37747185390787596,-0.5375125302268601,0.5029420726463285,-0.4282225032411842,-1.6218388030102304,-0.6030265660503432,-1.1547170378497014,-1.4039358681632872,-0.09642719843691719,0.6052459898380781,0.8766662920434227,-0.07712624456911048,0.06605737749028666,2.636855140575299,-0.6448850391108517,-0.6433255467629606,1.0079351881193581,0.6405084773187941,1.3399313725711843,-1.27309883317439,0.4425434822384492,-0.11654752532880265,-0.9732250147246461,1.769394797118232,-1.4668969183729104,-0.8595182085716703,0.416572951998912,-0.4894205101126926,-0.0016474531925261262,-0.09444670440368291,-0.10638956160090349,0.5777274434843586,0.293974716275842,0.5633954991290809,1.3456900636157836,0.5442239738711911,1.3559920716309968,0.5965672211230003,-1.1035144575874394,-2.483501310797698,1.3738824618070502,-0.5342677815964577,0.3369542908738052,0.02660867017637748,-0.9061269985564456,1.0387544555669632,-0.15827767276646462,-0.532191327694599,-0.9755403729733861,0.007549198189328883,1.066065243458544
2024-08-12,0.6671251818324441,1.0283897409745577,-2.7118358049606637,2.6043272183342157,0.6198254853058444,-0.8772216293436321,0.537202625777616,-1.2256222035578868,-0.35135645829396156,0.9468867694081373,-1.3867894856309828,-0.1960970622786233,0.6387292738695964,0.1050973532187755,-0.6599668092599643,0.638675393232357,-1.0160253688477454,1.1454976043178084,-0.24892524551602202,0.6106248688369584,-0.6476721630728318,-0.47383832348105326,1.2811389321699191,-0.44266474408280393,-1.8354889362980984,0.5045925236101636,0.40347840733097634,0.49385249598446784,-1.1172114269877735,-0.6154262500046724,-0.19210930539592544,0.7943259008003426,-0.08461188650158726,-1.506557918360841,0.09913811811475769,-0.6340310056375547,-1.510518002364331,0.6772706989588922,0.04130519630825191,0.920804346559898,-0.624482251201185,-0.3525086533957814,2.7053408914219035,-0.6125861321048041,-0.5467216651977743,0.7748726613764388,0.6728072142052784,0.70448256623972,-1.5371037239076621,0.11830617404349807,-0.5184666081831345,-0.4798558336375557,1.7339710621558737,-0.17109338300734983,-0.23861439581303306,0.0792881320692258,-0.5031426083784084,0.3352678200147562,0.054975935591923715,0.4651817175061862,0.37327917493914226,0.30935634746963514,0.7609190867792288,0.08385871952869352,0.2944620101643426,1.952006123927645,0.37664276147315146,-1.120814901321855,-2.3452996958261165,1.7742038780820615,-0.8676494198494159,0.8997180936713943,-0.044279015096652816,-0.7950508492190073,0.19583003736016638,0.9046122920367325,0.04850973113197919,-1.8288635021206947,-0.5402903764690957,0.48461247847152544
2024-08-13,0.9415333506089297,1.0830195848448005,-2.80398854505396,2.270059437180107,0.8975706686429817,-0.7501240044052769,-0.25110245074011617,-1.912308571699937,0.018779954140787362,0.8202002886830945,-0.7203464071324535,-0.47206727577023516,0.6504538022174375,-1.1821336215811162,-1.0614978830590254,0.9861719544238081,0.1651381121584933,0.5594919971878614,-0.39375423468291354,-0.32030182645405936,-0.7661573555846661,-0.207098665971198,1.4620264375979448,-0.21719828527665214,-1.5507985884805828,1.926469251019652,0.12584788077345777,0.19702438882580597,-1.176148502645777,-1.531706171230105,0.3568497863446512,0.8990933463163471,0.44638925697393095,-1.2509852062218956,-0.27998737352041175,-0.7212018136397336,-0.5927952235005505,0.4573556746318755,0.17008203994124887,1.3745469730058002,-1.23074282201075,-0.9388801992238159,1.7623242072562637,0.820701235412219,-0.14598452067057066,1.0724476414295,0.4556338289455499,0.9826383227741708,-0.09723065838035,0.44191619824603556,-1.0593133849896106,-0.4014511682217378,1.4167251999945603,-0.19102212617836234,-0.7755779219018779,-0.6747383646017497,-0.9328645158585857,0.02057459577264165,0.03348845124050349,-0.019584030272582556,1.0050927921057322,0.27674700406163,1.3029853286773603,0.15613578045303486,-0.5565301296560904,2.328359357188133,0.3725357213063347,-0.3916849398983443,-2.1146254510076314,0.619281282791035,-1.0725010526425651,0.2512162562572371,-0.1529827980563449,-0.4605895096633991,0.9347145913598387,0.7738004354050784,-0.3620509948187341,-1.7152693296071313,-0.21779222479399452,0.8376957329090187
2024-08-14,0.030688148496755323,0.38822911271289534,-2.595435400757577,0.9991554433501927,1.3727228457831318,-0.3163506571913866,-0.30902883964984623,-1.2969442192334804,-0.04833190815036116,1.5457608082651397,-0.6700793868932178,-0.9010633857134767,1.8199235660978164,-1.651081591535427,-0.5658197862861808,0.5196297023941104,-0.15792187656351084,0.7157623205337046,-0.351843424920813,0.3974500437482681,-1.0876016772567836,-0.11467860647852879,1.4576330446551145,0.9222657346847545,-1.0032648973758347,1.1380292990329746,0.6315936539848219,-0.2879320878778378,-1.4744123539042167,-0.6774421429287663,0.1462966836725484,0.6874735390845658,0.912359081874413,-1.2854518872212097,-0.8945953432393379,-0.3643430015686563,-1.954509256151247,0.43230209640590644,-0.13718567888993236,0.784158268669435,-0.8581891082409858,-0.6879877455799318,1.2075309373330212,1.1054707292534782,-0.14016821105014773,0.5787647372499354,0.23458458472279084,0.9097269926025975,1.024777902793639,0.46466513841863116,-0.826138803061121,-1.3932921435938883,0.8932150607094296,-1.227623261962659,-0.4029669141801174,-0.9772745917414467,-1.3891318540972524,0.23644693901693323,-0.16713000062437058,0.14673371517399356,0.7899898900249304,0.4879872948397092,1.5091969457779149,0.6016418567072483,0.24976207786373933,1.9001646431475445,-1.1247879729273267,-0.8272521183876815,-2.5234355853281136,0.5672465619216407,-0.8031905785680445,0.9128323248438636,0.4156952423620258,-0.3574582517984408,1.7497987913068436,1.0477164083656738,-0.1965623541780553,-1.0687894252464105,0.5357199643674512,0.6455941981040397
2024-08-15,-0.06862820415714496,-0.057120585421240606,-2.435439629802178,0.6962775793238841,1.4798465593852703,-0.9920084290427972,-0.4470209037623336,-0.4625154522739673,0.8637689749255344,0.9194895459277839,-0.6921336904380977,-1.0388614341484674,1.701271459171687,-0.8889649399065208,-0.9072991073758339,0.7149489330893173,-0.39611597426057443,-0.03725586560873107,-0.9342110260623967,0.6723210969319036,-0.32568165958069667,-0.19475333462368072,1.6284395227170227,1.1741476552719194,-0.4858359988262379,1.348597493901737,0.5250086919887338,-0.7200076823866677,-1.8077194886930443,0.7307925369591567,-0.18464267604555676,1.159379698201028,1.0523216086167464,-1.2249525451353263,-1.0236586544412047,-0.6947412385337578,-1.632236973810757,0.23611720968644434,0.025458172163687152,0.24038332490442138,-1.1094855296686754,-0.18171267385772105,2.1952137268673075,0.6829832086942577,0.17955638473118224,0.3651803602706938,0.4052371147010067,0.8408777369975828,0.7227008262618995,0.909267546535383,-0.7040015678187177,-1.17053871804435,0.2565459411505063,-1.5243022943346056,-0.02997501370844458,-1.2325155309451876,-1.4520185422361445,0.38378957533447944,-0.5364459672183731,-0.048098572679013726,1.1695235150505239,0.11248568094746418,0.6863481876954155,0.4931284722320034,-0.23624182975520003,2.10393853926441,-0.7386840845223197,-1.382715426099269,-2.248514881389674,0.5658161571508811,-0.23631261229446748,0.8093331808443908,0.7457922748925062,-0.5227751376306901,1.4976918044476555,1.19948099404626,-0.2333442424304432,-1.5568576454387837,0.6575652995763588,0.6453191735508498
2024-08-16,-0.8594497441333454,-0.2627714040179045,-2.2657843982843726,0.47070220367317767,0.887770196555416,-0.6967378944196533,-0.7137411210673992,-0.5591392721484669,1.2948686745527347,1.617415363514804,-1.3356905734676112,0.07319565904013876,2.414678049371937,-1.0574233571552893,-0.325419909260821,1.099389343521939,-0.1771896063144724,0.5220092940259742,-0.596061139895846,1.3418642420299682,0.5365010467652925,0.4072030818070726,1.1539555087854982,1.3681601026194659,-0.7422461971858041,0.4736884607712994,0.24074580218655833,-0.19546411509431594,-1.5054830494691627,1.2063253151472642,0.016874296041832788,0.5112665866639128,0.8874536276778999,-1.007002018770995,-0.15833242595687064,-0.37920913937009076,-1.5734196432688812,0.5746626440786092,-0.32656159147218533,-0.19019684840081713,-1.5680730628131465,-1.0685136827527097,1.4568949518480985,0.921124178080187,0.40902466970774115,-0.10024678576935352,-0.844396031086177,0.5157659060806555,0.8936977779474219,1.323262039122516,-0.36384424306533464,-1.2929385725419857,0.6293543085119658,-0.9793336320523605,0.34044811605199815,-1.4751159095365043,-1.034133798875015,0.9389107841594377,-0.891548936669387,-0.43661492471115504,0.5967469931438872,-0.2502507720569555,0.7320004394545747,0.14568956456790189,0.7899177602033841,2.247041577358565,-0.5119248179067065,-1.5780996042402125,-1.7922582163226168,1.0528421321431782,0.31228837159351974,-0.12390724343293015,-0.5483606877050216,-0.9396964366400188,1.113867571653108,0.29059723062098536,-0.3156281515384402,-2.1141661393605315,0.5801916921732315,0.767979534977715
2024-08-19,0.2068504826839551,0.06674911265106043,-2.0947744260972363,1.1449948519438444,0.9189531946628905,-0.6842032123270517,-0.920123285417122,-0.08387383813701073,0.8737176011038957,0.43556681454702134,-1.1863047844948311,-0.27184640263242843,2.899429482180382,-0.7565642895788304,0.19601789980985773,-0.3837094714477584,-0.5508147543830246,1.2123850693525986,-1.5054436745221045,0.7358007929071037,0.39091488945549147,-0.0074622940137928475,0.9778399980024037,0.9400996926086024,-0.9152790327921614,0.8352826743831754,-0.15033127355424178,-0.6064270656308228,-1.2713732079561346,0.7917216741805135,0.12733427757393723,0.9743321570347261,0.6197838297330429,-0.977374031475133,0.3345903581450158,0.8062328479577816,-1.7128759874103847,0.08793337466863163,0.05638697118065843,-0.757650473783659,-0.9561342345783358,-1.4133250941871864,0.9701282616836646,0.3537993468990312,0.12947050228032952,0.7269990099043147,-0.24061857656387814,0.564053401883664,1.7281298875573443,0.9534506947965583,-0.2276319597681115,-1.8792979240920238,0.039012915562674055,-1.287221947030468,-0.013078760833261177,-1.5734111403683801,-1.0861503700581672,1.1550556505128673,-1.0364856293316402,0.500450204151859,0.5808593032641359,-0.6780636802600367,0.8015092179343429,0.053950512633239626,1.1668388653281156,2.500224756308257,-0.8937832418761726,-0.35387238894713524,-1.3123324083811982,1.426886987189341,0.8960647304486031,0.023033383685889128,-0.27103306838113317,-0.9093732793841414,0.16188877995822648,-0.6841625385649618,-0.3074809951894327,-2.055927684303812,0.5186693138072297,1.132422655196927
2024-08-20,0.004945657162363219,-0.7346483567831892,-2.3623082761147636,0.4964296753534989,0.2876879873512557,-0.44923993053155076,0.04334012609641325,0.7578755058416565,0.7464299312984174,0.5910922986136363,-1.7167356679627064,1.0109536047743213,2.0601207030030393,-0.12301953179202753,-1.1075532108844728,-0.6357320562542059,-0.6543305445053685,0.6370729119545823,-1.8627898289255105,0.720227386478424,1.0164328075579363,0.8933768826882333,1.515826754007286,1.2995133689922471,0.4186168403917455,1.55152366585384,-0.5033051917881746,-0.21558226484708246,-1.3005897509046864,0.6877116008161063,0.1995666657246084,0.7965996353126601,0.6262266605095977,-2.004317960595235,-0.47306207832025,0.8962612172502828,-1.522373610545342,0.560636598832096,-0.05772629274751423,-1.1273539919380229,-1.2116068036768328,-1.3767728211925432,0.4644802597091819,0.1314703771524759,-0.03458279360586473,0.6303985646186187,0.008066077305190222,0.7835126092183736,2.100123093881501,0.3416057446986786,-1.2599626312286072,-1.5230013646586318,0.41636724882607135,-1.3545007143881034,0.07366007004026626,-2.230332927809214,-0.008551359015508131,1.1431352668996277,-0.8820570110406045,-0.14757658434321252,0.671798587671589,-0.0096752862466737,0.6639803681551071,-0.17076325340885992,1.2104906308184458,1.4520168016434105,-0.12066669623390189,-0.35786866567968917,-0.7621181874455722,1.6193854815340454,0.15084015722984873,0.3206809757120042,-0.37239180227945107,0.30286186972073925,-0.09520480989432333,-1.347165346264626,-0.3929152162216182,-1.3393637379641263,0.8099377055104153,0.7344661818282288
2024-08-21,-0.20204859196931033,-0.4749710194392941,-2.0715258701839057,0.7497354577685394,0.4045831069785614,-0.5282738071632651,0.007618898754367762,1.2020674574213588,0.7042514939497225,0.22135315096111374,-0.5886884727153444,0.44341800647646534,1.5080324651214865,-1.0181731966752101,-1.1384225295135135,0.03682914538315243,-1.3710195081817504,0.8300062548906425,-1.8307487695224591,0.31701519646143755,0.27638160524947775,1.030852849382478,0.6898436912460438,1.3097606214907322,0.3446753337418669,0.5102772377334173,0.012911547704784029,-1.376608934019281,-0.5243079729394616,0.6778788183432893,-0.3412785530669567,1.0275584038164045,0.49324954777818847,-3.077356258693543,0.045915573955367286,0.7239226243823442,-1.5340744665177866,0.31605500408674353,-0.36718365617096943,-1.4490622230346168,-0.7354033809495173,-1.093384825105623,0.5318282713952477,0.7493005086115023,0.3995295696966571,1.2686862185635104,0.5048529348599992,1.375262285334697,1.8865787949159372,-0.08031931911167244,-0.8100093743524623,-1.9838379902168275,0.521081614463456,-0.5229040202661921,0.12054823440946212,-2.6223793454244686,0.6186369099925999,1.0681014108841607,-0.23303310117654252,-0.15935846452846253,0.7170802130629204,0.0731593642045048,0.7460120986577777,-0.8517988596059299,0.2979751155795364,1.9135420643249856,-0.5585671355916509,-0.07431354070996146,-0.8021010983761063,1.393596606579339,0.3240770867813261,-0.13312425186516755,-1.1684783984634661,0.2756901038161673,0.6787246085396136,-1.053279092012117,0.147538667061365,-0.7163656832922576,0.8834057376747925,1.112999798367551
2024-08-22,-0.3242398718941426,0.12159936471726034,-1.8203054464944342,0.7416535326140282,0.3253313800107095,-1.1078004043574385,0.5756016537692739,1.9046941143815324,0.3209285137563345,0.6465423539430714,-0.10508153055974859,0.08424306338484426,0.47494867536063795,-1.1408846206847891,-0.9337664398473731,0.06391635869678912,-0.5394852399834629,0.6082651070886917,-0.51197709651506,-0.4747282966972525,-0.47983242646611024,0.14984855989565243,0.6994209765863837,1.826401057072589,-0.056366672689168444,0.19263862902700862,-0.19949157820148192,-1.2280346316491364,-0.3816468354431374,0.2611837212307866,-0.8976512488023243,0.8777218810138866,1.3526421131537363,-2.3609128115985922,0.10758082888795083,0.8196841687949192,-1.0802016495735132,0.786017682103932,0.6270738503822731,-1.322653347760787,-1.113383421963932,-1.8692510323604152,0.8037155358313729,-0.026519584293062694,0.5683461403325207,0.7732028703626589,0.30828215524720315,1.6245243805555292,1.3505550244782611,0.27343950933634337,-0.6636980030344282,-2.7699485037092897,1.3157516121295745,0.3660656058664046,0.43952595687894025,-1.7801363390867169,0.08121534643342379,1.8840728599399263,0.3863146073127451,-1.2519130984965199,-0.009251206732510498,-0.14255397169764736,1.5926508087608315,-1.4502631537510755,0.5654851594237551,0.9314491350842997,-0.7150126922102984,0.021630945795150593,-1.3595654557961623,1.8954740719370329,-0.2805836978790556,1.1030706566224593,-0.9986899035866101,0.25401522203141846,0.5520239031914262,-0.7631138320592512,-0.46460483477536857,-0.9314555286651559,0.6552783710979685,0.24097694479391318
2024-08-23,0.46354506097074155,0.9110632855543724,-0.9121302286254496,0.8527042450438111,0.15836828881128043,-0.10502081752449806,0.5576098358300419,2.108004415913896,0.7411517198623682,0.9362094370834384,-0.10176634030366523,0.5523781352658058,0.19037765274166232,-0.29238528064178904,-0.9188359612268676,-0.7864300445177296,-0.801952013315633,0.8168329002180292,-0.34613896790198906,-0.1613617393054271,-0.3449841004363723,-0.7800662490898586,0.16787311983775807,1.4818296973024525,-0.03296828199627036,0.6792795169913277,-0.490740346527022,-0.16837020562149188,-0.9798575478142476,0.36832861941469724,-1.1961168161899494,1.2457867972466055,0.7746676727635639,-2.3685026097862503,0.05123465488551809,0.7483219994278764,-0.9098082629835506,0.8215486111091812,0.27349580878577284,-1.4141623342317944,-2.01958306357378,-1.454983198036443,1.0942115438287643,0.5244708362363127,0.10276130133699234,0.9905709952851404,-0.02644203157729379,1.9152667691689569,0.6945001612458152,-0.08605828425120464,-0.6275298413062493,-2.2287940352462425,2.192868293599761,0.4592043492591971,-0.35530109290009304,-2.237530644275336,0.3889069705133635,0.3767456844473792,0.39830307183942154,-1.3010688127930152,1.3141468240691547,-0.9819975743231205,0.7775964101938359,-0.5425561382720727,0.1060418796623062,0.5718252860740358,-1.2007614581353678,-0.5520967080070621,-1.696286540285241,1.3448988520526668,0.6330793729541028,1.8462856628929505,-0.009699273189251565,0.2407987197439015,0.636983874793181,-0.5610768528492479,-0.961261455330744,-1.480507950942942,-0.3262331244182053,0.25128789349532626
2024-08-26,-0.10139277086100178,0.40589640895010715,-0.608915013890269,-0.491144020029051,0.8641439533605043,-0.3706051795305985,0.4691298413381715,1.0480486243578293,0.9593614884619711,0.1077816789517846,0.540416260326037,0.6797177789468797,-0.15867097756677984,-0.4301793066497811,-0.10064487594208842,-0.5924555952143266,-0.8300471940353368,0.21618377726156152,-0.5981239568305748,-0.4995345528827314,0.2893072579439765,-0.9025515939336876,-0.5474425723393681,1.6048447767640202,0.329018550270714,-0.13109153942272606,-0.6939894662915834,-0.030556348751203007,-1.2074456170482732,0.19821051411921495,-0.896760329907447,0.9387113416523769,-0.00596537563357696,-2.139565794538571,-0.3651480970977596,0.44890705414658555,-0.4910846052948304,0.41326868137019523,0.45694893799502473,-0.7752223333600698,-2.0426983080977905,-0.6836936752129549,0.4257312564496337,0.9869191686997598,0.76986129479949,1.6036332882698283,0.9823137795571235,1.7443894965832425,1.9785173248766288,0.5411109932650935,0.1813955146781991,-1.842457763550408,1.8337012843283633,0.45402254333559583,-1.0660772346561915,-1.9948012886971032,0.45315517332194777,1.0824437773165003,0.6930311438386515,-1.0553693445995231,1.031126510233093,0.100870713399145,0.10973202512400955,-1.6492172299264851,0.37223317777042086,0.2832292600134583,-1.1382329895544123,-1.2972604795208602,-1.5211978990098065,2.3496024909181505,1.2970109031127735,2.0839209467769098,-0.5233836885155256,0.012005153892950624,0.32771897769289,-1.0346764423725412,-1.165003980255533,-1.1468095891475583,-1.0821637909441397,0.5440076966416524
2024-08-27,-0.2669508673247284,0.14777312504655654,-1.3571092638770708,0.23573438516145276,0.07790964565751762,-0.27728167873075393,-0.13342200032094126,1.1920900715666256,0.14403740875269297,-0.19979034027740603,0.18187160850396275,0.8815112418136439,0.02721392660333685,-0.22259517196194795,0.7988329402401599,-1.1569632569000596,0.470839260242451,0.623350166355084,-0.8686441126690805,-0.009156993839682048,1.0822829126588394,-0.6391753592471737,-1.0335107110901829,1.5528465909596916,0.4074442287591054,-0.18427848079736825,0.07618119255683442,0.3880527506440414,-1.5094224708721375,0.9104102828496743,-0.7389191009197719,0.7551810056427635,-0.40756296420200566,-2.0320279274972552,-0.0054791331433325634,0.37716745180339556,-0.28560853112434065,0.07990223207964205,0.44604194147380616,-1.565664041773673,-1.5676905412966171,-1.2612351161575401,0.6905189704679457,-0.3335362923017874,1.6733666844565727,1.3200815060271154,0.8775938511421917,1.8449415714665094,1.6572773792954396,0.827950447698441,0.9459186524147485,-1.6357172087798146,1.8579819885413247,0.6633970132526372,-0.8475837583268213,-1.036628584506345,0.4537213286789437,0.8402055431145484,0.7561068328713658,-0.9565376396312376,0.3663084839321516,0.7270805647601066,0.040044965490050335,-1.3109962534177941,-0.3653807225170169,0.47408164013695736,-1.8016571867701334,-2.0434318707950587,-1.7882193591134696,1.5625976068411391,0.81718323092632,1.9877834888134067,-0.003076646541321209,0.29044934215811397,-0.6476178902677662,-0.8559376826246989,-0.6384700947988736,-1.4622141703216416,-0.9800105813383282,0.898238544217868
2024-08-28,-0.5058510741152693,0.6622154845775424,-1.3611797437839845,0.13999285326361868,0.8200716365881987,-1.1806140468409794,0.7766118059960856,0.4649932643212759,1.0630011908407337,0.6144245537761398,-0.4184509002690122,0.9418999730748685,-0.42939732276223275,-0.8418036451748748,-0.5844727585263032,-0.9864865024138219,0.28359711622406997,0.7091119504525797,-0.35938073315344726,-0.445306058405492,1.1944542572110937,-0.173566531432306,-1.1798954299470468,1.8907317046922405,0.45664309305793177,-0.3697993318736341,-0.35388481107092745,0.2730638876554537,-2.3148804355729955,-0.6028826828878842,0.09554525276660274,1.3142458742401302,0.5808395505559449,-1.60654912989359,-0.47025110287681265,0.21448961900296298,-0.5117570559961919,0.6663881931447218,0.5651200606589101,-1.540238439472633,-1.4933495953698712,-0.2043626103400218,0.7316052537534288,-0.9798741832697353,2.00398613913329,0.6725504675707102,0.31806780674507923,1.6478162307378272,1.6225356859331272,0.31027389540674877,0.11343962633627404,-0.0010512286150392489,1.6393627014347123,0.7889878392891394,-0.9486958898943552,-1.369965238679125,0.3508663211246668,0.7308403004723161,0.827751147125864,-1.3568363805344097,0.6756503442682155,0.4622925286050352,0.5502556614734007,-0.8790934367072015,-0.2204157412146938,0.24304211522068636,-2.1188241110870973,-2.1036046758215377,-1.0304148373649058,1.202260216477295,0.5743550299979837,1.5761016026716361,-1.0519899359959364,0.650811799732323,-0.11719343056627092,-0.2025185842567611,0.6235243571620517,-1.4729424818791341,-1.4545286904019987,1.1984903956946136
2024-08-29,-0.10758747239412698,1.2933992258377298,-1.9639447893355912,-0.3217064518468359,-0.43953654388143243,0.08900585576990745,0.18728550884502687,-0.262770044847774,0.8685872864559141,0.7449880236530061,-0.1510488781978012,0.9482388663978161,-0.8709081965217171,-0.9275939830653285,-0.968983129494782,0.18392117293342125,0.16923381931368414,1.133801397610434,-0.8413950140826479,-1.688334880843455,2.1405619611973354,-0.25658709719433015,-0.9315492844662491,0.5617360005837958,0.08821928264830882,0.4835028220677867,0.5753832782676147,-0.08134817610741878,-1.598379842144487,0.47938786673601114,-0.04060747835595166,1.7617253591947135,1.3196384222936415,-1.0343543465407068,0.10734364053292146,-0.3633318277244632,-0.26715402422214796,0.08472572394901925,-0.19510295354975488,-0.4086874942894746,-1.3543518963175638,-0.36107615371733354,0.3773247578130017,-1.8646781934749943,1.3072350940146902,0.8191199257478282,0.06529785352349109,1.2797964910546353,1.6556168260278084,1.0437025806074158,-1.1714418816615484,0.09128014323346925,1.3684650951943877,1.6871879640207221,-0.307035926352755,-2.0987735008854607,0.9156644652101648,0.48098783264350214,-0.3745050540851091,-2.2721171855843805,1.3224652436031796,0.4983547000128896,0.046647447483157974,-0.06702272474710111,0.2819845141375874,-0.24840147127499387,-1.6277169789226829,-2.3717354438341633,0.1675089054157851,0.3118277225726159,-0.27741835063007103,1.2745124300281205,0.417318553895594,-0.1830581912774757,0.563737634220167,-0.4445091007524413,0.776102844093189,-0.5968477135831523,-1.596234169654033,0.9650113070202432
2024-08-30,-0.49954611507539637,1.71447501309689,-0.7141302281482529,-0.6237269338486574,-0.005402799762172372,0.772976947251824,-0.5891199244830955,0.5217653847958654,0.548913246759555,0.2056045744573257,0.27446441467488286,1.1465947712601572,-1.2210098612073859,-0.40429532868764184,-0.6227039747781189,-1.0961311347952676,0.270048577859438,0.5952269835625498,-0.2369098532082204,-1.7634142038249527,1.6885241210927846,-0.6357980107124341,-1.1055241981276107,-0.9303499380666134,0.7728387147896748,0.9451071695809542,0.5573832530025672,0.04162782829433187,-1.5813738261863737,0.7087187128030548,0.23129544332924395,1.633517732485556,1.8224616915620822,-1.6097824666537537,-0.7691579017148732,-0.3425500626820398,-0.3670354594190886,-0.05832892364328629,-0.023072124689747814,-0.0005735984119883946,-0.8107454382309662,-0.7656167595978908,0.3132206861260747,-1.3821622407917722,1.6821901288324907,1.2311401308716288,-0.057738825107567664,1.4293535477900465,1.2565388551653214,0.6628314615688454,-1.0250580239989113,-0.37739432392652844,1.5758228021169822,1.9181181894823982,-0.44870114097273084,-1.5843712357305584,0.5536758726322931,-0.23867280265099125,-1.1542425286396596,-0.795055778674148,0.7028779040073303,0.5180031939867212,0.2986419888405794,-0.5282027693203211,0.6864964721110778,0.4144143981827964,-1.6517335113774174,-2.4336345075013828,-0.13556805799936603,0.7267197200461137,-0.912809752636429,1.8034723280208032,0.7746531072400111,-1.3435054552157333,0.31219856636070215,0.8472650606408394,1.035879543608722,-0.9751790856569684,-0.9961515339406457,-0.3785778981935549
2024-09-02,0.10018736562328463,1.425442596628743,-0.712076519414094,-0.9668311281632007,-0.48133966364757835,-1.2006064551227833,-0.6958403894782791,0.4230634998823099,1.4150599112362643,1.7117498233547472,-0.21684865285093444,1.1074519757157166,-1.492504827549133,-0.6148781382664362,-0.30469200082350406,-1.4236956925222402,1.605327847441296,0.35617280177619143,-0.8439258661867727,-1.3175145765015086,0.7626024052340145,-0.8014016398816354,-0.21972782427224644,-0.8232850022340188,0.902592238786731,1.1253251846563312,0.4365866620190502,-0.18986397990797918,-0.7315874518513035,-0.02019601390869997,-0.3772730030054391,1.4476861933822174,1.8985876321156032,-1.3038325566432312,-0.512229113092927,-0.6521665435308138,-0.8652229598210155,-0.24464173882432308,-0.1448400949340425,-0.6075507216814016,-0.9113350714983435,-0.8291775495532354,0.7049679888007525,0.05498472836013093,0.6694620872755478,1.1385015187211291,-0.2713518822912867,1.5997147317215088,0.8760148941929664,0.6870334507568555,-1.8830926532369714,-0.4900593737973849,1.505056145676554,1.7884304373223365,-0.49831064799673136,-1.6497617222433307,1.3969512544993017,0.7123800954913435,-0.8806859001116726,-0.9899832867163976,0.6450546020019968,0.9939114129950822,0.19305662278661015,-0.9465242075625664,1.3704277593861078,0.4470450848947952,-0.45293722171136325,-2.420848342185628,0.2010335936391324,0.7463088104248777,-0.46393391499486025,1.5120687248037552,0.789279435179838,-1.3566206911136918,0.19625806503468293,0.7488642468941333,0.38486534557141133,-1.0973757101904293,-0.8341179908831313,-0.33881845408078504
2024-09-03,0.2654384932140405,0.9146893752792106,-0.42927979533194943,-0.6797278141434531,0.7020753361828459,-0.5946634167517101,-1.2069778244974418,0.05837255629820848,2.3584701378192543,0.39396034629490123,0.16023095108233712,2.0816635013661053,-1.579034588676594,0.242544506728652,0.5972814014487232,-1.2380468091770473,-0.02335942604889909,0.3089393913205456,-0.8979458494013403,-1.3117369315043241,0.6767426254365111,-0.5172233311697061,-1.6100586876411123,-0.6293000789940073,0.7989086934661437,1.1624564439406173,1.0438707069606463,-1.1071193574132598,-0.21233292478493054,-0.45521807094849065,-0.1704188685713843,1.6497210283616026,1.1585516149363098,-0.9885914302057762,-0.12592504728024423,-0.9496669597718802,-0.38190275261648216,-0.8002978515275425,0.4125721423440257,-0.1437852762238854,-1.2044361361756153,-0.08238231628669587,0.7161197946360197,-0.5741115903769362,1.0383058410087482,1.282941540027248,-1.1785696159988701,-0.04860302994294993,0.49413652759059706,0.2654775710515096,-1.2113284992720728,-0.6279845705231848,0.8957475536393623,2.2153537394380156,0.24109681870326674,-2.0977555673336274,1.6667757592081849,1.1035509670364232,-1.0910148388476801,-0.9749177761998661,-0.10581629164003728,-0.12498024637548245,0.3437023789396922,-1.076618054780199,0.6928119945492549,0.553445825180466,0.4049758852263926,-2.187186229539245,-0.2463476277062685,0.8388317787564792,-0.4428089151813452,1.7326405355291934,0.2652994856437862,-0.6505767020371096,1.444836157610795,1.199273322405037,0.22959464566570367,-1.1645261095866726,-1.1572791923330294,-0.3115509715085071
2024-09-04,-0.5259092439083254,1.9908311098248606,-0.877221944719104,-0.5221047608157903,0.6306169292577333,-1.1176431558037256,-0.585163149095428,0.5578065339350619,1.762311341769235,0.372084640543749,-0.2655503552272497,1.869973020084822,-1.783116150653852,0.11445581370861374,0.40664697395309096,-1.354917791858137,0.20958262914671583,-0.7204664833736897,-0.18160164150632024,-1.361859115457327,-0.2076025035372118,-0.9888276313063176,-1.0783263760473891,-0.8585674368209311,1.235227478105618,0.9804498397598951,0.9239509545103695,-0.9532996358704482,0.4657557850608985,-0.264487957149229,1.1942387712903204,2.523082547449781,0.24969609156319914,-0.37341316681561304,-0.2357849290256512,-0.5291993475878485,-1.040845520728695,-0.7576141830825978,1.7888344964460445,-0.5934484684047893,-0.574874076284148,-0.2604711683916839,0.2081460001290283,-0.1382595950657226,0.41323974080500453,0.9090890592074502,-0.8163111225543573,0.6720636974932339,-0.13232331140138065,1.389931492947449,-1.8268469691318137,-0.9120245240642203,1.2719643798499678,1.6547252174974947,0.1469300682599887,-2.2308440416623414,0.5444735743642598,0.9193023026217978,-0.35371105652903223,-1.1317583849627852,-0.14706094263380506,-0.08315777266187233,0.5238514381252029,-1.6043249611720813,0.7156554620846314,0.0935337326195725,-0.179558311234707,-1.3639467445775622,-1.0153398426247056,0.8243941364526698,-0.14025104899075239,1.0631334699766526,1.3069272770606715,-0.5035903521953325,0.8938020639160553,1.5950982972328493,0.034755415962252637,-1.3113770761007322,-0.41670932793228854,-0.13685020404924814
2024-09-05,-0.2055185610303214,0.5140466356564549,-0.4957627459812929,0.3339056843325505,0.5041762850204664,-0.9549232073750312,-0.5109116131615962,0.5409313518864717,1.2222410891188487,0.5717519183995012,-0.78202464395796,2.7758667682242804,-1.5463395416510104,1.1419305639710593,0.8950050607214344,-1.3489542187928527,0.20488536823886078,-0.6413533393518284,-1.34672635674002,-0.9409209991149386,-0.2498340599066225,-0.8095196806759616,-0.4655707173355009,-1.4167985338384759,0.8866395498840237,0.5670321805583471,0.06223877979969593,-0.2621028368140047,1.2186426629206082,-0.8476956941892277,0.824421606505154,2.020795862394721,0.10159698313755812,-0.9488661260404325,-0.9270067595130208,-0.49812649990284713,-1.4130390202214873,-0.673683357303668,1.2227138920264056,-1.048920345971992,-1.2449761161394135,0.05365227447353007,0.22936502048846835,-0.5592135046676384,1.0023622993782615,0.31244532654771234,-0.37683403527636083,1.1588912225581887,0.26761865456827877,1.3181664132012483,-1.8975968930637785,-1.117551139663595,2.0081862043130574,1.7925868131631213,0.34782860548709355,-2.2390609259971272,0.13540166964081474,0.22723960770298982,-0.9257994492113114,-1.301248332409608,-0.13285280920442105,0.23735901718830177,1.4391251090024628,-0.4439749592978869,-0.02970406723731297,-0.2690772496994965,-0.7337186364370205,-0.9305901639265154,-0.5311118307465389,0.5442061339594029,-0.22240291509922536,1.2949385655924872,1.3609151641796553,0.36071170765071947,1.0155559628835003,1.4454506802246219,0.46950599458887166,-1.0685336089611017,0.04576879813307851,-0.31725799181386194
2024-09-06,0.4126527054851471,1.1273491143020187,-0.35000615341412566,1.1936305682587764,0.24855427862146873,-0.549283621466175,0.3395243746675023,1.4113930806940427,1.6200420728037341,0.7267384133180426,-0.8796447971561608,2.3896494380725013,-0.918938179315845,1.088822803116946,0.29600229454150045,-1.76485612699041,0.11776348414742586,-0.8012465115001774,-1.8993246567990878,-1.2931165395598845,-0.27483085455436257,-0.9483298025185559,-0.5326906926825964,-1.625999707532484,0.3129216232247098,1.0333128291442495,0.609802818138089,-0.0016516750838017754,1.6639060607982536,-1.18835002274389,1.2911937183181812,1.5483030382583132,0.6992282990708797,-0.6471478998525042,-1.2710788154847632,0.11146020579989596,-1.4635981378671468,-0.9230342162133297,1.7904164396749649,-0.6493464426597887,-1.6061294602424658,-0.31365336440706965,0.05994197418925077,-0.9017939831969549,0.46797161977697815,-0.06554417002071532,0.29366882508668446,1.1483983236482325,0.14757955539448686,1.3326226639372556,-0.9986312436464613,-1.4674619726198177,2.0279359257226455,1.3952093920279343,-0.050111158913978916,-1.7580254752236806,0.3790552223675007,-0.3125854606036873,-0.6725443095492132,-1.3234453685658631,-0.05386369478894547,-0.10378526619082656,0.6636583956410455,0.36401028157169363,-1.0345694738359394,-0.1257462889312072,-0.3220516438720487,-0.6748761952771426,-0.3126147776854181,0.6706262060692084,-0.5494997352713745,0.6857864247992341,0.9897827956121322,0.8345089836879601,0.9232696750881048,0.38496276211992303,0.13098798262025493,-1.1394104435095394,-0.6246067387533599,-0.539219591316373
2024-09-09,0.08396863038010358,0.25443080436710924,-0.314075159423659,1.6657302370298734,0.04142044569826523,-0.26973787424786877,0.5527647993125001,0.9190369634230502,0.9690690514416185,-0.11699183370986088,-0.613783960400822,2.6675728651928745,-1.0386998798351417,0.8407010621763559,0.3221130120370214,-1.1374054890346568,0.4755935950120791,-0.4551382169912911,-1.4651630532517976,-0.6569939435990876,-0.5879357980750917,-1.1200844210514496,-0.8605720061304594,-1.7173249685602952,1.1726856660967115,0.7210362221816504,0.0996739126706353,-0.8214013749815653,1.6079924023727066,-0.8687032868764832,1.778200686627429,1.9814283545518059,0.08628239157195541,-0.708499369923308,-0.42995867086277956,-0.4868934638816714,-0.7627859984637662,-1.9348223335824337,1.4829575426136459,-0.7372773714792786,-0.588953263113753,-0.46652898834964995,0.7527762531560991,-0.6053442807259164,-0.17296595222870673,0.4167967751664682,0.5875855808251332,0.3660346936630903,0.3700052563751046,0.8735576459509834,-0.8387752904048832,-1.3295981890455757,2.1627680827455347,1.6799537705862633,-0.4787215780075277,-1.979714457596298,0.2934240542742306,0.0989399056169778,-0.955736998532644,-1.0338342620442436,0.33579618586957816,0.16575431347937017,1.461576067778223,0.009527105736166263,-0.953814535436056,0.23263104631073672,-0.375602737568146,-1.657892906557099,-0.27005751353211666,-0.14539475992476886,-0.8896523117881769,0.8942174595895708,1.8535034709573968,0.785402890464351,0.24889361933083945,0.4176173342529993,0.5202235186850719,-1.238354808480394,-0.4637734503373938,-0.7006789175354616
2024-09-10,0.36431898693045994,0.4043231416538492,0.06914590389984428,1.919029085619689,0.4035694634886362,-0.097893160496135,0.798342452124718,1.1498104844062689,0.4764069889301539,-1.2242334109387267,-1.9052601841925174,1.2706478771464407,-0.5683567915587758,0.643993501166831,0.7772452502896817,-1.0767747317391254,1.0061839098281469,-0.028353810190742377,-1.0075928020419043,-0.09798897393104396,-0.07327432332318731,-0.34984219307233083,-0.8023456809116504,-0.7418142088039575,0.5851653069426166,0.392723800610006,0.766732107483295,-0.48763373142000954,0.6958260920937748,-1.2849007343915664,0.9973824969523075,1.6336487969029212,0.5625656968499403,-0.642966062618115,-0.542767871912533,-0.4634066633632933,-1.6247339133786787,-2.571100391836163,1.7087032896188614,-0.4419083071565238,-2.298361054036083,-0.7306861424194859,0.9052235740443955,-0.13426241171042747,0.9305895626259726,0.3022734316948337,0.786441281300372,0.05302173496758415,-0.5343807836138383,1.0498478799131197,-1.0135391901120063,-0.01966500430348415,1.6892140658544625,1.1469686959921517,-0.2985029300101628,-1.5179578929318707,0.7660498060559618,-0.7627327997208251,-0.0888565747381742,-1.2888514949474428,-0.8012918987223764,0.17758500745931693,1.0651146103185194,0.6185006372401536,-0.3850857986874768,0.860194272626819,0.11916812914657465,-1.8891526710292494,-0.27628188452859703,0.4676223365449512,-0.610067481628429,0.3249077447644045,2.195390010108344,0.7835831792156754,-0.18233722095074245,1.581370023456126,-0.546533630307223,-1.5523040837095157,-0.9248793722200801,-0.5599523486637078
2024-09-11,-0.03639177484231931,-0.09147322111343585,0.5022607726297219,2.1467916197842114,0.2234747262073191,0.0851866644295487,0.03846384288996088,1.1171047441441022,0.32563369588630464,-1.568094742688278,-2.388101718992934,0.9264326933016045,0.2088133163835434,0.7325426043927792,0.523531290623598,0.5261044356545143,0.3062245189587387,0.4385270036693699,-1.1519537616187285,0.4460009522438471,0.01731133637730666,-0.2594971991975196,-0.42884005355868576,-0.5449178845812227,0.947166507767774,0.46558371244058944,-0.24894813118464618,0.5535605570091604,0.7275731457201444,-1.2933064688937577,1.9722667788212447,0.33534581932474605,-0.10166035027388308,-1.5683690034616342,-0.6270521152665086,-0.8579173427694112,-1.586629564021571,-2.538568869180275,1.0660086345117132,0.11550902139138959,-1.058615329478444,-0.4592165982487138,0.5831455905334232,-0.1510573688140207,1.4563786377597716,0.988225468807898,0.9848780491977814,-0.03393118561665348,-0.177496244715654,1.20396638766665,-1.8574435168279362,0.08151631837408561,2.1938824028811825,0.9187313894502308,-1.219561435390357,-1.697732667779131,0.13355670710910342,0.04649582603904533,1.0496611452017162,-0.696111776949227,-1.204333411771792,-0.29188993428258103,1.2594783213166811,0.850407225650077,0.30493253744923554,0.44392107535524633,0.9602235968851743,-1.5471756379478028,-0.5297791087566486,-0.4099324316236379,-0.7852716244191006,0.05665486990422605,1.3885912981437696,1.1392589027482005,-0.1807047488134373,0.6468856332556913,-0.7260397358746926,-1.6077454518024386,-0.8585577334368455,-0.6538916340984943
2024-09-12,-0.11197646790261225,0.27127922121746234,0.951841243835345,2.5816409213929354,-0.27456116897297284,0.4726030815976647,0.6768352771005766,1.081273231412502,0.3146233672101995,-0.45522004692514223,-2.371275537421699,1.5072786687307649,0.45238220562019676,0.9894088036934392,-0.446981689141531,0.5348059445371477,0.8005093622700606,0.40098656898262935,-0.9735674226293967,0.5658445746901701,-0.02249146619917472,-0.5202442727662896,0.29581717167206917,-0.80838846298887,0.9242106182259817,-0.9178307810264031,-0.20435647183508876,1.2138266461818268,1.1050024891502361,-1.795761838158214,1.6072864497986021,1.069029911112952,-0.07000402713106489,-2.186275626903947,-1.0256379478714004,-1.0500855459060785,-1.0614219982254107,-2.1698888552926663,0.7248505195378331,-0.4793911424723535,-0.5279302601848332,-0.4647962601055918,0.6101731964500604,-0.3858822788155597,0.6429180022889848,1.1369838125614946,0.8654981444784666,0.022307079962862752,-0.2198363567548394,1.5844909773804068,-0.9670897311313543,-0.5156663868434296,1.8715960171691064,0.33921629409096016,-0.8507854600463431,-1.555803032808495,0.016907779698992414,0.17966145325376137,0.8815652667018008,0.8103235489228598,-1.7343541936694864,-0.41826658588554216,0.7494235834025869,0.9548964856475791,-0.3562622143038457,0.21102181733101863,0.45878715499086303,-1.1005780962775253,-1.033708240742811,-0.7951209853308845,-1.1530014727661773,0.5322973991411045,1.35019281522518,1.0048071676925996,0.003209097242555111,-0.3448076248768706,-0.9325697831005051,-1.4923695393132388,-0.5406085521384757,-0.4328155467377119
2024-09-13,0.427186178031076,0.782040738407909,1.8884874494286155,2.49447770465084,-1.0282933928642608,0.786804682759082,0.719999294546311,0.9467185101626286,-0.32039701949988675,-0.5151184992026266,-2.332308311120685,1.389316857626684,-0.06815303815319752,0.5698755227322532,-0.710869755686106,0.22458658517902222,0.1533345118161006,-0.1466177574078147,-1.1895406951774736,0.7042935467057764,-0.27887925575239725,-0.9433255554501212,0.01661690459714978,-1.3134979728569887,1.316359762012007,0.1988003137559843,-0.3415602799105822,1.0902047484431985,0.5755001362717616,-1.1632998113051674,1.5108213832512762,1.3637135801930842,-0.5406953613342483,-2.0804655458944934,-1.4252804435942525,-0.7764904312867151,-1.243143864885522,-2.133929202164875,0.23516897030514125,-0.3429549408549213,-0.07041487121338573,-0.3884682173344271,1.4513659306683633,-0.8146578397222174,0.6379355215900506,1.7607797729034775,0.1486383676106565,0.6168152392694313,0.7076765183261585,0.5506448978634445,0.35015521088814516,-0.36328489308105527,1.006757324203293,-0.3073029580710185,-0.9460095344423138,-1.5314658803805277,-0.3129563602531292,-0.7356062436888234,0.03998087709975383,0.9028852862314447,-1.1877938691174807,0.08568007328732956,-0.06853343910523696,1.0866090217066267,-0.8430809428758551,0.10598040449172069,0.835222098593969,-1.0895493495893216,-1.0982855202916697,-1.071273096520265,-0.4823787267296419,0.4042240105544918,1.9127175296661332,0.765926571402759,1.2523969608031467,0.3375032261791673,-0.5896932578707268,-1.2497135958279126,0.043905976736328595,-0.35281847043445136
2024-09-16,0.7062539230655449,1.5504552053096476,1.7044775140573885,1.3702866420788031,-0.7872648610268369,1.3765249669086768,0.7786223311593733,0.08308336713976688,-0.2236424846585642,0.4421643158780874,-2.6735729016322405,0.7449132403286391,-0.014387440206590496,0.9529429131162485,-1.4229911928907852,0.3993812331967221,0.26348262625007757,0.04171640527605873,-1.5625123949115718,0.5282417375192525,-0.879335133232622,-0.807709494188449,-0.36198671854274744,-0.8452677752891624,1.3030666943321252,-0.4559918781969239,0.19001096932816672,1.16368839978849,0.8643424905353909,-0.9480097311819616,1.7436055152875074,1.3764260701114106,-0.18411481394162157,-2.0540503323952692,-1.3860847044360616,-1.7524403742093093,-1.9168836695543323,-1.0951982507099276,0.08576370433080394,0.13993605674080345,-0.6725240261951736,-0.34087457590930753,1.3150531121007607,0.20098861776822366,0.9024271624254911,1.0758766755155786,0.08998224370265863,0.5174615020926242,1.5999264665607125,0.4584633450088242,-0.2350649413070476,-0.7978090902523466,0.8318778163967546,-0.31400292430314775,-1.3044117403919278,-1.0739312145852438,-0.5182100587450695,0.028038018454552293,-0.02076932251478062,0.6294052814688932,-2.208096955039105,-0.30721661322953153,0.24273781319310153,0.8091171657710221,-0.15762730257199634,-0.07484129306699436,0.9395326026386901,-1.44662619188705,-0.4730764152688232,-0.327823370015617,-0.46391730765844047,0.7737138960683665,1.0683083246364178,0.4986644038465809,1.010891775457896,0.8939162108261021,-0.4174011242558846,-1.542481487671665,0.3134034924362252,0.05897785796566806
2024-09-17,0.8160563583940657,1.3182747149805685,0.5789155306351366,0.46120839115387513,-0.6894318756249096,1.643867376253691,-0.038416542621817644,0.4263166137563328,0.23917705621164517,0.4498240700341253,-2.5319128551817554,0.6961134930840833,0.06002008301413307,1.847074120481246,-1.1339143322258038,0.24231575300845345,1.0204230819882103,0.10453999462154834,-1.4632760177211854,0.7821981868248469,-0.9416716666365285,0.5725184378435964,-0.1968578720180487,-0.7890416181058632,1.4418743302020693,0.08746812829609786,-0.3616714624462347,-0.09837842207267888,0.4868108936432106,-0.9690058721772118,0.9684298904748708,1.6139862138834913,-0.44512275990506156,-3.089451492148517,-0.9033170596255581,-1.513441298523737,-1.8125702386385538,-0.8053356724755074,-0.7126474848520107,0.23142204551570947,-0.34441303363993975,-1.3225691352817728,0.6377553325986564,-0.820651291174774,1.5852554105530108,1.0317216947798926,0.880964927121861,0.4906080643697954,2.331068490468504,1.348666013898903,-0.728238781312288,-0.8926985018928204,-0.1613237534204286,0.3231643230851051,-0.7333290579276819,-0.1887854879127968,0.14514018305876805,0.41738753015717694,0.21430462043179654,0.6001296004075898,-1.216840175590761,-0.7972479229094253,-0.26169271408332645,0.049511974072972524,0.06554749645214573,-0.13460116095778682,0.7305615050277592,-1.3580595668485664,-1.080966467667894,-0.08311031939824591,0.06611980331818625,-0.06706972997207988,0.30467016974383804,0.7095386997207391,1.4209274534397622,1.339870712621492,0.4133636388909946,-1.5733435604503818,-0.6999042533848675,-0.23480295169313414
2024-09-18,1.0978826450694998,0.891919492699625,0.8632978455472095,-0.2039166447193365,-0.6845813666252393,2.1744246641476277,-0.24823742978559163,-0.002100567090187621,1.2638737854252253,0.6195195344486844,-2.1429299729165336,0.8293310639903421,-0.4727970865155063,1.4971957778068756,0.038327093017545215,0.0530392443211207,1.2487286216480005,0.2584765464316191,-0.9705362806431808,-0.14544288117791043,-0.54418292431631,0.37746703191894,-1.0767255060115937,-0.8205034640587099,1.0450321260406497,0.3608639180551694,-0.46121154454101965,-0.5703967224260696,0.5459518289881918,-0.8717729961181626,0.9482035272103921,0.6270903082779354,-0.3737173214487175,-2.320013788126338,-0.5960860860706908,-1.2878695886018383,-2.0749277019315184,-0.9757401949555329,-0.5981433471973524,0.8440353988133931,0.06744666054288607,-0.7194651843704806,0.4865228264916932,0.09755857409155946,1.5194445053294612,-0.1257431488590872,1.4442864572585203,0.37080700853771903,2.413849947082906,0.9513099209023271,-0.8476819933258342,-0.8038117362736081,-0.9430143174654984,-0.2814992429665122,-0.5125643281219402,0.0450312664788717,-0.015296704325627318,0.2017487435798387,0.2470893240293183,0.9331969633984093,-1.3517958856200227,-0.7188176338796063,-0.6783469093854712,-0.42605793579991846,1.020777069890542,1.2271265114938443,0.6388676608365305,-1.030067294893199,-0.9483245582888163,0.44599927419032526,-1.627744178678391,1.2219005310539663,0.4901943452699333,-0.6766746133871884,2.472320451018221,-0.1333708063417014,-0.8885810546956624,-1.5840428168416758,-0.5049455360778204,0.37954079954048114
2024-09-19,0.7193529573521467,0.32511327223459957,0.1115476478825731,-0.4325271764833007,0.04645967995196302,2.2298624080051437,-0.2348598791485554,-0.3889907196708972,0.2795386276572226,0.7811359968214746,-1.900019008484434,0.43880839124222565,-0.26796912439285037,1.9594898969044252,-0.3748949846262339,-0.2960071380825077,1.951259309105828,-0.015715966895830873,-1.1789696768331435,0.9278214454981406,-0.8329092620584234,1.2802318317892407,-1.1682350220337299,-1.0589335748383062,-0.21428356968099002,0.8642601371969278,-0.05797397361514742,-0.4599969831908621,0.3054823054776829,-0.43397445811014035,0.15184655555267879,0.8785562864124842,0.7950544079036488,-2.0153840471184217,-1.1935437340327533,-0.7711857237407234,-2.0341223457330906,-1.3080927622541592,-0.7397405388922779,0.9311953631218481,-0.2690618767828264,-0.28361906813084586,0.44187566584288196,0.3852294417644448,1.7857468821864477,-0.718168084897004,1.5995479355189894,0.015187402088548662,2.257466925441925,1.0097032190594357,-1.7882063361961078,-0.4009302026374461,-1.593974160146352,-0.3608025814981217,0.19648680299926746,0.44960969601066936,0.0635135977273921,-0.04498397868409907,0.2617860258845994,1.1800113828551426,-1.3958368318386438,-0.23958156047659726,-1.0693416182398843,-0.403871819702686,0.5060357399609746,0.9558947645260655,0.8817614144321274,-0.004087655081461417,-1.2378891649525205,0.7789609340523668,-0.9393576487799702,1.0970706549085474,0.24019334385548397,-0.08049165352066363,1.7990503414480992,-0.4291884533334295,-1.166439473816922,-1.5168391909835812,0.42888488649669015,0.00996745244558877
2024-09-20,0.7597060487062895,-1.0016566867293943,0.585245716078559,0.6134513700414665,-0.3369537828808755,2.3775162444118516,-0.6037688837842217,-1.0806197585353547,-0.077939229028637,0.3960532111899795,-1.6925323819695552,0.19105552265739767,-0.5877459152242283,1.6953738564494991,0.2648467623308871,0.12366250564260926,1.7782422884752385,-0.15656408697843527,-0.6985154434548639,0.7508947207637836,-0.15072972945766794,0.19594862141782252,-1.8096739367911934,-0.2779606629028662,-0.7016032534483778,0.055117315244068335,-0.38390129352099694,-0.09868722831523069,0.07956644631945316,0.1052145439843233,0.3131870830679037,0.6807397474251349,1.1918838453790068,-2.0588181000069414,-0.7951343652061376,-1.5612669514130584,-1.960779292247644,-1.5060164809850105,-0.340559700472607,1.4241872229699384,-0.31941054530245777,0.8299341304484625,0.15576362471205388,-0.038308009574329845,1.1237516429685712,-0.5220660390468582,1.5672730422496692,0.6279024339972791,1.661542865574061,1.4011512700584479,-1.5208490821022906,0.9829790002957959,-1.2720916218189289,-1.2297348812020206,-0.14239020564125207,0.1060751880916631,0.7726490231647446,-0.6810674858935342,-0.7317045216707189,1.121854578597258,-2.2796651242820323,-0.393132071327125,-0.4564928086532446,-0.7168423622793735,0.9959534574913788,1.1723801918769745,0.13375565308361867,-0.10370583395442787,0.15256474820253377,0.9500271249963689,-0.35572071352178936,1.0153739339428784,-0.0792966987118421,-0.9381981036646488,1.6247034778034473,0.6732016075497339,-0.701199145998015,-1.4792021650241338,0.6960475641619498,0.49572695120021876
2024-09-23,1.347595352492564,-0.4050387949689129,0.42228930297672396,0.2838290552217952,-0.1895792370157279,2.453176752871858,-0.7013017663951808,-1.1493385794042827,0.1469650826870536,0.37876429605367,-0.7757575443427052,0.8794448332184582,-0.7870140846885179,2.0712124751979126,0.3731544659617369,0.2891191827650106,1.3533949080876055,0.0819718146621312,-0.8716181865945092,-0.46618715205069317,0.7246391029203011,-0.3433676743763657,-1.9011326585209194,-0.7274716444085134,0.19542580119286546,0.42828274083585693,-0.11064974286136711,0.34811859167575054,0.47109259116243657,0.40864056773945107,0.49633663204228917,1.3690978195269385,0.4787443875227828,-2.165852696928926,-0.4676969362262572,-1.4005197940786829,-1.7908364904168788,-0.26119236186366684,-0.7855908377667746,1.0789445408192966,-0.2529656943350604,0.8256446759592891,-0.5704801222796547,-0.2675357730832204,1.8461596755157212,-0.7160189157254827,1.4829919562845644,0.3950573039429442,1.6085885367553698,1.3911511002243342,-1.4615555142338312,0.7696452695095323,-0.7562607835093507,-0.8329198175578169,0.27539506174347195,0.06758332834707015,0.9428799485830018,-1.0308884624463133,-1.602694446452755,0.10622858137218995,-2.5439374889880035,-0.23254644470232533,-0.6866466560729523,-0.7578852507532278,1.876022763773809,1.3689107920886991,-0.6575538789172453,-0.4753769366569005,-0.4808152785631947,0.5228348857994497,-0.9260616773599418,0.7127483679948674,-0.08743511549240329,-0.6969914307343347,0.6078708753870381,0.4407582087076826,-0.3595034602632929,-1.337985105170889,-0.04660509459024881,0.7600979011738028
2024-09-24,0.907874731912433,-0.7768419165722982,0.5344914236870926,0.7403001391749195,-0.05552869631357433,2.477315493200916,-0.7286562922868903,-1.8406831893749762,0.136292467936139,-0.5666327154956083,-1.2285504778933696,0.23417954298262608,-0.9018087389235898,2.293637711753443,0.22061866036934208,0.644392629282889,1.1552676951531733,-0.5549644526342056,-0.5577523247001108,-0.5889094343592998,0.5096286091547503,0.07169083899503019,-1.761102556888745,-0.737747425921734,0.18045083547788426,0.25102479296989183,0.7300266282783499,0.46524181866409997,-0.24185967505989034,1.1125549411606015,0.504732705816261,1.0823954379923033,1.328663791997583,-1.4927301314485273,-0.3274170260453404,-1.6190406553092347,-2.706595418745286,0.3371678488258296,-0.5186656249152426,1.0747159660835472,-0.2970557524555878,0.49773883687824816,0.10658926796935715,-0.5314919186173424,1.530773949519784,-0.09103521647203607,1.1745023655677347,-0.6584655809202443,1.0726058037630062,0.6501122767652536,-0.8554447549934806,0.4216376627709883,-1.1068270115029808,-0.9816503682120512,0.4804892596562878,0.34103691463587676,0.44063977533191984,-1.1338051748393558,-1.4760845898641783,0.5600524978854822,-2.845864697910356,-0.5520118357997896,0.5736329903609065,0.059062653962065725,0.8019717955792527,2.346617853985401,-0.21086058876231017,-0.27633182252314725,0.2457943839858923,0.14172988117832383,-1.0172881983249733,0.5186692754657888,0.2704061311400657,-0.472857895734668,0.8948811859555748,0.20329127936764305,-0.21707226706962815,-0.9478228221073919,-0.20331779467774383,0.7558742910812306
2024-09-25,0.5125176305080269,-1.401086893762675,1.1722526998432026,1.1476268987585259,0.49185575757428407,1.6903987941482257,-0.9515361525280135,-1.6328100571348958,0.34343336422517995,-1.2002395870776648,-0.17927588674313413,0.9114613124209447,-0.8126180721467905,2.0119257944930307,0.19398525044864862,0.10999158839650697,-0.010215485328634435,-0.10489178169307889,-0.5255332669034541,0.29786216739470506,1.128609650861879,-0.1781097516826138,-1.7394284771234327,-0.6905065431115146,-0.44318108216866814,0.0870196869290593,0.44130430349667116,0.14140661785693232,0.10019052492722084,1.6641874298970472,-0.05301749028204622,1.4224499255685512,1.0736797895578283,-1.4280329287826008,-0.021698631414738687,-2.1000134527242986,-2.273462109015496,1.0501769609736127,-0.946030853162476,0.5115503582787532,-1.08495096502455,0.13720085727405423,-0.6310459241213899,-1.065911269927362,1.2882397996233803,0.5268736318950081,0.21812151540238317,-0.6504052131243555,1.0500735162142727,0.5434329399563089,-0.4834025007999465,0.7483488078747275,-0.5931307324193356,-0.7724327593215837,0.2001111854719169,0.053287496833462955,0.697630520867779,-1.2636017822774224,-1.301075037654078,0.940009368243815,-2.198938350824882,-0.5118645673725357,0.9999504447807026,-0.3322138125808949,1.107547444020336,2.39933455431864,-0.5518580378809869,-0.2367768599454224,0.18712780992520683,0.21694657991277527,-0.788014584437648,1.2138551530828192,-0.9369481883328705,-0.9231035595238136,1.0749690765632725,0.7667904909669223,-0.24105480531231202,-1.0213434341004028,0.19240458873041796,1.2136185992509851
2024-09-26,0.07316004872207335,-0.4590671309259883,1.0233533068096232,0.6227469428554372,0.29585446763673473,2.3825127153332577,-0.1409161132416333,-1.36104182589028,0.6936178567606844,-1.1815565900558078,-0.21943810276324535,0.8449917898380053,-1.361235951029792,1.6441299982753375,-0.03986336495370544,1.044249252105847,0.2164408461053792,-0.3542371323428456,0.011764834694913247,-0.6386405199085525,0.37435201318917916,0.5222063094631518,-1.3600396278150841,-1.6427351434678061,0.03260845425639061,-0.7084032793810324,0.23501329390395614,0.4676929473357247,0.10456421218923644,1.020066635588452,-0.6648612951157242,2.107022907432563,1.3211597319821053,-1.582887493856864,0.13033408146209144,-2.1703579618047204,-2.561227687516591,0.9074735903849209,-0.08426404206083289,0.13113569296775926,-0.8417090528556054,0.9021730732932773,-0.30412461133330665,-0.4905945490303647,1.1807833365993743,0.4257786491167887,0.2257199438863537,-1.1596987372004715,0.17611786065700658,0.9111149549494857,-0.8362341147102431,0.6747308650771904,-0.10060077817591787,-0.7538687185147596,0.38853677734136727,-0.08436858721279175,0.09521933190799986,-0.6292510028069324,-1.9067860031329014,1.1911267475110003,-1.6757254429937924,-0.9498715269097263,1.0948718943510611,-0.3937393715252978,0.4609958158168574,2.5042082875997034,-0.14131997516260542,-0.08588064290960015,-0.23515586452930098,-0.530460930502588,-0.6014560129950024,0.7579194132749443,-1.0012242998598302,-0.7812459400948393,1.504687982521887,0.8399934829280437,0.18982757839503825,-0.9668607196957641,0.11559802779300424,1.1550941919689401
2024-09-27,0.46267208030294044,-0.1474574742000714,2.0470481606909527,1.0262800885816712,0.8987076643283275,1.1822722304825248,-0.42158473011506203,-1.578971518073979,0.5158872505180686,-0.9644267468849396,-0.5255556531080893,1.875265342301026,-1.0455667058294922,1.8980995172354598,-0.2297293335684873,1.1235482749333388,0.49006998788048434,-0.46062034442043587,0.29595553542520164,-0.4835567812322008,0.5721133677118634,0.34043526637030147,-1.1158007056382515,-1.767514133152482,-0.7080770703846377,-0.6124047612737732,0.10767129996629211,0.7668641543129651,-0.3231813817945462,1.7221654733692648,-1.2748074556048439,1.6502658925418525,0.8455011219346182,-1.5518460843245425,-0.43174920087768104,-2.767497814256858,-2.5397285570320864,1.2332157610656136,-0.3268868311849017,-0.8490519524320104,-0.2369703331805787,0.4132223086469005,0.25197298542317975,-0.8676126310370209,-0.009278007456548849,1.1399024139627334,-0.014286120197107387,-0.863321614278738,0.0038362715528632942,1.2127818157290204,-1.243333469430001,-0.171190586680972,0.4957589901005571,-0.40599728392777673,0.9565727618011906,-0.10869278941505461,0.2982770737434645,-0.20528846304835835,-1.2269912203073723,1.4280005750832676,-1.4699785376225023,-0.10432734565196469,0.5282218627087262,-0.4499870954213077,-0.2693721172625513,1.4565208115319095,-0.4279115951132779,-0.33351106218121973,0.4712661176287454,-0.6035978724376775,-1.1284842958325283,0.5555024082207181,-0.783081009563771,0.48303601157107523,1.1965749726781514,0.22675438859636962,0.4049541304863964,-0.9519585214797238,0.19997661281262027,1.2240162246847683
2024-09-30,1.6103953763465446,-0.5495196477622378,0.9613403495481511,0.7697473960335551,0.6853537305084119,0.4908719982987375,-0.40617177957449596,-0.22298600830003248,-0.14982939640495843,-1.5676277169257706,-0.008910149900877835,1.3917176220660026,-1.3639797235277762,2.2234072695444875,-0.26198972933969283,0.13072943084951466,0.9058264634173059,-0.30868738902883525,0.1389845702014851,-1.472424412008427,-0.05270472931258357,0.09312870423231016,-1.3470763715321201,-0.7541508229811729,-0.3443075510659748,-0.9615120845977676,0.8718424241857717,0.3538604773231759,-0.04640613559819989,1.553305843563011,-0.26201219011184224,2.0176246060464496,1.3761151298785381,-1.6584527305996517,-0.8266165140268029,-2.581553749836532,-2.117757819940805,1.3009146392693671,0.5996551068972078,-0.9086695027412667,-1.197849624724887,0.13385104919805987,-0.11289515280230271,-1.2964785833811685,0.28312832038748537,0.6992649025605819,-0.1294961894274337,-0.8084925547867295,-0.609884333128418,0.18697156965500658,-1.7732332458090725,0.3942944901391345,0.4580378796850052,-0.2862667638060005,0.7238795827435837,0.49622838724739776,0.3321394338539756,0.18964523429919417,-1.2918472176191222,1.2010572624668514,-1.5659061596686343,-0.7719877614575211,1.14792608127653,-0.3475198107112819,-0.34553308024578705,1.8334452694713907,-0.22961294334520446,0.08800688636559854,0.27172745955617617,0.2309324738995164,-1.221152941110952,0.5313866343392237,-0.7242264615714477,0.8298529558452181,1.6777503500350417,0.050665583015375576,1.2378963838391095,-0.3824827569876742,-0.1743526446671938,0.9696550522791697
2024-10-01,1.8410926133930328,0.21483064363466267,-0.05635456247178938,1.3036402659667379,-0.4806848433248883,0.48507753722855723,0.18259079349423687,-0.5680043333294411,0.2355665643404206,-2.0444334320991215,-0.6371181185986909,1.2125046585957073,-2.0321509317234154,2.425391719214646,0.3476314944324415,0.14474786276043575,0.9316338287841341,0.6075269874596314,-0.13526735701494333,-1.2448384954479859,0.23643352490710956,-0.26790520812336627,-1.7941549567435713,-0.10925801298202792,0.04556867518275008,-0.950492806543825,1.0040012057879693,0.8128673395875786,-0.77404645592604,1.9975963972419843,0.48626357008384946,0.9872751960119723,0.2631408599840036,-2.136389265706927,-1.208824471859042,-2.9481407658440832,-0.9759761238200895,0.438316277050495,0.3318068083247174,-0.3923390317719409,-1.5045723318371393,0.1678321011717509,0.29384362992471624,0.6850147678414555,0.20641472049869686,-0.46580396259393275,0.2586523665969173,-0.6463894765959245,-0.12284933936134607,-0.02094938748450162,-1.1111922195566524,0.21961487302254606,0.548862956333242,-0.21843876180536725,0.628111565190563,0.3088882696640128,0.8533815639346316,1.1976819680529855,-0.13531197642863305,1.0296975739427197,-1.4787872562820297,-0.32727076357776846,0.24500735023926384,-0.05038008121675365,-0.34750337229624806,1.9529378952833936,-0.7558553764129078,0.0774859304500443,0.9513049099436202,0.24252257481950862,-1.2730347691971402,0.10625158699963574,-0.8977907241665658,1.4058293015066363,1.5771586126500512,-0.21251050594359477,0.4118887526073812,-1.4208936527530713,-0.2908947763984146,0.1329198130983341
2024-10-02,0.9735302914182403,-0.16706552098295613,-0.40173686482156695,0.9805426610171571,-0.24526931806237356,0.46907098435743744,0.08216779052021346,-1.4345678779570057,-0.07576161597657786,-0.9073820326281838,0.29308396009983917,1.3627407713822615,-1.307730412868928,1.5880787765832798,0.8707565260236491,-0.013475834708443381,0.6717690643984977,1.1989434743148057,-1.8708740727723137,-1.0920878319183727,-0.31820184055662865,-0.24203494510642518,-0.9621797221307034,0.19852329079176492,1.2910131319750893,-0.41278907726716263,1.7781694843214244,0.06758972642650976,-0.1270972345356099,0.6778581348399039,0.6364657438311447,1.1715762137893444,0.3884923164821956,-2.246026576794713,-0.20594826324918505,-2.3536880349675373,-1.216439220190789,0.6923179905590661,0.37966809899133364,-0.4552170931357385,-1.7994485719193605,0.6908237724034791,0.24731769025012776,0.6879565124995322,0.5011066469340707,-0.7596829960194669,0.22571316225083815,-0.9214988214015769,-0.3909584221566327,0.5083788365716884,-1.0335414610074911,0.5838377276069145,0.47695577265210437,-0.574973263751682,0.2475521573400554,0.9220518291101428,1.1572407503773865,0.799156480248314,0.14228860248832592,0.6123552144914756,-2.21643433962185,-0.15361984025117983,-0.11167143271010298,-0.15660992904549562,-0.6879925511706146,1.7219265663375019,-1.1622470905817421,0.3540426442895179,1.5250384755081685,0.19390554212937627,-1.8943559558228849,-0.41415268075595535,-1.5119540158010891,1.743935086225008,2.2218820105138706,-0.6843411926140355,-0.012167681084089957,-0.5346221558741814,-0.2676413430426656,0.0076632229122536154
2024-10-03,0.811462762326988,-0.15905394106772083,-0.4787112679715383,1.0681294247118158,0.039819702637656766,-0.4425561710146107,-0.23711629869550624,-1.6094273701758752,-0.29030120871984433,-0.3701674984406518,-0.08254960258424136,2.140875129619325,-1.1564964454446347,1.3577420700569718,0.49434673645161187,-0.15357029368036956,-0.18166921314720527,1.1229076582929844,-0.7026042558393835,-0.6662458439245544,-0.8684793450538932,0.17093594557506192,-0.2579068367025668,0.8201571691134362,0.8348785660913001,0.7955154591620375,1.6321356394054594,-0.4565786060988798,-1.1695433358255596,0.680787416835414,0.40148844194581135,0.017505900086157444,0.8075562558349584,-1.2854343270774709,-0.10110042057644911,-2.683278244707382,-1.127404388677732,1.616519195355049,-0.294654358888918,-1.4197094778208001,-1.97508477284858,0.21629530143625508,-0.8664304036361016,0.9465001708671917,-0.19384359726868136,-1.3762262985380156,0.5077192746336044,0.09340011292072174,1.1424174476776547,-0.06278676250874143,-0.5843879369593349,-0.12287603646354964,0.49667278888686883,-0.3228402860348223,-1.0578015398370595,0.9021698667714083,1.1155321142443408,1.1436059884977285,-0.7234825004555753,1.597427063742677,-1.9975831229700645,0.08112502612182151,0.29242875164681215,-0.13019406605301748,-0.943103322613957,1.993013821943521,-1.0596710145242714,0.47797837337032156,0.6448980186810322,1.6748866201408485,-1.5511806935528643,-0.5393921645183893,-1.2779183989260028,1.385572973726631,1.502613713050846,0.20937270211878198,-0.4859634055013979,-0.20503381899636897,0.7483762727507403,-0.31441098238925996
2024-10-04,0.7003631659568977,-0.6548163696936915,0.05749605432672205,0.23686950548085836,0.4502030589294584,-0.566093028782159,-0.4992601779651062,-1.5627670125507642,-0.27951948878903987,-1.32466810793703,-0.18319602939554766,1.7110291915955236,-1.163338845224966,1.3822717591777314,-0.08872842179364428,-0.285320055424398,-0.40891136740730666,0.007331372915884398,-0.7774199160852542,-1.328910024894342,-1.4145713505110302,-1.0150473231662847,-0.9652367892898822,0.17731846216974717,0.805392502916785,0.22009627564573894,0.4078440720457796,-0.611058313376844,-0.008091026313441345,-0.12004394783641407,0.8432525646928769,0.2833338142897793,1.448873252858165,-1.007549514021626,-0.29027966518492665,-1.9106023212930956,-0.9816161588653994,1.7105998503875823,-0.4279961145747691,0.4989474069997672,-1.1520346197646483,-0.065725084561883,-0.677001641685478,0.7299105481837446,-0.3444688011625173,-0.9268771045560281,0.45284484880328985,0.37326782554801835,0.39180444745724474,-0.28559887508391146,-0.8795665859515525,-0.4041672467885649,0.25207071387855,0.06579534653845813,-1.1566106928157414,1.1296906742314838,1.626707116614393,1.1862637294407248,-1.1896573248109135,1.7446423239168354,-1.569722179145201,-0.4545528525282916,0.5574585364861949,-0.2691327002181062,-0.178144946516816,1.8932721811617317,0.3740058661610139,0.5991227421591311,0.6200702466606338,2.210718636659348,-2.3347067243306627,-0.251542069910307,-0.9556303385055638,1.6551887197421247,2.7811040171958195,-0.10786630079579822,-0.07310567236485269,0.5838658092749704,1.091125413059641,-0.1089989216888479
2024-10-07,1.1716657849183705,-1.1798038895577705,0.7622164419486539,0.015170009438357715,-0.07356417346831276,-0.3834351216450254,-0.6714882422440495,-0.8703192952538185,-0.1963869529687893,-1.6704622656028343,-1.0522904765690952,2.266122020573964,-0.6457809135381191,0.2632972905720866,0.43589855750026474,-0.6459923756351639,-1.0898266912849648,-0.7259925716565104,-0.09706227866224305,-0.17789152891316637,-0.9169165660802031,-1.4540687931243652,-0.3850952192143731,0.42079760834566515,-0.6660983218740575,0.459011939196065,0.868904808134559,0.6683098009008556,0.8880563109650227,-0.4657869229728055,1.0466247814700664,0.43451450139646697,1.3149515809130221,-1.8367220581422294,-0.5567423884752098,-1.8566797451632102,-0.38680214886888914,1.4915553550269407,-0.7327541285673691,-0.017413812889560166,-0.6989286730376596,-0.3379799746013661,-1.0834806137657114,0.08153827903835686,0.40491334951912533,-0.8236648455578671,1.0137357194873036,-0.2091696062424046,1.0307144219689506,0.07669281885747835,-0.26740625889950026,-1.0312495823272574,0.3109992721718992,-0.406868975429449,-1.799337160663919,-0.002028012440121394,0.937235149471425,0.548859809967759,-0.6356265350905314,1.463892062678882,-1.5992434267909377,0.2879845818408369,0.40108401924237824,-0.6256058974051579,-0.15425497145235448,1.3033505220702146,-0.8172137940955712,0.617281233816093,1.0173046392845158,1.9399500476948437,-2.099905619935228,-0.5919416273413848,-0.025709203568229356,1.649250817918967,2.826885518936323,0.30851166426598353,0.8613257431798437,0.8389259877012509,1.507082178922952,0.03037703168104229
2024-10-08,0.7246368875015633,-0.1686071438842065,0.22454407893978537,-0.7331239696579626,0.38196331218331936,-1.204655338131259,-0.03957637844162151,-0.9993692984612892,0.8154123295339836,-1.728672033145024,-0.673873293189704,1.593652735996357,-0.8579890467401176,0.6109990857550609,0.4993933537133642,-0.36765761387256596,-0.8621631732920885,-0.9451637615789515,0.2994585407425242,-0.09177155011105753,-0.8474918474638339,-1.708425214062715,-0.4143334217806549,0.6460633174348189,-1.451370335329462,0.852605558654112,0.26485051153913486,-0.39657241658413767,0.714326358661875,-1.1199109248416401,1.5505031890183714,0.6661887094151464,1.109299983732016,-0.753545720068409,-0.14379033683250197,-2.403192758954891,0.19971936306093258,0.6952000905397511,-0.37993758083908763,-0.34506260647293685,-1.3533158258276046,-0.21902044502139048,-1.4618827062083444,0.3353826003937843,1.175228250835815,-1.7476119685668,0.9025566454583848,0.12890797437500073,0.7386791555624148,-0.013432931665825622,-0.4413657234794016,-1.745976703535338,1.109332751575677,-0.07818187529566263,-1.916669796455948,-0.33566177704549793,1.0004955155549062,0.6602293431379457,-0.5320737034831952,1.222292307713862,-0.9480372248065234,-0.6798540330891637,0.2964570872663588,-0.2523863383383473,0.2690238555541014,0.7762749818421395,-0.6164346801041322,0.7147191854432191,1.4156752081429673,1.801702175945674,-1.3495200060302082,-0.44854034048190866,-0.1631577637313469,1.5362421591102058,2.0179738061287344,1.2186599299717777,1.8075732646065539,0.5992735129173714,1.3269123801871952,0.03697010875654888
2024-10-09,1.1149410189154638,-0.4138075298109348,0.5765026592882101,-1.51141839821606,-0.044589276089790485,-0.36251697414510453,0.0713252159361718,-0.21304069553209393,0.8167739771392293,-1.3661564444868266,-0.8123553089345893,2.266737521775214,-0.3910052631585165,0.13789765420672156,0.8876542221231892,0.0034305610088834156,-0.930275812473468,-0.22020581260169406,0.7561070482074156,-0.3124905557286532,-0.6449258921103859,-2.0673031587923276,-0.4896187817982744,-0.09392643370936228,-0.6628974874611548,1.4492439328106128,-0.35140570058879705,0.06642404317052811,0.5328781621344212,-1.7351259705430013,1.1441500391793702,0.5772678779290594,0.6362458751341277,-0.21325406373592512,-0.17708711536675695,-2.234256567926013,1.0413454599855942,0.6756473130334826,-0.36347568223308147,-0.3509873875225938,-0.6339019077745488,-0.5042299409748273,-1.4893459292528395,-0.031255672286410886,1.0308958784977322,-1.2510094665674207,-0.0752616311975409,-0.9601431847489408,0.5890079146506678,-0.09904773845498253,-0.49322950246092995,-1.8328883482477585,0.966649393830813,-0.5318140357874278,-1.0225487218727654,-0.3201736700643812,0.8571693226786226,0.9378192297204092,-1.6239197303774966,1.0111668296544782,-0.7541046933803267,-0.9780810658049343,0.5404707556652678,-0.6060368114976067,0.47085105401749844,-0.16500980259415376,-0.2129179944779058,0.8426858006563496,1.3269632806828564,1.5524370271117842,-0.7725597580163133,-0.1667676764868616,0.569742469621159,1.164782809262068,2.105935170471481,1.944590453154254,2.1804185135596814,-0.6975525076828393,1.370649793311656,-1.0328821755498554
2024-10-10,0.7204142127572145,-0.6607153402876786,0.9052559965647118,-0.6896893967708582,-0.49357032396784434,0.22371077934760242,-0.5294146415036383,-0.3706802030534901,0.45755795334929605,-1.6760132042931444,-0.4003770059547826,2.0567082595486057,-0.48305046653712136,0.16417316634133391,1.0863715534219645,0.23968164120934696,-1.3472203442318504,-0.22375132591767133,0.7697013367779383,0.2862007782158995,-0.6581407107916937,-1.3341204651269822,-0.07129379645820018,-0.1582680840932184,-0.8426288074745244,0.7170564466148747,-0.508958851356152,0.4789646324231123,0.6746089457369209,-0.8212650740486277,2.590635453044616,1.5219367218306625,0.28263098366275263,-0.4512469736251188,0.4500182582029121,-1.4818185805252462,1.6633538032924755,0.35007067457996277,-1.2290802730269632,-0.7438818912411596,-0.19176491504298498,-0.04087146345896153,-0.32697875705495016,-0.37287947054061016,0.17165396888664158,-0.17926687717225517,-0.8613472916457633,-0.32969317009404603,1.0281325909544525,-1.3154189545481232,-0.9396042671564635,-1.6996345734913507,0.5389789672534534,-0.7149092558280624,0.2413957949047951,-0.44222252268189854,0.5178940601842991,0.3726086042137028,-2.437006838701842,1.3471917886040257,-1.284856983116569,-1.7593439786124185,0.7906282443284266,-0.09587167333092685,-0.22900794448711664,-0.4942609450519532,-1.0448157314905648,1.1230825077695843,1.3192609898200125,1.4115162986563887,-1.5678131951561471,0.4982153760143549,0.09375107776489217,1.6346023431183476,1.2820448021139164,1.9218933509312701,1.584796888919732,-0.3921390016878802,0.7581246723504234,-0.3799303530740685
2024-10-11,-0.13308371155544205,-0.816121069921806,1.0898147542065415,-1.439590090612111,-0.07809448936222799,0.3079859267485839,-1.478247455619293,-0.18170683630364864,1.1703703133941405,-2.0299825310251594,-1.174692118301002,1.148961807450347,-1.191141716484709,0.39840665011275733,0.7345610027742574,-0.04254470533296337,-1.6905059267638378,-0.04409843347102547,1.5681857459233943,1.1010809780376476,-0.267387915932351,-1.301730462479113,-0.6354109190779991,0.13441424103825036,-0.7733269109526922,1.6955712312362337,-1.6936472054246348,0.37548862589248955,0.10533778484803173,-0.5020902899313829,1.2400722457149154,1.1073398872632956,0.986350203488951,-0.3501344276583903,0.5118539020449937,-1.4958354626787775,1.4456161501526423,-0.18554832409150024,-0.6785307553774423,-0.6021794505094548,-0.21680671093195947,-0.10337218073323082,0.70061144040127,0.7689344778661188,0.09352821162673362,-0.16088721148997703,-0.455356029632464,0.6701578963156464,1.3617025804469323,-0.8853056075001703,-0.3419502407777982,-1.3586722532438527,-0.49455540698305783,0.2052936067184696,-0.5768395601340485,-0.5362720621588111,0.2522218578013126,0.24484130955954042,-2.086247438248076,1.7566132276167141,-1.2049838048097994,-0.7576417337737755,-0.28215146447757417,-1.011664081412445,-0.49206540218853784,0.05559826439699043,-1.8210869456882524,-0.05547812362320958,2.159384011561052,1.2491375649279772,-0.2864262357897248,0.8167014363340449,0.5338587181673533,2.027230313218228,0.9476928262855424,0.8946469637535306,1.4934520326389118,-0.3631683075963177,0.7841144424166829,0.13942937767951963
2024-10-14,-0.7764493323143713,-0.6677523832583335,0.47087346588737805,-0.35895375302425964,-0.21303935130492635,0.8497667041360686,-1.8733353627004985,0.5425305713597074,0.8276806108708937,-1.3804889796715756,-1.2643696107351108,-0.4245547617381259,-1.0474307888713055,0.27292996291964894,1.033234386332997,0.20426220674098972,-0.62666476770414,0.7717832634805648,1.3752082386745619,0.913505866480199,-0.9433288590929338,-0.7847373600746758,-0.7688778968061956,0.6988674141338513,-1.569847690588058,0.8676689236052071,-0.7631156105161231,1.2632352550192043,0.6645005872664845,0.2622922864332711,1.1799142790442698,1.5850859345903314,0.8428289738277294,0.15118019579224062,0.18644542289324273,-1.7933061181588275,0.9035760503464447,-0.1000138866156016,-0.495026512049027,-1.4814295039547036,-0.5080929278590723,-0.1679150209750122,-0.2034372418619182,0.03396823043394173,0.40779221869015114,0.05687808533318948,0.40630121328300023,1.024793842211246,1.4632530572793445,-0.8408684552015087,0.29667089753671694,-1.5831338782875606,0.5046529623509786,0.46705031500578514,0.28766746602549137,-0.7385873529076652,-0.6331136492873681,0.16806918846287838,-2.314819973284171,1.9209268744378016,-1.3400751730763678,-0.9466865690616941,-1.3963400993740032,-1.2568801392249807,0.9737915226942275,-0.321780369225006,-0.8840163911854406,-0.8519350243293535,0.7912157160215884,1.1049525200583683,-0.13518389886862464,0.2826881983264261,0.16985525087711636,1.2774579526062355,1.4551903533197994,2.0125183064650405,1.6779521841978573,-1.5904532049865936,1.005889949519895,-0.6108650067972333
2024-10-15,-0.8043465641875537,-0.14959055623917375,0.9562120565761889,-0.17680398443188144,-0.45754116865943545,0.3308363566165887,-2.1078984198830204,0.8219810631036805,0.7126929306694908,-0.9967173457214399,-0.4179671749031415,-0.3567392384352473,-0.6970528493337541,0.9341523183265207,0.9629465523301359,0.49038657341480385,-0.35067662220296,0.4926249567792679,0.15334768206236715,0.3023997164076565,-0.4544476548027652,-1.7302744210387375,0.2232946021733771,0.2248336443034899,-2.139329741161747,0.4985273238212932,-1.4482337735910848,0.06589691668672681,0.5792427932075338,-0.8369800540369801,0.037169996234199046,1.8981878892346113,0.6682518978789125,0.2409844481324115,0.7269810627731645,-1.1730505178704869,1.1527315333820116,0.1259438304890388,-0.11827920653930254,-1.0397781374399153,-2.004505559741374,-0.5240514827723682,0.6842512988565674,-0.3262841787087824,0.8005310621523701,0.16010645780601945,0.23739640939496381,1.4149350451924114,1.213121612447024,-1.1785664181071482,0.060240364570130565,-1.7348555289481062,-0.08126009847905687,0.19387575096134957,-0.1185023937516854,-0.6287476770688408,-0.7405959020621009,1.877261641362175,-1.883454254497732,0.7029345449153919,-0.86625458844562,-0.3613926993289877,1.0465327985341808,-0.8507772254291309,2.3071508348240513,-0.5091373830673478,-1.1587382948883693,-1.7148899007600982,1.3289807483269684,0.6795169993941652,-0.5403941860977198,0.8730416272348164,0.12959446586002896,1.1482248467605272,0.5298555367078467,0.6161146985015084,2.6101051966130826,-0.40445258326332756,0.46264042212663736,-0.5934707212492659
2024-10-16,-1.0566362861897864,-0.11466811232045382,1.7695974596896626,1.0423087304056255,0.008868465956223362,-0.7675266658096839,-1.2549501708371888,0.2736348151117209,0.4436645866583193,-0.5441193074718864,0.6351923706472485,-0.3290777095244673,-0.32053172314973605,1.1566659986723409,0.8653979784577516,0.7159365638735774,-0.5344654061601142,-0.29739115372736236,1.025727204387831,-0.670545409154119,-0.30599414764815774,-0.4767046551074055,0.28427338798792173,0.5500910700789455,-1.615428111581071,1.16378221417623,-0.7039737878491641,-0.7129990263126935,1.3623408539279311,-0.4318697937531341,-0.03776616266982739,0.7364843806788001,0.7443130022210196,0.06755251314468078,0.7493531556630736,-1.545720478183007,1.1401837226020408,0.7714708349397105,0.5779973589854889,-0.37354865042334945,-1.0175875177668232,-0.6202859786452057,0.21414477930362985,-0.27649814826032487,0.49857605800799204,-0.5028547421613199,0.05930466645057823,1.5776736221238823,2.156585755373515,-1.0017529278002317,0.9670204729742152,-1.7073699893092087,-1.4061706912078593,-0.4322617583813496,-0.2744973918215938,-1.8851747137098378,-0.8434140172744274,0.7887557103578838,-2.0316502887888688,0.4779641347802712,-1.896699464689997,-0.20914959665898836,0.8500519162371053,-1.2499074483695538,2.2272868068054157,-0.5970023564475307,-1.3851731667621645,-2.453916242806858,1.051334734573934,0.2690868826979775,-0.28703876560404046,0.6816150043484053,0.017261853699745894,1.2654274467360467,-0.47853178607801916,0.43614519416573994,1.5870365675106772,0.3738767451379449,0.45180729315158313,0.6150614377141235
2024-10-17,-1.0166556609434914,0.31609030227116647,0.8517755668831674,0.8873818624870554,-0.5523305445247446,-0.3289743789647389,-0.11200237329315915,0.4568384731256052,-0.45158929978570317,-1.069254443115685,1.8315537945331397,0.2526926396993491,-0.5788072711367632,1.2453841548262692,0.6433761033501967,1.8863801305736183,-0.4662378667870459,-0.7463267343608347,0.8083304318796157,-0.509363806651302,-0.4509446876557156,-1.0015915866065543,-0.04707476097617599,1.0040769548385926,-1.1279047165751344,0.6536399926833392,-1.1720508772247922,-0.1604180455282429,1.8979877491317487,-0.9633034834112293,-0.5729795802433403,0.09939578196950184,0.94402943367052,0.39460701547567145,0.6148610993083599,-1.4437656745044092,0.9159987254693648,0.657805267267781,0.6300931178202345,-0.6367235541382483,-1.401639977257314,-1.4930584596729275,0.741335848180305,0.4890432900924851,-0.7140395812451769,-1.075203408425901,-0.4949733754443762,1.5886686086443178,1.5991974663822262,0.07623661244204727,0.35008730766989865,-1.9554460408916454,-1.4025378872010654,-0.8224358330619516,0.9416876104757146,-0.6664965364606412,-0.5518898822632151,0.4367992139443477,-1.2746259287662958,-0.3119791491542154,-1.40287625125776,-0.9474418926474764,0.9665495478312495,-0.9639084381564219,2.3136558215206584,-0.38437943285415155,-1.4305452578838118,-1.2006854593220824,0.30990608486311266,1.9530651177557827,-1.2254679519321148,1.0574482756934303,0.7525191041816693,1.2826487590057118,-1.110102343282014,-0.14979150249700202,0.7161689021023949,0.3304528762048631,0.9376245720599883,0.5524303197903705
2024-10-18,-0.9382130341166033,-0.05560156031014713,1.735561898882007,0.9808990295306504,-0.48722053432864154,-0.11344037617090588,-1.0458142901855176,0.6037817096436177,-0.6849110944176656,-0.9024170312583352,2.3752384527771406,-0.424708690518864,-0.8731861664062714,0.5984853210965019,0.4800035590516058,2.1677791013225667,-0.21508528786982745,-0.5286983246132608,-0.7180217213922854,0.18524037404721605,-1.1268254708116479,-1.3044832486371514,-0.2814704656622882,-0.4031206952239368,-1.1706379429834044,0.3977171723845578,-0.811107357408907,0.27917472513715985,2.1256057380549933,-0.40274544652376965,-0.26612437708679026,0.8248608819446991,1.2794402641080167,0.8214412058128077,0.619002557559357,-1.2507446844090373,1.2273828474955952,1.0439308310326025,0.588334249102986,0.5799695255779316,-0.46131681812828484,-1.9048219381956086,0.9844536532593549,1.5202633304271238,-0.9889291495797345,-1.1391659160493526,1.260870362766397,1.486933134548337,-0.027770097470732873,0.004958988525083981,0.3520830105038615,-1.2902927229660437,-1.1932738350487833,-1.309358603975182,-1.0817046490878381,-0.4029119602881823,-0.288695845867077,0.8342092571827319,-1.5789386969803696,-0.6632809594601504,-1.1532636734220763,-0.9816773194749813,0.9956649341860755,-0.9990277066645632,1.3383033245550382,0.7335755879179242,-1.4264196344337126,-1.0319768910772273,0.9953824214677871,1.5371991969874792,-0.9448411642512287,0.1634838914036486,1.144468164181703,0.16408840870800345,-0.6294713192928765,0.19335539931766985,0.2763705121427087,0.9112994657380457,0.03826455836616515,-0.3473603446978888
2024-10-21,-0.49312946735466406,0.25189989603239193,0.7142728864661337,1.0971866182236039,0.053279376586374584,-0.3034045393230683,-0.6314680360593724,1.018694137880876,0.5455375269657158,-0.7631450017431795,1.5666639333264805,-0.4415311588227861,-1.0057869502035655,1.50336420282006,0.8723990779919106,2.060186392868383,0.3638998268708077,-0.2015647503410679,0.05822930329512076,0.15176962974680944,-0.33167902470213034,-1.988174538768514,-0.008983619647410861,0.8362120876710589,-1.2526279890317569,0.2115653985917467,-0.8613186269272575,0.26581912276474695,2.3738516300389008,-0.6702484223460976,0.6132330881836342,1.3719510726954305,1.5272330420893738,0.44050246740300814,0.19830654631400924,-1.5863676744643969,-0.4111401589380476,0.7766171217488965,-1.016677269171536,0.7250043592069251,-0.012110009162216306,-1.254166134884357,-0.6591772686901877,1.0367706709915068,-0.4013411098066229,-0.5695789738770526,1.5220397596287047,1.5641512584178807,0.26443001797871346,0.6894723581099318,0.06639948432125402,-1.8422819949596043,-1.2093150359370892,-1.6220019095632674,-1.6394005800725842,-0.840473960005275,0.8936946802168495,0.35573390426221563,-1.6895839313000016,0.8809919954413159,-0.892451342950737,-0.6431676793810728,1.2512791608921265,-0.7397569049362698,0.8418300197984336,0.6348431475277307,-0.8410057127169629,-1.8632271513208565,0.6725134996677284,0.571592588204118,-1.4728035365334458,0.7143405717969965,0.6608632902758972,0.24232686127336545,-1.7810388866129687,-0.40446577568942904,0.08782681686156714,-0.19369416486237334,0.3339045603921932,-0.3443941007337044
2024-10-22,-0.16915012822441747,0.8443476668811053,1.326907069218208,1.6190500187706935,0.4943627254569113,-0.0014581318314899573,-0.7916144322193334,1.1986437122787519,0.2614726691606484,-1.25840468037434,0.26734279332195054,-1.1699782618471315,-0.9791069100386791,0.8984718540665592,0.3817251812429978,0.8254525406112063,0.2700436338072891,-0.686654458300133,-0.10699248691477027,1.0240008246238852,-0.30519803080351676,-0.9529813920983652,-0.35896080628597155,-0.2835148739860128,-0.13404478184051688,-0.38721380552296963,-0.5639261027806356,0.8882977878261145,2.3688872155472023,-0.6125001183629147,0.348546972485362,2.360872330545908,1.8200159522114228,1.2284030832039028,0.49830328219210274,-1.0671098851737673,-0.2710343363430412,0.4824485750727249,-1.723886967737102,-0.015575891675899711,0.5921131329016597,-0.6809323655563725,-0.48840945916410355,0.19758292667979332,-0.24785080644284496,-0.21039146290147565,-0.16308029219338954,1.8627564758698434,0.8203376644124297,0.08010488253224876,0.299326316885821,-1.9236098383208966,-0.296587598184261,-1.446255402197968,-1.9942758915156062,-0.4282829084325559,0.5368011414428323,1.009317559850697,-1.416167527118357,0.3112756152279903,-0.9484265958585237,-0.6577484689703457,1.1070748821152692,-1.4262225862375142,-0.12309995728456605,0.4915019799263012,0.06618272275199308,-1.5462291843750282,0.6612673020102404,2.2998225782339747,-1.0347850123470994,-0.13160015489755755,0.9902056252898197,0.5571229376046364,-1.6035495379868023,-1.1346868668687053,0.043704533959007245,-1.5753059264379694,0.09188713298157819,-0.10917697354813038
2024-10-23,-0.17769790093649354,0.8340631927999552,0.6378084303550207,1.9052717946541609,1.8726558324123264,-0.41697595000495963,-0.5618775310105297,1.0825769062065094,0.46415767152473825,-1.196108143976496,-0.03054699705035674,-0.93218433919314,-0.12273398086183658,1.3538332820548342,1.0772238179864315,0.697309468303377,0.16678650035840634,-0.8626004247613803,0.3448090053048164,-0.38017602972037184,0.09329432842905803,-0.7556128499438051,0.17369184240447594,-0.5762835869988197,-0.1347805351313062,-0.7610718621980691,-0.6371904244866242,-0.13377739357694687,2.3356406801778555,-0.9735695040072102,0.2994232737234394,1.5987435712719653,1.8817947170895712,1.1712446265616099,-0.4346925581738998,-1.0353428432160836,0.289853872292178,0.8112267111187295,-2.0424189529061407,-0.7053801624264088,0.8239369395182548,-0.011095017805053677,-0.6761567135685228,-0.28487677897811015,-0.16805305137175044,0.3074860654660575,0.09670581676935425,0.9687933276749016,0.021645777103159763,0.024096695423720293,-0.39447631295032026,-2.1260280011368646,0.6690449650407931,-2.0537628220773136,-1.7486336209206317,0.6393419059547295,0.23336233310187068,0.8555091233410619,-0.3985457407365854,0.019142249533604314,-0.5016225805584243,-1.0195346852499925,0.5813888339499748,-1.5745447601879343,0.2953046965248829,0.8949700266054768,0.7741601287771928,-1.8209755247924744,1.198469712231208,2.3393376156270524,-0.8950955322587979,0.0669876229362416,0.9176937879044563,-0.25899756396045487,-1.572801105592043,-1.1594322526475662,0.2754261395271182,-1.2988362933453554,0.21097626296512062,-0.47069922228661587
2024-10-24,-0.9187413970699118,-0.1024340682763011,1.1169074531547503,1.4484552320200013,1.9619414222883729,-0.7971633877288545,-0.2699341842593607,0.8452486622061023,0.26406439453170183,-1.3329289136013134,-0.10661719066328768,-0.30230316286043163,0.18289918443790854,1.7450550790164006,1.707953378943809,-0.20330616417964328,0.9440981978845431,-0.3514533350799373,0.42821918903635553,-0.34348192670591243,-0.218171793974322,-1.7432332553684489,0.46850501177402415,-0.1329689593041734,-0.24702436281414267,0.06461143122995334,-0.46302834326576403,-0.8067474458110966,1.6136125851094898,0.34719704625058917,0.1303572909041725,1.7447194303270868,1.3813923731014386,1.093636165654332,-0.3415379767872872,-1.0161278547180062,-0.30904095815793226,0.6229977045443896,-2.1822568168656016,-1.493908838348782,0.1706691252268928,-0.9261326685078027,-0.7265264736723857,-0.5653910204107042,-0.5771065536882153,0.9467760240873839,0.22768456351413294,1.499037308835043,-0.9360277957979468,-0.02020206228727398,0.45885432588783925,-1.2389824323478595,0.3523659525606149,-2.0196163451658293,-1.5002646269337092,0.2978690576982937,0.6465148521852724,0.12603156233812493,0.1038842730833603,0.3978812258675687,-0.0448077474225752,-1.0515819804379558,1.111201226383964,-1.9774728667868908,-0.40257235700886673,0.7756050806809744,0.37687799952640527,-1.396462592554266,2.07908637687208,1.8087801123912297,-0.9048504216659563,0.7340246303583129,0.653043819526248,0.4300838401710463,-1.4548495945607889,-1.0832672624472177,-0.06603309427826744,-1.1425568765694785,0.39022491344672033,0.01874760532757449
2024-10-25,-0.304987726120665,-0.013526724952368235,1.3925250235247357,2.1122035696744077,1.8895420214917913,-0.9794395529738049,-0.5426465530793412,0.7900268527684798,-0.30600150763913325,-1.2184011182813137,-0.7503144485045087,-0.18279669798140663,0.8985640014034605,0.5964142196072535,1.7054898043918947,0.33725270482458514,1.0935775817331381,-0.423283264923054,0.5598782764598703,-0.05546993164378046,-0.19925553651041664,-2.470625678046596,0.4993879023718806,0.593318852723263,-1.0343508471601737,-0.02321445432877851,-0.8533331330575585,-0.7579125902985498,1.2020511084386343,1.2248100893964244,1.4287054966130364,1.7208196859917133,0.6870679821249795,0.7975301744512059,-0.5681328089339348,-0.5915904278740785,-0.005295140517335774,0.828816812982707,-1.6458155498731804,-1.2184112574203954,0.033311338735341096,-1.1324064030347532,-0.04612023510182761,-0.3235836436607407,0.17802736675298278,1.075522978345203,-0.31014317776148415,0.41168413582076013,-0.5198332008000109,-1.0210239143536222,0.16700354311377838,-1.460841056292075,-0.2706174170107701,-1.4163691846346753,-1.871508694576762,-0.5333767354337265,0.9575623409797751,0.08226468344894393,0.25578000575344495,0.2094163713787018,0.22700066022088453,-0.7628164517550418,0.9057565337016295,-0.9147525816697337,-0.020914401991131502,1.0004642162960475,0.4066719312063526,-2.0164161446364046,1.43946404700265,2.408923840189383,-0.3580259443620388,0.6112430911380001,0.77213559882186,-0.03632323969840771,-0.7061541661377435,-1.0819441319180012,-0.12726107143069193,-1.2918590494916509,0.31867322615410615,-1.451792274161638
2024-10-28,-0.416048910183428,-0.3818995298586519,0.9669661538042976,0.47639575051217276,1.368217777064578,-0.6428910105540461,-0.6005572366476568,0.9817248460754164,0.30632483299772323,-0.7840975544259406,-0.4006132132859173,0.025529672269568128,1.0366951873143089,0.4623546337790707,1.3435868973731127,-0.1996171174248621,1.4297712672425833,-0.7743386599861782,0.31721374833531274,-0.37723970852201477,0.18475754028227703,-2.1225863427788,0.9951950311187445,-0.2002415150672131,-0.4612526896873995,-0.07696522872999105,-0.2522063987457009,-0.7607894542617039,0.5306755559657864,1.5806580222140103,1.0484845942105205,2.180957404613746,0.9278246968397409,0.6054886081275169,-0.9075243858992547,-0.5974393527317788,0.5277610190770378,0.9079526723382016,-1.4138318746873273,-0.21631724968214494,-0.7516180383224746,-1.689498780641312,0.18687450099855396,-1.1417545048129167,0.46604212680405666,0.7342520022966579,-0.6049081957536953,1.3917835420263127,-1.0368428100932265,-1.9446785003768463,-0.8415381391112902,-1.201952177616404,0.3831971130447748,-2.082744085839543,-1.3428421211667148,-0.4052146107722913,0.5210747612455652,0.7410256904909187,-0.5872591942997424,0.5424171173982821,-0.6605516723392549,-1.6042658746617258,0.5775695838669431,-0.16656833949206817,0.30896939008665075,1.405934727980591,0.11377599189033902,-2.279824136188358,1.8980497590767609,1.9727149901344025,-0.45938980851869665,0.4572319073683663,0.8377156270252808,1.0030541710824181,0.06142396195541971,-0.43164917849095746,-0.06472097910276349,-1.1078879770653458,1.077620504112313,-0.8930968226147011
2024-10-29,-0.6519236258207676,-0.9562538927659059,0.37429170010384427,0.855820047973424,0.922029208764482,-0.05204733557523045,-0.15356383957693492,1.7619497082110656,0.29676738867789165,-2.158720665883694,-0.7192514976798133,0.1374299898083312,0.5241361544478663,0.3989367483307629,0.9480892813716089,-0.9553807209893279,0.8911929584508373,-0.16203821928473244,0.3742805505950464,-1.012348241471093,-0.15662003467726474,-1.1540882503946952,1.0182004887793872,-0.10137814707037593,-0.145931593581172,-0.9461959809841638,-0.2223248252448555,0.008875302049822892,-0.5203844087369024,-0.011616199321240816,0.547475168516642,1.9929822566790276,1.0292358303652218,0.029945915574738986,-0.40287346925676704,0.6715420766334921,0.006998520362078595,0.05871826054514697,-1.568661411951217,-0.12796446232078207,-0.3124619280528826,-0.7922977543777506,0.2701809187653162,-0.7004624876438911,2.044879665617417,0.548273222554317,-0.4970161142481529,1.3096420416330674,0.27262019369301055,-1.4425954746719913,-1.0906237735195863,-1.4489845955355276,1.3986625181275965,-1.889062108441567,-0.10671306235720181,-0.6879588937265665,0.4149126911106209,-0.17779503490322626,-0.3491817502391121,-0.3757906663706424,0.19201401093596915,-2.1760352399559766,-0.449637912346275,0.05989337868200096,0.9707508502296179,1.2086370272359583,0.773344180661042,-1.81443184335917,1.7897766274385225,2.8763462147494834,-0.8217373110260527,0.6905016270825373,-0.5597758996877559,1.7364104220151273,-0.15246523312823854,-0.5166712723130709,-0.40150241645941065,-1.3600060320121246,1.353998242147197,-0.4569677619564081
2024-10-30,-0.7440628161876326,0.10179333413499023,1.0337072120312274,1.869829553005732,-0.5667921829383274,-0.4578697978552214,0.7203487175029336,0.8370013151962657,-0.07285686485813175,-2.2412835723437357,-0.5363925133108075,-0.32243225247767465,0.1708829604719736,1.2246416741403008,0.9174275193391147,-0.471329342423681,0.7146503226409959,0.3145018567008967,0.49340726762759135,-1.6123328617591213,1.1552280387631721,-0.15724871383944594,0.33522244452305217,-0.9089076921249302,-0.7784572563990235,-1.1541125513325108,-0.1554092531615388,-0.43744769130551364,-0.9826913188298282,0.7052111796430576,0.410845058073621,2.0585453901667017,0.6953311498953876,0.9903060011744559,0.9930512952928282,0.7663381563742268,0.05959878839726096,-0.05557594410154649,-0.8189995383575721,0.769074730738853,-1.5442313428848198,-0.13977628447339105,-0.16873432108952274,-0.6629351757057366,1.3112265874087288,0.3786018849529933,-0.9355033713869912,0.49986935990365855,0.3112591716096351,-1.4969323784222062,-0.6111035139004151,-0.9660643293424043,0.911611734322112,-2.245090179757739,0.4262582543529626,-0.3496570944333456,0.08015044917043014,0.17327898070399878,-0.8892045312150095,-0.38971059222913546,0.12016986644595355,-2.061625348424633,-0.32713671770302505,-0.6706630644365601,0.8225688786263483,1.0131381131614774,-0.014467220896615927,-1.0357674068544065,2.2648430444163488,2.6027690147989784,-0.28677497975570987,0.5525446540543474,-0.3494899359361405,1.4396838905875948,-0.16641062101219184,-0.6255296529761408,1.0544702860413353,-1.5567241096528217,0.4396840941563005,-1.7713378944526368
2024-10-31,0.18826621512225192,1.0981025729181249,0.0843060135489517,1.5633923307851354,0.08210531176525573,-0.4212051111737816,-0.4124471027666579,1.314274268708429,0.8569486611499424,-1.37162605910204,-0.23676978301630103,0.20159656778469337,-0.9941830169273845,1.3083988609550088,1.0266074348978371,-0.895963817094122,0.7302617550043353,-0.49729994158294427,-0.20330387699732913,-1.273745264842902,1.7584852389921461,-0.6625846737688916,0.19570570853170227,-1.4544985301102276,-0.6761437135558093,-1.3648040415613252,-0.06657667758122257,0.3055757783907822,-0.7795475246947874,0.501721147600455,0.03797421728418732,2.2641381658020414,0.06662699363445646,1.3843960426100186,0.8229910490872158,-0.02273065822738696,-1.3775557641024185,-0.3171405431500203,-0.9237576611120325,0.9550284442612393,-1.8837531482923198,-0.08381799960581428,-1.4069596357193903,-0.3817342939114763,0.7402891806191003,0.24432615378080738,-0.1694316286056659,0.9447771543214434,0.2061531800905797,-0.3961852271342749,-0.16347980883581115,-0.05640704736934128,0.012949043072493163,-1.5694589098222176,0.5429128768992961,-0.04955990702690489,0.4441610999341904,0.030850332399852604,-1.5569553417416704,0.11611828679659889,0.14197736946918768,-2.6514372443212144,1.5497665988927096,-1.2025175971454336,1.2680762134167796,0.12042016621890028,-0.492347251778065,-1.4161568579160213,1.381456051261477,2.7638659796608334,0.8752096679088938,0.44949509267287746,-1.4122505464649626,0.7229083770260695,-0.5375898126747466,-0.050087314510007634,0.725096743834299,-0.01603791133706848,0.5579525267363672,-1.1376136282669727
2024-11-01,-0.1304420968797758,0.7187516269645395,-0.052774125842769665,1.6759520150734697,-0.13374577901537088,-0.3475671791507605,-0.5174607713353483,2.0141163709984395,0.6964527167570786,-0.6194287146332035,-0.2729997183511585,-0.5454641976515536,-1.4443195381359029,1.4059742835415714,0.8350504028869944,-0.215202354643069,0.6274342076161296,-0.13235846625010064,0.7501849685264579,-0.8293850394162657,1.421188655106836,-0.6904308599162172,0.5977409686020718,-1.2166063543311487,0.16642090568657644,-1.2094545452789667,-0.28447892339094044,-0.2396877847968203,0.10788998558024679,-0.42462149769379626,0.29715141947496315,1.6406339397035608,0.5463374874523864,1.8601206496934406,0.1834653367798426,-0.27877785957318363,0.18054420998248177,0.07165106087586466,-0.3017043181236726,0.18558950570858046,-2.3144573159261594,-0.0017580210140609879,-1.1556388635383883,-0.8833137347633526,1.1511055389581883,-0.5590870558924612,0.14543596929041697,0.5249111805839846,0.7429972502360933,-0.22625350541651812,0.2564926987640711,0.9114213159656115,-0.09173042710663849,-1.7437645965875266,0.9709016758119166,0.6544004031286927,0.7175498043366284,-1.0257105007444447,-1.1424645527576123,-0.37737202845999074,0.5997363651361192,-2.2237821827960116,1.2505233159625602,-0.9623339229124314,1.1198140421820626,-0.33568209490059836,-0.3921735393985338,-1.150085847970785,1.987867429588337,2.4719622676919495,0.5979843558649234,0.21353710876207246,-2.5494152732831123,0.5027288170603406,-0.3536975966843488,-0.5022696320248053,0.17378906222597576,-1.1905680867071644,-0.37311691175185013,-1.5342235035146554
2024-11-04,-0.09462046585998236,-0.6240685569077684,-0.15263582234186684,1.3283632384283044,0.035443534329549914,-0.6050419474400069,0.24966305904940972,2.7198767315939345,-0.048848293773960764,-0.9374334654687466,-0.60370021714824,0.13052773406048385,-1.766839714183427,1.8198019817092461,-0.07415011540913265,-0.46706165286624274,0.9046039511135125,0.5439863457340114,0.11596310733743645,-0.4197863715436927,0.9810200098567935,-1.2730501916314607,0.37858820971202095,-1.5642367247143776,0.5616117337882827,-1.552930917634801,0.24650870282044327,-0.17392597891335002,0.20108930676119663,-0.23894751931433433,-0.21735404929237276,1.4583014540936479,0.711349191598335,1.2460060596955955,1.4833574927730122,-0.7233261423569401,0.18554393931678168,0.29216154574511555,-0.6013236117814674,0.5342943772062014,-1.488780828757011,0.11361285173182543,-0.8619060982250186,-0.9443073436316922,0.4392644604496611,0.1640490465985927,0.4402972402446041,0.49167484164246833,0.3477348827614987,-0.1962910517504497,0.31683997986150503,0.5185635420445927,-0.8557347116454891,-1.4857146960556975,0.3082151093581027,0.11202422298250668,1.8972659595408634,-0.6161980118230737,-0.6311424435839889,-0.18549035340414013,0.8635758129011432,-2.0840428766087316,0.9487472660624295,-1.1201927918061905,0.33627342160332147,0.5887669966382559,-0.23050439306120743,-1.5465942632308394,2.0830927013159157,2.915557414571755,0.20013980259237044,0.2804945501436345,-1.9561167981562066,-0.11069330731428148,-0.2756349868675233,-0.9866032334785646,0.11264697435207624,0.2535215883101787,-0.3409642372129081,-1.8042261872354317
2024-11-05,0.2764037606856704,-0.5249718679773802,-0.34676636383747655,1.7231719247136692,-0.2615773021534328,-0.19242014654744413,0.15963100058733481,2.0924053157470324,0.21607185160828718,0.2294006120002756,-0.6470886253718319,-0.18460108007768572,-0.9386192714141858,2.0292387927902498,-0.18396430194351807,-0.12975487780887798,0.6256347568126133,-0.31242720163172055,-0.030063635977128203,-0.25018266077316675,0.20636707473752539,-1.6275321095541126,0.08746344969609404,-0.994017058942381,-0.260987210133609,-1.1181075664182303,-0.6921366548322364,-0.3640696506824918,0.6493556013657892,-0.43818115786610695,0.1612348732825867,0.4552700738142116,0.04922444969791066,1.4654489259104782,1.6453794709323561,0.2361061032144123,0.43105256967907163,0.9679040789292115,-0.866604711299368,0.4245276568970826,-1.917219198099885,0.3608364116500543,-1.0008744294900773,-0.3263446926997456,-0.7410983789425806,-0.8482038002297597,1.4785773606734738,2.166244731259995,0.15216624495138878,0.513232867140641,-0.3020073428038203,-0.5590815377651117,-0.009318931484347547,-1.1892786536032485,0.15526151130159552,0.7985299099599614,1.2385177487222616,-0.8577820651536607,-1.1240942936390839,-0.3090141229459738,1.4058946000027204,-1.671935627888253,0.489205757774637,-1.0798169541029532,0.0942725950937659,0.9546549736567271,-0.0504720049027663,-1.509444643824487,2.41316100518084,2.603579478326735,0.06155178170647735,0.042201233275422224,-2.442154338719255,-0.21545542690128364,-0.17215533433322847,-0.9143091634094089,0.558158899221524,0.01663257918731505,-0.39311846648811916,-1.6367191695179664
2024-11-06,0.5086474236658147,0.38959046517945317,0.26587431336105144,1.6651013488967914,-0.2888990051357116,-0.16666846363327573,-0.06924991641248006,2.4577994450702825,-0.948101519935215,0.05573282949382756,0.23770568941723233,-1.2272496505365542,-0.960477059811845,1.999105573435828,-0.5732496767823054,-0.8313004060792399,-0.30580577357636846,-0.602480155742524,-0.2615490630284595,-1.0665913915524172,0.7822760573001183,-1.8814912020562418,0.17953026341237996,-1.1008157820421698,0.2256810500865309,-0.9206489108637086,-0.13975824321819236,-0.7656123448157188,-0.049577734678499186,0.09408254860506744,0.1455145007269552,0.2431330189001807,0.24952710327552258,1.141244700057797,1.6937277662874406,0.3939342993816798,0.2129023314996232,0.25535093815985166,-0.8297485477980822,0.5796786801526019,-1.6980085723319853,0.7503475585653377,-1.0695527240251563,-0.24833710325958264,-0.6494579802993082,-1.3391776826845243,1.6928778760543024,1.6254607321986854,-0.02875940116275241,0.6804099812801958,-1.0851917968170943,-0.36511972537769805,-0.07154262982030175,-1.3356165360602412,0.17599664268617693,0.4457164351745071,1.0881812766735945,-0.3990719433557433,0.2024073366603476,0.1035998873470697,1.3290913525726493,-1.904694693964763,0.2989584109137792,-1.0558579656631113,0.8201362328225341,0.7277988165922871,0.054198515323121296,-1.294537696054528,2.636461007247132,2.1468684603189687,0.004590809293387543,0.038354276162938496,-1.426194781369615,0.03985912908403352,0.5531233815264678,-0.3228962868293068,0.8309156467721213,-0.33162677810014174,-0.1399017337939583,-2.266673232966847
2024-11-07,0.1686072678288704,0.12157527901549237,-0.10754178879494238,1.3243995091806686,0.13180557426818246,0.5514578929166638,-0.7401407571662129,2.037190434460587,-1.1135038925944358,-0.8406426741612405,1.1205334129347666,-1.1278694032172214,-0.9443550052369213,2.2476466336522263,0.5216970027144753,-0.5414490626561697,0.7455590962924628,-0.6262922045783321,0.17383510122641754,-1.3975499421256938,-0.021033022713300015,-1.900198334079818,0.7391580372727242,-1.452061681811223,0.49380737759224513,-0.2669469081619191,-0.2667595976367668,-0.690411917539292,-0.5854358152058963,0.31137559252161723,-0.3021630060400407,0.560325861603274,0.2925231928167073,1.006020995650093,-0.3073421817053847,-0.18088148209208887,-0.3297668546541752,0.3999770399801394,-0.9319912754831101,-0.12535530161753644,-1.4620206081067824,0.33003970384596204,-0.987165688937918,-0.1121457803354102,-0.8900247690376673,-0.3566914385586571,1.7436494865201904,1.2128742714122966,-0.013614376353702428,0.12230362668120853,-1.0159094256917787,0.07084158943472614,0.7120562141351613,-1.2607278183680581,0.38040875295631427,-0.1378634068661214,1.054550063741312,-0.7799430799104083,0.10508879599249071,0.17139928313760386,1.7216225355801706,-2.5914906700472886,1.178572748126569,-0.2532970957009242,0.9141790718423141,0.22321640843299584,0.22233208091957896,-0.6396142915625233,2.1723723183154147,2.8104217633356012,0.178041339516886,0.43780140256012545,-0.8364060283922679,0.01716979247260675,-0.048225065582701405,-0.45448310659949565,1.3859887833117535,-0.29409049971131607,-0.9260751683347981,-2.2529449068293568
2024-11-08,-0.14111415567759517,0.4924406747533472,0.46984041882792227,1.4106272669427908,-0.8763908119450353,0.40102468304841704,-0.9012642994610679,1.903168111229457,-0.523477644475866,-0.6426158472617798,0.7158815549633377,-0.053588494694470176,-1.3388915552949077,2.4346030589354957,0.5715107899367791,0.8029191493808508,0.9408073888519197,-1.3135418621706936,-0.23208414182285328,-1.738189280038978,1.0498338521620123,-1.9099815412911905,1.3196898402152328,-0.5993494064421364,0.05898873530383743,-0.9413095499410497,0.4224403452057287,-0.4653353124938104,-0.38342176649024096,0.47388659059311034,-1.4707624798808165,0.561539666226216,1.090846501733483,-0.14042616961784105,0.014100599854366506,-0.28917683767700275,-0.7498333591661764,0.5229419955321052,-0.4583913496677696,0.4347108508299685,-1.3760450134031113,0.9737214611177655,-0.6257946736798982,0.11887886178660427,-0.7512912068556868,-0.6918295631976437,2.0778907943817098,1.2061710441184499,-0.09443413775797176,0.6211446385706009,-0.35370027823223765,-0.44415450326532074,1.2788130825818549,-1.1123281615941671,0.2980355397499635,0.20094548048335573,-0.603688443832319,-0.9519863837581,-0.020038788266108696,0.26554177307672705,1.5616783605617126,-3.3370466190656503,0.8068112582380452,-1.0559779655141417,0.6071383844697001,0.21621517400162726,0.2421234570406799,-0.5278728613068685,1.7261852679595346,1.9685214556692363,0.4368833903522924,0.034011273816452664,-1.075775380588506,-0.24893331736027674,-0.348284517913932,-0.5097858939616535,0.7559872511321923,-0.5774563613484753,-0.8255941815925564,-0.7873359056289764
2024-11-11,-0.0723783047432899,0.4695983782347429,-0.08117824539476827,0.3176072973066872,-0.6483396018369726,-0.456846778625837,-0.3861459495902019,1.7451584611682276,-0.5853813719062326,-0.7769451085544171,0.1571782502091368,-0.2908721955639252,-0.9142376333891078,3.1120348217750524,0.42863003592628546,0.686736980448776,1.5852446251163845,-1.073232626848232,-0.5139410497720902,-1.068224941075545,1.664260630052306,-1.1273580135133021,1.1246234658314878,-1.3968002085816578,-0.6038512121446825,-0.5334966855766794,0.21956307988537527,-0.524922039693067,0.24615822203832508,-0.25395881841759754,-1.611024916168932,1.1323330605463338,0.17327174294210496,0.576986568236109,0.22656941227815527,-0.5579099420554119,-0.7261837782935741,0.600775940803055,-0.17099927492700065,-0.5695949286239691,-0.6526214009398322,0.8818112619126065,-0.05462954719493229,0.3204285440545304,0.2360782956543258,-0.7543570881665932,2.598721876855849,0.5490727993543925,0.31360820202452605,1.0311474783329908,-0.20302513862799154,-1.098703750240372,1.4628587660016221,-1.76343135473095,0.7360287211272003,-0.2394539148639952,-0.623164635761422,-1.1443134792401661,-0.14651332429276995,0.3149198647361578,1.6805675122505503,-2.6655440240371324,0.4006410225401335,-1.0047763679248147,0.2762441215052923,0.04447079459610291,-0.023153926340077242,-1.0664625448896463,2.2834012996719575,1.6951698262868202,-0.15881841763247614,0.17306795361090174,-1.046649773093705,0.7575305724500085,-0.6652831369436907,-0.4368855059659033,0.45082485697364666,-0.6790760233593889,-0.6213349405929486,-0.6813028226028582
2024-11-12,0.1283291863824985,0.4860109740679193,0.0430138240588214,0.6604346639523287,-0.2952330131714952,-1.1342124043530553,-0.19454021073049502,2.0495879792226273,-1.3673366960773157,-1.1320851215846663,0.27107984190211143,0.16920485685374756,-0.5656217464615314,2.470364775080799,0.9739721936783682,0.10578615119605916,0.903731398095606,-1.0642899238753094,-0.6919665968842683,-0.8019018198265286,1.6216232354516706,-0.35243902225726,1.001067488012898,-1.7470933749315616,-0.7392891652284913,-0.38310588105287424,1.0146684081002761,0.015319254331701492,-0.48299559148861304,-0.5133138513325871,-1.3855662719584143,1.196964007830185,0.20581376357938858,0.1916070541710623,-0.19759578638029698,-0.21162000969298267,-0.6656765695207112,0.23316856250874876,-0.07886905826327031,0.370714828992026,-0.5424775435067097,0.8763376798910055,-0.47233224188943046,0.5353456878791372,-0.07932779675401815,-0.04497668112046422,2.7814485735981718,0.20929601395735697,-0.10369610569023417,1.1688378229937437,-0.6983993201351184,-0.8354558679816126,0.7925623169161967,-1.000549209171381,-0.5180691919534159,0.00452232643500551,0.4948119368663221,-1.0947253686067833,-0.8616715164032559,0.6310185604249564,0.8183453111096972,-2.251851008267973,-0.24477203834495892,-1.3646515902260985,0.4899155207837629,-0.37607884848667056,-0.8924917658093097,-0.8526264301130154,2.88436814570425,1.8339675953920807,-0.2876938992589825,1.52629546459117,-1.5649431499681918,0.8365877096532474,0.4288236596176737,-0.7207525120034617,0.5454324104984276,-0.8572343336210739,-0.7077752891352224,-0.5930753602619406
2024-11-13,-0.5861083847767797,0.1149761548733931,-0.017428335785824357,0.3222887231680757,-0.3166062171149808,-1.7171303082888059,-0.7972650100892217,2.370374297710642,-0.9230883784862516,-0.7205425202834014,-0.17212524481123448,0.5293115661071522,-0.911178183610061,1.9302964782208325,1.4864071419182092,0.18536914948595476,1.6973783977462227,-1.1642085152475516,0.06686884125287255,-0.4588637047054515,1.8372676774459786,0.00016085141921411781,1.1177328583137902,-0.6106131831782998,-1.0528907652517208,0.45829998076981965,0.757762380930715,-0.789065593229735,0.18020639968120455,0.0865514317604905,-0.7640207689315806,0.8002891816608657,-0.16385025156048647,-0.442542508022716,0.08335918857261251,-0.30164012552919334,-1.2571317378765636,0.1359249012545647,-0.433051669361848,0.24842011262690675,-0.099724690698855,0.3523918985611399,-0.1766612647993733,0.4192267731394468,0.21646231895592055,-0.3614555965484886,2.6200845520709573,0.07083674607731891,0.1027506324696153,0.05610127830974893,-0.7870864427035063,-1.4445973298948338,0.7769300434779791,-1.1638900505630418,-0.18927378109133725,-0.8470238476470783,-0.3540667134439492,-0.3149643766286206,-0.7661047627542373,-0.29975354685192795,0.9511703632581245,-2.1612136144539393,-0.22470592295560682,-1.014634363576846,-0.20075389206417976,-0.44869805651093714,-1.0242279038993165,-0.5473021714031262,3.21599975282885,2.437291313150018,0.616642384067438,0.5940607735341984,-1.1618214804543494,1.3276609392410403,0.0386018306853048,-0.8503648088793251,1.254483882118799,-0.8865448211296832,-0.1381541415552591,-0.39756621021589544
2024-11-14,-0.10520068151547551,0.5677837967210008,-0.5702227860978979,0.40760742800609656,-0.2916393975885917,-0.9452575618339732,-0.7246184954787366,1.8788960860801478,-1.3265856318575326,-1.0379900670609412,0.20624826109712266,0.5103657489348062,0.2118879428091947,1.6308241103740169,0.5325283634184977,-0.004674850233459976,1.7667780267029085,-1.3453166936747574,0.39530943928178575,-0.2758536636883249,2.3400452620147587,0.39864394814467613,1.2301112397608567,-0.705629259233288,-1.2826411392652006,0.12632355439017337,0.29288433997210006,-1.1741222329432903,-0.0034626775222833875,0.10250291179496096,-1.4282392051501838,0.49842616622367547,-0.4516573989582209,0.5622520454633367,-0.893698399710634,0.5597384600964453,-0.6669708209154912,-1.1954622586842476,-0.7376100197633763,0.27375438822962106,-0.452507877906788,0.09597707007966423,0.7612614330912404,0.10418354197170085,-0.03246473276416469,-0.005135715820202177,1.5458644006260325,0.3166880918296389,0.3467422344483403,0.9592765702594179,-0.3784951470634768,-1.4971804304397922,0.4923504572067867,-0.197359017605965,-0.15002110087733841,-0.7230967962046996,-0.4126678224611806,-0.06896942808818136,-0.8654500454727155,-0.8746013676947805,0.5022422657564672,-2.0149030428840846,-0.22723144398353218,-1.3625389807872534,-0.08209712895931416,-0.3022667244083901,-1.014260873357416,-1.3123718479031448,3.3772618586362,2.7305349459423383,0.7599527864142629,0.9469945984025586,-1.613514410701313,1.033573606142643,-0.10680933934600956,-1.0891802630354213,0.867648956768705,0.2683504282713081,-0.1846542767870465,0.5328162903646291
2024-11-15,0.3126122067076373,0.16272744525233457,-0.53847014461156,0.0755671378004952,0.14330441459000853,-0.8221447548190866,0.24196369414694086,1.6458796883248992,-1.0235328028289599,-1.295475501241591,-1.0241888167638742,0.5803641183830505,0.48338135631023643,1.6979095974412612,1.5551507217507161,0.20171101033392558,1.7259060498335872,-0.8223085476423573,0.14850024617453367,-0.6516114001034454,2.8571494566084645,0.43347522138734756,1.1102242158635696,-0.8876617652658875,-0.8820036692668346,0.15155614487166197,-0.06914096448286694,-0.7253728492964665,-0.015524457128519582,-0.913775184292752,-1.3897468101638402,0.7250910497501258,-1.0910100991556082,1.4929508432122538,-0.7473116595008928,1.5379996657721853,-1.1190682908143421,-1.5779977210227059,-0.7229686039700955,-0.36820564319662624,-0.4506723180659447,0.8368130196390875,0.8066997102365726,-0.6996130157931167,-0.3758292598694201,0.47453573182462333,0.6688422636684824,-0.33901845690886906,0.06456716778846845,-0.030231159368901778,-0.2998914606244001,-0.4204164138691297,0.5432714992095473,0.13522997653156682,0.11261191284299063,-1.4970094422208262,-0.6678019085453535,0.39654925673287084,-0.8781769216452262,-0.842696132726877,0.37687103073835887,-2.034196492320186,-0.20797383809990674,-1.7562839686681722,0.12546083348915807,-0.673556249114755,0.23964977598253814,-0.6937823932963632,3.053248533214252,1.9029333097672356,0.9039896820854956,0.5026489698741722,-1.1267658884951617,0.3898545703733928,-0.8362398177796132,-0.7078751488725415,1.1122427446624594,-0.06953116375625461,1.1655452580587267,0.20009160437409979
2024-11-18,1.1948160065099327,-0.516114752879264,-0.3927619954636983,0.31046572900467057,-0.32561097899668134,-1.1042450825790753,0.6350556246522326,1.5308952380323446,-0.8140110382116418,-1.134870847496287,-0.10324286404693218,0.35878218411515134,0.5731436491017815,1.2997340499938654,1.1182391430341323,-0.6616720205127904,1.7758085950763058,-0.9575168804703833,0.4754143045603036,0.7227142632411377,2.728207548976202,0.41205123215492034,0.6336358863738906,-0.8677416961948337,-1.0940683961328246,-0.0016196173054954608,-0.5990164666669496,-0.4545806621788543,-0.1469736095628879,-1.323500304849004,-0.6704805560725279,1.8642043499811936,-1.2898491486171542,2.048419156565523,-1.392342499931001,1.0163214819139461,-1.6554633281384847,-1.7431078881180408,-0.4995844329895901,-0.6659862726504,-0.7304981380962272,0.34796909617001803,0.9485509131577217,-0.6065918933607554,0.3039238902818055,0.09174076324863574,1.0787721338501035,0.1366214398971216,0.2488564108538558,0.22869482360278678,-0.1526874356215306,0.03130321839842504,-0.537887496684996,0.24257419742764227,0.28730258508494627,-1.2059593380829405,-0.6709730190443661,-0.482863897695564,-1.007265828699265,-0.6732533903179233,0.0980940897314758,-1.2281091273028053,-0.07198356557255103,-1.7715556966360848,0.980249748388102,-0.39127702025570815,0.33811391149677156,-0.7501753482494404,2.6746983005378877,1.1990687327397924,0.39093429078293485,0.691511031121856,-1.9345704119762575,1.119214450566811,-1.3894398340853442,0.3521865601645481,0.675077838111041,0.3615644885294335,0.354286226762236,0.1402351975530757
2024-11-19,1.0331144553003666,-0.31380262824383093,-1.2821937293488965,0.8983057625307651,-0.3390237492684178,-1.1091976275827853,0.06982840563133662,1.57216561758306,0.004717083780011515,-1.7586577872041727,-0.6708108840234854,0.09741591185371652,0.17477200249560287,0.5193780476124219,1.2698783347344642,-0.11741690042749928,1.470111577198537,-1.7908343246848941,-0.19134852642653516,2.0721200382402625,2.4652736319027584,0.6350470991251854,-0.010291200868630206,-1.1045808517617104,0.022030443339353403,-0.40700471077756495,-0.6911490056349484,-0.25344681250577583,-0.5996050689656155,-0.8312275534084198,-0.7755485609283477,1.5192398913029515,-0.6788956489986097,1.6978139379459436,-1.7666671949955473,0.655693091595912,-2.0503657998001272,-1.684939789782883,-0.5530828164074942,-0.555812269276799,-0.41888887400736324,0.06088568530265598,0.7659651878884203,0.04212563198228081,0.6729723781969776,0.2492845194976451,1.0324756622080553,1.1009205827941588,-0.02690515093674303,-0.6502498575613482,0.07339153880274651,0.2976694143078938,-0.6212906807291473,-0.6254534032231212,1.1420643086189843,-0.48448833598443275,-0.9511115198896428,0.32653837560947563,-0.21518377018678347,-0.7754070035179774,-0.20010533632384525,-0.9708937486958608,-0.13790325346719895,-0.17445526012687423,0.45984366342413563,0.7229565084892945,0.26405133053821345,-1.048755057229157,1.989164637399604,1.3221152194178367,0.3514439113765852,0.5694474019908656,-2.1950017842344898,-0.20618400959923588,-0.8177191341814662,0.8723818330855081,0.8914086595061167,0.2882356123522504,1.7854001519047082,-1.401747925649384
2024-11-20,1.096688170911343,-0.7350496483308907,-0.9511284544376379,0.6719870035670255,-0.6365946715568748,-0.8336672839056664,-0.2383138389316525,0.9673739175174687,-0.7147263822310209,-0.8330640945013116,-0.5153524359023395,-0.40773993907481887,-0.47809684550174186,0.60555196610176,1.13890607923804,-0.1645836930604267,2.9865238633175637,-1.0234882273704646,-0.14908108507791829,0.7682347983103229,2.66279706997653,0.9774008601258992,0.896624849183939,-1.2362318276072297,-1.0382851191404017,0.5789475961554686,-0.1451223509422134,0.7322989170359848,-1.1919884011421567,-1.3791724160099321,-1.2098348856691081,0.023713024259270132,-0.714820136708324,0.5046638942855154,-1.4516051653000412,0.6843840106445489,-2.5837942391294186,-1.1525612403314276,-0.46396090843971366,0.247381451153893,0.8138783159539793,0.07347078323148098,1.002589773791164,0.4956605370483906,1.5869841289655222,-0.5542032614482472,0.7611910738501189,0.4892066242757165,-0.19270575157044081,-0.702667578232905,-0.2716434176872734,0.36634961319045034,-0.0181821257379769,-0.396496604553908,0.8962063843053296,0.44644851248229417,-0.437811320999619,-0.146759614924068,-0.5105848685036589,-1.3326246424138346,0.838265338775887,-1.1985543876796143,-0.6195968597923875,-0.5634434232945705,0.2922702661402513,0.18360120857975712,-0.4694069853762326,-0.4743609981216751,1.4078539004797905,1.3647344349491874,0.7591041356140974,1.0174266979447082,-2.4289161943566193,0.6765091895667331,-0.7854767669496905,0.36723976215647514,1.2011728516468119,0.5066949681251186,1.4533767720075823,-1.1920146529199696
2024-11-21,0.5713995734963008,-1.016458948750486,-1.2584262979189909,0.5774628886982612,-0.026866770593126234,0.04180442574059261,0.05091871373003566,1.579225742006551,-0.6173326386912931,-0.5343308876501871,0.1507850267748574,-0.7501508838230947,-1.9660628502376953,-0.2232305081886626,1.2473448365737214,-0.204286209632691,1.9316341544222653,0.02639634547043573,-0.6826271118697147,0.6439659438150102,2.239329096919086,1.3458990069334291,0.5238887470375356,-0.23863222598427458,-0.7661189192718195,1.1433272261574798,-0.2114711500717741,0.998041732597516,-1.025159421415676,-1.4137632821320227,-1.8779636286422765,0.37147828053108256,-0.8149423722294105,1.0681275721127252,-0.70274777042387,0.6326620899029588,-1.8148707153846513,-0.9473912407549084,-0.1604847334316473,-0.29347486830520847,0.7782710626453884,0.13109660535752707,1.050331363646822,0.23768276134723285,1.6195384133311628,0.5607680065576959,0.5652193549288488,0.48632109353503816,-0.541139100910935,-0.41829988416767583,-0.6114596947758808,0.1371315325141225,-0.5959466775677774,-1.0641859041819384,0.7901457436536211,-0.31072162497644185,-1.1784907842835042,1.2955620331368642,0.11124933254968115,0.13912457921375174,0.43621024078957504,-1.0864190540235599,-0.20140092881339516,-0.24831165576019765,0.025015921920088467,-0.37495090761680094,-0.00599331199703619,-1.3317326357992132,1.608025627243745,1.0217789268129913,1.1395744513930428,1.7029282203072755,-1.7467018842888735,0.32095653325038287,-1.6216356044320637,-0.7647514427158681,1.150273712765162,-0.656276152518642,1.830399148086035,-1.9760853836726162
2024-11-22,0.6626521076420104,-0.9747489703126359,-0.48252144057927654,-0.12932292228031705,-0.4281742928683279,0.2328280315489636,-0.14696759025978948,1.2559135667716428,-0.2682835563316776,-0.8653702571378379,0.36488066510070755,0.5720101474428485,-1.3912775160263415,-0.1790713149448317,0.21168530272131125,-0.3300116782203461,1.7946197246858344,0.13609704497508798,-0.5619926284742223,0.29920142553592977,2.1168406337688417,0.9853272224236611,-0.29460446780839733,0.005654932383779862,-0.4018575648269683,1.8138817655742567,-0.1481900270689946,1.2326583657696633,0.0213966522656263,-1.2677705670662387,-1.8359854037412995,0.9907093164218721,-1.5380840486493568,0.2951993822324197,-1.4150904091847316,0.21801476547990473,-1.8644798179795579,0.020553822348306404,-0.874966461956975,0.9956963077383769,1.0981942842229566,-0.40809572589617704,0.9130751689326883,0.40518834015383803,1.3278751371411022,0.18170825146375302,0.4333875628998675,-0.24980128327440332,0.4188940765442792,-0.13310061845538895,-0.6729364504622249,-0.5567240109035317,-0.602958341596366,-2.092228885268492,0.847949492397317,0.21245203127599852,-0.06472161516102305,1.4972944521351108,0.5378703129181666,0.7641308341586792,0.6317759167077523,-1.801566013952334,0.15957916896335061,-0.6303827449305365,0.15054258281721897,-0.8188284089761922,0.34007892290097813,-0.8114884733219296,0.9295557123472885,1.2301566337481888,1.4515835291484867,1.1021373718026106,-1.9179511226637294,0.5007310782440862,-1.5507045162035422,-0.5116464499520774,1.2604784837942595,-1.1103126772135057,1.19580725938962,-2.4840495129890647
2024-11-25,1.7244777285157298,-1.0199120127783878,-0.19542755484912255,-0.7148239771987148,0.2998692014016864,-0.30874372355379337,0.7083549278599237,0.7339823534345493,-0.8847198199679156,-0.09558017813006414,-0.3466411696680704,-0.2858395233214952,-2.0941697636996204,-0.05527340859405089,0.18433005840364614,-0.5482804430599385,1.5540608310319708,-0.39919291307127364,-0.6122317789294734,0.49034639353158527,1.1948011679906219,1.195322206893182,0.010860226701979227,-0.13213587685120015,-1.5400836626889745,1.324588698558901,0.1876998809187918,2.228025783561936,-0.17048238703723376,-0.9606009740659024,-0.11197394501520172,0.9043683573954714,-0.07955086689374885,0.6949033582526839,-1.778718458168642,-1.1399492968071032,-2.077137094199659,-0.06271224631904174,-0.7374297292144694,1.1244015644638863,2.081683722125308,-0.5495278927378857,1.7921994567259247,0.42300234016852145,1.7074688201180843,-0.3120531987008046,-0.018167935506032733,-0.22513340773135873,0.2729916421341445,-0.05393763113784317,-0.21962733033120962,0.9399255190075397,-1.1307408711364584,-1.7053290231136313,1.008778881788853,-0.03791721748846102,-1.0369387230074143,1.6218699881503715,-0.40042119484697664,0.5726288209085068,1.428171090263329,-1.5566880914415442,0.5524295504902931,0.5232671416334828,-0.16094644899306146,-0.863584529857456,0.3352723387516803,-0.6382257665120592,-0.19258647609075896,0.47875950416849616,1.02254060644651,1.4271341324546745,-0.41717367913481557,0.045519263841177326,-1.6354606577092283,-0.4783592325473431,0.5042221484378541,-1.337242438464455,-0.2179273022293829,-1.7586578537300168
2024-11-26,0.9299034552085192,0.3242031657559309,0.14565691828035005,-0.21048009753043542,-0.14426915368962048,0.28041260771460896,0.6620197937178176,1.071657643287604,0.22052294645257087,-0.7138558700172655,-0.36058481867280723,0.5603922068187955,-1.1007998522150808,-0.9434683196351124,-0.5700277745260413,-0.6740317255356829,1.8012909679533369,-1.2799498148131068,-0.7247319167589158,0.7693691792679199,0.9822321436289756,0.8478633802088855,-0.28107453534057586,0.16533202879950706,-0.4690692011589696,1.1259642711095377,0.09527837505587168,1.4526548637605372,1.0178945819493297,-1.2708915679314143,0.23917635977012464,0.4096507957660764,-1.0686850201033966,0.22592749450467775,-1.7670489490687518,-0.6372761964614987,-2.241957532779665,-1.298912391078238,-1.8282250329694845,1.316662052342808,2.03577947655141,-0.34280143153047105,1.379113590131491,0.6270888953949095,0.6246553962404353,-1.5714611145872854,-0.9438538123721106,-0.546257707478708,1.1292421341939431,-0.7247886585397145,-0.52153391082607,1.3444607949269547,-1.0987684496374341,-1.5332449717668912,1.1441410857196137,-0.7203124682739128,0.244715569355394,0.8809582734067415,1.1713723925670685,0.7296636833962008,1.198940933546363,-2.188660609871724,0.6814548848623757,0.5295270873910048,0.024256978632270648,-1.5090671108701463,0.45992455122584874,0.0599043829999241,-1.1497061535565491,0.5025049621302813,0.6800459000012152,1.7016525978617216,-0.5015061069889214,0.07402829241713503,-1.0685447106594956,0.6131966527386016,0.3307056693494495,-0.8616174498507044,1.0209236152309158,-0.9648585945288513
2024-11-27,1.35326397328708,0.6896283645462986,0.5024272227011304,0.4171816986697675,-0.20887021507252707,-0.2898012974927903,0.2558874837450102,2.2982907941625372,0.7454314073882868,-1.1081480472952971,-1.0911238243254942,0.26202760579194845,-1.114412000500532,-0.4504228432395006,-1.3560365903457994,-1.131687775540629,2.011581076057249,-0.8080150921611009,-0.8307302146985456,0.9257411225102797,1.2644259337333659,1.8134303631702693,0.036161533542643724,-0.6035383237150996,-0.6609880330910638,1.517447394317433,-0.7643012387094408,1.304460973742681,0.6388986887821388,-0.5471640917827382,-0.4434924550596166,0.39909236857857167,-0.7438525318863187,-0.32099322531210106,-2.1996113640337933,0.4999523659961672,-1.6672489615360888,-0.17549511303438523,-1.3085884668976422,0.7658901238871618,1.1541925922326666,-0.46069749475835625,0.37013464578863914,0.2480831879868754,-0.39978059937073757,-0.3809154707517359,-0.969981801433163,0.8549323695176885,0.9375782276014188,-0.4830550670602147,-0.48858490329857995,0.9610259099568736,-1.3036045675996613,-2.079661719621639,0.3982292429627428,-1.494485644093133,0.38202192679732994,-0.02936992957487706,1.0974084328731377,0.635950121437641,1.5719246726900762,-1.9702390082652348,0.1247374738474634,0.025382858174409943,-0.5905041369849098,-0.9238432461513146,0.3458585740987874,1.0699316367623515,-0.4471199913996264,1.0067557190357173,0.46836756317165684,0.2981721424548167,-0.5515271269908548,0.08637157239190067,-0.7099329757250675,0.9501906047403104,0.8947618754240313,-1.7363308670754702,1.6024041652647583,-0.34147975393622965
2024-11-28,0.5657342291950924,0.9663616371121441,0.14024558431133596,0.39577364401217124,-0.25667365149390114,-0.5343552217375253,-0.47116212696597454,3.1302236785636377,1.0310323675892725,-0.6931020185052761,0.029086728517126445,-0.4640676625524946,-1.2831829869075317,-0.7097925759385727,-1.1088768265426276,-1.1601721338763578,1.233487141092285,-1.429130760504489,-1.1934900219757205,0.32286558927528036,0.7092193275356451,0.6586313162532395,-0.39591200088199546,-0.3470781405561105,-1.522567020232007,0.7624840280634393,-0.26247437624757664,1.3202198740739306,-0.839032351349805,0.27178080282809364,0.06971056883078486,1.3145562351380211,0.5473216924712163,-0.6796658923850277,-1.5227707733100675,0.563547816048437,-0.9231222723580941,-0.4495335172612502,-0.2399120506027604,0.9194025274311332,0.5780006370417352,-1.4322123096200405,1.1496575488816183,0.5387637618926476,0.3823476896657568,-1.9176620415157055,-1.1526571923491058,1.1722662265106536,0.24509446259474008,-0.1819298667743244,-0.7935476643546931,0.37368718767484166,-1.4008598543825042,-0.7488463427005373,0.732274112956959,-1.3820754301040734,1.5169239890529622,-0.624969057278714,0.5636110444228347,1.2186461299196225,1.1940345736763311,-1.6260462967818639,-0.018417750393756156,-0.15045890728804684,0.09373726319789051,-1.190873264533327,1.70615642128023,-0.06598732220458628,0.71646069406647,1.296194242332082,0.004075747612260071,0.8933753782307858,0.3021008096860488,0.5208057375182268,-1.4987971839666727,0.8542249488522524,-0.08456262680742015,-0.9644745628650263,1.9423616817921927,-1.2260330210958674
2024-11-29,-0.6848513643109619,0.676732128509964,-0.2672040478297884,0.6854085994995627,0.07702260724952581,-1.0759304649253272,-0.3776064428297618,2.139732606072452,0.2833545356808273,-0.6100779721623705,-0.44461053762323777,-0.805970237635232,-1.406281484219781,0.35179837171286976,-0.4864266322403913,-0.4947077919192993,1.4782350630510008,-1.8250307441816547,-0.36484692362414894,0.536732899187229,-0.007166723036944493,0.8362534401829472,-0.48392592052274735,-0.09776293244725914,-0.8052279436472403,0.5044817357356985,-0.6530682158948267,1.2706803198139025,-0.11245286980575696,-0.44646691256065746,-0.3336236101578824,2.342409438183064,1.0326956160289087,-1.0512578717212575,-2.6970540547216144,1.1591558513212985,0.4649013350959079,0.4794392015430652,-0.24957109862353447,0.8267336520649229,-0.2788092521789426,-0.5555145641710267,0.5202551904256241,-0.11926490947396132,0.01117699566992409,-1.9210160913557477,-0.5506276356824675,0.7231488015252994,0.9574844604386454,0.27964018743077673,-1.0308504790079547,-0.16495139611516826,-1.4477528571786393,-0.7201310322497357,0.5797453037591167,-1.8607158656569385,0.8906873189639968,-0.1687516636729206,0.9155913988419507,0.24428476683980754,1.1301103053123915,-2.525197868933705,-0.21116476490840191,0.6969315292553286,1.0188991092543822,-1.0625782832678414,0.7337471155694214,-0.3258699143829841,0.1680087874401404,1.6134736160573055,0.6940250838657466,0.5891717096414921,0.5161777392480342,0.050580244862156,-1.19175867270199,1.268042025792478,0.42959198235824825,-1.5535245021088344,2.0855183160959867,0.20754316010753437
2024-12-02,-1.03906417627575,-0.5192859907874949,0.6233104966032706,0.41615948798820684,-0.4447485188058394,0.1580385915910921,-0.2888952275765862,2.1729876287576073,-0.5638315099086315,0.027578254282293723,0.12296885669315061,-0.42066155927726817,-1.2954587080992355,0.10523044023038612,-0.28315091428016964,-0.29098169234893656,1.614387860584817,-2.6691502875875392,0.45956117847850064,0.3751083887263371,0.97362538179242,0.707565422993942,-0.5924114714386661,0.2914179220460564,-1.310697762809835,0.24204219470515376,-0.78760835708286,0.9016357973621902,0.3261458020828834,-0.49663428959531347,0.7997340444051159,0.7561085413519351,1.9683081255756205,-1.0935251013787612,-1.750903562951898,1.351084016356992,-0.34411574107880355,0.9111419759326015,0.12570433811829526,1.639292457096268,-0.041617973365566684,-0.42765143463636923,0.33139586317108505,-0.34259573807863164,0.2528819040261425,-1.4567347129183739,-0.21806714959751758,-0.1839004459988552,0.9191287355916902,0.2287491594517579,-1.7982694907205998,0.37223650390542196,-1.2891728270348493,-0.46654720297576097,1.0042127914751404,-1.7576001349714871,0.2024964678966713,-1.238896136802382,0.7071618676265277,0.8313715161078176,-0.4622164360812175,-2.485722086335043,0.12328401567853382,0.3021664139720048,0.442566185281104,-0.8190779481419198,1.304289523316263,-0.5920964462756773,0.2895942547163558,1.5283396992681626,-0.2849053047228147,0.7556491346666001,-0.25194602909083147,0.1068060259925641,-0.5405068730040332,0.7165763418845432,1.106398581728833,-2.1458311197810245,2.0861508020825177,0.31388737022167373
2024-12-03,-2.21187400345181,0.21974073211668313,-0.7964863383311952,0.561770215685489,0.305640599822313,-0.17531005106720385,-0.007677895965779285,2.9696530857682757,-0.7135450912750384,-0.5401302251645757,1.0470042522729484,-0.15623351856488055,-0.5198072598878797,-0.7942929708280898,-1.3720881249307815,-0.7798719648041227,1.3765964213451045,-2.611938043482643,0.12926355192517017,-0.4468800048892576,0.9975902761347896,0.14278534829019832,-1.5251246525679887,0.14942227942650047,-1.0548371184768401,0.8124057841012037,-0.7708966069002521,1.3446994817126057,0.34279561026009636,-0.5374235007599589,0.9289241770819732,1.2234414112431915,2.181212213986038,-0.9624558542088131,-1.4618832645946334,0.5645584003876123,0.04851494067183453,0.20490066785366987,-0.03954905885871947,1.8732197546312268,-0.4496859545439277,-0.4419846946951801,-0.19952676285790347,-0.6410927524951309,-0.48491368554752085,-1.235041915419111,0.16310073688826146,0.5870387474900246,0.5875393018864971,0.4461835494257003,-1.4359759894971187,-0.08295327663736189,-1.5512958186656878,-0.7544000828674917,-0.15541031168109226,-0.7705046760486748,0.7806320720111751,0.11629161400494846,1.1390368673018474,0.9015669784323022,-1.024291386984341,-1.5605813834539157,0.6738888679888477,-0.1569091003078284,0.8042748964433725,-0.19278411497850642,1.1969762028463753,-0.34581113977569294,0.7169984725218228,1.083128513352813,0.1628308070701062,0.0327478054548289,-0.04198724734704472,0.26907269459574956,-0.6720902327842905,1.205126416754488,0.17751647349864488,-1.4890439593245146,1.6817736810533332,1.0147261311847358
2024-12-04,-1.4491554673105635,-0.9634218518861267,-0.808552211198788,1.3450123014033657,-0.06485875333033851,-0.6132342347414311,-0.03256768578107269,3.347352302983159,-0.7581757294496275,-0.8780889181319687,0.7287688334088449,-0.5313689415904396,-0.07565960610991448,-0.5839153985440733,-0.9514808189073692,0.1271014015721065,0.8249486337598848,-1.6046272042614051,0.3194385710208986,-0.7816777024604611,1.2629347797766795,-0.2971072722640941,-1.9915324440572704,-0.15048894100921237,-1.3332770692909723,0.6751486443641217,-1.0207802688480716,1.5951903382945607,0.6224078573469728,-0.41521629941372146,1.2931447506140157,1.6795567135764935,1.7501702718499372,-0.9065254892810671,-0.8919564754272559,0.9598222326639027,-0.026656098471022086,0.27893762610663475,-0.19170026143897856,1.5258191856981158,-0.7721016320193249,-0.40203437299623657,0.13920253865954732,0.18241404389014312,-0.9725778275206117,-1.1889324742124225,0.059497243185848314,0.29919764959405365,0.3850577560236855,0.8954115154136966,-1.5443606772038625,0.2887524688454697,-1.5825429606715544,-0.9594039787519509,-0.32094927773322174,1.0131845559715866,0.43498711762681186,0.009823105406241948,1.0562294613362049,0.860514885527721,-0.9448470605636876,-1.3952174298321791,0.02936011092028478,0.1037920329437216,0.48020148257964196,0.3667572868398792,0.1644966106887752,-0.22396005555812867,-0.1866075504959517,1.3764224257080697,0.6803031789602971,-1.336832531694889,-0.742799764093524,0.7279255524380832,-0.6151569735880883,1.536986859226848,0.24425558547466678,-1.3257980895636863,1.8567842059238857,0.3088356820797063
2024-12-05,-1.4822757834067224,-1.0303312942574048,-0.8277039239644141,0.5773640510661505,0.5209657325682768,-0.991392639794631,0.21208352650119394,2.7562973788338305,-0.43718803367514175,-0.2779910062041058,0.7268695742884809,-0.7315617717374162,0.6379202290995661,-0.2627700029754561,-1.4456918111759727,0.26332528524853865,1.5960867155053933,-1.910045990964175,-0.10498455714560845,-0.867648849026206,0.5123106440829699,-0.45025208443257553,-1.4547253345058364,-0.2145543417765502,-1.5582524341438448,0.9730961168396378,-0.882888079425981,0.5969143921444683,0.6793724758696772,0.11053822001497639,1.0439406500191384,2.4912416992040503,1.484061985510255,-0.559151813386091,-0.781759283226376,0.81609722782303,-0.676862484577116,1.496838533464047,-0.8959243815827377,1.6773559483076164,-0.07510541526015381,-0.8203536880741008,0.15862011873769266,0.06766110777098644,-0.49821113987778914,-1.1813306480654258,-0.5715450762473153,0.77389522498261,-0.3321929181441942,-0.1737807820181628,-1.4453101859621285,0.291679988895031,-1.5019357372818924,-1.3907365136334813,0.01334191498946509,1.3991622425224874,0.6459499283830475,-0.4704726049540906,1.602491490199577,-0.17086264555511876,-1.4737627997147638,-0.5391034881758011,-0.3360480896410924,-0.14934542933527162,0.6475167493518246,0.6773782118862796,0.36796755613500587,0.20113764182072139,0.09829092652774388,0.9167645768855833,-0.07705169877287062,-0.8974966701729105,-0.5072845562421422,2.0845800203069618,-0.2755223666107551,0.4487843236202972,0.7083821786780871,-1.4936081324934918,1.1786452425913534,0.7700866569412632
