,Asset_000,Asset_001,Asset_002,Asset_003,Asset_004,Asset_005,Asset_006,Asset_007,Asset_008,Asset_009,Asset_010,Asset_011,Asset_012,Asset_013,Asset_014,Asset_015,Asset_016,Asset_017,Asset_018,Asset_019,Asset_020,Asset_021,Asset_022,Asset_023,Asset_024,Asset_025,Asset_026,Asset_027,Asset_028,Asset_029,Asset_030,Asset_031,Asset_032,Asset_033,Asset_034,Asset_035,Asset_036,Asset_037,Asset_038,Asset_039,Asset_040,Asset_041,Asset_042,Asset_043,Asset_044,Asset_045,Asset_046,Asset_047,Asset_048,Asset_049,Asset_050,Asset_051,Asset_052,Asset_053,Asset_054,Asset_055,Asset_056,Asset_057,Asset_058,Asset_059,Asset_060,Asset_061,Asset_062,Asset_063,Asset_064,Asset_065,Asset_066,Asset_067,Asset_068,Asset_069,Asset_070,Asset_071,Asset_072,Asset_073,Asset_074,Asset_075,Asset_076,Asset_077,Asset_078,Asset_079
2023-01-02,0.0035186017079680823,-0.013872907663264121,0.018246281181699315,0.014106772621496042,-0.0014848288397959018,0.01769144835241098,0.019439495466771352,0.0023174990578595242,0.014494800066531395,0.001275122167699004,-0.011188077598150967,0.010320585819101244,-0.001963930253744932,-0.010025901712079144,0.004700987834181228,0.012601677423326785,0.02543425838616768,-0.0006071148863460514,-0.010240182789831456,-3.1550782273149884e-05,0.01651449713699843,0.028076410496174643,0.013071250328159508,0.013753871256548617,-0.0037647186495672986,-0.0048690762649094095,0.011316312336471904,0.008041995378794922,-0.014116673658091838,-0.010174006835087877,-0.000971644120324601,0.009633463323541192,-0.005789527921296916,0.0056077091979915405,0.008281873536597697,0.010536938509674222,0.014922727125805486,-0.008002587389027852,0.004364056614979427,0.010634263696837194,0.009557293276390709,0.0018800777211457939,-0.005052334671576504,0.005402235257398509,0.003917084333439203,0.005738087235379227,0.02000092203805781,0.0010846637069272342,0.0037454755213836323,-0.020814287591746847,-0.005081622276876928,-0.0008362890136487831,-0.000511783169914353,0.017129311701111077,0.01363180106470231,-0.015201654241764301,-0.0013124581908614684,0.013633008209655573,0.008252429831910168,0.003455275266485815,-0.0014657455019734377,-0.03045941970008812,0.0019950681272997003,-0.013162716231996191,-0.0011844421180537204,0.01638620260159162,0.012720466893162858,-0.006017380856156249,0.005013731464446424,0.021215000715344018,-0.0008238483223733622,0.013897637351127848,0.00588239608780323,0.0026241811152238987,0.0011863024138543217,0.031858577051221804,0.022209244634316984,0.006275281599569376,-0.0010934635030078262,0.013651997777274175
2023-01-03,0.041048449441327926,0.015240945397912672,0.028951056228547697,0.0076205675917059845,0.016287997206336467,0.028257932342170798,0.019624811919769204,0.02789021118879171,0.012487848873805876,0.0033316724911130755,0.0260149372789573,0.010597076643050323,0.03249438315082646,0.02262429708957001,0.028356014159743693,0.007259814874187177,0.006340214605103889,0.01575900299776943,0.015108807443550042,0.004879597022685384,0.022125822110454114,0.029102201611961448,0.028375112680845742,0.01554436106178466,0.0011475444994851376,0.0015509650267510533,0.003944381464853852,0.0075936198712235475,0.01918654062036068,-0.0030033664661061827,-0.014566111466609495,0.006725363834936653,0.035205446366058046,0.018387677567943326,0.001679667579184833,0.025072170636269,0.014515408581900561,0.0043565092307921854,0.004200729106677639,0.03128164060349489,0.004939335465900703,0.015154797783904642,0.00822868927802117,0.004480327336141177,0.02660580064622975,0.022944021080684253,0.009220412838451627,0.025204442119910145,0.0075496717318010815,0.01893997075244034,0.013005493276428269,0.0074466589724637745,0.009718619733472272,0.0065939059679404645,0.007042979477928833,-0.013198221416973566,0.011047557004981633,0.02658728320366013,0.01278245588137649,-0.00016492880428100112,0.025327766567656278,0.014069910311998644,-0.005578557592742067,-0.004320845396299027,0.026089413809287542,0.004523119682288686,-0.020552160085135197,-0.0013989509335683749,0.0075202411549037135,0.03212738396839679,0.014395262189096744,-0.0022756668933448763,0.004592904617591948,0.025762221741782824,0.0014673809466602909,0.022472833640343422,0.0014235105509991953,0.0022728367077318925,-0.013485799398906255,0.009719894529453698
2023-01-04,-0.033331423910079636,-0.03371396198277745,-0.004298948340883447,-0.016239293954809015,-0.031045365309984363,-0.03848114692017391,-0.01780640167934336,-0.03463038032373843,-0.031551910995002076,-0.013843815592113081,-0.02943846553087765,-0.03778930136687571,-0.03485079763875449,-0.03466828854812705,-0.012121751865167119,-0.021757203928941975,-0.03428634896589859,-0.02523408186006575,-0.012203647952623272,-0.03224318007886916,-0.023670329881900543,-0.035295186508649955,-0.008636709835003833,-0.02340952548126103,-0.04415456472458715,-0.030993033119286792,-0.032603201599270513,-0.027969825082899274,-0.007064212983622413,-0.024546520389487732,-0.024811195364812022,-0.04112541353456926,-0.029716683131565745,-0.034705965702383254,-0.033813217641850135,-0.034546094656073584,-0.02685613977761816,-0.024914021252758618,-0.03318796784008818,-0.015063423121014921,-0.04289823797678609,-0.029129518585274718,-0.0105456993018567,-0.019847636009855806,-0.02449063112035633,-0.0120415161724208,-0.014834443057460591,-0.033028398783669484,-0.026676003658005723,-0.032860855029067444,-0.02586017089263736,-0.0353100597674886,-0.027750650506851122,-0.013177161918406677,-0.024996062293111736,-0.027792033748810386,-0.03802807933830568,-0.017369334231489522,-0.04638742675849608,-0.02592883130236589,-0.013910107486171294,-0.024579464041218513,-0.03317780675750185,-0.005079634935613872,-0.037737560019163986,-0.026429568145092407,-0.03209812034888173,-0.02825263775522189,-0.007270203435902718,-0.04379649113640678,-0.03699661441635588,-0.031194404211413163,-0.01982149307590915,-0.03555673467357644,-0.019309740526596474,-0.01522698899858599,-0.03833599666831804,-0.026918695734504568,-0.0328103392183314,-0.010081740718882409
2023-01-05,0.018765286121028624,0.012554829542448838,-0.0005553996461280337,0.007630420788867281,0.0011236123788962377,-0.006385656821258379,-0.0031413335996219377,0.02175333710509837,-0.011318029427136837,0.006172023066852485,0.005492838112732865,-0.005671918697265197,0.007840707518031014,0.001538106278121636,0.012565068406059348,0.03188471287138419,0.004149367834923298,0.023888314678136825,0.005244929240802625,-0.021479548849578728,-0.004824707225224462,0.005526704507350499,0.020389875813526522,0.0072573099162420674,-0.022744555784587683,0.007826765807915444,0.007012897490858616,0.0034581773177286114,0.0004361668760799522,0.020910257939999895,0.0010960155486739187,0.008544293823934838,-0.002516592469793859,-0.012840733114994162,0.007405645232655777,-0.000289305916748063,0.0010883277357973536,-0.017367086323739497,0.0003818757081758712,0.004748043766751442,0.0029044628636098,0.006397069979141223,0.011758072177332296,0.011845896081245793,-0.002895085381407595,0.018755801104318195,-0.0008801405287214819,-0.011122283632559028,0.011172802319325804,0.0002837804566903114,0.0009873612578236678,0.02268412371042705,-0.0038863354802525247,0.010720050272866634,0.009232686297054949,-0.0013669112403664379,0.01200279258686258,0.00602768036285644,0.019747860475446317,-0.0023857742339077857,-0.00876864494852949,0.009973004558793398,-0.013290866499675874,0.01942266499928109,0.0008883017735055575,0.02386141231311979,-0.006824468412878154,0.016349215881788684,-0.0038569406575726306,0.0004536319652508709,0.003964651647694174,0.007788243225099581,0.008215438343495364,-0.005325788089793067,-0.013218014662202118,0.0125001456735908,-0.009082133999698618,0.007575462872922237,0.007709894226252007,0.006799108452072451
2023-01-06,-0.006149590166966007,-0.003255309058175312,0.00816937738658123,0.006280200819109353,0.011276401706167298,-0.014007548726873454,-0.006323219036438098,-0.006774764042926831,0.0001907508442083889,0.02354556069010021,-0.0039809378451721895,-0.008990926484013995,-0.0006739161891949398,-0.016720077824270093,-0.023378483788773337,-0.01599603111742429,-0.00870894314303226,0.009252122097244193,0.008638973816957147,0.013287826033078019,0.007799112395369528,-0.017160830679076085,-0.001245738199237051,0.014895388426032479,-0.02011667551622914,0.004576187621563291,-0.00357222052367916,0.00793357861926247,-0.03626713453316015,0.0073357256159501776,-0.011781054886014594,0.007765824559593453,-0.019594187747875382,0.004884409599870331,-0.028031362789753385,-0.014956186660476826,0.00269754242963469,-0.00907992149297434,0.007927063373535891,0.0022941386915280625,-0.0061421330425647114,-0.022828547798272463,-0.00168392273100668,0.004236065813045072,0.0032778161080803912,-0.009732623635101797,0.004763844241732484,-0.003792758396171299,-0.0008430400537233667,0.01823352816547155,-0.0010939119338419464,-0.008638552209117693,0.0039509260914369305,0.001252645326355761,0.013827032649554101,-0.015787591240522713,-0.0178152100739256,0.0014287611524573447,-0.026432309652696943,-0.007340480468554076,-0.0009853979849819552,0.012130469306475817,-0.0013973558559892815,0.00980113163356942,0.00022356944368055482,0.0023939169391776387,-0.01722955447426661,-0.00983206990096851,-0.008235765827272673,-0.005457118117337213,-0.005117083538630806,0.008082944118334642,-0.00579591058356943,0.02441929659014954,-0.014992530453523435,0.007753281225407296,-0.01615879115307173,-0.0035439141559004653,-0.0007020191961701551,-0.004262269728950973
2023-01-09,0.005282077720811642,-0.017049199739377196,0.008048069985011192,0.0005464186757873964,-0.01338137008136021,-0.010512153134585332,-0.029004716618014473,-0.014391325619192463,-0.008164170131079984,-0.011755785777349047,-0.0021694307121605545,-0.02713325171057409,-0.01293022566816043,-0.006471774766301622,-0.0036860093703180944,-0.01051470079689331,0.0018071456949983085,-0.041334792269023625,-0.029507379715770117,0.004598145573290533,-0.007442197777710118,-0.01804900494334223,-0.013387186030354067,-0.018744111612245543,-0.0015977806312234702,-0.01173223916709429,-0.014453226096247055,-0.010579796659103238,-0.01483369861133493,-0.024312262032323465,0.001888834210410176,-0.02695420320693765,-0.016634313198291954,-0.02200714232404099,-0.02610874782795891,-0.01721871362567658,-0.0211465335741904,-0.013211627082246769,-0.019001334015194434,-0.03387905444725485,-0.011892129940205196,-0.03553177544502102,0.002143952754819987,-0.0068570435677114145,-0.011761862111820483,-0.00996544117789157,-0.014088373022501106,-0.0114162476287685,-0.009342495912655503,-0.020096095481348806,-0.00021010157770000489,-0.02393054025637064,-0.011472211430045932,-0.024952954213695932,-0.016597076416175995,-0.005414257366824342,-0.0009405697797020517,-0.013244498382321583,-0.023163136163596186,-0.012243496181501225,-0.01891252913227845,-0.03207925727896743,-0.0040465957655889,-0.006661094645655564,-0.028928306731945106,-0.016284373791552374,0.007254916810619544,-0.00901689654090138,0.006372208929889968,-0.01839641973343839,-0.008002087015852448,-0.0207601601813669,-0.014490353540124925,-0.023504503345211012,0.0014646620833631396,-0.012798486201111802,-0.01861367339486439,0.002344709260366444,0.00756887140610072,-0.011734525511543081
2023-01-10,-0.028304378837783764,-0.011420499513780265,-0.018760237399251898,-0.0178535573295608,0.006144566496096383,-0.02532034583302356,-0.016893835992673648,-0.014304134289681669,-0.022415561443529124,-0.015707214466491145,-0.018733963916850054,-0.01990495584168123,-0.012772782270859368,-0.01110094102554353,-0.022620135979775028,-0.0270451205799703,-0.02479001799777464,-0.021863719503862764,-0.006947992851277424,-0.0012770277031460952,-0.01422305185721377,0.0029965371018803397,0.00628991393146845,-0.03483969946095174,-0.00786391351705369,-0.028593919020053257,-0.005542747280570324,0.007567556740754077,-0.007147661203664484,-0.01802203406179481,0.006945579103101427,-0.02434493033136937,-0.007773901248975332,-0.02032170991350706,-0.0028745936582080197,-0.008682931508295706,-0.031533582545846,-0.015189304969903871,-0.0031542222195886926,0.0020692502268121575,-0.013962443107698702,0.0014006961745123975,-0.011475627289527595,0.01774539146439803,-0.018697891718107793,-0.008323390229610988,-0.023875063600437653,-0.014846752590718399,0.0007504675078163501,0.024702295719871706,-0.013794045455167898,-0.029871457257682768,0.005262058176049276,-0.008031691133135151,0.010660976906931453,-0.027758711419924056,0.014681947741874249,-0.015615551629775473,-0.010602882352643568,-0.0020885332756785217,-0.023948147614713308,-0.013145107747051,-0.0265136578020274,-0.003996789748957462,-0.014512849653020712,-0.03998879059554887,-0.011967703580256908,0.00047035166473269807,-0.0047899448605878345,0.008950623317822762,-0.006412431564775356,-0.01726207187469163,-0.010034440698060256,0.012769705523312386,-0.01758908008845821,-0.0075733573138604335,0.00033811267665127126,-0.006762737794804504,-0.02296649291760951,-0.009177278220799142
2023-01-11,0.008328457372063525,-0.008729491602859695,-0.017700268646302777,-0.0058834336233394265,-0.010412630735549948,0.014898212890534888,0.0035566853714374107,-0.0349298255960223,0.00304846922262377,-0.013462951052271764,-0.008506125857542495,0.004461603145125184,0.006662157767684314,-0.005965613597488769,-0.0033470237030123508,-0.015475019557301415,-0.01398074216502145,0.016543012646546475,-0.027096497432499318,-0.00798320433653352,-9.573285016948631e-05,0.014570168260412637,0.017207792112625984,-0.008850866793172839,-0.0034683604926545025,0.005972706924995438,-0.014061342894280144,0.005261251215067654,-0.016412980521292274,-0.023575905633980054,0.005653443654636419,-0.01314066537075493,-0.0021502287150270815,-0.002798002769709167,-0.019627314958959724,0.010391654743134793,-0.0017051743652219935,0.00025617907368609416,-0.020066599004507763,-0.017435273316546138,-0.01810404342299238,-0.008568514505165388,0.016111651103652917,-0.02407203174947759,-0.009119394467895234,-0.019896550063595114,-0.0157188416550457,-0.014421496036698869,-0.003494296004118657,-0.03557979251313361,-0.027264477196534458,-0.011201961671736232,-0.010885280916231574,-0.019698467378457114,-0.005983888954608168,-0.017397594534615632,-0.005602411171896591,-0.003489464426867168,-0.013637929838354322,0.009337453395065393,0.0002904595506448386,-0.012036400325873811,-0.018610033356265588,-0.011945692995681049,-0.029965932484213587,0.001614509873517113,0.01185446412408266,0.0004413562378066272,0.0030949161330852855,-0.02372535183576256,-0.002149917529449282,-0.0149168332384312,-0.02191705650699988,-0.006558858303099858,-0.024534399864846415,0.006898615509551264,-0.013660973294883048,-0.0197145997460741,-0.00407956583107592,-0.0019090133489016083
2023-01-12,0.008986416630977422,-0.01408377912588572,-0.0036728989481543714,0.012206561215438349,-0.014652191120208992,-0.00296472540091796,-0.004470258092861937,-0.014091723130640783,0.009612168133014229,-0.010090598255407661,0.012138867501395232,-0.013806791954649879,-0.032975824712696236,-0.010147327414354788,0.0016871931344243358,-0.008142769476292418,-0.0030335673647932035,-0.005445642489312437,-0.012933682838375472,0.03242350805577565,-0.0040930181276608215,-0.012310504891702208,0.028273171856888622,-0.014070188050371583,-0.0018130308019434513,-0.012339715924770393,-0.017727972208595347,0.010493513561514392,-0.002337912563025438,-0.017179596982988255,0.021317853098719954,-0.0015569507440404942,0.011856595391346151,0.010199790184814216,-0.02177581012847835,0.008814108574296941,0.009852685619244118,-0.0009789579514797517,0.007933078921849301,-0.00579072270896822,0.01655965492054326,-0.012155537606329833,0.01758957073009615,0.004606352728538063,0.002930428058458106,-0.017082305351334252,0.014550103906522035,-0.012257494173284072,0.02007055652150095,-0.0008134895206466817,0.003788712293357987,-0.0058914646468155776,-0.005940383554850844,-0.022241241685206838,0.007485123006136053,0.002336682268123434,0.017470405022526423,-0.008394632672609365,0.020740561450858095,-0.011956619536822238,0.0016936896353364661,0.0068175076555426865,0.0037732198555570015,-0.005033541089906702,-0.01847967562011804,-0.0038582870844316736,-0.00871528041998974,0.02328655047114564,0.005990477197458477,-0.0015759701077552404,0.015402621800104595,0.0075117151982320735,-0.024625447602193956,0.008418637462624792,0.0038440341873983252,0.0058491445783189055,-0.0011874542672644602,-0.008382959138728684,-0.01641302501570897,0.009079778744864828
2023-01-13,-0.009754315998461653,-0.01268077173115999,0.030718684693551553,-0.013954912035317662,-0.0128974615141391,-0.0009437682925724621,-0.009904972069799609,0.011029368118901428,0.0015536118267268787,-0.0028003357911260142,0.004570139905809162,-0.004874931082011189,-0.017304297429526515,-0.004113256926950721,-0.018698395732759533,-0.022201425312605695,-0.013466385786093764,-0.007055044405799469,-0.0033016991503724558,-0.042338151423187136,-0.011985565577176234,-0.027513000932880192,0.001802294439524837,-0.014686607879079463,-0.007789668865679195,-0.017493976263560876,0.0007964725083554796,-0.026538594333359367,-0.012252254883342046,-0.01364463694509016,0.01567443099214816,-0.032145907965616005,0.01176104230157761,-0.009721687315383153,-0.009121113181356806,0.0051794112568596465,0.0016481809780454597,-0.005923918251876126,-9.372812263801905e-05,-0.027882824066042367,-0.018535823247826076,-0.0007235102057607601,-0.017686457172697026,-0.011011097530161235,-0.011813925401426267,-0.023121214268667055,0.006196900788698754,0.0014817088612601812,-0.004461464595102899,0.014101324174366311,-0.02249342190023347,-0.019569498497759033,-0.01508392864145634,-0.010917329242656492,-0.005744191466222157,0.0018208578054063826,0.02222565522543807,0.002218018949547133,-0.006878800470764987,0.010167690266140329,-0.005210138738987475,-0.006544004952876592,-0.0006229184114677662,-0.0017179740944646416,0.006026990044398916,-0.029400100322923176,0.0009028888122550767,-0.005822253437368528,-0.008053967980714217,0.0014450256307768986,0.0052011788065103445,-0.01588563632629115,-0.002751289402887881,0.003930626059435259,-0.008144419882532297,-0.01746463670738165,-0.00492499503574811,0.009289799881957191,-0.009167673269686092,-0.0005301343559002197
2023-01-16,0.029975497392517883,-0.018353998221902076,0.01097278139070833,-0.015680115777227707,-0.00041382081434178635,-0.0017361127659010103,-0.009880156512032995,0.005502959295566998,-0.015515586459181729,0.016018785984466717,0.013691043610402279,-0.026024164453908007,-0.01058861257636798,-0.00552107348511182,0.011604817359524452,-0.010251777048318306,0.002185878103714688,-0.01146190676429457,-0.009825179111894457,-0.01983680317946267,-0.0022830587449840156,-0.0012275690659052016,0.0019661032295050502,0.002917961459645875,-0.01421717725706723,0.022564752868334988,-0.0031223205510006106,0.008043185412797504,0.017555816457145663,0.00831891218020547,0.015821433033169702,-0.00839440952547107,0.006719755754527294,-0.02467351726955616,0.0030340050030026383,0.00018436396628617423,-0.002372881438714356,0.0025998538364437676,-0.020510014111288256,-0.013140320097957363,-0.00038025285033299713,-0.008826965634783128,0.024883340298531082,-0.0003443354647415268,0.006874515639446442,0.0038535221883607253,0.004981809934447175,-0.014776732092996174,0.00656720369983165,0.010758175261581814,-0.006292710311712196,-0.0008604388662482032,0.004182842068061287,0.006956100601542512,0.013609404497823312,-0.0007616521127454402,0.02261159445869197,0.001889802972451453,-0.013250170128781318,-0.003245067581235121,-0.004704749581438434,0.005572183279564303,-0.014873984784037283,0.0075923630353553675,-0.00226007003568066,0.027752712432913464,0.02011079141016262,0.00674982618659584,-0.00426244666426614,-0.009124887442940245,0.0023387487882615995,0.005749132034205182,0.0003055633057979726,0.004966131249755801,0.007379211450833396,0.011083501873581762,0.02972207937971703,0.021233086512213072,-0.02125814248658987,-0.03645560132515434
2023-01-17,0.015128337923667728,0.026487529834868913,0.01754060390222091,0.01699424408586127,0.01805693823842261,0.0024660725751815588,0.010081243591895273,0.016696014728989114,0.014720043540447494,0.008232119258886717,-0.007405910616658276,-0.013494219523018651,0.002184104548768726,-0.013411010178089235,0.004715488932692388,0.018829793996148814,0.010472251842208293,0.010487185442105359,0.010137387579305407,-0.0073999570384627265,0.015792284000966043,0.0030259982095513895,-0.0007024543875102001,0.02125858588048978,-0.03034360025646968,0.01122312633494908,-0.0007266686268843506,-0.00373444723663171,0.0019485374404153,0.006237199335475157,0.0005841000185653122,0.028210552415879383,-0.008681368147533949,0.01306636036216201,-0.00870544250692017,0.02364824201147132,0.013422821458977252,-0.011053755368696377,0.01596933746829762,0.02533214619593622,0.003155368859863134,0.013101083547312053,0.009938927042838008,0.005840826920540575,0.022151112581020715,0.0036242595991456002,0.012208675068155393,0.01763945491258529,0.009314706202557265,0.012817458962704089,0.00046887518297841595,0.008395523137880764,0.010385034577657892,0.004628419372986956,-0.016562338777742117,0.018145476490520094,0.010893997515993183,0.020940752063670243,-0.010945891978677576,0.003197680959283486,0.011761596694188272,0.0017778196252270205,0.013075019452410273,0.007575706311846332,-0.010382192645392495,-0.021081199293346745,-0.005996206875972244,-0.008205487571503831,0.01936926814310382,0.01549532067683922,0.018417670291749132,0.011085734037516911,-0.013441429280631453,0.005706247904127297,0.026068093144562213,-0.008071052210525755,0.012885241673737138,-0.0008612451432483645,0.0027045572728771287,0.007506164735834419
2023-01-18,0.015315989147299536,-0.014094739136688517,0.0021088089175127474,-0.030084470634756985,8.107686055873345e-05,0.0059149143839525315,0.004060878492926935,0.0022644509510328543,0.0011747545362620544,0.010605571048317946,0.020887803410576302,0.0008830682499716665,-0.02378709987614607,0.002138739352965598,0.008744917439842632,-0.0006816910054583541,-0.0054534875485739796,0.018290570530046638,-0.003008251066392946,-0.020291643691206163,0.004544564534606587,0.008380002498258583,-0.004371759988476803,-0.009407241231159862,0.010858575284033022,0.011239421492215379,-0.01198901445960688,-0.008404213308715425,-0.004548382167437269,-0.00033836221626285315,0.01566884154395012,0.017503232522395388,0.004448436740277101,-0.015571960207630159,-0.0009002994436005112,-0.007052044066936262,-0.008544118847741358,0.009932376358759633,0.007632577466878711,-0.0010483319956531515,-0.00027020791235668343,-0.007564063008324964,0.004356390332117063,0.0036112852265810357,0.011665418566921678,0.0005478600127343735,0.017509490786335197,0.004006449513011742,3.151122031149964e-05,-0.003434528336570214,-0.013668691915889682,0.020890551618566677,0.013590390093553659,0.013040899098660538,-0.00244058970264606,0.0016901341270442673,-0.007819832373572672,0.0008242934072372463,-0.00473607349199738,-0.016460563970169755,0.011169355917232065,0.040835579741377234,-0.020293851333145138,0.004867175539988172,-0.0030758010111226076,0.007070850833291131,0.020646802528037696,-0.025984192820667076,-0.008944629304840017,-0.0053696268559424234,-0.0030520217287810184,-0.008988012406341443,0.0003379870222029748,0.014641211193413453,-0.013994809692990834,-0.011878022395823775,-0.004266192233295143,0.011450054382900792,-0.008476671886051047,-0.008383954452709673
2023-01-19,-0.011257904520327273,-0.00909418125033078,0.009455323187071098,0.007882579953660042,0.01786812121430424,-0.015123659557509862,0.003772893924001825,0.01588149733489351,-0.022488075233268408,-0.0269042852608264,-0.009939600812299547,0.02296694900040917,-0.00451524254860769,-0.004789246945690474,-0.007994736693828176,0.0037215604703531653,-0.007447689263023434,-0.026255511955710326,-0.03195283292099466,0.01721532949642096,-0.03511116618593715,-0.014583456393292116,-0.013231203007142795,-0.006208262485155406,-0.008818092012772737,0.006430338349759273,-0.0016160514200382631,0.019572613326263227,-0.011878157467630563,-0.009520102675740591,-0.01874680512897225,-0.00767292340974623,-0.003785356368651835,-0.03510573313454997,-0.0024127868921891855,-0.013705001893100359,-0.01591204530578106,0.004397932242363645,-0.019001480451758136,-0.012420007840418398,0.0005516645964024139,-0.010565241697979871,-0.024451988888867356,-0.003343444269524337,-0.011483373233171137,-0.007139466985692741,-0.005269821169158445,-0.00826878700326833,0.03027303308812798,-0.014636858221336712,-0.0005858641253990654,-0.020778967219630923,-0.013183633488519406,-0.007707431640190785,-0.01933925370666553,-0.007812389100605263,-0.006344510763018334,-0.026943398702703722,-0.01404796214827708,0.004348741789697407,0.002154834206680583,-0.0003643280080429887,-0.004889582713600266,-0.0020453205910889913,0.008184663682695352,0.011501184782822013,0.015598770110332026,0.006485173972965061,-0.00731439213245434,-0.008045914191334776,-0.018172903584128444,-0.01060053526636157,-0.010974658995740173,-0.00473964079751809,0.00426193548358082,0.021922866732047887,0.014864537046559632,-0.012738059224743102,-0.004051724583263414,0.013563308690937071
2023-01-20,-0.0037548815948754135,-0.01154686049024972,0.015787887524455993,-0.002710354146394607,-0.01754918675742975,-0.012460965007715454,0.00841576728180115,0.0011090121793093152,-0.012064941763584736,0.029774697052242602,-0.010764664810423052,-0.004746683974770322,-0.0031302019419583334,-0.019173729589520353,-0.0018934126980275404,-0.021123823226195274,0.0014879469801619399,0.0017875505944147648,0.005477052233171277,0.018316366392871566,-0.0007126673590864402,-0.023300284024792572,-0.0023447809619710227,0.007857468207885776,-0.015632729729842698,0.0010449740571204023,-0.0063675436032836485,-0.0059383023623343426,0.0007374977033959189,0.008387423704548761,-0.0037444073017063417,0.01588734055976453,-0.00798118432797688,-0.005722800686160387,-0.008864086215971742,0.004365803374769907,-7.057455324093018e-05,-0.00803181529538538,-0.008425112992848111,-0.028330374950279524,-0.010537824377799702,-0.00024525611652447866,0.02094021285638151,0.0035073987334055144,0.013488866004927585,-0.010196947828420315,-0.008386344129253705,-0.037874397248428934,-0.010190584543225578,0.01225467816406262,-0.023228270480720827,0.001379608174016214,0.007581200021101637,-0.01892617277004593,0.008788105278156296,-0.009985636323478812,0.013416640620897091,-0.01376502522999933,0.013719560498576805,-0.022800845367116202,0.0114683656018003,-0.0060416500793829455,0.00739077090218042,-0.020936964699225492,-0.011479405725458424,0.009319605383987243,0.002695067562210142,-0.0053143852789055545,0.017480089534392625,-0.0022949422294749693,0.013622999683357954,-0.019262978801009353,-0.009561340622384342,-0.009701126120913284,-0.0026268146842687275,0.031190388043498298,0.0092999021685936,-0.005725185325671928,-0.0005135195785882455,-0.018877487930931663
2023-01-23,-0.017113049455257684,0.015586030221424654,0.004572062459498774,-0.000745019901869759,-0.01785073159021084,0.0054620777209532494,0.03799100353652049,0.017897805158923863,-0.00982075390900498,0.00793445180736831,-0.0015031608807516824,0.026606457338880767,0.024106274515017553,0.011463043399874306,-0.0018382302467206983,0.018444291502843827,0.0015625648232111232,0.010932455253747024,0.0118317161039348,0.0032900870311199175,-0.008286790168240049,0.00881854723827991,4.1564039808490716e-05,-0.004568284574211009,-0.025133281260488166,0.0023770480947289054,-0.00831374219403939,-0.015212414682138863,0.024606693855733257,0.019374001458366437,0.015076923786333404,0.027616609958922317,-0.018909113402847646,0.002964948104343195,0.005240266606056707,0.0091214444264748,0.013198228234365082,-0.012026322865494654,0.0003286046520411543,0.011853352883710686,-0.010838680670953369,0.014565630507585156,0.012562423132581347,0.02628509644580173,0.019987968068847513,0.02120203189454238,-0.002251020539925255,0.029490760268196248,0.010190493782812131,0.002691933226564668,0.0007667011188274113,8.069328240757753e-05,-0.007339758137216318,-0.004437319683591445,0.010417785283108936,0.02637288446391641,0.006034267674100268,-0.005505284060493837,0.021444272064819497,0.016479550949419948,0.01644940660678605,0.022480529840151565,0.033724619014402026,0.00792547754975787,-0.008756939438562365,-0.0015455787712106601,0.0029474158902337575,0.014255706670208444,-0.006365281939584836,-0.009482700104193904,0.012005329755865173,0.010274462426084752,0.0077032148272753636,-0.011434141434907612,0.0025630624116529136,0.0014696578436389782,0.020810877247064485,0.004269455670861132,-0.00226002301395402,0.01531676024885232
2023-01-24,0.019768228098768846,0.010112413674295842,-0.005214327225783742,0.023752084364188845,0.008064024519085625,0.002662887564095008,0.013517421915445544,-0.0009724158310593072,0.025605029888905728,0.022430798894107797,-0.000618934199557334,0.007162528275601824,0.005000075178488163,-0.001188487173350987,0.01248606132603108,-0.0052357574526692655,0.01969439172529859,0.014848838175938794,0.011399957738974238,-0.0034299076872823728,0.005699765883569947,0.00015999958187018102,-0.0033859257538089178,-0.005741229263853348,0.03273937010800019,0.008267278281429322,0.005872363861435574,0.013556396349570898,0.031315934536329484,0.00921469492129886,0.00905396715468699,-0.006229334903768858,0.04102772055168379,0.012744798442807983,-0.01666353451187458,0.023804119226770497,0.0027718442292918102,-0.007494943488781368,-0.0012688727223130539,-0.018397820050760696,0.012877136644499541,0.027759698080243214,0.008268795989136123,0.007239539006275104,0.006881781452537209,-0.005533386526004056,-0.007306201255599338,0.017475797688314067,0.026247461146452898,0.024487278957459474,0.015686630300279506,0.016149688383937537,0.008412138249775453,0.006834655041342161,0.0065321642734855745,-0.0054653163165071465,0.012385993001969218,0.019704463230556905,0.013367781651338225,0.0036151409462292167,0.011327583533639923,-0.004658230227308551,0.0042908210798389855,0.02165689907359323,0.03943286024203743,0.017158642695949206,-0.015851860832823472,-0.0018308163600372386,0.01134623867653985,0.017769997844402,0.02440374143228302,0.02945886909890301,0.010453951240727559,0.009063040555876669,0.02177415984847081,-0.017643971589149793,0.004931302979863572,0.017566586826927747,0.013760504529598278,0.00985757055289448
2023-01-25,-0.0052762526543905066,0.020317965979550788,0.00010700501064838525,0.0018590694017027592,0.006642005374819519,0.025461260024090226,-0.0046885968176328206,0.004455313611531961,0.002739765415700952,-0.01625395527132235,0.01715906246247715,-0.015359926992710042,-0.019261402308771425,-0.003564669501612055,-0.018426100405831838,-0.007275907773396463,-0.003683426662805806,-0.024026565990019073,-0.0006122204210569954,-0.025369895019011768,-0.00584472325375355,-0.004239358281514591,-0.005483756164203211,-0.00543007927610343,0.007101608678436526,-0.028179077277622935,-0.005251110250825024,-0.0023689518986710553,0.012398756085015403,-0.013492249011371362,-0.0023752455668155066,0.012275629830089015,-0.010306017208422797,0.0075925474067049655,0.00545889579616997,0.004753054237035367,-0.016390097436413897,-0.011852769282609574,-0.02644844011749775,-0.009515025997668196,-0.004432902485378698,0.008174068228945352,-0.0003032888064631316,-0.006678845320578948,-0.01999599776366033,-0.030311915745110402,0.01024911054064542,0.006165362415105991,0.005197584127928217,-0.023393441345502107,-0.011794561219819342,-0.022096004460527004,-0.011931471420861641,0.002963075778349161,0.00900073567652167,0.0020401496621734677,-0.01572061393372192,-0.006496507477140368,0.0015973171118202592,-0.024582285928770008,-0.012787664303131845,-0.006917684526069717,0.00034944606735583467,0.0029161856893763598,-0.027513730793911798,-0.019423609797339602,-0.018986261707519728,6.359532158755656e-05,-0.01788160861999348,-0.015293934634552656,-0.024760255338545343,0.003828891882011386,-0.007439520901070433,0.018797491969758055,-0.038064003399359635,-0.024761151920751876,-0.001987975302937827,0.015094197787515074,-0.019420424003559242,-0.027416849027465197
2023-01-26,0.009475904393178866,0.0007109270212478404,0.017338222589557754,0.04070224977236118,0.0036312780559749937,0.02298617762216927,0.007360138429237431,0.014452334702257336,0.00678437929200516,-0.005542017757156289,0.023496094571053977,0.004192342192405857,0.00848067075629129,0.021957188502702618,-0.007262270390075751,0.02185207335341136,0.0030627878763132936,-0.008238110375444203,0.02710231320285359,0.020589794060344956,0.003661936783621299,0.022613856874944833,0.012402000680900853,0.013051367615656015,0.014351168969472403,0.005308691286401595,0.03347930184927984,0.025069513186839008,0.020311911986337753,0.007498200873029862,0.0087409631061973,-0.002626559042331224,0.021028504923117884,0.008443944977378317,0.013543923004147525,0.03210417253116618,0.028888820813831262,0.003723700786556969,0.008150553577017057,0.012293361098989843,-0.005417972490484091,0.015024483111485637,0.02016416218367697,0.017864340096555256,0.022898158995515415,0.021248390814677012,-0.00011447941427623724,0.008449553109454494,-0.01245170230104244,0.005518125380747419,0.019293935484710686,0.02584792921270432,0.00823414651083122,0.018624675941193082,0.016588907456917733,0.003588712386273998,-0.0015966650528085932,0.026928149802943904,0.006347412387636877,0.002797677297839349,0.018933434360309753,0.009885490240335856,0.020523544157427784,-0.00016526386961789128,0.005118222847570932,0.0102413576735311,0.033645351668529916,0.020908157525463492,0.014142114700893278,0.02566232647474973,0.034814756948862095,0.019759696692396654,-0.005065770262505454,-0.010288199837572941,0.020920408628816577,0.020229594069183465,0.008532083562331571,0.0034768518466347965,0.0169104152095856,0.0018581455754189896
2023-01-27,-0.010834269828576324,0.01059779992370413,-0.006031037325522955,-0.0055711823378707045,6.094802543846591e-06,-0.005083751021329847,0.009414070909751151,-0.0031836086347833623,-0.0046696812692568375,0.013364198526661712,0.0028523628153852287,0.012056943875032214,0.012068320333198952,-0.006691768579318723,0.001982535860665018,-0.001056372020294601,0.020046114297279226,-0.023792267941756498,-0.004550776743892216,0.003461477176813916,-0.01354365104106088,-0.023141931724267328,-0.0061107780865791335,0.002798422412582106,0.008397305203970726,0.011353466288041384,0.0031815412630037715,-0.002037213310296271,0.0011447006127472258,-0.009017193185205136,0.00633021253762825,-0.004605457277922292,-0.0016607990666921257,0.004741415172618732,-0.012140102559332254,0.015051395746372834,-0.01357110233967112,0.0016256341298281542,-0.007159721692435407,0.014913196977017916,-0.003643078469552141,-0.0020287743789725284,-0.0038781209569686394,0.007256343076230369,-2.2205546442442044e-05,-0.021142651992881237,-0.0006174130667404173,0.010847493447731948,0.0006684166575324595,-0.024380907663188203,-7.953353306427947e-06,0.0018268100492856898,0.008761541823615151,0.00819739020723972,-0.007874014331612455,-0.003687345887929235,-0.011247408826115543,-0.0038015320049121105,-0.006297697404952041,-0.0001886081070356315,-0.002493096205233247,0.004180671119001495,0.023236780894921153,-0.005734016225037457,0.006897124736079607,-0.00869933150725213,-0.042579388868054645,0.004971394534835841,0.0031789592321442386,0.01952280810749694,0.008938555554460687,-0.004582574989814114,-0.021620824593251837,0.0008534082598857717,0.009992257610109103,0.03310664769023827,0.0036280331638652353,0.005788408113752294,0.0030724188060968706,0.00699996804080249
2023-01-30,0.00875827794593849,-0.013098536878819907,0.0033617582154893324,-0.0011965242839776956,0.0022122790410103368,0.0124634344520867,0.021529959504729232,-0.005552155263007277,0.007175763889329421,-0.005251122136157433,-0.01213327988494183,-0.0058251940671938274,-0.001272883872579161,0.006870164977745469,0.046990929563519565,0.0036650233210338496,-0.008671627032578663,0.004602996319787918,0.00033955515329195905,0.015911613017332325,-0.005647934415121032,0.007174579970719916,0.0241455779969795,-0.0014208207344575756,-0.0024385179443517325,0.012136202933827911,0.0010315426219325206,0.022325838226684023,-0.0011435552454851148,0.0002741132685027477,0.01909730649530609,0.00329921839234563,-0.008730755102070682,-0.00514256939082529,-0.00405201866099848,-0.015012387308348724,-0.008554429482348778,0.005757161992293232,0.02022088555238831,-0.0010380839135758191,0.014374120534626875,-0.007328303676428108,0.025626190788708047,0.017371204862108434,0.009857957022903357,0.006099014254033118,-0.008313461279427269,0.017585028202924156,-0.003980649125962703,0.0007071073613482441,-0.0021496719492920587,-0.0006585292856872663,7.160203043103886e-05,0.029162959554319388,0.0092282244901714,-0.0026103984682108086,0.011858903990060937,0.005771535650611839,0.012954802486809847,0.019081237599659996,-0.0027711697719894394,0.017971568831143172,0.012250348818466037,-0.00807838471166247,-0.005487475928387278,0.010044192574954489,0.008570151900626842,-1.1519120923403e-05,0.005469288324197933,-0.00349858704272548,0.03164240425129023,-0.007660614933152989,0.005016101753980493,-0.01952146580554814,0.020717200625655872,0.018434451536304082,-0.0007076432405995307,0.0015150238678929273,-0.0026511320993131172,-0.005831770690105212
2023-01-31,-0.0034957741395280095,-0.005605894999855355,-0.020228590153734426,-0.0007573644651633668,-0.01832146700081124,-0.023800001032146995,-0.02961721889227186,-0.016876384810581783,0.004895538843820126,0.019059419125018847,0.04375117237241308,-0.009170974998938004,-0.03246437468316321,-0.015358436041634834,-0.027112969036818577,-0.03453750895400296,0.0015504719075736667,-0.011597583510521103,0.00359455514441549,-0.002585943182546544,-0.01985048167615546,-0.03753429458378535,-0.029002274364967197,-0.021888226321798022,-0.015434218557404811,-0.011849079009772457,0.0071359839529783805,-0.00355767214117447,-0.024477829327654577,-0.00804756762821097,-0.015688341112308785,0.007880554142881791,0.029226402562698713,-0.025432697308218427,0.010082061549097765,-0.023577174751851945,-0.007995111340934247,-0.02927638060287747,-0.0220277656251511,-0.016185280956159256,-0.0035511772133529672,-0.015008463436393917,0.002100600485882893,-0.007241775910748066,-0.004711050696364962,-0.010332251308840511,0.005927832486776273,-0.009774116407917421,0.0029337208090141013,-0.0203546482654665,0.0019113300764643836,-0.009366518814201101,-0.003906286002644295,-0.0015483852898826953,-0.014125866087899844,-0.015121083019271283,0.00518740068227712,0.0002269862788804658,0.021201243476831763,-0.04293106937634823,-0.005235205807705303,-0.0014710436009454245,-0.015591604494008976,0.00896149159929376,0.0036594102175466015,-0.009801239318008647,-0.012744628764014061,0.0058395874266932764,-0.003993081337058595,-0.024787124076480878,-0.01732901643475058,-0.01669730961478942,0.008368802626457731,0.00639555394244248,8.493112963559339e-05,-0.00553194042466064,-0.006290436975355227,-0.007153734065605817,-0.02097575366445527,-0.027093566903271905
2023-02-01,-0.02295006062941462,-6.804735643296464e-05,0.008287908513197743,-0.0124779315371638,-0.00860445453349326,-0.02060155797500792,-0.021589032210586917,-0.01439981484333025,-0.03009234368784435,-0.01262238753485737,-0.00671370097204406,-0.014658628328191488,-0.0014822849642788048,-0.02835716777440403,-0.02241443408564961,-0.024181821463832538,0.0063475515996892894,-0.021562205539122553,-0.009180523631360328,-0.019676990127220614,-0.0033131782774987652,-0.007044826671241632,-0.015259902942833962,-0.01049700354972133,-0.0077432722811895775,-0.009301067838144715,-0.00048017548614542535,-0.019685961375149632,-0.00713714068972973,-0.0251612023661499,-0.012773452695293487,-0.022439371412884483,-0.01209383582108695,-0.010762254002852818,-0.0012751086176447674,0.005144229941216723,-0.0128561003194692,-0.02876510711092395,-0.025340556323040293,-0.0181411124414267,0.0010800109778899454,-0.04023347444049091,-0.010150444829416043,-0.012815167470963978,-0.0025390467417014274,-0.018853719855869547,-0.02146963258144545,0.0005777529543261918,-0.0027545856753267376,0.00422324734389741,-0.012715773647368592,-0.01421814895849981,-0.020737190798096897,-0.006304366264649738,0.006168821367375536,-0.03180349206888536,-0.004494741997473307,-0.014612361411197676,-0.009056293579696726,0.008586121623139369,-0.0026846287142637763,-0.0013041219155915697,-0.007242070909185818,-0.0027218761670265708,-0.00360841455733874,0.01958595092395664,-0.008974089466826143,-0.002616486129615835,-0.020481041860797036,-0.037296528458033,-0.00019682949198264986,-0.01274555251511541,-0.0010673164609661797,-0.006130334112854938,0.007296622952706418,-0.009355582747703713,-0.0283149780444078,0.002332585209644869,-0.012637922711369726,-0.005997534380504021
2023-02-02,-0.039359324576244706,-0.0028684038622562406,-0.03968609674312268,0.002286539997315514,-0.007920557197265577,-0.00046666290048073735,-0.01172751850836206,-0.012468919698897418,-0.021028247395377397,-0.032773487887923614,-0.019668130991212267,-0.0070217084842392995,-0.0034319420605349706,0.0035731056079081726,-0.005057325914736622,0.01295221219416828,-0.019705828395064153,0.01337468560131087,-0.012241591829274354,-0.0011013225134778098,0.005301391794832824,-0.045467406227207866,0.0071112907109781975,-0.006530747214210535,-0.02099223768085483,-0.013769167632797799,-0.006913617102695337,-0.010773455984234792,-0.018516292056048732,-0.005367369484169391,-0.020262206014740713,-0.02926726711986565,-0.014275197836876665,-0.041086875359783906,-0.012001446322548008,-0.023025659451293264,0.015158957778738914,0.0025425685613803487,-0.0043543089258096905,-0.0282724469982241,0.00043371328421243187,-0.0314322847549133,-0.02030131477971897,-0.03190073698022253,-0.011296068234332409,0.000283648461001157,-0.016298685117335628,-0.01900570016694861,-0.001331344250503531,-0.008863984221759054,-0.017829571176224034,-0.004468392957522297,-0.01963737052137963,0.008526938432665675,0.0018903256380651528,-0.017745208586666686,-0.009060551575850027,-0.007277064312423207,-0.004034166153643791,0.023448187346027296,0.009247583865999517,-0.017338340960731915,0.0009448029038315632,0.025477990639493783,-0.02545318412010352,0.01044141897336517,-0.009531917161047006,-0.0030035600758211278,-0.0030793877974729165,-0.00997113814533747,-0.03002803645308933,-4.2893101360932245e-05,-0.03076819338052645,-0.008367692246552557,-0.01640124065407764,-0.0095562145908558,-0.002509870645226141,0.020358483291635785,-0.010483332688207005,-0.005924104569059724
2023-02-03,0.03266400506097476,0.023107621530158846,0.01608498671968568,0.005935501072410774,0.012284455146638807,0.029921229684600457,0.02528345989093381,-0.005175824135494039,0.0008386998792764347,0.02273066026539977,0.00035933111252834,0.012644534093419823,0.011400911485269104,0.01732930291077167,0.02343865986146043,0.008897453467213445,0.03656911598989229,0.02152401009363984,-0.001814499321840012,0.0034192543739849264,0.009157268867970325,0.013769605170894619,0.03213387446983499,0.005997952581967457,0.020392590235782763,0.017533343174053476,-0.0008431939665608321,0.011353716783055407,0.03485798301974437,0.019485159561606562,0.011603842575943093,0.024244071070425626,0.03175118986876344,-0.013516068205894613,0.009386441074011554,0.016387488077904928,0.024578739865038876,0.03515227021341073,0.017560943250973363,0.010702799080539876,0.011629585416468602,0.03359288836025252,-0.01378694899731148,-0.003139796970632533,0.033248960415544655,0.019167752040888414,0.014645321650219796,0.02116361156022794,-0.003890617906114127,0.01780328197777237,0.019367870063842767,0.009506820702486483,-0.029340765999778633,0.015910357488542717,0.000347262891889244,0.03299102337462149,0.03358551388623861,0.013824464838317917,-0.00823373906930973,0.007563425543626835,-0.0006877471840916523,0.026152390849868822,0.018532541930965613,0.0009697915434246588,0.025271954623868435,0.04441726762400845,-0.0058249862969587535,-0.007035767139036612,0.013462058767739036,0.013819255764313315,0.023598123642964576,-0.0020229408861009504,0.01886894277456222,0.012921457035800683,0.021832133197839988,0.0038256205162361667,0.0234463311360579,0.007723884876277355,0.023631956532014036,-0.012230848015726348
2023-02-06,-0.013534943448767251,-0.0006797512209886294,0.04262872038018106,0.02733718625662406,0.015160135795969268,-0.002449277975043902,0.02693437027305812,-0.018324758908489756,-0.0116985374757344,0.013133690599280932,0.013753161251110351,0.01572934967644101,0.005023628044693721,-0.00021555958996759793,0.03647811787683139,-0.0004265064565936033,0.00860910319360671,0.01641870319441861,0.00736341686926624,0.02939299850434376,0.015668774683038626,0.001610460053580033,0.0058592498210572105,-0.018715765524154843,0.017029902694665568,0.0029318275773591203,-0.004435086466315227,-0.004067039885560156,0.029306946017190572,0.0010645861502976382,0.015523724180767681,0.00955791748430422,0.0382385178733856,0.005716408366860583,0.01385113073741997,0.022712709959055756,0.013759556315806332,0.009438631430679446,0.01599190371123863,-0.005414390843387634,0.026914728240386748,0.014775463465783518,0.021844366326688968,0.01603530722551831,-0.0308811524730934,0.0033791898041506804,0.017854195743509823,-0.024764914284558046,-0.005008591547020451,0.011140788033840518,0.008764471746489306,0.019220629542533663,0.02857398571031905,-0.001981432437837028,1.1245475342470251e-05,0.0037291960291365857,0.02713388787879089,0.015608097559154611,0.029672816772512618,0.020050658672645834,0.020219044637297432,0.004337626349701117,0.0005064668570373496,0.002604846353303825,0.0073908347365430295,0.03363532521218421,0.03045041539369044,0.004935786760076492,0.008986407245044084,-0.00974988066608717,0.010266079685464297,0.03138233655123705,0.017353342939285962,0.011362160492853934,0.022919813387411586,0.0036491226979186507,0.010206853633485223,0.004787886122013703,0.03791066920819494,-0.023686578276927238
2023-02-07,-0.00378331498750122,-0.024114585772154435,0.00792256619068291,0.009462319936209806,0.008707745401272936,-0.009230679741891294,-0.011568769674915515,0.008895524334873414,0.010767856120856883,-0.00022937082327852175,-0.016966530537391174,0.010487416357885606,0.004155990107889189,0.0062094997443668505,-0.02154785156098149,-0.01337715739525234,0.01580665339416966,0.0200662076816273,0.020618130792094312,0.0034382066805996453,-0.002243554621019859,-0.008390358660734228,0.003518883042998429,0.016742436197697257,0.014403200396728238,0.009872497158039532,0.00423387984816972,0.008534242272374346,-0.0035125852715887865,0.013155243891256791,-0.0029903465416815317,0.014590728715243341,0.010989005236324335,-0.007726541925474541,-0.0062668473820992054,0.03552613670742365,-0.0026972061906661493,0.005699570985766479,0.020773597022864226,0.008713181262197802,-0.006947471499959455,0.006064374202691547,0.030350595880601995,0.01674267638237658,0.0428150155314545,-0.0201909650993285,-0.005884781519693213,-0.015046538311155856,0.012208103419401872,-0.012446692085967898,0.0019370344880664941,0.0031055057367858803,0.0035327479945217494,0.0024163795585735743,0.007596077755644745,-0.010799281733335084,0.0104054978700031,0.0014559130192062886,-0.010577727118318598,0.022755832031652812,-0.006678114378116069,0.0056748896580923365,-0.013124954792515263,0.033945450114735404,0.024466996733419902,-0.0037137101694449566,0.01603518050398519,0.013105962500834106,-0.016319501885085536,0.012705203283015467,-0.0013906564164472713,0.016134963203739368,0.0029975153567611754,-0.011282908613917652,0.004885720743787351,-0.004399619498375288,0.0026973905190936305,0.01205922119421096,-0.018125632374668996,0.006065835862012993
2023-02-08,-0.006140090770478428,-0.004139687948623169,-0.023685771355543516,0.006619638391112039,0.002445894648263535,-0.022314857708849608,-0.01981897552303473,-0.01694961516050843,-0.015265588927057915,0.009978072174677978,-0.003526670116665044,-0.016864771605564037,0.012685519088015988,0.0036541182161475448,0.01424185219035768,-0.009924667532754578,0.004402246833619464,-0.03325654377087273,0.004013573285530788,-0.016340361486470195,-0.0002838712376102312,0.0025973666340044716,-0.005047130546562967,0.006329157862326448,-0.007015854422909198,-0.007617145227990316,-6.21311839405789e-05,-0.022815163142583424,0.016730990238981853,-0.008089845816641354,-0.0017001806962960893,2.930560411130642e-06,-0.007736192888858227,-0.01570726745959226,-0.015516919507005171,-0.001026511516236837,-0.0003054132990675702,-0.007343187141305493,-0.02321850436839969,-0.018864572727371912,-0.010953075146613063,0.019634331348121897,-0.021067371925787916,-0.04351802843967863,-0.004399325428944915,-0.007954537559317375,-0.017479779338853953,-0.024926370962182386,0.003547487842383717,-0.013945618095147508,-0.0007851284976104914,0.005481137158076197,-0.005887897332893128,-0.009231291516418053,-0.011123379253809964,-0.014939400123551477,-0.007220767820614007,-0.008394635767297244,-0.005825877881145086,-0.018591875441839198,-0.0022890573506061875,0.003628655416908423,-0.0030902998779134706,-0.02933202113250534,-0.02886952516700749,-0.023798017041079537,0.003563717127660744,-0.025974016507182306,-0.008919137206776614,-0.003844710913487194,-0.03081628483727438,-0.01932380444755411,0.018296739370765813,-0.0057802075675034955,0.015545104752508917,-0.016957794009097374,0.004673993096345155,-0.005919943523396725,-0.010752467591435208,-0.0016021589211670795
2023-02-09,-0.0025985182794610083,0.004844408289913815,-0.004291835840150843,0.002804932839776121,0.013756077662139857,0.025487361845275457,0.010482598889742754,0.0023980102532564084,0.018901806545112376,0.009624439819422287,-0.006656602552953764,-0.01321519459078071,-0.020278653594414737,0.030752892526081377,-0.020072018001175945,-0.0016928688968564124,0.007917639167162543,-0.017516620441358016,0.019188757336796317,0.028002809323835556,0.003491207032951033,0.005679417045770309,-0.011076274693366498,0.005760944179037914,-0.021599987446313224,-0.0010244283518645624,0.008202370054639654,-0.006412170870583974,0.004012163325071837,0.015138059018625229,0.001898041444334273,-0.00424355093298151,0.011298148068592787,-0.01168249034326552,-0.013534826918201202,-0.008034085018177668,0.003924587578821927,-0.01303688794228142,-0.015688699049913317,-0.011473242401145403,0.005194232552789543,-0.01115310505208291,-0.01424172009640012,-0.015408889547879874,-0.010623185663479494,0.0028612631524992686,-0.015868281662670673,0.003218144558949332,0.0005998641467570799,0.012933471972544575,0.01931994215778055,-0.0025757177231963578,0.007181786839995062,0.01748052889219222,-0.0007949747533996941,-0.008305798239358791,0.008477480327895155,-0.01648507972046278,0.004259371642588943,-0.002369140775765145,0.0024392034398591947,0.010485965459627213,0.01478990836131056,-0.007307381213967855,0.01363855742632265,0.00010338863067385802,0.016242956981797573,-0.016126431277403902,-0.000870189131911288,0.013258414199852773,-0.0024914311316692585,-0.016900577567691987,-0.004328897884998613,-0.011094245073573417,0.02256510196313885,0.0017340542939702692,-0.01043876634766623,0.018025664362380574,-0.007207186250395649,0.01659606120183708
2023-02-10,-0.029150966953561022,-0.03513821778413572,-0.01605290668770884,-0.009109693240729716,-0.0011845898271488535,0.003475084502797699,0.01286224010294973,-0.0035893394220388583,-0.024725717200644586,-0.009394992829635223,-0.006156633715524041,-0.016037142991644646,-0.013422775753435865,-0.022830497705565313,-0.017970869552104016,-0.027842236091150885,-0.04090359983991548,-0.016971605685383622,0.011827851337025613,-0.009888490029257539,-0.0010053199730286257,0.012308227235282477,-0.023803612279965136,0.003124498679509074,-0.0033020201155564335,-0.019825534518043926,-0.021436706268130497,-0.007749351219255084,0.016466770612145895,0.0034828325408375153,-0.018001854542868678,-0.009176524417585505,-0.022592232941372213,-0.013406710640628025,-0.019984366183184145,-0.009721600434887295,-0.01733128075083473,-0.03492580349971794,-0.012242762435944993,-0.02247983171197883,-0.0312855605293293,-0.0404349541759087,-0.01550547040214801,-0.02225995218138871,-0.009515047434195638,-0.016855902255326793,-0.022030487101335386,-0.019592595405699263,-0.01492961375794164,-0.022088914357144378,-0.006360484682242103,-0.027366521466909082,-0.025078382103133477,-0.001990453171374206,-0.002097622040854513,-0.04002172450531126,-0.016363251952629915,-0.024213245879808616,-0.023891563485357127,0.007528342721834178,-0.0325820902458228,0.00103504353390123,-0.019335730069705168,-0.02538061076738702,-0.018255493433344577,-0.03125712379477143,0.004787507278725279,0.0003232000956678478,-0.013810382626481283,-0.010030985103546134,-0.00317379439213584,-0.030288554156433965,0.00019084662868236804,-0.02607121330787037,-0.009560125461491438,-0.014128629756692367,-0.016221909275721987,-0.01643381939809134,-0.008447053436499902,-0.007476712941484864
2023-02-13,-0.01767661416152452,-0.001560565796601839,-0.01724702928729724,-0.013886537264959939,0.014807289232312837,-0.010375844346066533,-0.01545593867251224,-0.0009556991739214276,-0.007684541786040718,0.0025011508533067817,-0.016506898979443824,-0.002349337925905563,0.0015433472715876261,0.004320373106089538,0.01531227536525175,-0.01157026975541192,-0.011738806208376288,0.0004643645013237709,-0.005192840001836037,-0.00510562995090456,-0.019040759128380012,0.015926703667486348,0.0017013205885592748,-0.028405201201493382,-0.0033677010130617,0.011786055657567766,0.025275040283724053,0.0013828504081381905,0.0015308881736991707,-0.00034823593185654995,-0.0062327259410222755,-0.0036780266364897984,-0.005637344219260201,-0.00837020062432823,-0.002312671275937391,0.0011163988013428298,0.0015243143319690873,0.004700982549913632,-0.021989476674784052,-0.017450196969362456,0.014789299403183374,-0.007161595701112416,-0.018132728353098766,-0.023664022548794003,0.007477435497166611,-0.008076865361298473,-0.014519144414310268,-0.016483168406762262,-0.012615780917823704,0.024542762332730523,0.003937672868846522,0.0039902674085614265,-0.0005598691679938568,0.011751973898968166,0.02810007850855898,-0.005992254946421762,-0.0060706269765621644,0.023529500661365967,-0.011877963138441805,0.012850155032624965,-0.021063756445479295,-0.0016335665097389394,0.001201787383572798,-0.008572879313532664,9.128083327579039e-05,-0.0021318563743914286,-0.027913489843294052,0.009592281591117583,-0.009919910374875222,-0.008081679582014282,0.018855471234187505,-0.01030522032883544,0.0028490143584505205,-0.006980496175715588,0.023302014960875125,-0.0072508356310201074,-0.018778614072425967,-0.03726795752354366,0.006304541087594607,-0.001241338424093805
2023-02-14,-0.019625264713880087,-0.020178021037814003,-0.02361816725482395,0.008579532184203488,-0.0190380303694685,-0.01707012725502883,-0.041888617726023376,-0.006015657511141214,-0.014462166601283362,-0.008639866248435286,-0.010413561985811632,-0.010538516586380412,-0.024417096203068676,-0.020765639986600533,-0.009295418689832004,-0.020941291827351702,-0.010939350112416004,-0.012730422606120465,-0.005739490120906623,-0.024311527564659582,-0.01902745548644756,-0.013232651973328813,-0.028747461822355234,-0.021864682624546015,-0.02253589431400161,-0.009728533396404851,-0.014049110419570708,-0.009593170367530365,-0.030294108456993873,-0.017860577166768685,-0.024490336872302513,-0.0014752144830492975,-0.03457922836894177,-0.02927232201370534,-0.01734362975382713,-0.025623511289607034,-0.024185873547018486,-0.02165154943694473,-0.04350494801701486,-0.015316151789191011,-0.03367591554717576,0.006650409466173339,-0.023019891114813555,-0.018992137231428764,-0.02615539759955806,-0.010019826004176864,-0.015434113090969006,-0.0357502623030081,-0.008612434938574519,-0.01187884051747786,-0.03427430496935435,-0.006363664805587476,-0.029015556380087123,-0.01641911545832185,-0.020219917573340677,-0.033430562649414394,-0.029339444642082754,0.00862102295802631,-0.03851551519312697,0.0014932214483316265,-0.017938706018614987,0.008139550518716643,-0.0009198015222568016,-0.02752227371822713,-0.024823768467960614,-0.0020559057882784237,-0.018925180798113846,-0.021543416941100048,-0.02238683160793975,0.011988951807408853,-0.01969676521524429,-0.01796000850526407,-0.0053547691754595745,-0.029097808975314304,0.0016600262617834198,-0.033818484928563035,0.00436525163392687,-0.004149446085589584,-0.010669834147120097,-0.02174693425918134
2023-02-15,-0.009509857002215304,0.013939609823517194,0.032268175504217116,-0.002240218204927038,0.01513468824070733,0.007678847347198099,-0.007527074827746753,0.025599746867266925,-0.00297573466100046,0.0023861780933891706,0.002058769437791911,0.001194359081121533,-0.008439828130973936,0.009381523173174516,-0.01095183750311694,0.023583703137795824,0.002765072479397502,-0.005960627174699078,0.00720473964392016,0.004257172664277493,-0.009706555165700336,-0.009768549760596134,-0.00630781404522474,0.013145186711480723,-0.004076272039665486,-0.017969758822255922,0.0015685488354758041,0.016975981339594957,-0.0042543248992791705,-0.01351666808339258,-0.009111900160442759,-0.004933172159333235,-0.0007898273550798005,0.0003528150958376783,0.008552904774541719,-0.005952578491517492,-0.01364259784012568,-0.01496483160990228,0.0018268763813843933,-0.018438202981022396,0.02012673964691176,0.006499533025481048,0.016760467708100267,-0.007273890663520337,-0.0016517446693308149,-0.008435434284023807,0.00996050990542458,-0.017110520269005187,-0.002346776148542236,-0.0169229469477279,0.01741644148787001,0.000396008799308554,0.0011672256855319975,0.0021647299264291988,0.009727507995143726,0.01979872715801066,0.018631022548141116,0.02477702077345449,-0.012372818592645463,-0.010196192981207382,0.005916909863482561,0.006331625370142096,0.004140124580003054,-0.015460749029355365,0.009866539616001011,-0.010283791694865938,0.003765501674365965,-0.005822126380154706,-0.01537110441627227,0.02546655507235253,0.007031831428572936,0.0017395015295398584,-0.011923319931502684,0.0034684251057658074,0.006061843487100974,-0.013338186833228316,0.004207688101176975,0.0044689977555832485,0.0041131489882064165,0.008480656660854105
2023-02-16,-0.015183548081257997,0.004283018855626342,0.020697831392245115,0.007200794118319904,-0.0024444679649733543,-0.0039001602247640673,0.01237469674740235,0.015221397783373995,-0.019105584248284443,0.004594323949527427,0.0009492974467682682,-0.016601359696453998,0.005609181988695467,0.0035839675667918712,-0.01318674527111426,-0.007651268933329331,0.007211805066885541,-0.0057168875623592914,-0.0033269780853334542,-0.01430582943956079,0.0032767622868278314,-0.022286686301228084,-0.024627056342792792,-0.006263170875759091,-0.014370634167391792,-0.0163210081294173,-0.009545989066136327,-0.020588862330767937,-0.0035118033181913617,-0.019057875259993865,-0.020324657486183444,-0.0066790991346133794,-0.009096039017802135,2.3862078462826225e-05,0.02571543979863117,-0.008304353119955445,-0.03965956789890802,0.006799294671466646,-0.022362357909618803,0.0044978104546439775,-0.01798052042243267,-0.0022226426910246944,-0.0015556104778260684,-0.007078566175949837,-0.025525375845770214,-0.009538245658886519,-0.020238732443181646,0.0002789262265188502,0.01856383003544936,-0.0023215846200472434,0.02413312600677612,-0.02266683197898821,-0.0008786871034343539,-0.007708373788634263,-0.01387705833110301,-0.029142786695538103,-0.0008432048893266975,0.008041227250019843,0.004740118143105473,-0.01876603611969355,-0.016343731417234608,-0.00893086961203302,0.0076817795236091505,-0.018811089218561894,0.0014564903449633569,0.01499227263603419,0.0012489188797874262,0.00225989157626771,-0.006494488255467485,-0.020043263718618917,-0.006332573865930353,-0.015307479490442519,0.0046181191526226215,0.009844686730455297,0.00406690943431623,-0.005458409591042202,0.004046686610700911,-0.012406941674209623,-0.03896547831868738,-0.016192025710172173
2023-02-17,-0.014394519697091475,-0.022900295827502422,0.011663141937462426,-0.026026445075579996,0.0020482202216497835,-0.006132447193758748,-0.011382931280785954,-0.004513792915116738,-0.02071822455558628,-0.007702386942001491,-0.0022330223216951313,-0.030830695069984697,-0.027306855183770556,0.012756979112512053,0.007491582865044588,-0.01367927374612617,-0.012911160156886372,-0.013668511153740355,0.00885671716745457,-0.012515793929360664,-0.020756827064066955,-0.012774260924727686,-0.0081688214803933,-0.00848754086210983,0.007403166058404303,-0.02397069287044276,-0.016095739136817864,0.0005696558093463595,-0.016668586025450308,0.00809095656308304,0.01521346408156734,0.0008665583045277623,0.005863443198701216,0.0022961998731215755,-0.011951312595618265,0.02080536439977645,-0.020553606223979778,-0.005311804436568226,-0.0022599277662199526,0.012669509974362878,-0.0009701382169804533,-0.0011605281468464491,0.004257943111869597,-0.017619630489520907,-0.013442669904756309,0.019033871008341127,0.020666438188774325,-0.007141774736469365,-0.0156290505412248,-0.004992866003172288,0.013769403251721225,-0.0017742508368708302,-0.008264214746500078,-0.0035553308118213343,0.005654739778478072,0.01281946932397248,-0.019389180774201577,-0.007978746944715565,0.006641252034801122,-0.01837545621723807,-0.010537216876697583,0.006200395279125915,0.007941738837495535,0.003922501904496665,0.007200908688716704,-0.008890427327386475,0.01808718882079245,0.012135179837091677,-0.004295578464001482,0.0023507872189396832,0.005564065561298195,-0.025920652074083388,0.012148787597580469,-0.0189842928091845,0.007716254107463325,-0.005688389372650568,-0.0163688715197636,0.007768175702522485,0.009265416801844624,-0.01430589728177612
2023-02-20,-0.02175863621688411,-0.010182598125487524,-0.007161676460159208,0.0004351581515108765,-0.03178194918537364,0.006600799710580063,-0.014101359468003444,0.005078634177493918,-0.005746150550210925,-0.00029103999885699006,-0.02426488614997463,-0.025310776663395484,-0.001501683255715959,0.007657238491763795,-0.005474609405935499,-0.015693076490701834,0.008974842982482831,-0.008536713413152522,-0.011638587762457419,-0.0029225171994974623,-0.006796030469814147,-0.021039486783162076,-0.007418649023967089,-0.015444596537415579,0.0036561688310505717,-0.009268513390894302,-0.009177854250136296,0.002040015460604795,-0.02255158776194418,-0.00993818478537948,0.0003602328981082651,-0.009174828234679518,-0.05106166165146986,-0.008709176858103901,-0.001567034695299823,-0.0027788242554601973,-0.0017422647892309422,-0.012652430628041073,-0.022783693058745808,0.002094855670784648,-0.005675214342913024,-0.016964455280563267,-0.014332200192632734,-0.00836708722924205,-0.004597024602261469,-0.013640448864264614,-0.011030036759247339,-0.021193200229699095,0.003742464110375944,-0.006841838105991288,-0.0059273086469195015,-0.01199471951181847,0.012069285290966757,-0.012490465331414218,-0.026722771361924698,-0.010903237083919015,-0.01979020612985559,-0.0475768139837424,0.013255256119592926,-0.014079624783238816,0.00570649301178085,-0.002535320370791431,0.004133937851182896,-0.012722451031950795,0.01939892655675039,-0.022230021245229346,-0.007606994701044888,-0.012365242560825404,0.007089933719385058,-0.003403689355567517,-0.03549437921607962,-0.008789989684080847,0.012160526739139992,-0.018399354645837522,-0.012891223428469937,-0.00601849915708784,-0.010966236479830162,0.007224894442507835,-0.02045424439113381,-0.002894300200038958
2023-02-21,0.00935644002595408,0.006407319049814032,0.009216361820156258,-0.00012131160180067074,-0.006666886474895284,-0.005473732051057338,-0.0021313189572594905,-0.00859340406666609,0.0016884313590536792,0.007354181731945512,0.0005974936794859169,0.010793293877240036,-0.006244557232722991,0.002146665736706791,-0.004489360408024657,0.016694031119975465,0.015696370822373306,0.024226836773687543,-0.0017581522119768356,-0.006717096999815741,-0.0336279826203424,-0.02029974619214575,-5.460662023963397e-05,0.007849652257221439,-0.005866874830952657,-0.0013293391655438283,0.007626114425289809,-0.020262306720106597,0.006111445226614828,0.006993397926658595,0.020009748486030987,-0.007156973076079555,0.0018037310478805138,0.007869503205650928,0.0086166260792532,0.016972212866563842,-0.0008769677389809962,-0.012862062056269018,-0.01191658633427286,-0.00493795545591348,0.005490501500855901,-0.0062058249149288,-0.0015734094750198494,0.0325532846366091,0.01506659717147343,0.018189420400022603,0.010343138833811277,0.009681117448093426,-0.00614628401069397,0.01716013297940266,0.005068349492196391,0.01743055976092938,-0.00010478264922922256,-0.0200264660603861,-0.0067875314725079705,0.008801879715574048,-0.009447324995113254,0.006406576065845125,-0.003085548941761859,0.018389649314745668,-0.019394811077037905,-0.013671370911217319,-0.018548007691142145,-0.016615493626875484,0.01104455708503672,-0.018067516979685,-0.012319682517828386,-0.006199787716512114,-0.006078990590141178,-0.013204860347038062,0.00024435049111650874,-0.0012509684963620208,-0.020437572162662874,0.007573231919595533,-0.0030911232572082806,0.00867989512159869,-0.005820268863401767,0.005980627332096953,-0.004445323069336722,0.007294869446908225
2023-02-22,0.024276747110863483,0.0038607929583971425,0.002618491248939311,-7.236177497244468e-05,0.0027664309733116416,-0.019232987751859092,-0.03516169595325448,0.010481076090469003,0.017801852904684293,0.0111277981669816,0.0026484708643181674,0.000949662345963788,0.0015038379237179269,0.017841781762054733,-0.005552789477778201,0.019417125636336813,0.0041226125676704795,0.004387853916820802,0.011084828382664731,-0.00165745526654396,0.006299351405911409,0.01557359223577916,-0.02932280532010972,0.016108370333048332,0.008042199162356645,-0.010671528441241805,-0.007633374281316222,0.0006753028291945915,-0.01107494838866385,0.006623681005418316,-0.01063163611337625,0.003064639252481025,-0.00017921124416149948,0.014571206507819581,0.011669490352562678,0.004632638638437785,-0.005090103817155243,0.010971019156266965,0.009635574775626406,0.009124654938642085,-0.005790936206648059,0.02720954700101559,-0.0066200944302969,-0.0029102320433788396,-0.006369156905137974,0.025169430074681892,0.017615571431979643,0.014282522772036814,0.018064589915079077,0.0046667964439646515,0.008881720586829967,-0.0037661350326603444,0.003276377037513261,-0.003729516166756001,-0.024931016346671143,0.001932686560737638,0.007079839996645926,-0.002753233550743978,0.026919790100625732,0.008226046138217275,0.0053335377413984844,0.0054514537469350375,0.001868852090074734,0.02209414268626384,0.007254411454002914,-0.0022760681856223482,-0.008164548970657288,-0.018937832598914236,-0.011478844848740493,0.01542045417276297,0.00872751868762171,0.02050232111097233,-0.007815347865906586,0.017473557337214174,-0.007460833767915129,-0.008074306826134157,-0.01056553118517044,-0.01303150564043714,-0.0116994845387616,-0.00094649940563667
2023-02-23,0.002352074821783434,0.02735937522476889,0.014102020128644989,0.026614194799841232,0.006020401244201032,-0.00019662744145077567,0.025146124589030677,-0.007346247191576274,-0.018450764807550705,-0.0004675817780881372,0.005198929274048438,0.017621306111223436,-0.0004948296586329854,0.008496408315679075,0.01902405164150964,0.042159383680515,0.025217876983538542,0.01626749580103922,0.010958130784163415,0.045771632006250326,0.003966837682003822,-0.01226592983987725,0.026955548749418856,0.012719039322173041,-0.004502147285971208,0.013459527768864788,-0.0062585574412204826,0.0028834184878674587,0.02443322553338198,-0.004132834089128226,-0.00751514112070331,0.018077838840002886,0.004307052571625486,0.01869580060312532,-0.0010047852871692372,0.011234552546389963,0.030764838826654796,-0.008769533729662122,0.027660971000880517,0.014871511600657252,0.018813033517937686,0.0165334564305358,0.006944194590810516,0.02395243658623413,0.032751298134751104,0.008315225204585639,-3.135525497031423e-05,0.015569007753587527,0.018776542864319443,0.029181787616250347,-0.0022853647421780397,0.009231112463930172,7.892070575805758e-05,0.013550832948633233,0.018449644929940057,0.032205574996146194,0.0009798716194298965,0.017483403753895368,0.0020325463135516327,0.009363488105516054,0.014535144387723936,-0.010222487966367886,0.018947630106570898,0.021749244771321355,0.0174693974802576,0.012570471759550787,0.014379718913664725,0.008942724011149384,-0.004263269573900009,0.0029539401382422292,0.005188314669972051,0.04393008272211554,0.015899884538470313,0.013601242284379473,0.01829916321996978,0.02267843911628052,0.01510594357382827,0.0016884624444771976,0.003902873919889714,0.017124325639171094
2023-02-24,0.010286684355501629,-0.027629464137181925,0.005521562801428387,-0.0015847671087174837,-0.005184198069155323,2.1392022679806263e-05,-0.037394760406619015,0.00029864474865419575,0.006072658951843079,-0.003172224596132209,0.005847569598109088,0.00555146887895794,-0.005957993770718766,0.009588059508642692,-0.02325832262091871,-0.013072419982269828,-0.006156181306332568,-0.024485164049278425,0.0056612790926004125,-0.02060490733247842,0.014123245121115062,0.0055924656676885785,-0.01415753808405072,-0.006451396562006065,-0.024737915831015492,-0.013929522612808196,0.002688929635672077,-0.011955472199523962,0.01134719143208658,-0.002279268564345517,-0.011977096092261424,-0.012041416860562572,0.010210468335776315,0.0025994611204475607,-0.00702943962008212,0.0041215268610180185,0.004721136499534934,-0.010154112277472701,-0.019998045327533992,0.004109002012881462,-0.020905271450360592,-0.021966469642964285,0.004388464931534908,-0.023680583764169733,-0.01643733016390168,0.014508410917641604,0.00420240259196851,0.005319375704164502,0.0004253932372768772,-0.01703724791948091,0.012806579062193887,-0.012507916866550499,0.020547532955096866,0.006586497080625184,-0.008585258449486308,0.00346042525565576,-0.007922555792751272,0.002423068800027005,0.00755091606090622,-0.020016694475695,-0.009948410572727835,-0.02452977971096037,-0.02017925245033061,-0.003529996764273222,0.011722981794566352,0.008992853026990615,0.006923004047099855,-0.02711554495866198,0.011051381449920584,-0.005744674478233436,-0.01836073456591122,0.013224906852518451,-0.008267633655578824,-0.02713982661172777,0.0012924609200232777,-0.022916647491576993,0.003118740185996885,0.002664211071133341,-0.04122962195156048,-0.010489987179686501
2023-02-27,0.017316818430847238,0.02768099069405862,0.02293893912436903,0.020596362341718404,0.010444089558164851,-0.0167582790233491,0.008183846065187702,0.003643017666959284,-0.023656526841136644,0.013257792984481102,0.00526453815909955,0.008290276270680153,-0.001658812068066555,-0.007116341867009327,-9.175278715974891e-05,0.0032426536806802434,0.00361640757039924,-0.003816829736269633,-0.008806745253396912,-0.002314002962378171,0.017600889130196553,0.010402480706093302,-0.0224155688955926,0.008561515545644119,-0.0013157643212666614,0.033195147746265724,-0.0007738519168959158,-0.004439736655496722,-0.0012753556525553073,0.015227725237777965,-0.024483306150045625,-0.00273036161889049,0.006514556164345442,0.014419726081469492,0.013604781734526498,-0.020684481369065387,-0.0006209239632111296,0.007332146556746088,-0.011420962470169044,-0.005961271789090361,0.012897550830402447,0.023328100827852024,0.0009382679568551025,0.0040775519556084956,-0.002531404642630984,0.010508928392796121,0.02191498894101138,0.008249277725348631,0.002932317888766368,0.008621116023852179,0.008569116030412518,-0.023953493263352853,-0.01270043213370395,0.01755081320133076,0.017897618425708885,0.003571062014153494,-0.004684959839870294,0.02327044563463703,0.01863742632645106,0.01781022536589703,-0.006310297860307745,-0.018349730706902507,-0.020654956719250325,0.00027297257873184176,-0.0004948408935162392,0.01160371204209652,0.02071606558664954,-0.009378796075739597,0.01711583225230345,0.01574946928377551,0.030100166984812934,0.010462111886675852,0.004114671018627411,0.005272590899592146,0.01058372600642378,0.03165532901740258,0.017832780369781677,0.0037260181799091503,-0.021876389698348007,0.011833030089512604
2023-02-28,-0.005516172377243713,0.0276774056923275,0.003517834306344874,-0.018480139188834486,-0.010843158790923275,0.0031788837527576847,0.006251569883451824,-0.008582501029611857,0.000749630554898348,0.030501294703370815,0.00015708456850040044,-0.004067607752883593,0.006865326491004496,0.0066559798975276046,0.007892335644960615,-0.016547239567831402,0.009423848040015144,-0.013621612048158,-0.0053851558179226254,-0.0026299281974835,0.0009474469299315781,0.011549284280384165,-0.005500588467059445,-0.002721935277437685,0.012000193757253178,0.00634153879162482,0.008704738286448214,-0.001532179097738365,0.005730014596153134,0.004202090035567363,0.03650125421908259,-0.0014079051858582766,-0.0050310902837294984,0.006165835465789563,-0.008449828238780512,-0.02367020486656874,0.007137397959637745,0.023579765254254235,0.012132977713003777,-0.001510080827254119,0.01686901396984135,0.0043836125122129555,-0.02217312723511091,0.010280413656088908,0.0027828074159907045,0.01626204683868909,0.012860736600779084,-0.004097577617288604,0.00786927710455423,0.01718737937728351,0.002382580454338288,0.01123242306913743,0.03265716315483219,0.012690521248421226,0.008580279604528758,0.012786967357589307,0.020052689115691365,0.009031886815400488,-0.013518418637766977,-0.00735787415159022,0.009112689562646107,0.0047549895922315635,-0.004002698753040407,-0.0008612401334570233,-0.0006705398029554785,0.024486415407330188,-0.0014797241779815808,0.0024191172807009097,0.0009999693305922782,0.0073198625010480346,0.009556054479619613,-0.032081590290060656,0.005518590942664247,0.01918945281137909,0.01848259013144063,0.00723266467497667,0.013142222567959126,0.016516322900920317,0.02288383657921728,-0.0006526363581605696
2023-03-01,0.007687398710939999,-0.0090647207186336,-0.0026946279305239554,0.007089443338562234,0.013023112975663189,-0.0036767953991551335,0.0009740699737371484,0.011471395378990078,0.023214564372333164,0.02583749500140857,0.006728822166166002,-0.007191490738769665,-0.0072302405859622455,0.022375875899550254,0.010123030756402657,0.0014732298365654176,0.0036056081320281087,0.016948671232428242,-0.0034163988686499555,0.013528954057052157,0.014025090272590924,-0.0007403379204580589,0.02751534005749754,0.0077526713090814445,0.004333768124683536,0.016392155595597736,0.010844228598234746,-0.00535058224972704,0.014424226538273154,0.01371135784716029,0.013089125403855172,0.002256595736086591,0.013969694281959075,-0.014310440678851101,-0.0031934151354251383,-0.003987318927548188,0.013545451695809925,0.013565465623011731,-0.009965372379279792,0.012920280814285524,0.008839782643531304,0.0039905857776920805,0.019195395191332225,-0.005246735217103003,0.0013294552363416925,0.010477325774901838,0.00802264435030194,-0.01203363459685321,0.030008552180738578,0.003099235612459878,0.011772982570871459,-0.006645630303791405,-0.013067189633828346,0.0007631839460560637,0.007929590100555448,0.021350267130253356,0.004533091362177158,0.012060246593129107,-0.01508255586329617,-0.004193460797672752,0.007743978812896687,-0.011969262327054125,0.024699166071188078,0.0037059196191126056,0.0015767762647781076,-0.01344285672397717,-0.013269190220121883,0.00728411985094388,-0.006532526320017244,0.007351614297436871,0.0017184569612969268,0.018962433414333534,0.01362823426724721,0.007969877784225667,0.03294898712613312,-0.0074330480620492315,0.00672477884381888,0.004041798234365453,0.012040939733217038,0.0017754002204348916
2023-03-02,0.011264767869029746,0.026287798422985748,0.005089159990357478,0.012422296318820775,-0.0032300856049779746,-0.007282304436163503,-0.0066973654992363105,-0.014944616856509909,-0.012987875993639961,-0.00836816750984545,-0.007588351494266824,0.0024555058023221794,-0.0019057420381096996,-0.00011917627675695798,0.030831329674755742,-0.00881964522887869,-0.0034265878421099426,0.0026760457975898385,-0.013261648421123595,-0.00881893889907999,-0.003874748620187973,0.009402014390074358,0.005087990868835338,0.012132800888369417,0.007385286550012718,0.018033894482915144,0.0059606309742521,0.012296932362268875,-0.0002616310495249241,0.008064523749705479,-0.007649756727535359,-0.009269627528227378,0.02517770021141461,-0.01686521887032707,0.02787571773913983,0.026612553515695993,0.008841273072761172,-0.005082867433508352,0.0023426270459622448,-0.008545542091571271,0.021004058131496774,0.007574691939152498,0.016926818718562366,0.009874420197284026,0.008907456727662182,0.01736249533250725,0.0002899783301001666,0.02003623608547955,-0.006333997931190749,0.015762491541372405,-0.006942527455499534,0.003938101069232947,0.00494804352894968,0.004973954722658938,-0.008926801888109926,-0.021780420534401882,0.0038450073765016507,-0.008626771485089208,0.00019626714326579676,0.01868644007647676,0.0016233501914355679,0.008658453613526077,-0.006827452429497057,0.021011191331489987,0.013177710302414675,-0.0026273104433480244,0.006147898724451628,-0.011085938323968425,-0.0002665738146915633,0.03045819203276688,-0.003491993329249789,0.002897238733626582,-0.019345376625359866,0.00424654100791288,0.0044824379332151585,-0.004629207101755985,-0.007234499438834471,0.03410869652078449,-0.002010540449621178,-0.006263538547738336
2023-03-03,0.01376249176914034,-0.027781954919054275,0.020533667352922794,-0.010008471665518309,-0.0028673597218476497,-0.012030937322724632,0.004373229958099806,-0.01503394728384834,0.002509315426542213,-0.015627934829691603,0.002875504029719495,-0.009646240727773456,0.001984172767770712,-0.006433400396650441,0.02285564959330464,-0.008875160812179378,0.012460826169591127,-0.00504234476661559,0.010489556577179242,-0.013073212702623902,-0.003775502590077381,-0.0016492097219408545,-0.021416105216663893,-0.0009033323948121619,-0.005403788532321548,-0.008585624048954124,0.012113336336125997,-0.005480561923811366,-0.0056049558974911005,-0.00042650365936180426,-0.004897932057241012,-0.00545618923293435,-0.006794532059343351,0.006801673163516911,-0.01145449874917219,0.00012806858158501133,-0.02345392331183541,-0.001957743961885713,0.007779543189259269,-0.01644364232442541,0.00990077196390219,-0.004206627853414419,-0.002550219178745532,-0.0037724366372405343,0.01634866278908744,0.0016323823336020452,-0.009396127323794929,-0.017127264413119472,-0.006093866194242374,-0.008104433147818725,0.005845800234555458,0.0018731319312613442,0.005704329976188435,-0.040406074832695114,0.007247842965560938,-0.010354665003855719,0.012046096649213724,0.010747588661657547,-0.015940639183203514,-0.0069198893100354125,0.009728198431373195,0.001930487252521474,0.017056379895415627,0.007818675384934488,0.0019106395207532031,-0.012876761600608296,-0.007458751947517148,0.005395528971056379,0.007555163900627805,0.0023556010803427734,0.003889054239094258,0.0015180425859568506,0.005264356799167452,-0.007676646246982501,0.017898913309729966,-0.019975327007273197,0.011153329681599197,-0.015715752887248212,0.007335283681237167,0.00872335341755227
2023-03-06,0.013605603126519282,0.0022479498997109975,-0.017867010518900217,-0.014884477689015805,0.008175066332621356,-0.006259041397389522,-0.0006078943335643249,-0.04035544290928333,1.0518201975190204e-05,0.0012711738416828246,-0.004783187712046833,-0.003287400913088757,-0.0018316980577035799,0.005586397332689671,0.0037587692240566937,-0.01053921068031439,0.001614088535383574,-0.006547787951479097,0.013833366617676467,-0.012007197284919453,0.012305068936192112,-0.012672175924241654,0.024541978800077413,0.022651211256354407,0.00851130560045807,0.006822516736960537,0.002043093322365467,-0.0024730427330250165,-0.006831053423838371,-0.015622658489028895,0.01019013462137697,-0.017185582092937305,0.01108023983534312,0.00976717800891107,0.018908179331294555,-0.013950982425803931,-0.011021762693101874,0.005858604724936106,0.013204128212552714,0.001415190602679051,0.012784018972996665,-0.011421707749320545,0.0026249101693232753,-0.00690616868986391,0.012464714888232661,0.0042061017780486085,0.012467384062864911,-0.004229193922341543,0.004814589684271925,-0.0033861255892595607,0.003813102278185272,0.0029365795563386136,0.0145208636099015,0.012113630474024473,0.011905931702225515,0.008077879490984256,0.012064567412831326,-0.01779559292669778,0.013538566335018242,-0.014728902688560825,0.020361432823948866,-0.02702211865258727,-0.01869940952035009,0.014325052939923316,0.026696322189797252,0.01418435344474027,0.020426681304969333,-0.01811589228707894,0.015203984931501286,-0.013044055924594133,0.019688753191173903,-0.01152062366979886,0.0018555037590000244,0.013190413183332084,0.0030562701824783773,0.002821214574927871,-0.004484006534203085,-0.011574483625444956,0.0019106895545504673,-0.018674193795680694
2023-03-07,0.008015323011608302,0.010316639262930145,-0.009440233402844705,0.0238443575385398,0.02499146287875999,9.351677020842566e-05,0.007706244456828911,0.017619356004074882,-0.012257544415140917,0.02469426104176904,0.004548146235255074,0.02292535844529301,0.01779600383627171,0.03275449979319334,0.02139018184746369,0.02721697613241693,-0.005620313096885233,-0.006904569224714231,0.0012147887113747825,0.007079057584984689,0.009278259497798497,-3.3359070095362136e-05,0.01687747795079736,0.015571635457032783,-0.016156022757728036,0.0026941917062050266,0.0005345550562962141,0.00896306454044377,0.008384495147671941,0.01501786771748474,0.016435408581964045,0.018895078505053793,-0.0021957920329381997,0.015591057028617166,2.662423085147969e-05,-0.004789738165625644,0.023747392951971428,-0.0003957146619085149,0.012797997353562478,-0.004141117925848681,-0.012392776192145134,0.024697337995611017,0.018694770868514836,-0.003422029897816945,0.0002713747955250898,0.002393805247692618,0.008578995304975233,-0.005144314018762442,-0.011316578523110028,0.0030051244636172692,-0.013279250447639963,-0.004483361034862027,0.019705105882393756,-0.014127280494587157,0.009413076962186462,0.00831594121729548,0.011868316537356323,-0.009622246076927844,-0.00410401516949917,0.005111221158816201,0.019647495272387218,0.006036399253364684,0.03145079425357725,-0.004083555048626859,-0.008715406007078966,-0.003791149347551632,-0.0017882873849879247,-0.005608403890486605,0.011444173064055967,-0.020464255527609342,0.027428821327694572,0.0046837035922517745,0.0029383961502994138,-0.011957571559308669,-0.0031719398560442853,-0.0025347676740437195,0.0013751259236486034,-0.008300722801832281,0.012728202382148888,-0.0016367314247469778
2023-03-08,0.030323931756670877,0.029032954959635825,0.04323633962058772,0.03418498743615668,0.007407857856125364,0.020457350279483463,0.024026277260926782,0.008328089402471294,0.028374907170230675,0.02612932459917449,-0.002208725078336072,0.055897517341966185,0.017850617353268223,0.007608013505366931,0.003993990825138427,0.022156666337415476,0.012998907321848921,0.0038121297034199864,0.01104263989388109,0.03647018118412783,0.008196124485973576,0.007419057593014318,0.035938333088125204,0.030221449873904415,0.01082523547132359,0.0183122571161204,0.021773285555915727,0.03144203636877081,0.016980233454715436,0.012153033648757321,0.018999421576223367,0.02554503425380529,0.02569542322670692,0.022108236515117514,0.0196048031358328,0.042466645147139104,0.0301912403152749,0.014050440401602669,0.013391952886622253,0.005816072230814765,0.02802550801406771,0.017844476897517357,0.00693967467128094,0.028527718416817352,0.021068965408940862,0.02511947202476737,0.02613351938139484,0.020138843734993025,0.02520831461387603,0.018500095767104163,0.01993884105147713,0.020461158983704868,0.024279999287311154,0.022739418292349663,0.006346347968971725,0.03675020184268702,0.0062973597216900296,0.009323534922089628,0.006562482724420131,0.02424403257161678,0.004845349909007802,0.026669242263445338,0.015821929941139987,0.013902025856881564,0.02746489282217039,0.024247653077363568,0.037347798579276795,0.027462138621890068,0.009702749773905001,0.007383403321449237,0.020467562338530854,0.02856776156643687,0.010921519689162669,0.014581417600722735,0.01906845419563605,0.03150178752295506,0.008655914425203286,0.017015945425642436,0.01257663579760095,0.029724393426597134
2023-03-09,-0.005545485860248644,0.002507089864640731,-0.015021981206989153,-0.010328932219250063,-0.030802923515121573,-0.006514697929932804,-0.0081903534765871,-0.010154524032528627,-0.00046350093924080356,0.0013269091549503141,-0.019630457603109042,-0.007201252330526684,-0.0173062677755168,-0.0025705291956133313,-0.019955224569771897,0.007922220469912714,0.0004767135112285076,-0.011534987951331826,-0.018833379909459675,-0.0047599097297765375,-0.03143331868737679,-0.012246623373472435,-0.007943336019574379,-0.004224552596451475,-0.019221287323173335,0.021658633824110957,-0.012700162538698087,0.00488860256981088,-0.014110108128792808,-0.002995312920279285,-0.021524852227521173,0.008228967022072662,-0.006268752831550374,-0.0029900949862528958,-0.007105858576098626,-0.005176388060649855,-0.017354622015580846,-0.017070602396340846,-0.025649623340243642,0.012650674218843631,-0.0221025042556137,-0.0004006724681113929,-0.008215762225597023,-0.021525608394687163,-0.00762764200219671,-0.018261880322389037,0.011473582175617591,-0.008428841813620712,0.001932008438056805,-0.013971213585318405,-0.025341273429009985,-0.009941851712020252,0.0032248834748091412,-0.03184917485948552,-0.013097855567755182,-0.011274158216751052,-0.021495317560827495,-0.022822342747781957,-0.0041694674298609555,-0.015730121923706302,-0.025618630206512102,-0.020874962058218705,-0.008074133894665741,0.00041495601418049637,-0.024891652806740515,-0.010075262605608488,-0.02260674895543998,-0.02087942071111006,-0.021253181288848382,-0.00765612078493,-0.005996932267258375,-0.002973184791982681,-0.03640990696893784,-0.015167834674827222,-0.009777607575905074,-0.01150414340591684,-0.01464331431825348,-0.013530781995928417,-0.02909629795096937,-0.01264155035175964
2023-03-10,-0.004012963967195563,0.0023981774427419248,-0.00019147410202674953,-0.016817113451996362,5.651590750540333e-05,0.022386417185354942,-0.015353366333713113,0.016889763770371574,-0.0025949846955922277,-0.0014868000500898688,-0.015480946836640815,0.001293993557446574,0.0055588038688735904,0.025894617475969682,0.007848669625738582,-0.015302569034622522,0.007478428080947389,0.0009782365206657965,-0.01288709382861808,-0.027473130596494037,-0.01888092199244632,0.008037272457029034,3.4409471463588224e-05,0.018632053074767355,0.021889308810623592,0.0068197304142770905,0.013445098393583776,0.011376104490220428,0.007010403321493313,0.0095455213596142,-0.021544394566521723,-3.7216043974226676e-05,-0.006580813031087776,0.013271066022283461,-0.007240686762206323,-0.013693423165353236,-0.003268144292206971,0.02309780534883744,0.02266895705410699,0.005277556120163651,0.010550713989364122,-0.0030197905519806873,0.011236676926725076,-0.025977382975624033,0.017230351029169665,0.004805996170197113,-0.0031999713083453655,-0.0009278551171699881,0.009167616504059497,0.015479355057283673,0.019152469806008952,-0.010898750735609662,0.010074841722995479,-0.005231994910682541,-0.006507723937207409,0.005041148342133821,0.011137247007597238,0.005086998338045358,0.00682640515109974,-0.019756730559104162,0.009220520090318818,0.030331892959536984,0.010820745279931267,0.01988443274617361,0.014483993004984055,0.007954972233848473,-0.011617341773754633,-0.011962347103510964,0.015182390913897687,0.014936318055606397,-7.479500842741274e-05,0.010260724731088302,0.016638561967655074,0.0014952480246622664,0.017063363237169914,-0.0068750879947291985,0.015316235913295274,0.008248293622671505,-0.008125289237058039,0.03013570015084
2023-03-13,0.015047826017450167,-0.011334856900378588,-0.01391936250650498,0.00388359194974916,-0.004375121366875373,-0.004233057138925521,0.016904986867622727,-0.014308389940629967,-0.017166685908195443,-0.004694593540625659,-0.008149081481019662,0.012007771006916926,0.0075936347327336135,-0.01161974969043002,0.004585294625843269,-0.006812680671095918,0.006982326789408673,-0.009034247918858844,-0.020749311418750166,0.007927313558237312,-0.024973712198940127,-0.010168149525209022,-0.031018102267099223,0.007116169325441449,-0.021160846477389115,0.011301852008256431,0.004622541955663528,-0.011355100233834613,0.02232486540523715,-0.01390730715544921,-0.013387869487091182,-0.007066521989237556,-0.008225670734251796,0.0033794815612359762,0.010242126151624668,-0.0027167222138880917,-0.009448234825337078,-0.0038956835789038897,0.0071256069357297684,-0.01049515384399514,-0.017627937952343714,0.01591132004331624,-0.017953662199898884,-0.02072823308521237,0.017046227954256622,0.002566116101102792,0.014682810712637476,-0.018374372607233465,0.008406884580822418,-0.04688709199603183,-0.010350842486126602,0.0159244706691554,0.012415323699013851,0.0070616631840566026,0.019980592714576747,-0.0013039688125277209,-0.02415470673441917,-0.010661616470029368,-0.024731670511611053,-0.007477641053654167,-0.020587783076947978,0.0077190145707329155,-0.021139455487389127,-0.003998324279086508,-0.01805937930750949,-0.009510167435440475,-0.011910759228645264,0.014246049383531613,-0.008841890212955793,-0.01844085749241898,0.004628919385399768,-0.00013094392335425255,-0.011555774294079776,-0.008895050137953608,-0.013015986453502996,-0.0027968627274502227,-0.012189962059781243,0.005361093181291415,0.0270815564046225,-0.007352900286745967
2023-03-14,-0.013480678838754926,-0.0020289482427095036,0.0060876520527293546,0.004347427504171,-0.01832836618244902,-0.028835706762609138,-0.0273954730746854,-0.008523500359963094,-0.01641904614262491,-0.014857038078407298,-0.007775056990900803,0.0032145880667483148,0.00911597097717057,-0.01571035495576982,-0.02199077040624818,-0.013098457382995237,-0.00873320716739881,-0.0119448933886039,0.007063906147227135,0.001835106810646883,-0.019776324322514346,-0.01015482973551245,0.0030761200944382124,-0.0071848023591649,-0.009285266523772807,0.024254166126384796,0.0014759468085710392,0.0014398393292954382,-0.014362881347747212,-0.008560203123976873,-0.0026701725766957313,-0.027411614812413207,-0.0037661880716353333,0.0013887994185746303,-0.019339065160983306,-0.02130735961592569,-0.01459625132295924,0.015041310722069316,0.010014919952001182,-0.06374958651548393,-0.007986039260473483,-0.009561110952755051,-0.012784088077191611,-0.006727069998183722,-0.01754084551631623,-0.00777626221756233,-0.01275107167370905,-0.031126357162379395,-0.012489163395771254,-0.00978160350895194,0.005620296491250438,-0.00011961223284893702,0.001181934648340847,-0.0006731638333133836,0.00924672429221762,-0.022850539679229877,-0.0003979283918413134,-0.006566907221751084,0.015186881618850252,0.0033486336700753933,-0.02037985447810462,-0.006678726870276865,-0.010488149524599415,-0.025884533710486227,-0.017884532093925154,-0.03158368962243618,-0.010127394696694237,0.007168832475830914,-0.0016013448702264562,-0.01557065244010613,-0.006276552593696526,-0.003598000677197049,-0.018838413198924986,-0.022647296889655066,-0.0018860378192230138,0.015505198709032254,0.0076178339812052204,-0.008669883908890565,-0.002103269672600175,-0.01748288250606396
2023-03-15,0.024304604045770582,0.010421443904842414,-0.015848398957424948,-0.001040531908861019,0.002325910964536582,-0.006466383688772445,0.008228779080785023,-0.0061140211081757,0.006749036694038013,-0.00990087206267056,-0.0013196699495467289,0.01836205124977708,0.003360614542032209,0.008803801328622237,-0.00832284601714301,-0.0025279917108098787,-0.005618950898337975,0.0008892035919433692,0.02923242941503253,0.011847849503991042,0.005740374559381198,-0.00035372245420884144,-0.0018321161695198486,0.004631369789808977,0.007410292800755428,0.003772995385360809,-0.0051997457544934005,0.0045752978764804254,0.011488968229422927,0.018057834360993202,0.016361523916177928,-0.0010511439859985875,-0.03115522774203129,-0.011785921763185388,-0.012342696216998971,0.0065693902706460295,-0.010182290159176792,-0.0037156851661464116,6.95352214431285e-05,0.0407041159117851,0.018438770115979657,-0.0013388913279034245,0.025050377279494867,0.005913185189775021,-0.005658460561134408,0.010264488255654871,-0.006021257188806495,-0.021954861211131233,-0.025879693323259657,0.01652335827186617,-0.00012427258025620933,-0.009504296571616857,0.005684263268193365,-0.015021001138252024,-0.011119739415915441,0.007810215829211159,0.022530909693760773,-0.012846682201444271,-0.010700731408501182,0.00040538962975308034,0.010445746834537768,0.00785039289715696,-0.0025262069798871888,-0.0006452577558231374,0.002944199321122762,0.022265388736487875,0.013670711993974707,-0.00842883909284119,-0.01790388672398784,0.012208016424934841,-0.01199612169252082,0.008803236390443277,0.00871446873574061,0.014593410623386802,-0.00903629066540692,0.011345226127394394,0.014521730270815427,0.0007828394156944654,-0.005974807362186155,0.0009895545538703397
2023-03-16,-0.0044493032407380735,0.006208295187447404,0.0020358837297617155,0.0035914334169602153,0.004482598143643341,-0.0021517539223573513,-0.002903322436714634,-0.013973911034356346,-0.005229332179502624,-0.007617336664215048,-0.0004527054313062304,-0.014575086699892218,-0.005007559109965051,-0.007347993785467901,-0.006103697483927187,-0.0020864590505297173,0.016080030044573538,-0.01167716619722848,-0.007179629717775729,-0.0025606101086844578,-0.014962838263704186,-0.025474970835017294,-0.008576871844262628,-0.004362790338124655,-0.003931212035344021,-0.00817279589896188,-0.007410337769607315,0.003125459630983443,-0.010703253231320499,-0.006565336234129328,0.002774254054726589,-0.0059027853652134435,0.010424187484341076,-0.01840457456901307,0.022548442398125736,0.005500117341890676,-0.01796455160334536,-0.0022761096361632385,-0.012836298586241374,0.0045464147498382596,-0.012393868744589639,-0.01643819340831186,0.007445337031238239,-0.0035500506807356704,-0.03004059601869835,0.01531934930620584,-0.006961148037053372,-0.005222413887753931,0.007753900205312918,0.0019903578566758257,0.028043041047282377,-0.007857305459085378,0.005377927884169696,-0.008118115855677217,0.0004917543199635535,0.009382071666071539,-0.011738182593305176,0.023547697070372,0.00845679696329179,-0.004010136249422243,-0.03736340737140289,0.0016110284388131746,0.013549408291434027,0.0028458296587294115,0.0028026025159489697,-0.006866747776061621,0.001023398075008185,-0.0013441454325100926,-0.009604584996281789,-0.0015698066636491233,-0.006536908398092114,0.0036542881931155803,-0.005702586814055991,0.007425620571013367,0.02886213540572135,-0.0053237963318761,0.016901580422047292,0.008259000231890053,-0.011373854805060826,0.014219091268784269
2023-03-17,0.0023993825249171916,0.009753247305460953,-0.0314441334174931,0.0031863026241333607,0.001796837855822654,-0.0003218530434130418,-0.0004242601498710488,-0.0009690145580812095,0.0011933635761847052,0.01046994094065479,-0.006515186012203255,0.014737542158371449,0.00862259997977308,-0.013434838438559969,-0.004069305142389374,-0.018355346328988977,0.004256352390089042,-0.010783044355302139,-0.0043594737655191385,-0.008557517862769056,0.011894629713811672,-0.014170407024933399,-0.003681445245592773,-0.022086654066373047,0.007363993119324649,0.0011398671107095393,-0.008119439355580224,-0.0030371359548105143,0.0034227758124649454,-0.010227946075391693,0.011276071014934223,0.005186032697450833,-0.025251171809638307,0.0008852607129909357,-0.006387236096543647,-0.03810584653677862,0.0021025566211744155,-0.01383717440872287,-0.011704544742294477,-0.0010517092751870316,0.0038863433657220442,0.003353489054374116,-0.029522117092827375,-0.006693509118870956,-0.01966252059405135,-0.015681893352907726,0.01407681014327728,-0.004726197233269038,-0.024920049154747635,-0.0008194415286602564,0.022898254573187383,-0.011354725503689017,-0.021577760464740442,-0.0055747562354785,0.01873835025612807,-0.012335817722691718,0.012978353463220859,0.00011265348799069505,0.02541798844961669,-0.0072091076832141695,-0.0009082840384074399,0.0037032342657589788,-0.01589628226560007,-0.009029173536515687,-0.0072633714849384195,0.0212173307159852,-0.025492405061154563,-0.020326331979303613,0.020492855038315477,-0.005116357375265539,-0.022350961985920292,-0.00025181268235704643,-0.004984059716666182,-0.005679979367338899,-0.013373653215805666,-0.009536898583291091,-0.024922645299173683,-0.011169850790484066,0.003103775315621419,0.0011438736138840444
2023-03-20,-0.0077520094581617705,-0.015763359552417918,-0.0054383963096421295,-0.02928875281950276,0.004360651191670468,0.005530552889361057,0.016714358153224498,0.007801666630154337,0.006628646804025849,0.0009046625303922359,-0.005835469797301649,-0.008506614214679803,-0.0005297341484312851,0.008361858986520419,-0.005441082889562,-0.001126326777099001,-0.015148231123450533,0.004814157254174616,-0.008296274566850857,0.021303086984366986,-0.004335930143583672,0.0010143624319850061,-0.008989621659894226,0.00404608862011669,0.009093310011520235,-0.009790219498096504,-0.00024150733462189374,-0.01299437987943245,-0.0021425458348111404,0.009088417850202058,0.030403206265648453,0.0056728199095862925,-0.018034863007627196,-0.001780053747301993,0.00872042834567198,-0.03759239658778897,0.00358983993004472,0.0013602883077561984,0.03244312864975598,-0.002845847662703141,0.014932358313682378,-0.0025788916992345425,0.00907510915691689,0.003106916364376099,0.0213728210318006,0.01625031897994417,0.0020814791538088673,-0.021845122660715276,0.007133438255112368,0.02131720076382864,-0.01851263086001515,0.01978870262913496,-0.009742922997862197,0.014500853201688625,0.005001901970201677,0.012293699781675636,0.0011627859768422151,0.013576958478018267,-0.003335352158285423,-0.01829724755213703,0.0140218472041786,0.012500148144295512,0.0016495512820666495,0.0022468063484542018,-0.009153631938107374,-0.017867349250309455,0.005849042968240948,0.004403870617203496,-0.005206081167254294,0.014360500104251026,-0.0031483104987483704,0.01233687542437038,-0.01608090038949252,0.005781058971103539,0.003264887679790186,0.009437221280549135,0.0042546547399299,0.0029958393854862134,0.007291118183570715,0.00264990242888862
2023-03-21,-0.011579974983611668,-0.019473774954565308,0.024561961567172576,-0.012531848254587242,0.0225980013412807,0.0006624804962815888,0.02386513335247615,0.020777818666272176,0.0010108838689883671,0.006322568441682816,-0.008507031195662665,0.008473788052926878,0.00719008750948384,0.03581489054947208,-0.01789844893109657,0.0018648083884339713,0.012628845510365805,-0.00926726424668738,0.013315740252799472,0.02311153645468759,0.012552500234881189,0.0038511800686223526,0.015294501128197545,0.005501270525189679,-0.0016124669420122455,0.01721468194829844,-0.004969614534109953,0.019017339827090182,0.014541579736602455,0.021376092986070874,-0.004678431168552539,0.014095701341942296,5.06870250434029e-06,0.03248291702398054,-0.01650238800821071,0.010724019789233348,0.0017149200040711392,0.009485771708556636,-0.008909747377576991,-0.0031299762635505907,-0.013943409978353211,-0.008269239112524475,-0.0037951180570722836,0.03706345753883805,0.014030497019217427,0.0012114517038979726,0.0045587802076462475,-0.008688718911829069,-0.030297441538638864,0.007691083965975851,-0.003772359859412139,0.005573059640379718,-0.0028637907263938884,0.0022217987120886117,0.008084256946325946,-0.007284314615740135,0.0028532516028716205,-0.012969372331476166,0.022844030089828892,0.01570318450180396,-0.004123207097183957,0.0043879483258807825,0.012919570195695652,0.01540890674321419,-0.0034955455785557845,-0.0005691199661927724,-0.005818476574977955,0.013546568729575659,-0.0020665697908539256,0.01574912615347238,0.009430253720467248,0.0018695083857284142,-0.014128765542700978,0.019247060980215842,0.00300447423139999,0.00783387134549199,0.001075544467064332,-0.007840835498576094,0.0013069417460278088,0.006923258877569786
2023-03-22,-0.014399899374813754,-0.0053228647092153315,-0.01914452551765868,-0.025780109256489457,-0.0310477201198222,-0.0077911418214532315,-0.021276844772605615,-0.013808717306462655,-0.015171462874695868,0.003863796352760745,-0.0319951443581407,0.0007515015010769351,-0.02765231961825399,-0.004410063514261046,-0.013368147143786015,-0.011592348712789528,-0.004492600505162794,-0.009655430624736975,-0.005026635896709873,-0.012866179995807015,-0.024242572860360953,-0.016611432559763255,-0.017646483267770983,-0.01013805201951255,-0.020180980865471015,0.0034977447137815466,0.00021514108705123283,-0.012110701376863698,-0.005792076085315224,0.016059098541285663,-0.008495689037609626,-0.030184200479280842,-0.011780598592154815,-0.01698141951704374,-0.01352138650518309,0.004913990033280585,-0.03355830334561768,0.005933471242562176,-0.010842379088016309,-0.0035217740547830827,-0.0008729468606932522,-0.018476450368380255,-0.009649071021752342,0.0005983851203801745,0.0037788515472313936,0.004711294779067432,-0.018751684276122952,0.0042836173554624945,0.008418669517426512,0.0016758184728935203,-0.029985423139378888,-0.014425193996513562,-0.0074241321149956345,0.0015059297660847699,-0.02639824299828527,-0.027160938789316563,-0.0069157872164829284,-0.02219769236959599,-0.021366722693141237,-0.00847653516815715,-0.034321319418101306,-0.006643521760657167,-0.012342903834358113,-0.027861663189000897,-0.015176271658254407,0.00039197051098667154,-0.020052178451579913,-0.0087825632628156,-0.006758775744592334,-0.03534633684973413,0.003719043234255884,-0.009214927894878256,-0.0015301396648254566,0.0006037806599647842,-0.017554327844536973,-0.007227805468070446,0.017574842382203217,-0.027607878125093743,-0.0058530893505821975,-0.025142826808613804
2023-03-23,0.019256286241848348,0.0007033390662008059,-0.008544494215262877,0.015111303035918542,0.013672632467862912,0.008530891241377068,0.012165059098622522,0.016923664916699412,0.01293573978300849,-0.005636450150159653,0.02501705690842561,0.014511939331577715,-0.003395225874093139,0.01095107673971956,0.0048053316128853305,0.0009421304262134047,-0.012850263453835487,0.013152284553880587,0.018006276649428707,0.002467914411616359,0.008585924857133186,0.009029706713682516,-0.01772453887689203,0.0004472547616697528,0.0074481028678628335,0.020000845277773526,0.011101319001407692,0.029282308108496944,-0.0008210282150572707,0.0024810366039464756,-0.019303830551186334,0.0002857089557517238,-0.0007388824527382286,-0.007395299327758296,0.002400117552339616,-0.0016093751235845572,-0.008989499547880744,0.005941764267198517,0.009288221307228246,0.017213410902346626,0.007917543756226275,-0.01899532819726229,0.012757157227357502,0.024855092025851705,0.00569062271989817,0.020976175626700413,-0.0024011382838816132,-0.0061600384812260526,-0.0035866595500735335,0.0049970285425939166,-0.0030279042611488435,0.005649006545452759,0.006633492195629785,0.02195535328688486,-0.010124023220077579,0.017824972946033905,0.020396281754628164,-0.012997838666260102,0.0026756619260909576,0.001961452586428449,-0.009394175702606259,0.00826605348494562,0.01110027306221579,0.0012329474106745793,0.002828068318410909,0.017868223676721064,0.003748187447143634,0.00850122491546227,0.00015055475226134914,-0.00335685072321171,-0.008641895660540374,0.004361030734188206,0.021834317643733673,0.004932644208266824,-0.002854237544259187,-0.0002451136481049776,0.00413676609424773,-0.0033061034895036524,0.006290311247938652,0.006115677266287174
2023-03-24,0.009079270227789175,-0.016568169332339497,0.009268901166519213,0.032480135506038024,0.014918326879016078,0.03481962293957628,0.026586620386192465,0.00033084094701331217,0.006386357557246886,0.005531404474340632,0.0026580237209654096,0.024556994500400338,1.2272272884134364e-05,0.0076240213295626046,0.010245216021676688,0.007118103996941824,0.02400894561514055,0.0007621164007463165,-0.019253897239340245,0.032728306476775666,0.009049405814493457,0.011571134017654246,0.025011787870041952,0.024406187518705883,0.018582552048816217,0.00874837029868975,0.006788494874596656,0.0077213983543730266,0.01837020552168717,-0.0015271931153519342,0.013413791539522654,0.03501503047672952,-0.0019350687616357404,0.013529577736553135,0.002790915339357265,0.013467277146931174,0.008069055627737689,0.015557078918539498,0.046047146216926946,0.018443055795843,0.020965515378878103,0.00469833985752658,-0.004580990424510373,0.014158002049758995,0.027642377349204064,0.0076274104712762214,0.02117633775741481,0.008550741635882016,0.012058712227063506,0.006723853612282218,0.012870364182842046,0.011066189400950112,0.01912400350057491,0.03803295582753522,0.01156002582955333,0.0063461596825507335,0.010946442961468284,0.018989720198516073,-0.005976788168058342,0.033207381862544696,0.014490075176803209,0.01742899076903986,0.012690548827901531,0.0055821063010122116,0.003408346438646204,-0.004273137356716998,-0.003998636796047148,-0.0007166826777961662,0.025491318150529962,0.014401571934793633,0.021037419858462872,0.01564932473774995,0.012973374730341483,0.01573055292446238,0.02616720220419109,0.01869313870382537,0.002908633760395527,0.02721641265431331,0.001187211449299383,0.015023678944538404
2023-03-27,-0.0023524983191137707,0.01565851422305023,-0.010784455462906458,0.010161514795449123,-0.0008193418995239821,-0.0032086739594023752,0.024982273498969743,0.017619753038653083,0.0028667406037621943,0.011864657573764332,-0.00802169380905904,-0.006636508229977066,0.010366057194833614,-0.01076999820668642,0.0179552961364279,0.019414788669310755,0.008933029059212566,0.014676977429921158,-0.008001225606910859,-0.008399743658995098,0.018911263891518926,0.007536836181028502,0.014258466718745408,0.02121722815815779,0.0210758227590997,-0.0009535297829708911,0.018683821025459187,-0.01794519268487605,0.0005384354957167362,-0.011173540123421387,0.011572536373448355,0.02725421126003051,-0.011925126432171989,-0.012236347658642076,-0.009752074591831,-0.011774290549908313,-0.026710969450796505,0.009295838088159664,0.009909645055168134,-0.001893888595782725,0.002492904718838566,0.015803515244640617,0.02115684430556514,0.00516265596522169,-0.009342123214333382,0.012719570494062749,-0.005904172399816345,0.00924006095949391,0.015461055924384078,0.010405435279501015,0.010000921932948778,-0.016299111886904253,0.02017910363669529,-0.028003690228684167,0.025383422115135317,0.030030020068461945,-0.007762958111541658,0.0027870034186353145,1.8661213536068496e-05,0.015622016080139864,-0.015133328246318144,-8.76582795370862e-05,0.009792422997692183,0.02432433704421023,-0.01542665638465758,0.014155937996446703,0.006478572426263766,0.011923570578166905,0.014149079161030797,-0.00433063691433361,0.04227938725012707,0.02412543486265692,-0.017195893394569967,-0.00046045497377351745,0.012023421472033046,-0.004099703647661759,0.001992919462288888,0.023397922216959473,0.020343113697050327,0.00036681979390977126
2023-03-28,-0.003918611890893679,-0.02548778987539999,0.009706519352713869,-0.032151705452811215,-0.012622359976013114,-0.019695315898632798,0.005236296459981142,0.001272483321360009,0.007154349338104575,-0.016989081613258523,0.019874900425584166,-0.005975238210636248,-0.015100905333662542,-0.010635195525885547,0.013428764040200047,-0.01285409308721924,0.003488553180377086,0.00017419705096705833,-0.0028416096734157053,0.00136424166772785,0.005942047852661512,-0.0069568617372407085,-0.00954358008475867,-0.015223624683164603,-0.020216955713594054,0.010301955393429226,-0.0026879251985721057,-0.001174729107736269,0.003112914341714984,-0.0037891912834269164,0.016623657453232955,-0.019640423094250035,-0.003180339069261614,-0.000830539266345829,0.010337948626093512,-0.007571343927329872,-0.009828954108733346,-0.022588401400714463,-0.01093937116200798,-0.017930749982902575,0.009485058461061766,-0.017806319508261313,0.007607996637633526,0.01063003310404317,0.013706424775130286,-0.0010141551698614557,-0.008989328989315747,0.007034450152544031,0.019609484998099374,-0.012684862828728743,-0.013410011165857424,-0.019464896334353658,-0.0058383968142916125,-0.0071574368091579035,0.012891347265388493,-0.002046934520954955,-0.0067432672766258375,0.019723433240737533,0.002238379630259231,0.003624860163802598,-0.011054457993313178,0.009373302909451191,-0.009344346414834602,-0.0070843448965736775,-0.02253388671244003,-0.008465083080332024,-0.011319084581156689,-0.00635469435848841,-0.012113968898974967,-0.025738772430170066,-0.0010626761167122347,-0.012714853165572812,-0.00986911284639251,0.03004848081197356,-0.0030316133407476964,0.005353784271828533,-0.014580559390765175,-0.002452065059174784,0.00036004915057825417,-0.026127068520726215
2023-03-29,-0.022189258240437687,0.015090591251426954,-0.014937131290549098,0.004218903479827454,0.010144900802302834,0.016933568117258165,-0.011525344760590455,-0.003651656834055898,-0.01111871495486453,-0.0010723166054295312,-0.01729798108366437,-0.0015612505901009006,0.020826253297407296,-0.004537533998157703,-0.0366072062422516,-0.008022092846007505,-0.027232314899398823,0.004844329692852851,-0.011209814305786983,0.029480180259117302,0.009644008723258535,-0.02477652610885456,-0.020287432674642475,-0.008450939500888308,-0.0037308760565223226,0.012266659268491756,-0.0018984014666354023,0.00907086677924227,-0.009497819628907464,-0.0021564344280209737,-0.0004043762922374748,-0.0010822290834825274,0.0004240460352406602,-0.009519425939956805,-0.010964860894194626,0.015835636772215986,-0.010574234740785336,0.007718986356159981,-0.015063947640448185,-0.005411159321154461,0.0018817158828930087,0.01063539608575515,-0.01940803556870316,-0.034983187666273535,0.012772456031380486,0.017978551318380283,-0.0275130629345798,0.001887054422279595,-0.0043301430698834366,0.016805331815863352,0.004981143881475997,0.014068001183129926,-0.00675463499355686,-0.026163502234276374,0.0012353601740471174,-0.01872416952343323,-0.027955508074349555,0.035957012435933654,-0.018252402341807472,0.009562246289875658,0.00809607774493663,0.007241799738088138,-0.03719670331358555,0.013660618151429164,-0.00593923411158584,0.0057273102654419395,-0.018154364108415436,-0.00870961797948245,-0.012421073817826991,-0.007992591828479601,-0.012136324210593111,0.010388100615747922,-0.010587699371610389,0.008429897439236628,-0.015791613231927716,0.00849360219757607,-0.002717732789124972,-0.005739915016494453,-0.02015972551726734,-0.00018004447707664802
2023-03-30,-0.032602951267655264,-0.014936233299369977,-0.0400212189615433,-0.02884771082226273,-0.04078013820787426,-0.03150879761870908,-0.022845745992120265,0.008036555816013919,3.150650528340598e-05,-0.006340035549859718,-0.011680407605098586,-0.019892502001917126,-0.02675606835514476,-0.021053550524868302,-0.023056088327865425,0.001874133327403861,-0.026711646327986952,-0.0030435831810568872,-0.031433509498989404,-0.0006108418431252059,-0.025555557643147424,-0.022556517899341693,-0.014126919959594465,-0.0310363746849847,-0.0206542007824033,-0.02262188321999626,-0.0038695039050522777,-0.02772076419866045,-0.005162256745566137,-0.011101957098408305,-0.023612841432042286,-0.013182844240746852,-0.019380785444127954,-0.03100788110379963,-0.024199068515910027,-0.020623947500692554,-0.005249409410709708,-6.886105964463637e-05,-0.02393659391868791,-0.0015099141468757835,0.0013680547227929475,-0.027673280073182868,-0.025438771366673375,-0.027461394400338596,-0.009068327440705447,-0.005995751143738924,-0.020226857193512447,-0.0036366298603736818,-0.03324869069039661,-0.03284496493281702,-0.009162797226529426,-0.04415527420395121,-0.025297468006754347,0.0010427230440701526,-0.00776432968072357,-0.003971641372425493,-0.02149694280484731,0.009973235249133596,0.0021085733678628087,-0.025084471216845147,-0.048877466575657925,-0.021161645732521082,0.02060169787397524,-0.006459335816796058,-0.03652812804419417,-0.01348048596441973,-0.02507567913656341,-0.03138734997792824,-0.03636730575042682,-0.025626731970610557,-0.019383737458560597,-0.0025073872844691147,-0.01724214067822919,-0.013252715699878598,-0.03329727387021602,-0.022337157555030386,-0.014854077006113714,-0.017144653312367655,-0.014001346982595293,-0.02056962204489936
2023-03-31,-0.009275684484373053,0.0016232334379284244,-0.03545078332704669,-0.021130074571946864,0.010646996132258103,-0.04293586234663667,-0.03051331456204696,0.0013619216745981173,-0.011692252565418396,-0.01369629328189889,-0.026339973773883564,-0.014677758789800058,-0.0005637412725997184,-0.01625747913649554,-0.024211606724123022,-0.01605239735441489,-0.02861616235296867,-0.01597883588069985,-0.02531997604285969,-0.023339313889625325,-0.0034512809361567174,-0.019093870131454117,-0.02234600529128175,-0.027777182144229317,-0.015471362586696954,-0.007544917676983537,-0.01895497576624164,-0.025165621748750776,-0.03528332333836318,-0.005547690535221642,0.003195879256658877,-0.02547687358375928,-0.009681766554261895,-0.0008468761875170851,-0.011003191216586761,-0.013994430477076146,-0.02564431204778956,-0.008704757010937248,-0.03002505700359437,-0.011289453493111761,-0.00868867523844654,-0.013089777433744563,0.0006782437237310007,-0.03755044511192704,-0.009262701491674116,-0.019104199655050797,-0.021766244730932388,-0.01504111128599992,-0.014996738424942981,0.003920082675034436,-0.001855355048781147,-0.04967927753367221,-0.002501068615114661,-0.009545900389781196,-0.02364111767957361,-0.013834828009645249,-0.017904398735561045,-0.012179047002596938,-0.020168645704496235,-0.033863915058243134,0.0013954427229433807,-0.023069325173398627,-0.023214755444893147,-0.005573943705907118,-0.021603983503332827,-0.008281235675073762,-0.020572961051231083,-0.0109271061172883,0.0004184211134956768,-0.018593457703458622,-0.03261079871974619,-0.013283542328677074,-0.022367709178971535,-0.006903414415846476,-0.03357525250593855,-0.004152561330337571,-0.007713135366711402,-0.014923187347364038,-0.008891785751588992,-0.03406773777607293
2023-04-03,-0.011693309467012797,0.004398312440891186,-0.021513767015109698,0.00551747257473615,-0.002907329406271617,0.021315848419058175,0.0010330457565885243,0.023684053000482375,-0.014618091011969078,0.021158425792855526,0.0010206233903715797,-0.004863699173771709,0.03359717214443386,0.01736431399660302,0.008328434030139128,-0.010202002580276833,-0.013330275696547293,0.007508950303065908,-0.003008711565274831,-0.00827522408299107,0.00904178918633569,0.015659689184220567,0.03293792414150939,0.0021278750596883823,-0.010228802656864822,0.0199851916450038,-0.006638055064799449,-0.004459602918082845,0.014785476641111432,0.018008384902510305,-0.00872189686661818,0.011845493603001887,-0.012826232886664431,0.021634448032900048,0.009274228391118682,0.0023893331972732555,0.00929267278092442,0.011281053114594633,0.004505623657523427,0.008010373627344643,-0.008474098543887743,0.008625252456888256,0.017807901948582634,-0.004729385582765186,0.019377348072583588,0.007012397569759065,0.009707349742584708,0.019668318156075688,-0.005066978308533492,0.01181151586952411,0.017800904927506647,-0.0033154380287802165,0.004950829496163783,0.011007076562995297,0.007439768943307388,0.02312769203498862,0.02100501894591556,0.026014980789748888,-0.005646030097066886,0.009092037072995088,-0.01011854709067984,0.007828212164738073,0.007662580205333471,0.013072850121722856,-0.0011225945872125717,0.0009234210755730563,0.007751710472600394,0.013022529472112195,0.03680572757071836,0.022710153111862093,0.021286204827798076,0.024303693241853785,-0.005481010043369425,0.006352202690984444,0.014265033528844104,-0.020017343250300728,0.01530850775007201,0.0022346136550442383,0.009870159740877484,-0.002077289220743954
2023-04-04,0.02552990263886207,0.02097489061038771,0.018854142803298415,0.013186500599676652,0.015485691990417577,0.03138038864702104,0.016034141259155806,0.0243761780914519,0.008162352142656875,0.023598175003798308,0.0013879382614454868,0.01520551841213906,0.031095749945335704,0.0209622710069127,0.03577599481658682,0.029471449831933248,0.005786778475428297,0.033878907185005164,0.0027728290243499223,0.02200559084940766,0.004314469420242949,0.01312091503520692,0.02226250181306498,0.012060977366751456,0.03778701273300261,0.04963650985216047,0.014868541508298473,0.02164953589287641,0.04019369266451246,0.006235473758434547,0.007576090185195772,0.02997319871082876,0.04315952268848991,0.039030474346031636,-0.004224930290680785,0.030097248267133506,0.042024215106609156,-0.018981114227823233,0.030536196809275964,0.02042909987384403,0.03655671452312514,0.042175316077199015,0.021851410994922955,0.019264822495750494,0.03170418050205464,-0.00406985975585133,0.0006359602893006057,0.027687142815281167,0.018799737247768473,0.03414766661020773,0.007083108631229068,0.0026812970411928087,0.01895289460744347,0.004368311183193604,0.024772860117110992,0.0300780856632384,0.02768254611735406,0.04500179907092987,0.0062146027728629955,-0.0056516511570548125,0.02423402163806396,0.018861578227259312,0.0070708252734262966,0.0017040965807053991,0.013659891557610328,0.034478978634275535,0.022800656460637118,0.024594793830456554,0.04092093104401646,0.023130286121633443,-0.0038841064859559613,0.02733193120321854,0.020631802670937147,0.02777356318597529,0.008107257127808125,-0.006357329403475203,0.027239308866869583,-0.004985198868190986,0.03222094817398917,0.0018990146664471276
2023-04-05,-0.008305390715603933,0.020633697023439514,0.014942645126179911,-0.014220275878418887,-0.0016437504810795905,0.023958358605127055,0.011374964255956637,0.00046841168345502365,0.013543183821703724,0.010410557176482534,0.0018629758215362568,-0.008245530472305035,0.008327276075110643,0.02260689886023151,0.001599243866209141,0.009587173375733067,0.028744124272579892,-0.00509072974540749,0.023078634029917534,-0.010123732463378093,0.03398223122423457,0.006638808647476208,0.021087291443590492,0.010324399090137349,0.0025965358353610257,-0.012355586135769796,0.02122840603708116,0.010050836629107164,0.015042297481257794,0.004381900353316579,0.00580232553231762,0.017407492996375572,0.02889001157269534,0.01309108670589237,-0.005092507625114394,0.010423042080507434,0.0035574953874193327,0.01592308207323385,0.012105021382095378,0.013909962322729227,0.005570292417116634,0.007839536631601935,0.02907760922230945,-0.0002663003466233712,0.009014088740670103,0.012655858288550264,-0.01587768944164966,0.006961941790972014,0.01131890855255174,0.014075522888602837,0.0043924200267703925,-0.006687393455299685,-0.007555534506998024,0.025376335810009358,0.0048353734273276884,-0.0006353857825948774,0.00010239910385772405,-0.0020425852503862044,0.018013159553615404,0.005233451261249744,-0.009648520224869207,-0.0024884701949796258,-0.003679509499214537,0.01183306629599535,0.005402412288524764,0.00968605842007127,0.029801125190801137,0.01594078086128169,0.01417554682194858,0.03355794317833846,0.010602778090648024,0.00011179301596228423,0.0324708398624248,0.01724519017138225,0.009032552640454081,0.011289255302422765,-0.015480982584239442,0.012951280050035131,-0.017347701312810902,-0.004604258444533001
2023-04-06,0.017724868062697588,-0.0010384807872132144,0.01574357974632512,0.009944123256110035,0.01755113416543204,0.034254693442889436,0.004843435950105649,0.018348234426241603,0.04900183320461417,0.010821530440988103,-0.0074290773147051015,0.025236315376703622,0.01953526680250333,0.03560730342753578,-0.000558349528649929,0.007925937555477804,0.02206185343194457,0.005628257558941835,0.0028278764435885114,0.018813583485497304,0.028072735385399124,0.01714244293542405,0.02390063349164602,0.027642354956190107,0.019907080396160466,-0.011864117725981727,0.009997033201779266,0.004356641988665888,0.03598513625960921,0.015600052461984714,0.019821633728011392,0.024975036905922232,0.040448356876905366,0.0213066629106973,0.0005439905335944979,0.012643730054151326,0.021435103000800627,0.035874877937945866,0.002081462877646288,0.012310458399664497,0.0314115458055646,0.009840180441329081,0.034396507127901155,0.015312567431604562,0.017892598982193104,0.024328563554548887,0.013702494518402473,0.01791554583080391,0.03633515049635749,0.005139156963948309,-0.017949832582310647,0.034785407223827794,0.035249061199354524,-0.006597528669719268,0.009437995083404689,0.014327767024315615,0.019160638751311708,0.015259683506322782,0.015645387356582562,0.015551268429731509,0.024586355900442468,0.03763149591270832,0.003963866679939313,-0.002173224226622923,0.036173737292335834,0.017285918790142206,0.001801409851824226,0.005959771757325606,0.012104079794044043,0.01400404916857097,0.003681782140788405,0.033714607735312235,0.013512854912196904,0.011661205040433558,0.015333886709069827,0.016049723926158905,0.022501175883375853,0.0078899187726026,0.018716951070817694,-0.015769901148990136
2023-04-07,-0.020274679936227842,0.0012305559306303266,-0.012215510110575966,-0.015119525886046791,-0.007413566793781322,0.004345279018477471,0.024704254590721387,-0.014111408733443968,-0.017751865755679126,0.02148798563729447,-0.010693746337406274,0.006177455569997327,0.0001325259341144261,-0.0012092051536783614,-0.011942091108148867,0.0031973892200246696,-0.007427346606548103,0.008427242867066769,0.011244962110432395,-0.007452930442031825,0.0013228127116769986,-0.004508906026040014,0.00480205932093851,0.0075307645595672065,0.007025964580963273,-0.007271122837820014,-0.027952877048640683,-0.008482046257882014,-0.009249515602610132,0.009889688065830547,0.009244087436642241,0.023278678687495266,-0.003542603776267149,0.009713257232342551,-0.007577646260193011,-0.010405427728762516,-0.015114238114266623,-0.042165577559951234,0.004976716886097181,0.02119547666145672,0.004019913514916635,0.002946126758562084,0.0055148997865790295,-0.012556779048956688,-0.0007996419895701609,-0.007511814733065168,0.006252457937692722,-0.002245698582208467,0.018577359891506297,0.015778733283367603,-0.026849244962726553,0.025707294804254294,0.0012869419339079698,-0.003746113127141929,0.008636318894204867,0.011859518581738612,-0.02064884340379002,0.009175060835568757,-0.011882252990354156,0.0255677429701982,-0.029182473654091868,-0.00881006686544808,-0.006892302318252716,0.0056244560239752245,-0.00624048386239593,-0.0065061502831705,-0.028540855405555683,-0.00558002821446342,0.00643975570246536,-0.00043844674556300575,-0.0022394947849517883,-0.004777305030780826,-0.011237569333859963,-0.011304934331697613,-0.013601101669765088,0.0035919624017316295,0.0005353638824218288,-0.013692393782493015,-0.01641655880267298,0.020850293077566504
2023-04-10,-0.0067096647771508425,-0.010623762654057123,-0.0008262562308362724,-0.011995569953401796,0.00994871297015092,-0.010759345375281271,-0.019543845723310155,-0.00311701396386052,-0.002250001042840641,-0.007998575963547964,-0.008791882711200035,-0.0017014938972929952,0.010101628388389875,-0.016534432612994757,-0.00981525383279724,0.0033927420391995037,0.010697846616459675,0.014552375691526915,-0.01854572935685969,-0.010323757990641036,-0.0005694229788886628,-0.014985056301130492,-0.006252795891586943,-0.02354389215380522,-0.012422765924519047,-0.020624369510335683,-0.011209144476440447,-0.04076801148334467,0.0038230073054559997,0.002160105844682799,-0.008160463738574026,-0.016007499431513764,-0.025526645341364305,0.004083293472374259,-0.015025845993896985,-0.009574848527610758,0.003344946062075702,-0.02287619810674858,-0.005913604626854338,-0.0041181100787290766,0.04089768403562907,-0.00700986591254093,-0.027964238084384033,-0.01621620310434942,-0.024643665636205025,0.015879008508807503,0.012592296397405098,-0.006381892175406693,0.005672760167945558,0.0013135239667265018,-0.005403779416300175,-0.023458523590896313,0.0036553006523193797,0.00048594402742068864,0.023373647536132806,-0.00576288557082374,0.00472216078716423,0.0004528971503036832,-0.008242065240687338,-0.00600324670183947,-0.007121460335544286,-0.01643377092394666,0.00717329618877883,-0.010657667077162866,0.009969904481241682,-0.00029547462733867585,0.0014077566094620013,-0.006207013477103588,0.011639680361119228,0.014403108070607362,-0.006288876301052502,0.008281546731101304,0.0013992286276022121,0.004048916474957839,0.020998482157149053,-0.010428152201318978,0.008077882902295915,0.004539402069875303,-0.007255248912027288,-0.0006729445642945247
2023-04-11,-0.013696634597349537,-0.0067810999285464624,-0.003931510146876698,-0.0051742352339553856,0.0013073721342203469,-0.004852418147844378,0.0055316623206211725,0.001790150097615825,0.006325213415287729,-0.01342223012263902,-0.021027795516741797,-0.007665067410537512,-0.012991864704482315,-0.0007070475095401832,-0.037905271414567676,-0.014480292560039378,-0.03817078633519322,-0.006173530579019482,-0.019272195701425646,-0.0059479894168760995,0.013570790353501443,-0.017083963308261348,0.005057582431000072,0.0029821026320228823,-0.004768625778866758,-0.029165846271406913,0.009831095832734294,-0.010687754024940502,0.000519883787474926,-0.01121832172303768,-0.014682814381035057,-0.02209809648957372,0.011826206057364706,-0.021882479376987493,-0.006783411658543887,0.015052064232859748,-0.012359262785765825,0.0025021808594065335,-0.002173047306264788,0.008667295855980604,0.005776428580464156,-0.011036977398026967,-0.033532004282025275,-0.03457867272661737,-0.0026616896672839317,-0.021767447076324425,-0.012005595154597348,0.002972571679537634,-0.03270557354974718,-0.014560468058319473,-0.028525051488781566,-0.028894637758840984,0.007028108688708302,-0.010031868257487836,-0.024295277981829563,-0.004655802121615947,-0.04924026648840667,-0.02046047188094275,0.00786476567491291,-0.021805748618782823,-0.000702044957776008,-0.0079954126572111,-0.011618883319564047,-0.01203898583640969,-0.02735832916500932,0.002402602177527498,-0.017717166276486947,-0.01410910637006419,-0.0158997617370273,0.015041320014209662,0.011755317282234027,-0.004753545141274789,-0.010514306399749339,0.00971531211509987,-0.01682380620732111,-0.017527712972641683,0.011506694898390776,0.009224456944003381,-0.015995492812949593,-0.00422782261373794
2023-04-12,-0.0018157260688327157,-0.0008368106671346144,-0.010910837244789381,-0.010819920905429522,-0.040204920973412696,-0.015124780272823142,-0.0005435996423635691,0.001811319008541183,-0.012685092546533563,0.009207424246788115,-0.01588579631129947,-0.00591701739573985,-0.018732792286353734,-0.018351259447289405,-0.004786478956651151,-0.006044045518705392,-0.012149622397753121,-0.00813853253835737,-0.04190671768402829,-0.02334270129177743,-0.012820852976898363,-0.015074005932606898,-0.006271587071444581,0.007342019428728192,-0.013538882842452691,-0.01642617760108221,0.0019485792879119675,-0.004085379389423242,-0.01973585666687814,-0.03244732017937853,0.020083259756958988,-0.0117450284169361,-0.003788367085085011,-0.013614065045061333,-0.02858649972686981,0.005176486327126079,-0.017936196330785435,-0.020001285786136403,-0.011785787698166544,-0.006356482261409304,0.004666488145744177,-0.0057526367542139936,-0.00789967966733449,-0.020324932030564236,-0.022421767634257773,-0.02262200224959732,-0.02026474074915239,0.01389874651111001,-0.012780164402143676,-0.009805253212905735,-0.006024152915227732,-0.0013791187124798446,-0.023276779970061445,-0.014685745146585482,-0.0366015060839277,-0.0036386820150262926,0.00010116135562293974,0.0029794813881110927,0.008825303409865645,-0.0029320752044791412,-0.009962941251964194,-0.010095684039439523,-0.015176414599221172,0.02050274171305489,0.013728711077094977,-0.00892319947394512,-0.030898444720369685,-0.007136510868909395,-0.010446480610037064,-0.012952252617626529,-0.008110783290553859,-0.028675357666248114,-0.00880192222405423,0.0011731011388165487,-0.02894242808142101,0.007434178561816924,-0.015950012355872765,-0.01482410903959136,0.009346835973481788,-0.026513460925111063
2023-04-13,0.006215390846774327,-0.010363455846542552,0.011638098899428809,0.007829576595842599,0.002622671807327228,-0.006973005203704687,0.004351559324100734,-0.0025430272001469552,-0.005796897265946274,0.005097392276927997,-0.0026384199632063397,0.004281605803530532,-0.0026530751425939223,0.018665191765053057,0.025897025663176726,0.002611386586997988,0.013756828103445657,0.009811124872269908,0.0037179579100765562,-0.006284151054605096,0.0100599633246801,0.0010719638004779658,-0.005274800465277655,0.0012274456692105253,0.022117061661704494,0.0010469191237746692,-0.015257621530615417,-0.006006603594482065,-0.0005470126065128126,-0.010648586204388452,-0.003162322318803975,-0.017240617694098615,0.006778228297514351,0.00516008642480689,-0.02148564944694692,0.027242209028738227,-0.008823159606594771,0.006467826526456331,0.02103031850946936,-0.012187481038995172,0.0028239280198644337,0.013217845654020106,-0.007563478284470742,0.018990484142652454,-0.02782784736945721,0.0021529299878459236,0.022402032268836032,-0.0008853682500371317,0.015178298620683109,-0.007558555197700054,0.00587225605931934,0.011442243383178567,-0.013038241215766681,0.007046360635616681,0.005881444162249068,0.012033758594321362,-0.0036314092769643303,0.01118343872054537,-0.03415396074718374,-0.011371191912406755,0.02756098857433484,0.00823448516623,0.0014211166529096535,-0.01016815455312726,0.0020813635343517427,-0.0036911814601804267,0.0029854128667075094,0.014782484467917856,0.02690290588442922,0.0023458996919756333,0.018341993475879673,0.002898829250784018,-0.00516162562691177,0.007746051312743534,0.006500913284138551,0.015110812440048358,-0.0055110891960282755,0.0018389792663888241,-0.0027090052504106336,0.0040408491558992865
2023-04-14,-0.004598055312667602,-0.01355458268204425,-0.007762725252861291,0.0022356980581024915,-0.024018105505265952,-0.02087627336678199,-0.0078017882513728674,-0.007798077556805602,0.004664287638793803,-0.0008811826563178702,-0.006979785823371255,0.004842249609409901,0.004228117369471702,-0.012463826204909422,0.0017310299341378775,0.01799190045247741,0.0003391964733508359,-0.00990266733091338,-0.030353503788581468,-0.017618449883152334,-0.001875973249939395,-0.015624485017225739,-0.02190258182859225,0.006039247092469564,0.006169081770279406,-0.018534362625147717,0.010110299788884988,-0.009177469878545768,-0.0021683480735164855,-0.024297332776254472,0.004819960013963662,-0.023442859821440808,-0.02725924228977882,-0.0030714066129055714,-0.027424846072254577,-0.00396034400265586,-0.02102959637168231,0.0070198701103277705,0.0013266071016453211,-0.012150063558655071,-0.0009339362656291036,-0.015314702724059536,0.002301421992944896,-0.00256136068020619,0.011495272709632477,-0.011442590446979409,-0.007740865479035836,0.0027039553056277597,0.011784007363333595,-0.0050116437412611355,-0.01991698340007322,-0.02290783589670696,-0.006545630459225558,-0.004569067854006968,-0.029705636976822197,-0.0049351944659207485,0.0013556613584406012,-0.02400218341134743,-0.01585141408694295,-0.028448395551119186,-0.009564184870844183,-0.012307060445763603,0.0050715814193344755,-0.002999697360450653,-0.002346123061122106,0.004049646100509987,0.017305496795379405,0.0003999330804270941,-0.015143449161106878,-0.016574820679500002,-0.002322658488299491,0.0027252204387071357,-0.0034060832749846066,-0.013213710700933214,0.0080410826770709,-0.0014833797356688437,-0.012595408315574408,0.01223144337623126,0.01439022669884626,0.016079707323920014
2023-04-17,-0.020992926383028347,0.020700666491247605,-0.009581633891542886,-0.014409865296346388,3.2298478200864806e-05,-0.005641225928220551,-0.011327639535548953,-0.01183429440008572,-0.0036461126082821143,-0.005893370237053073,0.004868741632113792,-0.009480951097901119,-0.015661620004865724,-0.01607050819954807,0.0012552873545362787,-0.006425748652741437,-0.0012524617230463145,-0.0003386941864689934,0.0023779069265167964,-0.014122807447175072,-0.007469596860944805,0.017506544993234802,-0.0014931016896940516,0.005112241834126846,-0.021379538255424043,-0.007227885226895391,-0.0128675253129513,-0.021599148151784455,-0.006443358458330527,-0.0069515220807759275,-0.005594556536391601,-0.007491820802978527,-0.010699050194634916,0.005365553949476382,0.007728792860608085,-0.029132380539889396,-0.011271902967194991,0.008359436058244466,-0.014324510061356377,0.0123176020767968,0.013499644476762263,-0.013412829378533886,-0.007509776869770841,-0.004251187385194156,0.014074217357292973,0.004470649901381097,-0.0006930286020520272,-0.003946570488052734,0.001658175676086609,-0.0005299520896570795,-0.0026787410749038935,-0.009316425949926974,-0.004909598367634947,-0.004099133501768197,0.0145601993494535,-0.0009488696062425906,-0.004802355442311611,0.02102410454369958,-0.024761711224283847,-0.010167408289035833,-0.004420022324548666,-0.002318718081117034,0.00388977392416747,0.0015560409310268275,-0.0009527147567426897,-0.01449005328968013,0.0069153207068822255,-0.012888943262861361,-0.005045029463739107,0.003233353272082084,-0.032276794563237184,-0.011378463873737202,-0.028353468234301637,-0.0021067320981230497,-0.028386924871803783,0.0077086574000093805,-0.00984958587902617,-0.009774037830711802,0.0207210108057856,-0.010324516128518691
2023-04-18,0.014896652986496419,-0.017900287131791284,-0.014248983246344674,-0.004562420825580718,-0.0016662337620273705,-0.01053312865740914,-0.001391699772816668,-0.00756753256624387,-0.014412599151786935,0.000340061379983696,-0.004771740470916305,-0.010276986279621906,0.025253381960575333,0.005371240402526499,-0.004245092195764908,-0.0031670130193779877,-0.023414169254008202,-0.016721432027287653,0.0006424253278916577,0.01556928564922758,-0.004127932433842515,-0.008015038440540813,0.00023367564168033628,0.0035599796010136802,-0.008877035398369582,-0.01955914711835274,0.0278841607324975,-0.022480171042737043,0.020720317505580378,0.00122863051679765,-1.799806021950752e-05,0.003624784366374396,0.02569170846332544,-0.002489472456960177,0.0032494464510260147,0.01753416112828451,0.016682746461211314,-0.02343498974040095,-0.020379224999286266,0.004836570637063095,-0.004952626976981701,-0.0017775930639025764,0.002844054813601654,0.017041918074770426,0.0012166448657145038,-0.005239715960408997,-0.012439467813171854,0.0008495157606973143,-0.007406259924783723,0.001613622612973798,-0.007005583175096081,-0.006964811801472012,0.015497991358104021,-0.003387337010203893,0.011648100710103172,-0.009166737046293262,0.014653728733225853,-0.018517305038590184,0.008472346747262232,-0.010276650690728854,-0.007723551167058628,-0.0015248274510053284,0.02066009021921546,0.0019524493482465809,0.005632709230579514,-0.020947540027500818,0.0281341820357483,-0.017163391251987983,0.008414311427682269,0.00024017524467660582,-0.0008422145878279803,0.0071241274172562565,0.016084606836576164,-0.02587133641745113,0.01685718387296953,-0.01174187247455458,0.0016705637531768541,-0.012671960904220583,-0.013567627653239255,0.01608249054069696
2023-04-19,0.0012768201769043272,0.026334902740274634,0.02121614510201169,0.02657947231762471,-0.007199653272202601,0.011180435047436408,0.01500454228144031,0.019524789613531567,-0.008897912179423933,0.0012521749535506898,0.015229193254120765,0.00980790171552578,0.0018896914577169726,0.00015147305991456556,-0.0035090713269320846,0.014141472792594981,0.01770756054351719,0.024982070441668544,-0.004495700680182598,0.021790300771128365,0.02374576690059617,0.020584981655580398,0.010722734555394358,0.01743151388504746,-0.015038281726324279,-0.007803131350969295,0.008206498516772655,0.006050585190651468,-0.02453019900254355,0.01731811996014048,0.019047096364445182,0.027609735862969522,0.009153464326404005,0.008813010227182824,0.022517730710002015,0.024059271799002704,0.012175384718536453,0.024635998970387256,0.01890350947094989,0.03496337289477588,-0.036692058146330156,0.027520115407997515,0.006591184088102865,0.010478521257606357,0.020090901272249953,0.01615585417571936,0.013651603029580999,0.006762705874432827,0.008505511412707466,0.018813400904990667,-0.0030262233174387036,0.01314010733670742,0.017996492357333325,0.018654564514156882,0.020946649685079557,0.007362896361697492,-0.007511895844703739,0.015678603718135054,0.008817125153896023,-0.0096011788051624,0.018524442780350987,0.039534510869809164,0.006825497122977002,-0.0006929885898996095,-0.02033206444725466,0.018036842138313948,0.020263076791972902,0.0023908881420851595,0.006137489947962948,-0.003159422952989075,0.012651588889180478,-0.0029029452828423456,0.010753173550485147,0.015043697445937155,0.0058077770894891505,0.019860658264472884,-0.004044169612909876,0.03697447263134281,0.015007826569627937,0.007478909348094904
2023-04-20,-0.0032051302444826403,0.013377190935684959,0.0006536008872065398,0.016897515485852714,0.021692790960657727,-0.006231780600011401,0.0076599785140347865,-0.012882361931970118,0.016670172539142894,0.0067999614307360555,0.002043508639433365,-0.021135885186865596,0.012430789354171481,0.0032692246593924996,-0.010953253541100988,0.006691004698863255,0.020175757450222903,0.01962315065523687,0.0023264580352438855,-0.011318670487841468,0.016089393517801524,-0.014549454904070107,-0.010222342806439797,0.013483808333516546,0.017759121452946575,0.009498557537462772,0.0028740371940308897,0.010006268234853712,0.01892608451260922,0.00897657166285736,-0.02453310486896285,-0.0014689867087110337,0.01572790980997913,-0.005899697818206849,0.01601408185595842,0.008107261641899559,0.00885036048395704,0.01730897218105703,-0.0012306802722656838,0.014021895626298245,0.0010923694278797845,0.007246450089520937,0.016976413925086416,-0.008097907415405881,0.00778749203003497,-0.009687592323309473,-0.002556251462024084,-0.00039618558769820376,-0.004325270561088159,0.012130486342457577,0.0053749362010354395,0.03301651806043787,0.0058988903489324415,-0.003907260871626024,0.01113141978075482,0.009842651434745879,0.015839358932158612,-0.004222623870476199,0.0008282789523760643,0.005880488881104439,0.0034640734032522253,0.017391015128263812,-0.012489947988916368,0.015458372022543394,0.02847754372808786,0.011592836355544844,0.015980004530946588,0.0030343170148705648,-0.00847095667924898,-0.021970022151351434,0.007241394709429579,0.004099638583221939,-0.010070212085222794,0.02317879115519826,-0.0011049494445019657,0.0038810049713222305,0.007857756288087851,0.012074683943565513,0.006928461651411264,-0.007356801447311797
2023-04-21,-0.02008065301592317,-0.006460490074768906,-0.011152948234350347,0.00594043699876068,-0.00793915487879141,-0.005642743120732696,0.005780765088485361,-0.02011270439925635,0.003947290243973126,-0.0028800104917127774,-0.014675921287089803,-0.024636618327884198,-0.02752058888619749,-0.012693998218368824,-0.002311795031269481,-0.00045189323148349565,-0.010048104197188674,0.009321403340745344,0.006402323216327923,-0.00882339340258928,-0.003342891909059883,-0.010975996191647595,-0.004370256551417682,-0.0001129795911606309,0.01739416422145748,-0.01723135985345357,-0.011166611644343682,-0.0012720088408098938,-0.011040710401634353,-0.014692949787761637,0.0173260208883688,0.008198197050572068,0.00301460805635915,-0.007584386304496539,-0.01862777816858082,0.00535568016551856,0.009667148206748036,-0.018326917577604407,0.00019381325661219605,-0.023048665305925257,0.008549938599622671,-0.018646491118783935,0.0041922752700988735,0.005470641131768645,0.021277546794570574,0.0011815635008950946,0.017249549112678876,-0.014916754597622196,-0.014506305926998336,-0.0034570095460109175,-0.023355922322614166,0.02719195625710382,0.01736615137956216,-0.017298054463223606,-0.016599807070410047,-0.006103382516649877,-0.0025458404053128776,-0.02464916187241529,-0.006488250938058984,-0.0002446241379484909,0.02381693725740028,-0.00417419525515867,0.00859603815518401,0.003880006147274064,0.004426891508766515,-0.013446436301097618,-0.021004330521713688,0.0014965049410319898,-0.004412505105246765,-0.02059707575646426,-0.003146723494397796,-0.018209512037783943,0.018094420087698994,-0.010173145297444381,-0.04077812856060226,0.00967420612633212,0.021060345051242376,-0.010329261495358115,-0.006836186482507245,-0.009874361097145776
2023-04-24,0.027175233054502465,-0.005342640821811886,-0.008827201142489586,-0.009234328774374818,0.010360960023875657,0.01835236721785063,0.016715820256647307,0.0008024775468247827,0.009078174437238271,-0.019169908680818668,-0.0003978644846309833,-0.01254638194745809,0.029642544208602108,-0.0017486648124747364,0.016100726948964816,0.020197934233298496,0.014790164523004891,-0.011743352422994048,0.03026366079451943,-0.008448461981000532,-0.003262559123707469,0.025288303217106307,0.013182205075736461,0.006488827358803075,0.005588716724761479,-0.025634707594348844,-0.01702524215836531,0.004910392524222688,-0.0016938089286104132,-0.006591891524856019,0.011516812556456067,-0.00817756941035366,0.005151352512321603,-0.012746389513382783,0.013466204426226976,-0.005662194157327787,0.012634625650757902,-0.0016160506629180637,-0.004926683337809578,0.005372257992900014,0.016006699480063946,-0.015578442831971753,-0.00791057243061569,-0.012201780341406152,0.02090857491985204,-0.005201930780927934,0.02154190582865723,0.002844486117688807,-0.0029133925035492282,0.004364199028902794,0.004720639002037776,0.011062668251784452,-0.007629249085454753,0.006324077187445487,-0.006381590913777206,-0.014139149976091125,-0.0020838931309236,-0.006721591593783575,-0.0003405717293434264,-0.017948986399363025,-0.0033528439250503183,3.441961274961401e-05,0.024537225281208743,0.010951852534756053,-0.017079907306083462,-0.012682471150793741,0.01117276701033077,-0.008274610123539928,-0.00904643429427246,-0.009477269423266921,0.0076558595068809245,0.027015016454955517,-0.0054824727626522395,0.010521163973557363,0.00848995674666222,-0.008572326499438586,0.006704264891735591,-0.014897982260681591,0.014506413517941685,0.0025210864439268944
2023-04-25,0.005715462266816551,0.006632882240425782,0.02886256778521984,-0.006440512256096915,-0.013871200993995301,-0.015465912771792045,0.008072010243874203,0.03642339287791792,0.0010535653422058186,0.02176242309641591,0.005633108180699174,0.012563863416264219,0.008221196648266427,-0.0033155352733011782,0.011918701120141614,0.012392986086511362,0.008836355199880894,0.01550452521662855,0.0203428482504128,0.018659543731399678,0.02935320443019366,0.011642952868759522,-0.009540544243648558,0.006490854664673086,0.011846679770556885,0.005083887249035805,0.03709304294151107,0.018860210805687425,0.025274341561225915,0.013384301003482467,0.0063181101787661426,0.02287701983698977,0.007097565559265519,-0.009766511846119888,0.028031565612073733,-0.019012474279531018,0.007538765131186516,0.006683692771890628,0.0026729308917767883,-0.00018422283960836845,0.007095027596937669,0.00117172256901793,0.021967858320227154,0.006152864822072735,0.016448371561935193,0.0180549986865172,0.001983068749011897,-0.01362708483293348,0.012466782566503343,0.0015909450436168483,0.021755955381104895,-0.02947197555542716,0.007164072581889558,0.008202322623428075,0.011923056797101178,0.02356613926739084,-0.0009191944881819592,-0.020438984814992924,0.004771392682785416,-0.002559469597068087,0.01988248128720283,0.01551502500150382,-0.0038790366416975343,0.0203455192948738,-0.011900396388896665,0.03262472031253935,0.013436903266982924,-0.01307966131644694,0.008179434925715368,0.0014914009252075117,0.0021007356103421235,0.02183931425880728,0.018581002839470888,-0.0008402771952325432,0.01252816599840356,-0.01299470336549065,0.02712751064219271,0.004005115833139656,0.025175061072694044,0.011764704063123002
2023-04-26,-0.015757435309837173,-0.01913065862561971,0.023515505371483843,-0.0037119340860052646,0.00101433247668855,0.013882416483768839,-0.006253619989045792,-0.004688023644076055,-0.025733072540149962,-0.02225210059570324,0.01283635489613833,-0.01865386680674857,-0.010898024948958748,0.011110073687716635,-0.012623170505370974,-0.006354773651854829,-0.02711911240729202,-0.02027846818237232,0.0037780696559215864,-0.010913139088565248,-0.003461756167994366,0.020420621675239736,-0.009423391797495422,0.001821426465234067,-0.025149346817114837,-0.008288414789009787,-0.00028803053079699825,-0.016510138389123335,0.025813068031728892,-0.0004562769246513848,-0.006126590581456589,0.004452954782563065,-0.011235401547281221,-0.007180236875905426,0.01101979587536302,-0.02694031347823074,0.01885325263627817,0.006726420949290655,0.007919587217313038,0.006992590818600962,-0.031006766346209583,-0.017024530392881418,-0.0021725038260014978,-0.028901654490968827,-0.0018889980963276403,-0.011700605584645243,-0.012895701248801784,-0.012042899179173701,-0.011060588340506949,0.007518096889250207,-0.0051843003366461495,-0.007270038904337965,-0.009286499009235154,0.00862407894801884,-0.014442804484167009,0.002256573651897778,-0.0321190261274645,-0.023338172915546965,0.008056515862176344,0.005022907597592968,0.011840633768614326,0.005632284233151392,-0.016576786548814088,-0.015077922888789345,-0.011767526198354864,-0.019515231276521904,-0.003921766249399975,-0.004173647580591276,-0.005704502377320712,-0.004059248784742611,-0.011086369369858799,0.0036117305566869653,-0.01197187757388028,0.009014442424253092,0.010030493966065243,0.006730060417795364,0.0065375689530258576,0.020798456242877766,-0.007443225858702402,0.005100209844313291
2023-04-27,-0.021988836241900196,0.0038160825686650262,-0.009250429452662265,0.0008120353534351132,0.0037865151506361145,-0.0006676463601326095,-0.0077536964577669,0.009271986408712525,-0.013586354104030078,0.008038405029890795,-0.016598268079772042,-0.001327007281108781,-0.014214480526837917,0.004203867318354444,-0.017585056746653765,-0.011663229334213765,0.0003423691452419421,-0.00928693572898744,-0.002098927413919434,0.008618905959407591,-0.013964329163148822,0.005270006340286657,-0.013283897996185108,0.009020442836013264,-0.029023581962627564,0.00989243422514278,-0.006185578933887534,-0.011779284254960878,-0.0034669790782102658,-0.009570697941689063,-0.01358016265363524,0.0020524610063810903,0.015974820174100252,-0.010640018294204204,-0.004874016850990112,0.006559767519710127,-0.02691531825922055,-0.010128246691153262,-0.0191679560026205,-0.005844924095522175,-0.010432940797184322,-0.0013822549831165568,-0.004958639433254974,-0.00010578746091515108,-0.016084598899572845,0.008890009185803693,0.0034481897127096976,0.004269572112121244,0.010973283622624749,-0.014774160836079468,-0.004758571046332856,-0.007594627568112123,-0.010368960381800763,-0.0026167255626221146,-0.0020823617299457827,-0.031203213599307056,0.0048325825962872325,0.0003591806373192272,-0.013676881031396436,-0.020681861734963544,-0.01782624928785299,-0.005801650845965529,-0.0016096911918320562,0.005266018147246879,-0.01023205930896627,0.01008212026015068,-0.02532091604738486,-0.007365269167561287,-0.007815408159217775,-0.010057266657560071,-0.0022776268685187045,-0.016851185287489696,0.0066448383021441996,0.001829788597574192,-0.03317134085922781,0.009488378946554325,-0.0011700371224408071,0.0005550909028714814,-0.014180845634162074,-0.024937376317816402
2023-04-28,0.003809447670812757,0.02538682547563996,-0.030391843211270277,0.006344968133720049,-0.023958544789832024,8.652342086928715e-06,-0.013503225996452317,-0.0017052896225324765,0.015048340536447668,-0.006634615405164073,0.006439048089868466,-0.003418967589509125,-0.021044204575426894,-0.007453569024791825,0.006008201423300006,0.005313281278472547,-0.007636923063065382,-0.00034380956533846575,-0.0022096473253652663,0.00347639322769607,-0.002634865184682131,-0.007282657669073803,0.0034230874318899366,-0.03008720924374081,0.006581499748526939,-0.0012924142189082426,0.012950470944298364,-0.026574268833082185,-0.01442450889353391,-0.019741397320605064,-0.014645750538538916,-0.037458917287878854,0.003186018553552073,-0.013588839185528463,0.0010085543707713392,-0.0037070165419832877,-0.008300121740760901,0.0021230850679781754,0.01328104385314278,-0.010583929425480578,-0.0036661309881650035,-0.02121206592259889,0.006448920862749246,-0.016145441061633424,-0.010663101084360896,0.019401329955149454,-0.02041755720155107,-0.024433127107404744,0.002656559246164667,-0.020461225265050044,0.01676739356970354,-0.016399300714298782,-0.011815748122857217,0.00016526268571265615,-0.013775895562437256,-0.012174994616191662,0.016952721990740344,-0.0008078024108472866,-0.0035241942702787946,0.004355355494036685,-0.03996877619103805,-0.010795500917304256,-0.018793613445055746,-0.005909444923557039,6.333307439800625e-05,-0.016863201932481038,0.01121739524049174,-0.027103580811744903,0.00873140806297643,0.005445866947837205,-7.394612557214781e-05,-0.018995515516888013,-0.001138683210816192,-0.0016132602886377535,-0.008721564509828823,-0.004159964534812287,-0.0072833034162632405,0.0019779769408947243,0.013815497197481225,0.0068138935173167325
2023-05-01,0.018980742971986982,-0.008648760728340721,0.016132148110349492,0.02765269993864236,0.007868116584700808,0.044260311567952224,0.0031882351733863792,0.017183161983033886,0.022074329561936522,0.02671698600537232,0.012356006736180794,0.01864191314525944,0.02307977695819366,0.011328989751323414,0.007573553372605566,0.0175996443274576,0.023553481833973926,5.835458160285533e-05,0.014637660574941189,0.014056603155456758,0.023023418667756777,0.01590390462746244,0.0208418226131977,0.01318283933507458,0.013122910069998784,0.020834371055025686,0.025334014470566085,0.013395302769826825,0.009817729432610688,0.034342903937020816,0.03543246676401758,0.002554745791935615,0.014379421913075573,0.0005188453010603559,0.009205548214916643,0.009376814945772841,0.012155901434896869,0.02987702567432713,0.01741368084025803,0.01014192398407841,0.01696274296395027,0.014361164804001299,0.014151844008973928,0.020240013439922336,0.013702582460824092,0.014211494545655666,0.023459946260007816,-0.0049610614705897765,0.021384256597372257,0.01793554508177192,-0.00041517776036544517,0.022382167391424984,0.028571129648505916,0.008748626916900863,0.015861396971897104,0.011950401684029922,0.01807736050377904,0.0025998087785757294,-0.00012838179416110526,0.025989241785541198,0.012234361526145971,0.02282196637338824,0.02134425126497691,0.01667861890423871,0.01490052798724846,-0.0009669621208862542,0.011495911327117784,0.021601035938495633,0.005429387419662061,0.018606551621791055,0.011404312936701116,0.01843152421452658,0.021465658582575965,0.036980685236802535,0.0010864401144393653,-0.0046668800799725685,0.02984504757036824,-0.00622493489608825,0.03127203906401247,0.005063542424525318
2023-05-02,-0.012394692394894406,-0.005012352611836932,0.018045641498018763,-0.007831792635562938,0.0077159311238447145,-0.007553037831448066,-0.01440364555285744,-0.018483769134301845,-0.014828397168744647,-0.019608567646209243,-0.0027740593140124477,0.010503324459864606,0.005700685021885216,-0.002807214037796479,-0.0004483194960805551,-0.016457005146892432,-0.009441913299367943,0.0006609754736790967,-0.014190641836543044,0.0031229760874630047,0.0022917342137054983,-0.010291401861492149,-0.012240190420497003,-0.0018069517914503647,0.003966597010977449,-0.007276238628275818,0.008153531208862884,0.014599055850954537,-0.001535021501927292,-0.016890635078613953,-0.010809070922255666,-0.03257397001425957,0.004617951181435575,0.021611215396022808,0.004922449623790678,-0.01515256916463442,0.00598871864526764,-0.011876530612857265,0.016255146190981316,-0.022025549778687606,-0.0071405516977749075,0.006983082847098367,0.0024649970925210373,-0.026870843381545186,0.0017135522071267794,-0.010229267524706948,-0.00281505951182522,-0.027134877362271034,-0.005971491833091477,0.004695519472503533,0.014398306445243172,0.006643079292727573,0.01547773586700803,0.00605987704493355,-0.005886038907367556,-0.012268054007115314,-0.0005244124026502067,-0.022881191984391185,-0.022739852411451884,0.00021991302223721898,0.021886836465577614,0.01307043816531156,-0.008701548259097955,0.0009997859085906363,-0.013246049191395375,-0.012560145986440327,-0.015812297879602616,-0.004168676413762077,-0.01178264246234631,0.008345519373549565,-0.023880927506731965,-0.006293926106765491,-0.01828500253554429,0.0006421150162973597,-0.007835914605782493,0.010483916774741083,-0.005043000228687055,0.008229332099540012,-0.002668957577357242,-0.0011789272379343924
2023-05-03,-0.0017135656253804655,0.017870513981946945,-0.012243875691066115,0.004477467293382758,0.006960945628206334,0.015414054246396063,0.012654152959487432,8.40494663683208e-05,0.01643626043066491,-0.013837491700200624,-0.0037090902632201245,0.02144828204053336,0.009794324240961397,0.010230690758777396,0.007682486391952586,-0.005917106057289548,0.0304130844864185,-0.004429760502920812,-0.0024434395952942136,-0.015751787229391533,0.02168542644462231,0.008561907404892566,-0.006923778633061683,-0.011422945025481577,0.028884327643446648,0.00586589392108819,0.014119197310658024,0.006419296439272962,0.01263438390717509,0.007822207235874689,-0.012695509572710366,-0.005426745055578433,0.006268926407612279,0.02149881571285604,-0.03425366539591695,0.017611275363802498,-0.0034476913472367967,0.005197698727526852,-0.01156531039569352,0.008199030934113317,0.022453553887366494,0.00931200160946642,-0.016858554586556995,0.005048699222812243,0.018662248142163277,0.010275128851865456,0.00409246285421661,0.013674269456852288,-0.0015591237323559128,0.00023308337104625576,-0.001827349493797984,0.012432867961465716,0.010110697219040123,-0.012625121323535923,-0.004455457392813047,-0.0017305993108120733,-0.0017102700328587,-0.012045985985401263,-0.01905548830343702,-0.0037700177084174225,0.0009744210020011506,0.0032434708927542013,-0.00966189124041788,-0.013808774347545774,-0.020849417059541134,0.014933888234904472,-0.0037416983720102554,-0.006000522616915043,0.008444331744676252,0.02500370609849979,0.012092232153098409,-0.01974367872872356,0.003385866208150514,0.0037308685841269014,0.010280290408098672,-0.008977464686273381,0.007997522318678748,-0.005401455642618838,-0.008939594930502228,0.0002853803859658526
2023-05-04,-0.03235256115052512,-0.027109983620009537,-0.016747087198164572,-0.005401154345626246,-0.027919367752444336,-0.015144858224669941,-0.019913067625836785,-0.007138021564356216,-0.03761937321781107,-0.032820259072918294,-0.024603988579044826,-0.034818282913544926,-0.021017517058298775,-0.019946566189024146,-0.012544050357332156,-0.015844055030524076,0.00223544094142461,-0.011375353255560569,-0.005848283610979655,-0.01736606494832813,-0.0008633687998934013,-0.021902349026846128,-0.011498414793432072,-0.025880228472582766,-0.01750046762295957,-0.013705989737778378,-0.005463714840803087,-0.028464753916719647,-0.022281779715982206,-0.027745058757167547,-0.019635089729264248,-0.02328699347058819,-0.019014349987152637,-0.020942875200166536,-0.02790781636323838,-0.009371723542308596,-0.04383074219995549,-0.013126390779693166,-0.019617680227990344,-0.018095640349262268,-0.002867778155661981,-0.020958342132088525,0.004819848600971548,-0.003966068435832453,-0.02966314125179376,-0.015844845148964167,-0.025144026697724232,-0.002163559095587894,-0.009492067164706543,-0.03318658191194266,-0.004325014729376162,-0.014476640016546236,-0.008430643615315932,-0.03044231748945088,-0.013327713583511657,-0.01657990031305714,-0.02659539398912785,-0.016328631263341088,-0.022729321066209236,-0.012827911592829545,-0.011693837031867653,-0.01081944285077904,-0.032090025124354896,0.00205500140213492,-0.009692661717625837,-0.01477683634067805,0.00419073679826569,-0.014197476280825617,-0.009331409287653226,-0.0422750136721044,0.0004393608349320295,-0.01395435188593928,0.0013737306458060546,-0.024653109454216456,0.00879572501690332,-0.00228438174111297,-0.008508524468945865,-0.026154861982540058,-0.013094590166050342,-0.014734794893834224
2023-05-05,0.016484293541656,0.025974601946073764,-0.0019180251708159,0.03370141590845285,0.006771611482897875,0.028698578740872917,0.010323888847278499,0.021870813476851075,-0.00473058798908549,-0.0008067860716880308,0.007634007540457543,0.0038296042229263097,0.009956671780662516,0.03320130738951775,0.0060421895141310545,0.020043508047313648,0.03431064644859517,-0.017027780155369366,0.0037597101268157613,0.023164241721651983,0.023643277722904026,0.008687530917571587,0.017873529470153453,0.02229115359308869,0.03143281367429736,0.02538730600743959,0.01076880223259201,0.021338112017271805,0.02763009278626988,0.02308611981862585,0.008632076200591884,0.027735786370370198,0.039853318576272,0.027608124102311664,0.015586568816389645,0.03120925454953211,0.013644795016275298,0.023178866772462905,0.00324986727176896,0.02567083696898438,0.0007326278826491669,0.01780896725994697,0.010130948555245782,0.018384169223189344,0.03263224151704097,0.050894295499198584,-0.002757404485215593,0.033522214772885986,0.008364583267305905,0.003984371027896569,0.002383115090511735,0.021885797704161367,0.01946785907002266,0.026680728168579942,-0.0030957977312130198,0.0058320182631879935,0.015614144462224368,0.03103661754426331,-4.021781269153424e-06,0.02664735303589097,0.023299578339142053,0.04043529459821053,0.014131399224412915,0.0407667620802729,0.03022760543388581,-0.006750105133815071,0.007660237716634934,-0.0037844600568124782,0.03248070931091567,0.025771745017766218,0.018361291995765312,0.007765297066114611,-0.008824025236270195,0.008312909312683522,0.01322924180966072,0.006919909646218955,0.01557080114982963,0.023918321041237166,0.02112475255296994,0.018902754047695574
2023-05-08,-0.0012822720089674458,0.003616548030226682,0.011922529079598662,0.009277890632254896,-0.007432787703268025,-0.019202738429630325,-0.0013966605747664832,0.002615088543946659,-0.013070418279837391,-0.007355051126043748,-0.005179965896994246,-0.01636784281889883,-0.012606378911197225,-0.017266067722510704,0.014822556275069194,-0.005164155955196995,-0.003902667285933193,-0.005494349422447813,-0.01304732384595884,-0.01458551493764243,-0.02291544912470469,-0.0015930625593187117,0.023814127657896762,-0.002618784660034635,-0.00010685936368391713,-0.018934316396627255,-0.029324720885126502,-0.014246354354949642,0.02571036825046366,-0.025639599138972437,0.01670240800068684,-0.0029546651831457178,-0.004617542922568011,-0.0023929458034183232,-0.013991870178396086,-0.01572459832550526,0.0030421408530324715,0.007103206070820978,-0.016438741859339644,-0.0018286137993341555,-0.014055841384660307,-0.021010581521472928,0.009010030082020937,-0.016923829226219645,-0.002754267487561324,0.010197776380666282,0.012862866167566569,0.012232391390317884,-0.022310261704960664,0.014483259785703518,-0.012618874663576874,-0.020817796735253656,0.0039557641234085235,-0.008989421672039689,0.014354044236882739,-0.01442311382280722,-0.008876538146977048,0.01415795834408949,-0.00020483971737748474,-0.010782166911994956,-0.0001603337668929167,-0.03138089096064916,0.0004013605599592859,-0.018016791740354275,-0.013545204996568668,-0.017511542328987828,-0.004250810076634598,-0.032953983116033585,-0.004534028349554992,0.010722570434872,0.014100088617523309,-0.005875884338008577,0.002674915456883812,-0.005385750351586987,-0.005613638148612334,-0.019622382879252227,-0.006168666216618971,0.008007067576246633,0.0103899927225934,0.016427777765485096
2023-05-09,0.013770061152953664,-0.009609270670170582,-0.02240922364681549,0.002457056059101981,0.008877380829652271,0.007873360729628909,0.020364637994593846,0.010759937799271872,0.014347844992556601,0.005221486082484052,0.003208685971490674,0.009653027630026859,0.02827835197645715,0.005919295257090292,0.00895067840224655,0.01418512421780692,0.0017436565512138468,-0.008673528609088309,0.013860303552175792,0.014158358366366903,0.0020531147768007643,0.0014753474430254905,0.014939067968060965,-0.0018871681054790281,0.008752630270029368,0.006143822547643052,0.0029982966417037345,0.009053983779569865,0.007496451324553832,0.005489463770303549,-0.00559831336308735,0.007380773544307289,-0.0013648829129386136,-0.001517644890293389,0.009386659321209212,-0.011464932556408524,0.010773341244565582,0.018814865191919973,0.021099596000046225,0.01716047693295388,0.00749810433679331,0.012237977860857585,0.009783564704104682,0.005765986872418327,-0.01271211872764098,-0.005240640755512365,-0.007050658665165282,0.026580496859741447,-0.024647051725876324,0.015869415668149305,0.0007846202690476011,-0.003731598410323834,0.0060790347507773766,-0.018305706742076804,-0.006051511222976066,0.014530198320772068,0.013919015738575664,0.012086366239428896,0.0028843143507003752,0.011085149273419756,0.0012028837382732425,0.011111861335322668,0.00823400522518046,0.0005337168676837149,0.009368977527483238,-0.0010406144306999631,-0.0011102938898149442,0.00011963703212566987,0.008644687816132035,0.008824726422823845,0.001787988348871295,0.015744747427179368,0.005530429415339997,-0.008272040027692211,0.01464479874577254,-0.012790997598839272,0.01393347351665369,0.013022189808540516,0.009457040641765856,0.02150840770735498
2023-05-10,0.003757630655685738,0.031231691738364244,-0.00219977515873616,-0.02679475098233307,0.0008220036355074335,0.01744321557337689,0.03070432942543004,0.024542162955048418,0.018009102258746947,0.004090713175245786,-0.0039017812558449234,0.01992780961980101,0.012975110988639474,-0.00364229278705278,0.016921624160568735,-0.015614994554325608,-0.009659476392247823,-0.013526373277532233,0.0013969076315398271,0.008872420153815607,0.009863095417866535,-0.01642186843661357,0.008411830996841872,-0.008490878909523136,-0.01355418321277724,-0.010524102331679214,0.011721830163080055,0.0005778903792308453,0.017051843511820666,0.025179406912560147,0.006204008152598542,0.01214851407182586,-0.004803295258989164,0.0009996039873759416,0.001597225930244782,-0.001977463137812327,0.00891230280496993,-0.015185104290044089,0.017259033921170633,-0.007455234942776878,-0.0002714736408321731,0.005570378509179907,0.015755848134881217,0.005236582198417238,0.0005877868133756215,-0.023992702208170565,0.01263522926223993,0.014865942267425209,-0.01070324948037529,0.00905951495212906,0.004332588029521901,0.010614578402345892,-3.092111319179941e-05,0.010607746392891745,0.0014062357968997975,-0.013346645369702642,-0.008311336709194437,0.002920611399016179,0.005450103404793377,-0.0008157222719119136,0.0005779959894622929,-0.0029142574059798903,-0.010603646323002067,-0.024347705140638824,-0.014054672244851357,-0.013012106335174314,0.016553736466737193,0.002313060143907703,0.014531550178123338,0.003382045240151104,-0.0024970580565108116,-0.005675731204475797,-0.022607624910172316,-0.004501411265363235,-0.009934818666547184,-0.024502129520532545,0.011159114486509972,-0.004052116706990575,0.018756597471367736,0.010701871567451294
2023-05-11,0.0006888031773726322,0.01476566830656848,-0.006711401299937369,-0.013054195430509478,-0.009089971792295943,0.00045952600600543403,-0.01498621946407608,-0.004362076879762318,-0.019308258910037436,0.0012455704393316484,-0.029253858388392527,-0.013445756513380855,-0.006304474833088786,-0.00020488478221357062,0.012130707427933013,-0.014898443983289506,-0.007946963218083077,-0.0073523508089810095,-0.014354520747566449,-0.010257642191417851,0.004123925197558561,-0.027738428428465873,0.003659112048099844,-0.009412991566266363,-0.02859038382522116,-0.011899534082941827,-0.005301733616368646,-0.0013820457551511015,-0.021673358901825493,-0.026105218445431733,-0.013370594788939916,-0.002753200305031429,-0.016809868653559955,0.001966536144327389,-0.027919831650003776,-0.013375884983257489,-0.02586913919359165,-0.01057580666199326,0.005695093313627621,-0.030848477172942923,-0.04105514795255839,-0.010060135331208385,-0.01641626097315936,-0.014391228191807047,0.015332555025251668,-0.012055544798389939,-0.0164867754505776,-0.04260697925068148,-0.006074434226408704,-0.0029004202457618943,0.001964305096160735,-0.010575114779441832,-0.0048308529687871495,-0.019353938979708815,0.004699069055766533,0.004292448539695526,-0.00922150492326062,0.005931400004943092,-0.010579473451877484,-0.001498846527945203,-0.012873832636727974,-0.0004368779763949202,-0.014656256045643284,0.004359982134289908,-0.010521368992601919,0.004157812326089562,-0.008692414530324336,-0.007236125604977229,-0.006161755016550927,-0.02212609731838375,0.0014990945561741804,-0.006167057084224193,-0.01752155238600493,0.009240025706582847,0.0019026870556697884,-0.012662463608869402,-0.011839798433315535,-0.013551694868272438,-0.005663567864557852,-0.024234689402518186
2023-05-12,0.003597258300392636,0.0008441527025895967,-0.0015709626254831318,0.004989760484350371,-0.01850701967860376,0.007154392332807225,0.014551133250223745,0.010950482904577823,-0.0023399147862498155,0.029464821405205698,-0.011750615985779053,0.004071727506930191,0.0323913570692149,-0.0015441668623109913,0.003504206439874872,0.007705090965463389,0.01620562089802272,0.03742390982849299,0.00340869964573833,0.0020910035240560344,0.01435345666644097,-0.01836731956504801,0.02008727895903624,0.03446430640355261,0.03639175788723938,0.012051795692848033,-0.009045278092101872,-0.004744663907292574,0.010247845388673823,-0.0009246630285889772,-0.002259925094022003,-0.0002686057372449325,-0.0012693881746461532,-0.008484712012498263,0.004695959637944213,0.017571978027691663,0.0157606863805749,0.02372908771326355,0.018945556438642604,0.018558442250817844,-0.0076074985057505385,-0.0021328056501098754,-0.0032311298359434084,-0.0008211549760316168,-0.0033485686307229996,0.01960168600439478,0.023108393119048335,-0.0037834284653628925,0.0022925650407092093,-0.0024183046528862464,-0.008427323755259087,0.014214163905435276,-0.0011049692340293089,0.005716554648712027,-0.030540911762705677,0.028525288730368636,0.008880124035868084,0.019240668457423168,0.006121955403049353,0.004280353124647251,0.0003785708027671149,-0.009511354361933844,-0.02020016380224335,0.026343292538236966,0.024082950803595113,0.023184109815758552,-0.0027856144023039944,0.009353128528507485,0.0011262633567578166,0.01941027391663165,0.0039814098637257715,0.0026768720987219528,-0.004204159176214324,0.004995482537937407,-0.00975262601881103,-0.01719795899643289,0.0031156391696848702,0.006788013004330291,0.0020325275446737004,-0.005384972703486998
2023-05-15,0.03399148708253085,-0.017097424096948817,0.011422883106164506,-0.024918320498825596,-0.036273317235836156,0.017731284066701585,-0.003492508211666351,0.0010530853974510812,0.005291410824595559,-0.03058484309961986,0.00032276778858364354,0.011383222622043006,-0.023990806698948305,-0.005198181165207466,0.002745673965391736,-0.023240058757555773,0.0105265673486123,-0.021432417944069665,-0.027982939945239132,0.0043070337163214085,0.00937208624912185,0.017414731955063285,0.01482568940121429,-0.030305158765789042,-0.002655668570640271,0.002887331539645868,0.004901726956550038,-0.004055565596205924,0.01489733449700777,0.00910966858074127,0.008368403043647442,-0.028309122748083053,-0.007711286472803949,-0.020162557921125094,-0.004585691232253882,-0.0054810370321638205,0.011452141145058901,-0.00758168065383566,-0.01040510456302081,-0.00011447618689383599,-0.017726300435919686,-0.014632708202984141,-8.871167745413445e-05,-0.0078101682796414655,-0.009268712063056548,0.004208178516932917,-0.01818696880597396,-0.007446577283286132,-0.006969663914391227,-0.007759678372673875,0.006131147926257567,0.003978378112796057,-0.0055684932184797194,0.030456826515391017,0.0022515467773257768,-0.02218338214430427,0.00639108791531982,-0.01562944518995789,0.0048396740379871486,0.0032858110346547596,-0.0009985055824359309,0.007205982686557509,-0.020859980661872505,-0.018658248315692516,-0.010139737254003398,-0.016129291056528758,0.013559101476153607,0.0066007255869086215,0.0012168602887491073,-0.0006256092822250545,0.02088152914584321,-0.0193941412369409,0.008833656932948786,0.0005026827269555469,0.007397193923874176,-0.0024112020744704423,-0.015397454720310408,0.006370904600902044,-0.005951335170450161,-0.013944826790233114
2023-05-16,0.006368413203842026,0.020101911431508235,0.014469638494184226,-0.001046152288769241,0.041061908916222155,0.02612353930327153,0.0046286836503603365,0.032933281027471166,-0.006356291672941137,-0.006386089686385335,0.009210135886147004,0.026733911038699966,0.0057043288610639075,0.01845637104927706,-0.0016149293189839358,0.015195160366297363,0.016068848750243798,-0.00039686247340184506,0.01969866660534021,-0.0011698183372034834,-0.0029649372801771826,0.0013516532883816514,-0.0037954760346766946,-2.311696223017759e-05,0.03174137853723659,0.0056434219103341345,0.013602271601206842,0.006510803806303884,0.007545087612963967,-0.02483555587245436,0.018818034430725168,0.040082310439001845,0.006526053376431732,0.009958614224391562,0.01843350149793702,0.005973038841798834,0.0059749439993513195,0.011639250395100376,-0.004890774052580366,0.024715692385155967,0.004712654067573043,-0.0157085450554037,0.003215847279440947,0.007380044261701153,0.023468006038413695,0.022308120166246604,0.019771837507858814,0.017638521411879295,0.018602584648215167,0.0014161214158572135,0.022659832668637244,0.022230206116856624,0.0015131322097891014,-0.0031872736801308293,0.001445654534224322,-0.002919295915637849,0.02683809348209458,0.003959110204999166,-0.00242105601976152,-0.02087758235610542,0.030837793565908336,0.019585955921166187,-0.002458829423256149,0.01856215266207417,-0.0024423370718814497,0.007800432559305953,0.006724505607926657,-0.006083550756754845,0.021470629572596503,0.013651580843345286,0.005521287522394696,0.023721270893611424,0.011781237194884303,-0.0014959151036113214,0.006013354685336314,0.018577949432592094,0.012199871199835765,0.0027862766152616796,0.007281465535792349,0.025106150641484387
2023-05-17,0.03682027254413658,0.03668412589618043,0.05675744238045889,0.02367464808315385,0.026382638516992143,0.038409942846679174,0.010281388468942557,0.013878285159653276,0.023171231533553518,0.004371521969357622,0.028515732932329035,0.003890701521660104,0.05985567954457296,0.03701462276077314,0.017726143818562523,0.04715030407158241,0.044732249025864874,0.03756288113759833,0.02597126341307215,0.019043798898636694,0.020908295647910368,0.033335487400261994,0.05644270688544463,0.03485664464516066,0.04882496760706839,0.03457760118538282,0.020688695066725354,0.044441473321258376,0.052864898131202404,0.00867313125623974,0.024861021566521084,0.04221841324163984,0.02403092948590412,0.03199346821882717,0.04148784160958858,0.028220103804516422,0.024211935044039637,0.03092922677615332,0.04312197625295584,-0.010355924252561585,0.0518569220762238,0.042451823990694235,0.038874655626065846,0.04260666487770503,0.014073988697240292,0.00012906660340277973,0.04563998573198041,0.033190641670466606,0.012298020747324766,0.05244982665119616,0.014250107517417118,0.015739500521335506,0.021804843591694944,0.008840036432330311,0.01782157802494244,0.03021581341695239,0.041652007836672236,0.03872776302993312,0.025134100138574263,0.006383115005279253,0.024350061945912348,0.014123293756103023,0.014160586491131963,0.004379142998433892,0.03194248512255259,0.03769936131612522,0.02548547234318358,0.03219743639955823,0.033214728953675,0.019054097550829097,0.04962525829540379,0.00032073593863983854,0.03485752244452975,0.03370521055564689,0.024394646258829124,0.014353235384283822,0.025642771133922104,0.0177796713986845,0.040907057401685154,-0.006449564335657732
2023-05-18,-0.0029736309526901725,0.017416801763610774,0.01256452796370681,-0.006007306322677836,0.011901809311435838,0.018339940905399588,0.015033924732445336,8.33366535218441e-05,0.008371143854295174,0.006020442769891491,0.007383990758135008,0.017706909830141955,0.0026969284714436995,0.013219458227492096,-0.0044957906880944525,0.016425075858019562,0.006485893994090875,0.02509628410352184,0.026869211893789394,0.007421709166229865,-0.0023953647031012843,0.006332988961033986,0.0029795401966625683,0.030836844147676797,0.007084707516731218,0.01969074396318693,0.03094204380583825,0.01383674945471412,0.018445516840871732,0.021802550911766316,-0.0140688268499302,-0.006238443660932486,0.005376941732546866,0.022811934716506166,0.012238411267189105,0.00924774196623768,-0.0073969355910521485,0.02594831702836892,0.031649904032043194,-0.01022247305480158,-0.021474407412162246,0.022507404852908065,0.02375749275640225,-0.03315511319748844,0.020176425343796427,0.007227981088857248,0.003490219758147988,-0.01218624473247758,0.00324778387420092,0.003813243199220321,0.007684388427304583,0.0299990811232421,0.03517000405957793,0.023141152637530252,-0.0022099089752316992,0.00032955292552207423,0.00013714232321243905,0.02597550136497114,-0.002573873327019513,-0.004901238508677226,0.016224611603215533,0.007724911105182683,-0.002620320191586454,0.005336888168761895,-0.012882106810212143,0.00971983988757507,-0.0064352272130105415,0.013170188453542732,-0.00851787801389326,-0.007779518896940511,0.00015854647114615233,-0.01100996935862126,-0.003215413459936866,0.0034435618336149743,0.01816028666571656,0.0003981649850142129,0.01778099498480134,0.007421096024344761,0.03946826405656268,-0.011376466401489017
2023-05-19,-0.03085435248700791,-0.004689811478599086,-0.020837114836715596,-0.010345762081589093,0.0015363763836249936,-0.0016459954134148873,0.004155922983226621,-0.012743422602030798,-0.018076391598431024,0.005641807356614383,-0.024203031214432232,-0.0063090681245270164,-0.01821460381761524,-0.014355043428260952,-0.005844775892256333,-0.008672704220648671,-0.00618293289392185,-0.0024041634326523956,-0.01572811877908291,0.007051792680587286,0.003633161571981909,-0.0014298333053121845,0.007085527490907966,-0.007225065192845648,-0.02217065258360839,0.003922875940251671,-0.0066193909678935675,-0.006651349098754435,-0.01669823250404765,0.007254251135735509,-0.005443077705702076,-0.00795563010592319,-0.0017394291890900776,0.01761805845612838,-0.00873988983718115,0.016108493977993965,-0.0022076905962748593,0.0012001888149428454,0.003391672639788408,0.01520766625829436,-0.013245918870611271,-0.029051556924904506,-0.023184429525176634,-0.02155955663794952,-0.006944374936803429,-0.0043952248759729605,0.01570987474055659,0.006073138382729044,-0.007832844817371528,-0.004499368185523661,-0.008473527696005713,-0.012456029450638393,-0.01140078915189704,-0.020345894133097692,-0.020233639167339265,-0.007977442873947483,-0.00890440154819741,-0.00659252542415008,-0.012415942628544245,0.007691197415024284,-0.005802974192984561,-0.0044450865784332,-0.011901840047959458,-0.01521118508701465,-0.0017794831766922616,-0.012809745010602698,0.009401175893780893,0.0008456916178562392,-0.015190274413981445,-0.014569829382429698,-0.00046445634138959566,-0.01001626627958093,-0.015304083533885418,-0.010095570222761509,-0.0021189677525934366,-0.01363719508970378,-0.011169517273270224,0.00912008213257968,-0.012814136166264286,-0.017925471578999708
2023-05-22,0.0206325581912856,-0.008097808778161502,0.010136646050037007,0.004767098280353274,-0.009388339495660744,0.0053138624526545605,0.012477124214704559,-0.010671980368349623,-0.02788439446499963,0.0015476375000580862,0.01683162311175963,0.005328975720433262,-0.008611211490368196,-0.004363072974050241,0.008097727223154758,0.011013379179957719,-0.013751803154477424,-0.021943521471942104,-0.017512969807122414,0.007162570424291723,0.012996210691740052,-0.032870775975538585,-0.014225181207791529,0.014872638764826833,-0.01189350300297778,0.001986968880931063,-0.007992782995060808,-0.007422692540444884,0.0005744059360570618,-0.020202503736522263,-0.004761159274195074,0.00038769049658524124,0.019669366740129778,-0.014207090214214176,-0.006690135346955785,0.012913377000810966,-0.0025672001246081263,-0.013366121639084287,-0.011432316437669232,-0.0070073058734673324,-0.006201755060244528,-0.000566477941447931,-0.00919146214574626,-0.0032463463982134342,0.011453144383437884,-0.006884523716360308,0.005254418869123638,0.007222135609917633,-0.0018173817077252717,0.005378011982394032,-0.002197559045236993,0.0067515113758377585,-0.020776471157058392,-0.01956466384951603,-0.015691488843489705,-0.011744642355034456,0.013390089179499165,-0.014592253579224168,-0.0015756563867304308,0.014431076521380464,0.012571933933621129,-0.006613897094552344,-0.005234132905347605,-0.012611312576339182,-0.024051879021562007,0.007839086990654658,-0.000700228849522305,0.012626935781484213,-0.0004978726334409342,-0.016773385873124658,-0.014553588779374519,0.009210031153352869,0.002053274956729415,0.00737149026590489,-0.007759251847228699,-0.004291939262540801,-0.0031664641253659727,0.011351886378768314,0.014394870101001213,-0.009288069918396563
2023-05-23,-0.010058054441656831,-0.00024214770899238895,-0.0077780167577858605,-0.03192538159016815,-0.00608018936599969,-0.031846416614172694,-0.009120956356936136,0.0014596378751773227,0.0016194435183543403,-0.015291265066200184,-0.010208523329143876,-0.016007815096168634,-0.01989585676708751,-0.005663691566601386,-0.006570614995245398,-0.015020443534372385,-0.007493605106190881,-0.017862294572619154,-0.0008258276271166428,-0.005370732305255182,-0.013053419281713349,-0.03647711451994935,-0.010393331578411992,-0.02136680912000545,-0.022157523289391565,-0.015694441938671894,-0.008318336315950433,-0.01069915227295674,-0.029192305033498185,-0.018174714892575956,0.007341894143726088,-0.018281932809401425,-0.032588079363390365,-0.015230578685333007,-0.026364338889195642,-0.01315707334189966,-0.04192633496371743,-0.04412428306751838,-0.02494686676591568,0.007228898074460432,-0.015821904863170425,-0.007806464356936976,-0.014422396973336865,-0.03887919710782526,-0.022268557326833527,-0.004201451872178123,-0.011979731598497242,0.009480667754712221,-0.003722513991001471,0.0004254629884385911,-0.008314103455861374,-0.03336339906712229,-0.030512816954230613,-0.005691661033534556,-0.0170565795196973,-0.006829165909594063,-0.005227349669829907,-0.016697409648279975,-0.019748520772372734,-0.007494618818742871,-0.021226355297239655,-0.008411767900603315,-0.024105937864159436,-0.009108595404029137,0.01034488381970281,0.00875718352601277,-0.016733800090287347,-0.02411391864335112,-0.005086688413374568,0.0049493959608460335,-0.03197335758867356,0.002478723759702914,-0.000593174608416464,-0.022344498664532635,-0.002774815303893027,-0.021833281559869216,-0.022760236526527113,-0.021346289734071988,-0.02951574218250238,-0.00543376420273885
2023-05-24,-0.02659397618509067,-0.028329822222962313,-0.009184312812726483,-0.013748334211350985,0.0009590599924463863,-0.014951026066740133,-0.0033607099405030573,-0.03212638890365574,-0.004682270510666154,-0.03220056221497137,-0.03085606080427722,-0.0407632298515167,0.012922961275041932,-0.04904297619998109,-0.015200680254077647,0.008126169346600109,-0.013099004363202852,-0.05041471979032243,0.007820844276328471,0.0008850291913485193,-0.022107142780389596,-0.011593058096080848,-0.016756792323767207,-0.03396942860445029,0.0019660135151541424,-0.024970468737224593,-0.022154298611767154,-0.014598548224250987,-0.008204491972662636,-0.013946111287314874,-0.031320635462580085,-0.05344544179533728,-0.02114204503177589,-0.01015039974882437,-0.03682150900743065,-0.028152654311444713,-0.011151391188594347,-0.024232047814577672,-0.008236869256448232,-0.020979518227287962,-0.011666542847707989,-0.021181745784945003,-0.02040717573979578,-0.04715097886291918,0.0041955097507337825,-0.009744699689646256,-0.03376336987112609,-0.00657839360864973,-0.010307282301073691,-0.009920332460287578,-0.0018483376409440047,-0.04309615406062714,0.012011917191190897,-0.001535333015162,-0.025177288847203046,-0.04595863268620698,-0.009827656291020384,-0.017091610193017324,-0.034757953106486605,-0.03227033426287512,-0.003070867920034045,-0.0214672901169275,-0.025624916317096486,-0.00086967129236676,-0.010923060610374862,0.0073159259749153265,0.002610511228504253,-0.016903518319618355,-0.009671726535974054,-0.026438779807519654,-0.030174139852943236,-0.01311405531807188,-0.018629865558808707,-0.013007205305128302,-0.03168556762175833,-0.028013658675818034,-0.014490038796107744,-0.02756763034251791,-0.01911056427837872,-0.008826302719354494
2023-05-25,-0.012841799687683978,-0.0035270437975633176,-0.01215884278234196,-0.02380534014533085,-0.010124102531678293,-0.016546968554208966,-0.01604170078862847,-0.007075240953252373,0.012229102143216923,0.008850764096966938,-0.006243964317834768,-0.011037769960923632,-0.010823795299850506,-0.008713332049241893,0.0006653578107487434,-0.004245342620789698,-0.015414869563518811,-0.002548710435926578,-0.0014501061871553915,-0.021701024596205373,-0.018254964869334124,-0.01844742273843032,-0.012101029771001637,-0.009211666882862004,0.01130488269634462,-0.012630313333292197,-0.03476983266879761,-0.020531654711789228,-0.014435287620786195,-0.014049638751122966,-0.0009844762469559676,-0.024194865702488123,-0.0011418864778469859,-0.00030325768523701765,-0.046142646047657256,-0.029066468434730916,-0.019005701456069467,-0.0285297177150109,-0.004454243285820024,-0.008308102284699727,-0.008117885544934336,-0.010670026783809912,-0.01883251387419489,-0.02637831912862028,-0.01587382208033895,-0.02330869728218068,-0.01419401875144545,-0.027217395005899574,-0.01766596722348962,0.0207626936832091,-0.018125619926849787,-0.00937115158415221,-0.01333139564246972,-0.023085610975505107,3.493124200775518e-05,-0.036535714552462795,-0.00954578666361002,-0.0018351304645235112,-0.019025681533129377,-0.02646796741101482,-0.004945890649882084,0.00799170588648047,-0.0311663606001472,-0.026043204502914176,-0.025566013156786308,-0.0108147231938086,-0.022759880153775808,-0.014928770047487397,0.010660690990082494,-0.017163973249459563,-0.002878585936751464,-0.01898368868304156,-0.010334661510227433,0.008064866734255135,-0.020191479410257684,-0.0003601572112140912,0.008462167096606906,-0.021393398894116466,0.0023759695699947757,-0.014996682051440464
2023-05-26,0.0032368208347459664,0.0005683652854512919,0.014763111375588025,-0.019570334297096186,-0.001698756630841875,-0.013793546779857436,-0.01872171025825264,0.01943458336541161,-0.017290383261927854,0.021119883702318897,0.009414278854542109,0.0004399333627618518,-0.008524160233811348,0.011938738754679226,0.01708566680653539,0.007850111473240938,0.019998090870688906,0.000205895114759579,-0.0006214268305047873,-0.00012920473993101615,0.02078672293699002,-0.008329989102879583,0.01628919709024616,0.014053680337002675,0.007851299685004816,-9.429762967338084e-05,-0.004129195131413924,0.0021986745071352386,-0.006899497801054267,0.004063514538268056,0.0008478304545602652,0.014579355822365664,0.009549122505921733,0.013119362357850644,0.0020630416137884223,0.009559622320232355,0.014580069210989364,-0.012815346932751754,0.007758115423317993,-0.01056987983915952,0.013447429559278646,0.029998833927413628,0.006674751028975122,-0.006233294973675469,0.00045217621256720065,-0.004621020030093667,-0.010646297065618399,-0.018654266751627062,-0.010288986026080646,-0.002247459079626221,-0.002340659056756785,-0.0031564403141909145,0.0005467564044163124,-0.008090522308849301,0.0024388717540175225,0.008405811904238017,-0.003844780851850732,0.011473570653369541,0.03593351800930261,0.00734887014876966,-0.0010705027025795484,-0.008641259790442814,0.03425079858633477,0.014442745844608125,-0.0008461622571352741,0.012279003817852126,0.0076606990878947435,0.006491565154427802,0.0023853537780132938,-0.009596758783596379,0.0005001444226358982,-0.0082532921361416,0.006411158222602941,0.009682847744578081,0.014383428894949906,0.010875739221371422,-0.03054687418927924,-0.0016874209984027002,0.00043716511066925045,0.000986455408372517
2023-05-29,0.0031566276449541465,-0.006894018925666709,0.009969660837040008,-0.01982957749930103,-0.010888186882549927,-0.006061518324212844,0.0036327592226906924,-0.006874545248600664,0.015158314967326196,-0.00917700605129797,-0.006613910052638898,0.006892170311121122,0.011456262059819422,-0.005621859513088412,-0.0026627707707544187,-0.02332534260755588,0.03538760789210354,0.016473433496852652,0.004607941824118614,-0.002064491747804421,0.0044766873304326795,0.015271846724339788,-0.006508876153394308,0.009536121168049194,0.020757905711516506,-0.007194338124728199,0.006231065327626534,-0.009552923975784285,-0.0046167217211994255,0.0075136313501986095,0.0016344958295165992,-0.017114524228405942,0.01925718803733742,-0.00814299562080819,-0.03667064127244834,-0.004629686967099556,-0.008204322390668182,0.008415187819999455,-0.0007311540365334758,-0.013058311832346334,0.0003210202585522152,0.01852651911743039,0.01963978974605745,-0.001285231682463148,0.009372531469096694,-0.0037718851667459252,-0.005500959650130852,0.017474434993056766,-0.0030802914306751754,-0.004363478651584355,-0.006608901089564969,-0.00849759919092639,-0.003352580866077595,0.00984304128257172,-0.015189245817559947,-0.02677895323270919,-0.004108023327521863,-0.0013125550921116664,-0.00442647857225672,0.006278929171842855,0.007228077717958333,-0.001387959717441295,-0.0013456788649954606,0.0096764701634113,-0.005253187452980337,0.002819942652854736,0.01703752345974304,0.00873252646652093,0.021553090153508085,0.010563234904238352,-0.010996795755010322,0.012005145574157588,-0.003809217029430046,-0.009998850444824372,-0.014626865890154819,0.005890174795720923,0.005082847277146566,0.003305806843416423,-0.007716079785862733,0.0017944811451107118
2023-05-30,0.015635368045667508,-0.013648407614600387,1.6061026317255173e-06,0.01903318163511055,0.007387719644729781,0.01241364361384003,0.01736708512200396,-0.005754899582342496,0.0025140284344935394,-0.00581180308972936,0.005433873351493617,0.02529412693138631,0.012823375787016478,-0.005915492751299858,0.03410550097490822,0.01746336781253879,-0.007271602735402531,0.008846066857422775,-0.010209030766859317,0.005263564163682575,0.014595426016228373,0.0011520751551846132,-0.010431975983945824,-0.010347122443920827,0.0016534999625881243,0.017877845330602424,-0.023704687429048122,0.0039047288373203408,0.005287348308496328,-0.0017020639594739744,-0.011751908657143113,0.008073277654191672,0.0068297031876889906,0.006898786628110317,-0.0045060246421075555,0.0014942277306774308,0.002168969407611106,0.028771796458863963,0.006744400988199909,0.015202685490930406,-0.00904931264253185,-0.0025293386801129338,-0.0029326082891082076,-0.0028019166603981283,-0.007176362583326438,-0.004298357045237913,-0.002228098703470541,0.03257249374747034,0.024168820444116775,0.021769837991698647,0.010614525976731872,0.014648306335563653,-0.012979632896155842,0.015881763528718014,-0.01686263529272749,0.024278682636355346,0.007316006853788234,-0.0013583886972149111,0.0022410120070545316,-0.00813158508806475,0.0032379132947590815,0.005373136557321897,-0.0004845582721949501,0.02516470699988909,0.008466007082332992,0.01509988881237296,-0.009138552861938768,0.000981626387657059,0.016454522105618784,0.00031986552727132373,-0.002435406811088679,0.007712027859740621,0.002486095723873852,0.004292441644675508,-0.007470792710083536,-0.011142609400541197,0.013697225169708867,-0.002283668851115057,0.004290973995741716,-0.02458989651994612
2023-05-31,0.016715881841022386,0.01579407560987017,0.012968210305853718,0.01714160486090261,0.0023102161297521486,0.01995735978256253,-0.002826375157768491,0.02706798466300339,0.0016210332362082813,0.02473331790324202,0.004121683433633675,-0.001976408756220731,-0.01922439917871283,-0.009865906230716481,0.010060715759214418,-0.0003155090459366853,-0.009679992549607355,-0.0016143361158549663,0.022118648129806538,0.027417187557183833,-0.03427830881753468,0.0026533439818108044,0.003986187905942888,-0.00671292214181086,0.008390506138489318,0.02353448647964428,0.008483950539988759,0.02304075464858813,-0.009386182668497249,0.0073468570577598525,-0.0029725072178145863,0.007208420178496415,-0.0006390409414103407,-0.005635757119902754,0.002774665196726898,0.001994744667506189,0.01596544239982791,-0.028437274290222178,0.010512870298762474,-0.010131896251610213,-0.0025082793107430792,0.012699487252819249,0.014401938616189158,0.013551145371102554,0.017186670423366572,-0.0005184014072854622,-0.0027814092594437255,0.006142140124222502,0.006306304437603791,0.0013955265325850223,0.000546324274979893,-0.002760872061451024,-0.013397299091660507,-0.014447632832715433,0.009453218445758632,0.00799511652627021,0.0013847261482258944,0.01329032345512627,0.003242739137318181,0.01142564563895336,0.001110307420055261,-0.007493780722434158,-0.015168970998108246,0.008175629275455946,-0.0014151933054097404,-0.008923210220291734,0.005536585620687583,0.006851394310037841,-0.00441912773668568,-0.006215417037555377,-0.0023247742789646,0.0249958338040175,-0.012618608753770789,0.016210916135188023,0.01591460778551998,0.007076873082644006,0.010653460675860408,0.001923058563541173,-0.0169179173924586,0.013292520229100494
2023-06-01,-0.0052091549786767374,-0.028903869744611198,-0.009862294244443251,0.017973794924149897,-0.0026896236377042053,0.018595483952717217,0.0020734802530435296,-0.012611758889282971,0.00888351466311223,0.003655959034147383,-0.0069754495886437656,-0.012494244379354324,-0.0025054030519886176,-0.001357436136888288,-0.003934046747768911,0.01752587693478699,0.013409256805516684,0.0017429908293193717,0.004831541061324751,0.0024235529262465385,0.013539492683864248,-0.003865688676613254,-0.010909366977034938,0.00996497661250514,0.027153383473962917,-0.009230920647470628,0.013341835144947488,-0.008564995662353053,0.003240239907529751,0.0156728097552924,0.006893790923344762,0.0008346905539126405,-0.006720802723691913,-0.020787851629525213,-0.003634060875451459,0.025699910993737585,-0.004513020716711469,0.03704827402325278,-0.0023347557292807933,0.013980443012793437,0.026579830615403963,-0.005492369281377364,0.021878450648374962,0.0062018386763595425,-0.0024868548217844354,0.009038653879961491,-0.019757928670327343,-0.00536817792709179,-0.01207702412704362,-0.007949167075298176,0.00668166539481132,-0.0022103191017001592,0.029829002120047986,-0.011387770610838144,-0.016976302124539103,0.012257129499668012,-0.004459835455783868,-0.031484841522551286,0.005255565967220894,0.008125058543597609,0.001851649739478349,0.006999116865864432,-0.002536058076648203,0.022800721358523228,0.012196944392202166,0.0020489629608044365,0.012554274974966213,0.002666888007728072,0.003082103361053536,-0.030783708259099173,0.028746052894322506,0.004224985596509724,0.01356177377864892,0.003828660225023318,0.009537197309120735,0.0011567175866900909,0.015816096010761296,0.017010489071309705,-0.015941187196040894,0.005986201204156073
2023-06-02,0.012768811558121524,0.004585498671719747,-0.0027810503792430347,0.0029637962261802684,0.01572442340824126,-0.0033958099960147707,0.015211854554544166,0.006119633223889024,0.008729533734650989,-0.0019912765668163995,0.002115864553712236,0.01489419497880039,-0.009311089426277905,0.002424797903170581,0.006049969663616315,-0.010152877405658301,0.011301356638109942,-0.025866307427739352,0.002248452654869005,0.01479624541998404,0.019753566749064363,0.031451042546852465,0.009747374814034147,0.013736988578719711,-0.006763338769159383,0.004988218647169534,0.004463609438806566,-0.006798226827421563,0.03198308993018897,0.004652829812129924,0.01230471587307692,0.031766397056589527,-0.004313798640320183,-0.007446490917795064,0.02510334425202821,0.003553380260513753,0.018157494548794104,0.003040197013032864,0.03332798306624389,0.026865401812992316,0.029504657144378985,-0.010651856988251204,0.017539657886245723,0.02818731200002962,0.010154354601766702,-0.00783719515706784,0.007405865211517126,0.020376493161042765,-0.004799778194862216,0.02834007456004926,-0.01309500359621184,0.006178191832458223,-0.004963031304376154,-0.000782953004863991,-0.0004987356983725579,0.02516669349452631,0.008441699925706527,0.013224437370773747,0.008893558024084558,0.008594102195588028,0.01202505822588478,-0.016164159568247162,-0.0049039044826499,-0.006457694312378416,0.014837087962320765,0.009456271597455988,0.012534401293978727,0.01225204438488564,0.013597569864785233,-0.004141293482785927,0.0066480542116716425,0.015169610892247849,0.0010699456148847968,0.013208651329121345,0.024453990182337806,0.01566930488731192,0.027345291269869725,-0.0028409226323719994,0.02221714271317895,-0.00038155523222320464
2023-06-05,0.010907315512996403,0.010688551643825936,0.014785887652023363,0.01144754714416649,0.021735780225322417,0.007902494299941828,0.0096831140677909,-0.0002390624681570927,-0.0007929583646331673,0.001137205807421761,0.0009054446447716888,0.007901014354388038,0.0022273420010436246,-0.019076970853554594,0.021276336175926676,-0.027013798250261924,-0.0026301694740778073,0.018310270239685806,-0.006985164313333578,0.01676094026228695,0.005853057435983964,0.004415468499348638,0.0016967218403104584,-0.004188737127491918,0.016003223853324477,0.0036590003458936747,-0.0016877635834145642,0.0039836181308842075,-0.000160539302924324,-0.016459399277821512,0.0067565318131775605,0.008090479394673465,0.007657695289735237,0.0013728677014125381,0.005945135478510397,-0.007953089734815441,-0.02054369986212595,0.009423395199189284,0.014267761168551326,-0.025798899018297784,0.00496679287822235,0.0036748235923239007,-0.0022419975514189386,-0.005627283235762615,0.002520755996029309,-0.010834791027109311,0.006408965458694342,-0.017126618771929246,0.013580507068378232,0.021092653378612405,0.0032084814199862983,0.01370847446328578,0.00106854716852786,0.016737176541896444,-0.002043995720644209,-0.020888897847962138,-0.010551122514568094,-0.006755898699770779,0.0053851325779902095,-0.00013912971583572055,0.02707456655258227,0.0017386007809099431,0.008246166543557957,-0.00012476787633405005,0.022114514911057696,-0.01700422576652695,0.010506392364374346,-0.007291736297198693,0.006643244097644436,-0.005107634269818027,0.0079863507173007,0.005549771618378161,0.017939432218122074,0.008797477414712805,0.005046354502331532,0.010836622553974874,0.0034175960465036397,0.004059701678535691,0.020639591198327874,0.020907284844959254
2023-06-06,0.000805358031285959,0.012193159798615707,-0.02019814140886817,0.006469498091414247,-0.00825010146257655,-0.016362831243216573,-0.014231712339350335,0.007593981494702664,-0.00031783628153149793,-0.018000411896050367,-0.010133431034866337,-0.02167223353768498,-0.01674361513986632,-0.01520771003889254,-0.007956630698691042,0.0029849011550344903,-0.02284932946984506,-0.01657252064580534,-0.0076186925893507555,-0.005239205216389352,-0.027116836845322054,0.00039805305497942877,-0.019302478851121824,0.008571564237714439,-0.0033626154240691732,0.010376162308731948,-0.010864508855842211,0.012659597403274495,-0.0071708128082984025,0.007362081909409893,0.004730868103588111,0.001240507942571606,-0.027236120773544592,-0.008928458290554173,-0.007065007037565968,-0.016144985813310333,-0.007573982437368688,-0.01575233719014625,-0.002095314941508478,0.006899232239816722,0.012290553079101358,-0.008174944267373984,-0.005314648110358859,-0.01040366319312328,-0.0027754989575307955,-0.004767949290052367,-0.013225194724165654,0.018825056919785862,-0.00011132734262190441,-0.02228747595521461,-0.013624246317375875,-0.002131427346504474,-0.006223472979471584,-0.0249287529539586,-0.00869755716435296,0.010520299265131115,-0.0028627903729667135,0.00437119588922737,-0.03432759060733521,-0.028276731547680685,-0.014190888779850619,-0.015225195431877996,-0.012114271495269327,-0.012106953266004389,-0.012268720368613538,-0.009738843604195135,0.008839020359150383,-0.034073455107866066,-0.00604098096513488,-0.009639107834224744,-0.004665597541585731,-0.0030482407746644713,-0.021516409619143556,-0.005796543360813573,-0.002466551882182251,-0.011545647559105213,-0.0028807566314606615,0.00543383869171854,-0.02662451249345425,-0.016589067151422752
2023-06-07,-0.01925613860847967,0.02429331400764325,-0.0031598669834895007,0.026090594936864366,0.003983935837511885,0.03092718939921834,0.001777220415979669,-0.01047246107220048,0.008062804092625355,0.0009180370840724374,0.0006745731418679878,0.016730022387728163,0.01939555432439056,0.007542776884454219,-0.0028444433283017524,0.0003075399403996452,0.017251473349522914,0.026430585149501522,0.016088062546414983,-0.014523575699385059,0.019451892994225912,-0.0018190709348364902,0.0007371348449933244,0.01811048555806238,0.010994995425922641,0.016289260473912326,0.002351701398641128,-0.017665547385908538,0.00391494191808746,-0.017389940143301454,0.004712820338283235,0.0027209258338620045,0.006272546044760436,0.0030678637392557878,0.014539765058665454,0.008495210918046888,-0.027272470526222406,-0.02409201389106662,0.01576005601612021,0.008603772146496274,0.0051098954640916225,0.009413063743972085,0.006286699662266161,0.004861241375605923,0.018872021598579522,-0.00812743916326559,-0.0008001317839301976,0.004996218068718935,0.00894015255222343,0.002797019177603045,0.0019413169257428329,0.008237524067047534,0.02163492537857864,0.006061098684644597,-0.01547318032760154,0.00023008477256320024,-0.011260243778849426,0.01431112830861831,0.0020161487521545536,0.012767226188893466,0.01314531460918616,0.009788108726502386,-0.014321386126821881,-0.007820479919406358,0.005485139968985395,0.0001227019348618479,0.0020186953033028286,-0.01148470337991174,0.015235845092519736,0.0035455637054632072,0.01356943482226808,-0.010508590749658393,0.024934100759017933,0.0036719249347485026,-0.004677215124251535,-0.002092595362266727,-0.0004435118833324113,0.00042942997879689407,0.01503715498195373,0.0016263908872643142
2023-06-08,-0.011997443962045263,-0.017275195175795423,-0.00987786962101952,-0.01666666463187782,-0.016174144047848317,0.01092112636495383,-0.006634751635042397,0.0189808500833387,-0.004404293060924987,-0.03261107197025835,-0.000534944116239314,-0.01459561863047302,-0.00612043635833661,-0.01508891679281778,0.004963323049874249,-0.016928299817658966,-0.016588140087975076,-0.00439773015839683,-0.01158273380880424,-0.01022934357515375,0.010111049424731552,-0.002997406120646623,-0.03554942695282731,-0.015662437438728624,-0.022962969046313637,-0.0033876783921911726,-0.011454003093424283,-0.012356180734890783,-0.011698624754696395,-0.009492050868990978,0.009994202601341349,0.02155625297082806,-0.009957703268913239,-0.023670071285514224,-0.0031996392607686166,0.0031292346977859105,-0.0006645858885266608,-0.029868871813890294,-0.015885001130354435,-0.020021758411186613,-0.02418007967395348,-0.014969335583623716,-0.015536733726135999,-0.010170472273898183,0.007804296942007563,-0.023025596153440023,-0.0011880918655545244,0.007619275827295874,-0.009626516373518882,-0.008903995825948408,0.0026207455918216688,0.00024340336319983794,-0.021528382819285964,0.002585186435188621,0.005086987461140056,-0.0032544293839246673,-0.0030432448325862158,-0.03599258658464734,0.0047765697220542086,-0.026575439235947445,0.00875338358645127,0.016045974109392184,0.01075539414029667,0.017185403762149876,-0.0164568348193773,0.0034093012893730585,-0.008609245824014336,0.005999147535923311,0.004276910950650858,-0.03908161129939235,-0.002379551544377547,-0.024774934813138735,0.011437414465138676,0.00019265657396664616,-0.006625240586489856,0.011273465302169036,0.0028110330512299718,-0.019061838999067555,-0.010034162339895335,0.0179866646762601
2023-06-09,-0.0034148620662035048,-0.03384498789626164,-0.0065160094237381935,0.013904856543385524,-0.015854518045156956,-0.039672837291912046,-0.01191797718239387,0.001583675244329395,0.010182331644794679,-0.020464517835752143,-0.017993785802809463,-0.004099437672733194,-0.011736367753735016,-0.0018351246253731314,0.0045118432992804335,-0.010712714508921667,-0.016756503037092918,-0.001250206869037318,0.009672158874428339,0.010500129854050237,-0.013710745646038254,-0.01892619071886894,-0.01730345824413666,-0.0005966167804418035,-0.013250313759828871,-0.009047634282263718,0.001933504558788256,0.012921067066790134,-0.027106995482087087,0.0031844376471895667,0.00827203870752119,0.009857389413550171,-0.012198635235179287,-0.011791585173195967,-0.01980562480181921,0.015430608573127523,-0.009233653516994086,-0.006386173126800725,0.013824603131243,-0.0009536250552037674,-0.018458186743567105,-0.009510422577980699,-0.010678485039559428,0.010693824761884477,0.011857184547607934,0.011760217329603627,0.009239527484594483,-0.02007299137609074,0.009718297692449659,-0.0009673898636681187,0.009247008746423835,-0.01236763326147728,-0.026244121069101164,0.00161939636091949,-0.020117065289653166,0.011282637496755194,-0.0015496539203935017,-0.008490424680450557,-0.01861712790919628,-0.00022448170894441392,-0.032192027746579185,-0.008648608508221007,0.009221860645327191,-0.007713659501546996,0.0009142739001507909,-0.024664248569111407,-0.030449149122157786,0.02281096826914174,-0.025932636365971783,-0.010912942330579047,-0.014929901287720076,-0.004494305445868247,0.012547380724058569,-0.017296081458428834,-0.027194748828970196,-0.004264119321489733,-0.015879120224963874,-0.020873800516645016,-0.01593678915293958,-0.030101835023757587
2023-06-12,0.026408548213435447,0.0329888316096482,0.012300195743023545,0.009756617240620647,0.0201057068398344,0.02768024514874682,0.023396012686038085,0.011410728672203978,0.013681718866861526,0.029058824894396755,0.024273276400789467,0.00940747998486552,0.01942902048240167,0.027285341089739314,0.025388798612166422,-0.0007389575440655185,0.022645355026515896,0.01408274701907919,-0.006006977127854994,0.03477445191952042,0.015845549408910763,0.008240285317313394,0.02061778438850841,0.00999006542656471,0.038523627624155926,0.03353864763064268,0.02124068267014303,0.027407436094987053,0.025598859668170056,-0.004443544857883921,0.017110327952619166,0.012792798013489787,0.014646617138513094,0.027868463718560194,0.04473018102087144,0.009385447401605115,0.026177806866412783,0.01852110881069615,0.04767353012088911,0.008964978017547056,0.039827337561207835,0.0031436965952073397,0.01237921476478954,0.0313765813880214,-0.0026971537055603505,0.013469808689234156,0.006377634374878156,-0.0031450013275248854,0.036647904739509865,0.03240879267925186,0.02017005541345563,0.03172268386823464,0.025852859304382005,0.027564333427311925,0.018474934011999886,0.010963759752942908,0.012800769559612516,0.019306697555530612,0.002035576325342528,0.015265396819960182,0.04038768782860179,0.0070080156877753205,0.01629200393082061,-0.01723441062690013,0.02249193274595201,0.05408693866974941,0.024959139683647654,0.024685152294810137,0.012933632456905613,0.028187426677073257,0.013841418087833905,0.019494019792152116,-0.0028796702759972884,0.03204803765453114,0.028380855318689183,0.021896608690083637,0.015652824647103387,0.021648731917291324,0.04028012497110559,0.00339141424639218
2023-06-13,-0.0024870571192394404,-0.01189075239417732,0.005268662761364878,-0.021154610940625755,-0.010076289173177088,-0.0007830208932183159,-0.015097078440641152,-0.0001952372904647946,-0.0023992865554219433,-0.0074695291715908075,-0.032722470931491,-0.0058328559331920875,-0.013253063705562645,-0.030017506527784815,0.008611520043678305,0.006514284302461428,-0.026501830553732963,-0.03769560574683019,-0.013170569445189241,0.007445713221356376,-0.016644143084365175,-0.017656136143712958,-0.027137165006804582,-0.005997580687601912,-0.012635406719818451,-0.01921562599222624,-0.029336043439006636,-0.010139757793822392,0.0033764767067152235,-0.01674366902672122,-0.005205722996797604,-0.010203373912650544,0.011744030962023828,0.005136322865020524,-0.006729661788279171,-0.013710213400121794,-0.0053433444742221935,-0.011511289009539825,-0.017016904193207137,-0.02812905881748347,0.008661248671603932,-0.026917368640460813,0.003969513286933901,-0.02943231254707317,-0.011213656028574794,-0.00940761395081321,-0.01318242759590569,-0.02440944868022831,8.767429664081373e-05,-0.018677494301127064,-0.0055107449858611554,0.01065497834818231,-0.004602630757456744,-0.007623763753287998,-0.024918677385040385,-0.008989509725826326,-0.02573154589440966,-0.013982524763082647,-0.008281844455506927,-0.02774467250731792,-0.016124109868521294,-0.0024978930918789707,-0.014099962896154646,-0.00793101670219082,0.003695154101781197,-0.024132154951364622,-0.02868647369014231,-0.008296916827260782,0.021728671675438422,-0.006360117784328365,-0.01486652999141246,-0.006140216248288101,-0.016596875986777414,0.005488266461877158,-0.021729360839864098,-0.014569165776118689,0.015677721693202,-0.009534699025589318,-0.006212487568310783,-0.018461209337913908
2023-06-14,-0.0019687561280962614,0.012099561259197261,0.011686470376578967,0.006550016689306474,-0.014813508239129669,0.011268552295843521,0.012945377393519917,0.012199266391809682,-0.016885627948119764,-0.002893586733378025,-0.000840225652669265,-0.01609035637832881,0.0117598398612514,-0.001245382653152347,0.003089328245690865,-0.0001821059238163273,-0.00833072509490442,0.0042169002119397435,0.017402104360604437,-0.01177227544171363,-0.006813646672461428,0.008730228297550654,0.03163781534056277,0.011353329034528308,0.006466075977193731,0.0291849293906949,-0.0015872101548629752,0.021585098035652967,0.012298932625888456,0.015638936856577225,0.03378364334768215,-0.0043399629778456995,0.002073807975874787,0.008189831098691598,0.02203196917285976,-0.007095923129035026,0.01787877763329387,-0.02231982760948887,0.016131910642321157,-0.011155809009570932,-7.28945681330276e-05,0.005599071575018484,0.011109001111839614,0.012482900182834607,0.021019477091394984,-0.010095472927629717,0.012389302550221679,0.003942865248331296,-0.0021201577780204876,0.009743069045075834,0.0033511007279854108,0.02761432608785857,0.012869592229093237,0.010967248844973687,0.034122012779311164,-0.0006401387670403288,0.014135662569339073,0.0022301914325956775,0.008616218203654906,0.0027723473657885788,0.005035181404041349,0.013417472575723781,0.00904040958686095,0.0030573578369932604,-0.002876312473773824,-0.004846071061274706,0.007392922799531892,-0.0019300514401771217,0.015286860147179084,0.009758952841170116,0.006490704332166482,0.004645896857565834,0.002470512788800648,-0.004987647987721503,0.006499260020428641,0.005617804606066619,0.013351533002576478,-0.01474788118971329,0.00601120961223574,0.013367309043231435
2023-06-15,0.0037704697669880965,0.01721671892885394,0.01576187389219857,0.009517715819638662,-0.0005584636671187465,-0.010824194327211722,0.009899965796730746,0.013024942234446321,0.019546182798960112,-0.004759611608339265,0.005029765041133944,-0.0051522986581521895,0.024541644881438947,0.0045877557886123905,0.014448811119434194,0.009449995129546,-0.018439367249848057,0.008673630571908935,0.007310711341962622,-0.014371279723119794,0.0288737646470106,0.0225413852670519,0.014567572852068722,0.009605800204632003,0.025307042896739962,0.018460853658523253,0.006768709326000719,0.00045006459251268173,0.01246386827445893,-0.003055882000499283,0.040238956843996324,0.02022928256274404,0.002626066054209882,0.05999345311050507,0.0040248994268211255,0.011488843195096255,-0.0023843792880206102,-0.0009127254741245787,0.016762836338534377,0.010439665928268272,0.006755214394621148,0.008920136162029111,0.021133916313810473,0.01511806946495662,0.04315123268461948,0.01953320776825811,0.008640379880195304,0.0010129686383002967,0.016676065582227555,0.0013264357125239191,-0.0004429351741574595,-0.016231911952443646,0.0006641218782999121,-0.013188893673210885,0.01654935363026982,-0.006107677267161684,0.018150246882187165,0.02212871452909073,0.008756033231323108,-0.026418367042179626,0.02568842836398626,0.0054519989450279175,0.020465028198690408,-0.007797784932090468,0.025829502270036997,-0.02174105121453638,-0.007454626282125556,0.013420302051561398,-0.01100556628658273,0.016862165076879442,0.017984328585291157,0.01863493607616122,0.020695391520058785,-0.007588017247920965,0.03229026125829515,-0.0037759527777259366,0.012484933668300299,0.027440478696347227,0.013006312138214182,0.038719098701351144
2023-06-16,-0.036921358598767134,0.013254258685861579,-0.012099720998167914,-0.01914203500834004,0.03128400405217737,-0.030795534988306672,-0.013495762323043425,0.0013251455749446611,-0.0006270668116200046,-0.010944384823467022,-0.021097090727145766,-0.010408187034659195,-0.008732039895535356,-0.02868056514683239,-0.007206233050849567,0.002692123900207826,-0.005314112965043638,0.0030078849251849865,-0.009473878387784587,-0.017776214338551914,0.01609384857193675,-0.02319189507388209,-0.017935814882870788,-0.011047822218397627,-0.013222144958597994,-0.015745479253210824,-0.018356462884375216,-0.019826709808789575,-0.002046525602719622,-0.022299190012889773,0.015519861403792884,-0.0032617581158607897,-0.01100838432167957,-0.007978355742354911,0.012963166566279914,0.009446806851580405,0.010835909653244082,-0.0015884023343971116,-0.007994264358365815,0.01146860360598693,-0.010965845425300158,-0.01020767773237931,-0.010532122173252716,-0.01666059027448722,-0.004155052608762155,-0.02163850012575263,-0.009705666653407554,0.004634636861166608,-0.0026154889198802345,-0.002944419145730943,-0.02330392002436249,0.023743444936181766,-0.012429298274898432,-0.01419993088787757,0.0014648675146424195,-0.01066713476823836,-0.010943222353652002,-0.01460904361030184,-0.01544815581335487,-0.011255979186398257,-0.036227616936977285,0.0058170409261619396,0.029542746258045354,0.01244422687957893,-0.003309352000029518,0.0016617586821011925,-0.0027532577420261092,-0.0018631708221723818,-0.0075030275037002115,-0.022196548986136475,-0.028794449725248326,-0.013751764209506148,-0.013688686517140305,-0.004313635389223032,0.000552399194720405,-0.0006154997507099545,-0.0005973657586472872,-0.019656203039230064,-0.002408922276617949,-0.00746875571037659
2023-06-19,0.02110781184020404,0.02181197942500834,0.003720843650726998,0.04829794985919732,0.011530723720924377,0.03150896592625766,0.028207335345213826,0.004654485494845708,0.03520796752677236,0.02761719222139344,0.007267427920114101,0.021326532107943212,0.028302719615179585,0.027195615024341348,0.023734815689699377,0.009276625795622662,0.03583608033842654,0.016181931712134726,0.021007781360628773,0.027761768699607565,0.03920060007196085,0.013078384359071046,0.0006017691099354273,0.019940770213771854,0.027471279559891742,-0.004530745106296856,0.01981486116483905,0.013544935583764739,0.027107389018952217,0.004240521439255246,0.02041017661929989,0.01136944795652866,0.03611741943575472,0.03232602498351747,0.03920438993144001,0.027389990818267755,0.04854613938646216,0.013668633217498203,0.022131261021684754,0.028512836089199405,0.025884910566155366,0.01747900028442995,0.008871778822086087,0.03784146189330168,0.03433090933679613,0.016427445221506663,0.027686050767697,0.005847618003320742,0.025124969267219313,0.019008023259245513,0.007040222522388983,0.015209234888456245,0.04449897415010926,0.00826482195913979,0.012558587327111527,0.03153568588845926,0.02067644166897972,0.04911291643274665,0.0351241725527875,0.012531070115975072,0.03291927765139397,-0.041464134447867465,0.017866869406527614,0.042411701078995875,0.02893151882135261,0.011946746097073462,0.030037126835695108,-0.0044522094579297344,0.04221069949393485,0.019763657016260146,0.009584689455686876,0.01649954253930571,0.02613338061819858,0.02902209079333206,0.024501838368096964,0.025101012212592644,0.03382067394470943,0.0010725533454684962,0.030809153111403878,0.021647957540837922
2023-06-20,-0.00792005273659181,0.014158556305234618,-0.004257449847585874,0.008505794931784001,-0.016411799099514787,0.010062229555677982,0.014078175875312179,-0.0205543787850273,-0.020035259279372504,0.0025062888277935843,0.017252942517204627,0.012617284712773463,-0.0005203345239504697,-0.00465049564596783,-0.014252898669632828,0.0015995106995855511,-0.01816700259067918,0.018505256447605683,0.00215326066185536,-0.01834619070535009,0.0036122200812024785,-0.006141770443933721,-0.02252908413440188,-0.012774287424753755,0.0034553551941017367,0.0055946804107870896,-0.0025161869902588286,-0.002654424723440934,-0.01406160024760939,-0.007803572179476993,-0.0002793024034450217,-0.010639797393748377,0.004510508519104897,-0.013276352938485446,-0.0007180334373290322,0.0016809748051295238,0.009936602756456582,0.0013806912742106593,-0.015292202006369552,0.0049103315152525424,-0.011229143696525612,-0.008309142351410302,-0.006326994473076235,-0.00017157974024531713,0.013737124465566639,0.0009142415652636654,0.008465880692080829,0.0037546250212607416,0.007818932272715207,-0.002775462466050123,-0.035113769684013016,0.019112208088871704,0.004293396294934491,0.00877199315579201,-0.034677128647312365,0.0106089904713319,0.016288762164603038,0.024086328485659416,-0.016869724022417872,-0.025155273460062893,-0.012383352652750233,-0.0038289527784285066,0.002961851640185916,-0.012263481725876059,0.002379433278830806,-0.004929180862387188,-0.00503265424246247,-0.0017275244255863052,-0.017312010104968325,-0.010529175119066213,-0.005731009653204099,-0.013003181297146369,-0.014585733822444016,0.0041968382500439765,-0.022669917113913394,0.012824232498612306,0.017231272156356676,-0.00875922794265583,0.00023564005801885585,0.002507727452063729
2023-06-21,0.013170241998726398,-0.008940452121960199,-0.0004268242167996348,0.0027770211937689646,-0.0036781814017488013,-0.018375915796039703,-0.015811601180349986,-0.024624226155793672,-0.004386049077906254,-0.006153933279494593,-0.020111419426789387,-0.013542559486763325,-0.01055125475025534,0.0032635940194716507,-0.0014582410288090245,-0.0018043841890202084,-0.005253977397039624,-0.011019385520292451,-0.011317629065143824,-0.023899888643270747,0.00304387971071178,-0.010677563972443797,-0.0217602467679437,-0.015521321057083825,-0.00547864224919893,-0.01694923065389684,0.00458360068742944,0.006053916933902472,-0.000333875296803936,-0.001901843163264718,-0.008122567818236648,-0.008458945983927307,0.008568217154631536,-0.02133612670353196,-0.016500561202940883,-0.006145175231613252,-0.010715674961493773,-0.0036168926554945753,0.008384153453659794,0.0009169290527917314,0.008878301057236927,-0.018376481148552358,-0.01142014187734021,0.005650020318444491,-0.01003961598974341,-0.02129770477320171,-0.004577983112411884,-0.008968113805368067,0.01453493766508506,0.004191547609796599,-0.011153986989245768,-0.009261529190000032,-0.0007827925571198442,-0.018516523697565474,-0.011485826595224534,-0.022820212882968944,-0.002499641274882629,-0.015156232797225963,-0.005382179033904686,0.005664795559005258,0.008221178820715925,-0.0006440473518306298,0.006338076685114056,-0.006222479409949864,0.025066190896848514,-0.0007841772986810058,-0.018492219586572288,-0.01225602949941288,-0.00728360569156699,-0.0073932799611074376,-0.020289872307539224,-0.010642351734082966,-0.03252610259177381,0.008247238196614434,-0.012578057262427986,0.024496883507855026,0.0038367320443253835,-0.007994106853635727,-0.017244075457608025,-0.009151383190416112
2023-06-22,0.014600147120057803,-0.004434473677201353,0.012007654956284626,-0.008933148196186362,0.023151557478467494,-0.0004910001528830518,-0.01456637314915717,-0.0002559094567991596,0.004034847070250735,-0.031176810749594483,-0.008380072970928172,-0.029960677837763745,0.014634851638017685,-0.00235701765995963,-0.008042880501749892,-0.00846159659510231,-0.006016156810501726,-0.0012591271204188698,0.027781969848301627,-0.013575781168609208,0.005305822294822369,-0.0027152909697311794,0.004463448393999459,-0.007601172955252521,-0.004398961154507784,-0.005749844808551076,-0.004668803728134614,0.024440563972439627,0.005026748756034055,0.010205592890018681,-0.009256940414930023,-0.019682377368608686,-0.024986587900595603,-0.010685014335232616,-0.024965273699530388,0.005533644929619533,0.0006106980011096621,-0.00809170683113045,-0.018817978124808666,-0.024014272087781126,-0.021433594832028988,0.00774819092078595,0.011007286770241504,-0.011498394572344164,-0.011428755278639045,-0.008225586722783718,0.008211672722474658,0.016490574984084044,0.0190600132874102,-0.0027259169695184795,-0.010266606457997467,-0.007288653381386096,-0.004883842782223676,0.005974002225267384,0.010568734321955696,-0.009611439221414577,0.0008449372632702221,0.008166029449822535,-0.015115670165502137,0.0031371146868297214,0.006370359793699863,-0.014869916956776943,-0.021994037871465758,-0.001898537257843889,-0.0010622043815833853,0.020021825786503578,-0.011781318662825776,0.0038220240999003556,0.01987945419795852,-0.014870522594814873,0.006151317937318876,-0.02397268786375012,0.015418731400715119,-0.006452504605049116,-0.009991925077614696,-0.010284848763697093,0.0059305131183144,-0.01935014287305636,0.00900255643383641,-0.002525772962752015
2023-06-23,0.004826085541920888,-0.0018548633457550548,0.012608003830024393,0.014327121200965232,0.013104676917584126,0.00010455923216876322,0.0010409617041979352,0.011676981969034175,0.003251148709853135,0.021588190472039095,0.00821631954548956,-0.0181423925337991,0.012878764236944128,-0.0039139220027157974,-0.009030173293374473,-0.0071762921203231845,-0.006085658636616198,-0.011203401975958618,-0.002689619376111756,0.0155284573489235,0.006796647386229791,-0.01618850552460708,-0.007798713567644962,0.03717635952812155,0.004493553813190096,0.013972589851023506,0.0032791143325570375,-0.019973412978934024,-0.012547480627472487,-0.013387131335551333,-0.004281702283512149,-6.201588791028209e-05,0.00192551773384509,0.021851904129000732,0.018411539882070217,-0.0033002595161589618,0.004272684386868728,0.003925509299789576,0.007425748853609302,0.010856608316012924,0.009911198758700255,0.021369635872891674,0.01417458341640833,0.004047056291324837,0.016812194240504265,-0.034110332491959376,0.007805960275151805,0.018329479193035507,-0.012068096875441137,0.024057993543371285,-0.02418111811260562,-0.020354782939741654,0.007133164402255852,-0.030784228023024832,0.002895198603904838,0.02644960254959541,0.0025499138197644495,0.0020426961891051327,0.01477212924312823,-0.025607158299479696,0.012701414046225127,-0.00042330647450486013,-0.014784137258724895,0.004031649693561801,0.0024903179371838823,0.01240670768909073,0.02426751533528698,-0.0027456700624321896,0.002082796684508739,-0.006421452479331498,-0.0032311368469227653,0.03294373438752897,0.013550676495051886,-0.006307872976079095,0.006008815636389836,-0.004953422463226111,0.009035278013984738,-0.030653684320588043,-0.014468430711686443,0.007510101944990985
2023-06-26,0.0051204585716800475,-0.007153959968734395,-0.020647563224938038,-0.0018441575527965402,-0.01230043178235905,-0.0078806308059447,-0.01643326811164498,0.01520069361830146,-0.0064892898898997724,0.008532556799851192,-0.007595943021345749,-0.02990744183167647,-0.007436777435897058,0.0041472582229158395,-0.023671293592693897,0.010127562731625593,-0.008862428715690297,0.011573805206733309,-0.0016529807511278271,-0.016911939244918642,-0.01696495284285345,0.01657347465741412,0.0028883358914338995,-0.0015943335423300661,0.00679714273286804,0.008093999996491883,0.008921429293476045,0.011057268002390644,0.004784591552974433,0.02270716715453399,-0.011274350827443729,-0.011303290959769738,0.021412736729208195,-0.0005775509900647789,-0.007348263817998496,-0.014946070547384161,-0.006562674865688757,-0.011909758648863211,-0.01892363221368332,-0.000420509375944829,-0.00016365341130983096,-0.0006872674062879149,-0.014433798488121936,-0.01792919415341287,-0.000934122903025969,-0.002199607170495811,0.014582353919561853,-0.0001380797236596224,-0.004745023410435315,-0.023847465337631355,-0.015228743269088064,-0.019012806652710355,-0.007686184083020143,-0.02092199234021248,-0.004098055714303103,-0.000989563502121879,-0.01941110455598079,-0.008071323535056692,-0.015383388455692724,-0.0055492816953946955,-0.015129749369715619,0.01186931333683389,-0.030485388063617926,0.014806868091938777,-0.022140910629095567,0.004859815952213435,-0.022163326913143613,-0.0026181975161012937,0.0009764271825747108,-0.009664814722353888,-0.0004401469909700263,-0.012902062074648672,0.010103801517335287,-0.013602323804077294,-0.015024930367661057,-0.006378666072750168,-0.00047185559098401365,-0.011487991455397459,-0.009715885687554842,-0.00589999354727166
2023-06-27,0.006514841678754036,0.0024897184300040134,-0.025353923103594203,-0.045535638873412485,-0.03362163509906318,-0.0003072684238713923,0.005123029930367253,-0.013233924050940538,-0.008414047989834191,-0.005580349831689286,-0.011253134430498298,0.00216169705170521,-0.003161255939140604,-0.02977777222195469,-0.02360507882902103,-0.007321046473129759,0.016525926009051565,0.001528165984768912,-0.007332200185692555,-0.0156933711640563,-0.02795965446244038,-0.02603775869774623,-0.02422261544767348,0.0007770049872635569,0.008099375817374941,0.007927896700892785,-0.018914770214595287,-0.012381509263015738,0.016888655493949398,-0.004671622675721111,-0.0170768571523916,-0.02594798195242803,0.002278031150858787,-0.002683204534182145,-0.020130803011366608,-0.005083157486091875,-0.030698364023335933,0.0050434839207632275,-0.02157338598390049,-0.00023664870255342592,0.01033970800109369,-0.01639228780620175,-0.005618175246450764,0.011700718398559101,0.0012199240785173114,-0.0384198672504826,-0.00964895036304236,0.00821807430663133,0.009479711529692696,0.0004187053202469775,0.0072327193448123595,-0.008922416711254917,0.019829562352255078,-0.023010118292376917,-0.006833075370138263,-0.017337552195213303,0.009970519917636306,-0.005938975386460684,-0.033461324567203916,-0.03142546210810623,-0.03565140045327641,-0.03567738895487105,-0.0030194734805360206,-0.01187339868468246,-0.005396513674678709,0.002113105890590815,-0.03242091439854977,-0.015043476141361974,0.01274255900126811,-0.0017765422420938388,-0.007198735736991687,-0.006332390141939519,-0.005850324514395952,-0.015092908945773725,0.008810174715155935,-0.029665004936385204,-0.03254586072132852,-0.012388071451582858,-0.014734698175880882,0.01063967770292065
2023-06-28,-0.018732213450873572,0.012628377559047993,0.007663623188181571,0.003129816814381173,-0.008448162774422242,0.00260952527102059,0.0016259226246943949,0.03487860355592269,0.012303632792177806,-0.00756320422127093,0.023842999039494134,0.012975234019611188,0.007227493090879243,0.007474032185886755,-0.003648073434687967,0.008893174558470303,0.012695115523908396,0.0076629095486581075,0.00029148104684184996,0.005493194383521386,0.016418211670714035,0.010907209862298657,0.012341306087182459,-0.002988452356790328,0.012871761533866238,-0.007226818134137701,0.015456693365409899,-0.016788687945619253,0.024108182855669857,0.019043417542176443,0.006593710119206587,0.000987246362285154,0.005929393991809496,0.017240405511147982,0.012836163457270688,-0.0037588242603980417,0.00402048081119148,0.036208744290795736,-0.011121652596110268,-0.01963023746612231,-0.02033793594094678,0.008362074073886592,-0.003464082969888054,0.0021194332333684474,0.019644408557647455,0.02926344486886409,0.006678070380836742,0.009142993830360062,0.024856094691752456,0.014040796569818235,0.00990595058811608,0.019148017665033084,0.006372611420691629,-0.011356082799893944,0.0015448353911945603,-0.0017552227312874775,0.0009158898574673788,-0.0009082455058814038,0.004952829795299992,0.0042289916061295585,-0.007520794717776721,0.023207746828804634,0.012588519811900524,-0.006417597427027454,0.009027629260232697,0.0343147200155754,0.006069856894190547,0.0011006319281096682,-0.008992683266820511,-0.0016669717014979966,0.005784465490636245,0.015751533181607984,-0.0033112242624707775,0.008543122077940626,0.024073813561223806,0.003341946762498743,0.02180395465413117,0.004016476082495992,0.01761136257347718,0.013320021082958943
2023-06-29,-0.02318170380955634,-0.021107586174295832,0.009938704359710268,-0.004336811043327181,-0.018470223971127728,-0.010579215176157177,-0.00424371797766201,-0.035993394500747095,-0.009429076586249197,0.0011657015390917607,-0.003183935642689436,-0.004715734369904806,-0.023268050557560767,0.01380549570377114,-0.046685823848608934,-0.03152096490273614,-0.004152233972855329,-0.002757559259926872,-0.0239593506726916,0.0012854629007338515,-0.022853600452592063,-0.002202755485016779,-0.04427028523935615,-0.03436727167056331,-0.0021639849388850833,0.018450592350836882,-0.002143764507173237,-0.011105908158392118,-0.029346543108249683,-0.016108983308191712,-0.022493019921859495,-0.025785646426038457,-0.031365685541026714,0.001486174259185808,-0.009816218119641507,0.0033969981343313603,-0.022963139711885124,-0.012202823204854227,-0.013084049872268046,-0.019812922728754238,-0.0312883337832518,-0.005331736415413207,0.006054084970618366,-0.011420912589615794,0.0017265175194979502,-0.016432964645588855,0.013541274018228786,-0.015021933139006587,-0.012999114735371459,0.0003281649915780078,0.019975335324085488,-0.015657887253837783,0.007308578363118913,-0.004937269056001248,-0.02964328768027762,-0.011063732783530173,-0.01469308474421624,0.011136553484089083,-0.01643822782222699,-0.018438507376613147,-0.023410996168972478,0.0030089290080529954,-0.010272271755638383,-0.005371953801607189,-0.007338800428222808,-0.03314043411278846,-0.03468765419715844,0.0024205066083940723,-0.016929601743414992,-0.003033796538809694,-0.011202094338620709,0.006114223274871523,-0.013308446240117058,0.00589866842847385,-0.004161136377009488,-0.0075663702133246125,-0.01295315262433451,-0.006219178325970489,-0.018221843865049974,-0.025576118120105046
2023-06-30,-0.01860626241694569,-0.015283555274258447,-0.013580917618701088,-0.028448821415045178,-0.022839522489985022,-0.0038664231982830175,-0.01897451320552364,0.0028261890948291825,-0.028426971997184327,-0.015021069972894516,0.00040389062620369356,-0.035644479600893786,-0.003733480152018657,-0.008407150398432027,-0.008041928227333399,-0.007183926980725494,-0.02564743454935304,0.010242212344605497,-0.01480698160301324,-0.010592816383898841,-0.002590589323177392,-0.0018727326762125567,-0.03337095406083565,-0.016606372388143425,-0.009217338731529863,-0.015639521087523464,-0.012903029340561912,-0.012059100514846495,-0.026959680518661554,-0.0015728274981024193,-0.02435180993365154,-0.004241638839979432,-0.012126687482831269,-0.02293748991233639,-0.00829414410482667,-0.028827550870659538,-0.004298976505839305,-0.018202895538558753,-0.017185952301942826,-0.040315268009243066,-0.03316541716013494,0.00257958851350407,-0.006113988192038414,-0.009178414626499123,0.0026259536164696395,-0.012926345652279458,-0.02951173477083245,-0.025969579403079077,-0.015538481720716363,0.00501675889026495,-0.021690075249084773,-0.02290141289231379,-0.0009037715428196497,-0.014093104699751249,-0.014078223233360535,-0.0074554239880522555,-0.013320366661771842,-0.007857482101686627,-0.0088548503580601,-0.002905934854812704,-0.01676592605115778,-0.015794346407785764,-0.027561865125205358,-0.011399070286594336,-0.014935184544779295,-0.003539161469770828,-0.03575623301118169,-0.0203743634389733,0.004358834024940358,-0.013846988564713012,-0.02096769895720946,-0.03644210349095691,-0.0001495799990764591,0.003563133204787381,-0.01553765131821641,-0.024799468275620754,0.003323792859090473,-0.030375784413368946,-0.020486322744803012,-0.020557089622904572
2023-07-03,0.015435125438559202,-0.0009985572723454107,0.017870962619959026,-0.015930626097320613,0.01174157967499378,-0.006103476828093919,-0.010233033343119452,-0.004472828129631624,0.017352541493796225,-0.01303490027666437,-0.020398415318314524,0.011329147066657188,0.008950931777784657,-0.0062823784854598025,-0.01832045441193946,-0.02531311559297085,0.026025808116190936,-0.01514307403985481,0.016692665094597763,0.0030621978874419676,0.008086690816067235,-0.026216922385433054,0.01945520694465807,-0.0023688921840277263,-0.0002287292188734838,-0.0018241342173297113,-0.021449019986669204,0.017003985548162907,-0.014215690924190477,-0.005444183093071572,-0.002159998073700249,0.015843699631810173,-0.01982914721421515,-0.026633943486015606,-0.00422011516519516,-0.026998909269440766,-0.02546980600408142,-0.02127385534728882,-0.0065392253937413165,-0.019261995167992037,0.0034759208872664864,-0.0032400786320979265,-0.02760866195926067,0.006650051188131688,0.005912588926880848,-0.005761930228690319,0.012607044197609057,0.009724278746628118,0.0012709505109488558,-0.012561623256246447,-0.00025157946125943173,-0.0017651057961214074,0.010371525580989836,0.004573076559084883,0.000673474131176988,-0.004340451367034639,-0.011601089658624188,-0.008476717567818353,0.009146420632384312,0.007805323229338145,-0.02285402129646492,0.004841304982109896,-0.01000594546400806,0.006330622470972443,-0.010899282482871076,-0.015607160773866362,-0.03668126897156756,-0.005755217151432917,-0.012382968110865731,-0.03164062435226744,0.01649314820964093,-0.005152070991420881,0.021517387371244538,-0.01314132519114393,-0.0039597866794540285,0.0028097353497126285,-0.00766637943499078,-0.0034980282639843546,0.01752683840782268,0.005169744782114768
2023-07-04,0.018417539498233527,0.025004197748898182,0.038625650943581565,0.015794559170533042,0.004908469929056801,0.01951661488733477,0.03020639876535649,0.0345501402347374,0.020356747483543467,0.02568778868174072,0.03036324444655577,-0.003888662956506951,0.010080366516076066,-0.002236928343532108,0.009907773774766688,0.0010597079388811985,0.020919692057674206,0.007190754003714956,0.02376538028240262,0.026099147955373637,0.004794485618623538,0.012612148185010162,0.025291939216149285,0.03244031988634035,0.008909946422688546,0.005987697830054884,0.03837027203638226,0.0283703879592943,0.02844397007021817,0.02451634981680081,0.014988505182070063,0.007317902489119895,0.023667289837173977,0.03707724984063106,0.029604962612849405,0.017030421624191643,-0.007489236688035186,0.0005721838657588366,0.02428111527462875,0.021776654763861168,0.01124079161743988,0.03195182410827959,0.01916849166367037,0.011414963019086274,0.02451887736877048,0.020880011413932656,0.02527249143330606,0.012909879816282643,0.0006171587699226062,0.0028474018406724234,0.026520396996945257,0.02362751843894531,-0.002100530283073698,0.010877205826510687,0.012461605407008497,0.02006259398669402,0.010779937295742123,0.0239624790195011,0.020539270497140695,0.018398634983724856,0.009962735303097783,0.017818306463881144,0.012091276610550993,-0.0012286441728131536,0.015040822725137841,0.011911544814779249,0.02489511285547178,0.0023090330065260647,-0.0014187326747254706,0.03192623577895882,0.007642076791811999,0.038685615466616294,0.0036326431106335107,0.021332425564179046,0.029145386162135703,-0.019669301215432262,0.03299038673388317,0.03695577143971776,0.0084838205093907,0.030249198239773893
2023-07-05,-0.007678292878122311,-0.01918210344441406,-0.020102247460761304,0.0027590196877012654,-0.004772296442976897,0.005963687649202891,0.006277622658674021,0.005021877605535651,0.013910272633136066,-0.00022353876599187986,-0.011443489961768465,0.004252471909193407,0.01818456544145875,0.0009160267812621616,-0.012130414184146062,-0.005370812046377427,-0.007620634861674734,0.009578437415456513,-0.016606574735251983,0.004013390736386483,0.002452980428784006,0.014308450233697492,-0.004091715272860019,0.008124660066467986,0.008016716667095573,-0.016403360659551287,-0.007549932691180682,0.0026770248972412796,0.027356271754700134,0.011121161752407254,0.00737325109941616,-0.019635245514480867,-0.005604172028041074,-0.027163351538195813,-0.02992224004685199,0.0023446876405232827,-0.01628649131864276,-0.0037685906681717324,0.007277201749190383,-0.014077949185332046,0.003768289464466496,0.004325513265524727,-0.0019417383950989494,0.01064638926085754,-4.481486924390408e-05,0.0022554451789596128,-0.009139204096945215,-0.008591832892367373,-0.03151957334267661,0.016983251745689865,0.022375340446264057,-0.0011270852254311589,-0.0036848628067902606,0.010907047275621652,0.003862790253384706,-0.0026425334573032576,0.004025738703045729,0.02060233841380621,-0.007200606297807806,0.007060259760130522,-0.008728187138204235,0.0007185555518108499,0.011395434305343717,6.331343855109459e-05,-0.011200518641367114,-0.02147458796682416,-0.018453897203816214,0.020360915669076503,-0.0054162267327008285,-0.02212461671332429,-0.02265785690764351,0.00490358447246174,-0.02089256786231102,-0.016902224153354257,-0.0022559465727579574,0.020081566029737447,0.005586128515146913,-0.01711968648558198,0.007756952438318176,0.01442183105199039
2023-07-06,0.003985905001106533,0.02775427145101267,0.030734436258127072,0.024950501593948855,-0.00647854396031761,0.007358872420491817,0.017773612136836658,0.010357455875495556,0.009307667594672317,0.003167927540018479,0.004428817383510352,0.009393802462616006,0.021601087762807482,0.009537670255934019,0.015609732800637672,-0.010197689592060293,0.02433067493186796,0.018030263928819425,0.016487754047699775,0.005940891561055735,0.015674385336841953,0.014870657613243389,0.015751541539018397,0.016878977326442335,0.023815373759302975,0.018541929725784032,0.024478775167088407,0.023066740950432204,0.0017358678622198358,0.024386630112903172,0.013725212948527991,0.027785692988532767,0.018754734278065288,0.00863450738860756,-0.022910572627450686,0.04918583659796928,0.009647049041333759,0.009315461534601999,0.006564958555276078,0.0024995755925623,0.010518962983566537,0.012187473844755523,0.006444268883913064,0.017045756496461152,0.02792337606020978,0.016522381992075674,0.005485366217429344,0.02871049820981292,0.00036455026019584745,-0.0001196205227429678,0.015295679268845645,0.008291298196690614,-0.01514497168738936,0.006176006152566701,0.026619681215628667,0.01820439563265829,-0.0019457857627443696,0.026573273644868178,0.02233600706257791,0.014435394803474664,0.03810858820356409,0.028283870107348893,0.025770155368561795,-0.0018848612833091399,0.020112926295890995,0.01813361478990328,0.01050498691336915,0.00811491526501448,-0.016741136435514326,0.018399455022291743,0.017490003013220623,-0.0017579090469003987,0.0019970581672847376,-0.010482251706082767,0.029347038346973255,0.03689954206537872,0.017411108182490295,0.01186425384484055,0.005754782443562884,0.023792155264037423
2023-07-07,-0.015239547883859079,-0.007101687722077836,-0.030242798231623933,-3.927446861642437e-05,-0.012885244997448971,-0.02401091754795564,-0.013455796550110923,0.018146663159662058,0.007875392299444563,0.010737622137366638,-0.031108887353499936,0.0027844787190895474,0.004426619780628225,0.01240041950430772,0.0002645042222536268,-0.0021689515674263565,0.00031531601629113896,0.014648677455049825,-0.012873242175875812,0.0017671380972552116,0.02205281690470373,0.00301654421063914,0.0010123934978374764,0.018412379117392682,-0.0028505615454227687,0.015693221966244512,0.012063855429093273,-0.00522022222304864,0.002615118619038045,0.0010485854250712353,-0.01216276358289451,-0.016769130460274787,0.006105211475951968,0.007527333366336869,0.0018861975088576071,-0.0012998943855014465,-0.015362547520909502,0.02660512288132654,-0.009162664448757105,0.0014613888357162316,-0.010995369016250183,-0.00448297158726553,-0.012455249539849542,9.062489981673513e-05,0.002324152924701109,0.011218069645645812,-0.015669131606992046,-0.020880709337623392,-0.008517116185345971,0.0003932212813846311,-0.014466979241552259,0.003691184036351586,-0.003217958856917967,-0.008241685151578415,0.012214001544945752,0.0015687541223239109,0.0010346432883989532,-0.00344687228228274,-0.01348225759145464,0.012290482053587229,-0.0012146884224483883,-0.013098883467478345,0.01132172038494869,0.022296398284622286,-0.011807962473900821,0.001846590787105138,-0.006285811453009215,0.007298940543166758,-0.002477655825277078,-0.0054634231477547375,0.009206191251401636,0.001771211462922063,0.014187419336675935,0.01791547378468636,-0.007025294752772764,0.010130513897052093,0.008203516062182902,0.015514786034485598,0.003455109033609804,-0.022139098006488365
2023-07-10,-0.0150872740493233,0.0005958731168531836,0.0005427192154883378,0.019970296330139817,0.004514220833614666,0.0020991387454605036,0.0002679195984213831,-0.0074940763277608225,0.01902758818157219,0.009410275772383047,0.008095405146989558,0.011237787573939789,-0.01679767724179023,0.012921245547463529,0.004404847487743314,0.025144508232060585,0.007093807102377661,0.015300430929582854,0.0004848799688576986,0.015714096317935983,0.006277865299147475,-0.025684134972752633,0.018829973409420685,0.005661748392831777,0.011987157250953562,0.02085639961762022,-0.003992562400389111,0.002491320592519393,-0.002401457205313863,-0.004354190577292572,-0.000271687304646666,0.012456661260127497,-0.021487562909944503,0.0020307598228470926,0.018797075647272753,-0.007211361159336812,0.0059633915004742456,0.011821849205277757,-0.01577176321600423,0.0035624344313705315,0.00604211403869981,0.012893077629832078,0.01554433348927444,0.017180857118790777,0.0017311106412371525,0.0022859397737585684,0.010127383444454765,-0.0063039731532910795,0.006347238138979767,-0.008446987704884477,-0.008354688264710712,-0.018318791659194957,-0.007221135577256427,-0.012464843393021187,-0.00602271409079657,0.0016878917569160049,-0.010339961791138687,0.015673680382503018,0.013132005768015433,-0.0032532293959681817,-0.02488445204705609,-0.0023470873023128114,-0.015339052727695805,0.012758161756219626,0.0046292531175051305,6.494321667656604e-05,0.012280414461875682,0.012815873742225679,0.011687560803935146,-0.01051595745165023,0.02833476773964343,0.007043019867777909,0.0002606049098231359,0.013451333001534723,0.0027143056438852925,0.009166949857460036,-0.011675890679864433,0.009960589326445148,-0.005536345608577697,-0.0011374806491709988
2023-07-11,-0.006543718721099384,-0.0018855827811792446,-0.006219082277625987,-0.006694560187356738,-0.027824692538542316,0.0220981496399206,0.0014843724379419,-0.002092301060733652,0.0086485005964577,0.02208063198570033,-0.013848354796742374,0.011604170941123397,-0.012465925207771646,0.00794174311333934,0.020848779760904813,-0.007203796366876462,-0.013724376784515034,0.015181623686901175,-0.030499311635375916,0.013510231178053854,-0.013252669893923569,0.009286511477729194,-0.012356646050021462,0.0036872340474739004,-0.011424643586874022,-0.005285354443492069,-0.00812912963962727,-0.0010797725188140192,-0.0030779408566245225,0.014475192015857898,0.005529473768369533,0.00500404561861138,0.0031693498977112206,0.00037983578032938956,-0.021102061457409994,0.0005389298054709443,-0.0040853119045118555,-0.005436593608504347,-0.011398767971851631,-0.00556729295340744,0.003051956993938952,-0.02310975077863398,0.008584876485057728,-0.019586657460158342,0.0013499693479423892,0.028725137400045904,0.009464171156995653,-0.0011420432114097826,-0.02543582983960671,0.003659887435170796,-0.006947277804251722,-0.012286406649315764,0.02824810304250107,0.00512771233408206,-0.008953021043048404,0.0015917816168680553,-0.014431780521439896,-0.0032879949168945076,-0.004474085817028899,-0.002165436074281094,-0.0016830773953258136,0.02336432936249477,0.016557199587505338,-0.004903387284474134,-0.010391292678752205,-0.010422744823859001,0.004014724493164905,0.003964744055668034,-0.0002293325105668341,0.022659599208119597,0.011727841026522306,0.014151015645391302,0.013271388055353772,0.0034981256956136317,0.007970301559071497,-0.0010374314078287318,0.0015054089961475923,-0.0021164856571012323,0.015651296323987995,-0.0024684793732815203
2023-07-12,-0.010573206738648719,0.00208605624838654,0.021043287012055125,0.017934387442365023,0.00414265766886549,-0.002549545891139401,0.0025722197447900236,-0.009517139091156833,-0.007277971765042005,0.009732858984119878,0.0007135519977185354,-0.003410784375446495,-0.007713203823750011,0.01240678280803597,-0.005581500152107112,-0.013372780992749635,-0.014366753273548374,-0.009176840255098793,-0.013950581410666225,-0.003999254491662231,-0.012318787285739095,-0.023181897610067045,-0.006515632732962379,0.004142615205407288,0.004674297313012915,-0.010987328639831812,-0.006219249600624644,-0.0061718879579356,0.012807674189322327,-0.014381861451506016,-0.01085048882277754,-0.014199599800675911,0.0031747143039093668,-0.018557417788128604,-0.019816680168692483,-0.010088079181772507,-0.004682821765375008,0.005031919714385979,0.0010704179946822451,-0.014846607220475386,-0.0136036102038519,-0.013327117474024236,-0.0024973331479601585,-0.023689435139383992,-0.008746951709591744,-0.013586260026765988,-0.0025062829913060497,0.016581553074922234,-0.0011660986995586046,-0.016445853211186648,-0.0013681569980089204,0.016617334687377503,-0.025714878431157218,-0.0017856051032939268,-5.2053244828997175e-05,0.009367074719941146,-0.03201703983094837,-0.022195932337176105,-0.006689012065393537,-0.006400922502767898,-0.012514966895192966,-0.009067995427892599,-0.011100998607474481,-0.0030013349740243616,-0.011068700583875598,-0.004452454349714236,0.012859380291022154,0.01619914263819419,-0.00697352324596979,0.007970517850402613,-0.008164586208587588,-0.01786364139744355,-0.01671516144504894,0.001973153444627911,0.008282375577329021,0.011168765304141334,-0.002478742813461667,-0.01932942154447513,0.01096094237141558,-0.003444929871709861
2023-07-13,-0.003481255080687765,-0.011496444768984848,-0.011390278080025698,0.009707589087301875,0.0011285316215083351,-0.020030098169091484,-0.007424783010983364,-0.010584876615497469,-0.006494805225688752,0.003307365247988885,-0.02243034105855895,0.0034637916975032426,0.0296850880093059,-0.007269970561742966,0.01577957359622495,-0.006989002003119777,-0.014134037944439308,-0.02814357970501678,0.011356379273198082,0.006148244102618745,-0.02982749434414063,9.76223808898221e-05,-0.01829802125919097,0.026459611959739494,0.0013182344252345166,-0.002766442344556903,-0.006573621736640176,0.00611502483264309,-0.0033825994383309124,-0.011058988893278233,0.005313480612682984,-0.011224024126327371,0.013625702030256513,0.015934937080375605,-0.005357657386663715,-0.018206775511494508,-0.0029693147326440373,0.0008862642835908647,-0.01777949200038766,-0.025078806027890737,-0.022575553638559318,0.015518264839330284,0.007926950579451326,-0.013208570360361136,0.013974613090724513,0.004393894245284835,0.004524695785384526,-0.04568808190068258,-0.008719688837338358,0.014434475749359205,-0.02814176276623364,0.022566575908255795,0.009549365380398599,-0.0012288964037633155,-0.012675202339377379,0.008578541905083246,0.005145828141630468,-0.002709501575309998,0.004310932227252306,-0.012062614029259606,-0.005413262336810469,-0.003014471599644815,-0.006944716617621427,0.0011094788162420415,-0.0001202420602744031,0.008859584767089859,0.003095755947834716,0.013806227411298846,-0.017909047837169623,0.014632413113623614,-0.006933686440086866,-0.009859666843032274,-0.007683764300251592,-0.00957563703735843,-0.009782445927522676,0.005101462085444757,0.018995211956197234,0.00560108714060051,-0.010173732086630917,-0.01739708646992035
2023-07-14,-0.0004945388880707273,0.00431234350487569,-0.01066818233744898,0.002488823012089114,0.00013533244076673664,0.0295632438423393,-0.01759914848913838,-0.00040529339162095147,0.0014541042575526245,0.009616821743278853,0.00359628296922929,0.021721776028654893,0.002674537308628562,0.006258987586884986,0.00447889693976019,-0.025093268039312285,0.005153442245625191,0.007661560259819644,-0.0013069719719958925,-0.0005595940434322778,0.007413406973895198,0.01177308955763131,0.00816797989484214,0.005932794366134266,0.007387916076251326,0.006351206532879407,-0.006031443053556686,0.010355178397890633,0.028414369301323673,0.023613001990840824,-0.005799726118183274,-0.011977959720509636,0.00957200027776163,0.015525264024685244,-0.004465983134065087,0.003467251761236094,-0.001027511006750987,0.03667000914140571,0.0030390676935056937,0.008102729969091442,-0.008414459342673715,0.0029385290349412544,0.024280889310734508,0.0058774376492498675,0.012580583088222533,-0.003315852011424947,0.0018600708436786744,-0.02474813776489738,-0.003909036351212839,0.005337751438520744,0.010865117603552275,0.004254481060743847,0.0024873342891848314,4.4441617270251504e-05,-0.0029484411191425374,0.008639881238115316,-0.026905300571808267,0.015577277780849004,-0.005492598176004854,0.001514189023246783,-0.0008355817788128746,0.0030510959833507734,-0.01452166059221935,-0.012542652214265326,-0.008704246563255,0.01228031108056195,0.01724040924371553,-0.0019264658491094182,-0.0030931761256067997,0.011056089248401525,-0.013460654930919224,0.004924787083004635,0.0020953166086122793,-0.0215187201987107,0.005953700254014954,-0.012868325662288058,0.0008021901690101166,0.005776914634438856,0.00963895343757152,-0.007877073062360363
2023-07-17,0.01584516962608393,0.017231332745198828,-0.0004838788379310262,0.01995632217692229,-0.007523106108739366,-0.0019810984692258888,0.03252284398688682,0.013901423610758589,0.01028058110582449,0.011541518247533994,0.009987225133390601,-0.0013650003783521871,-0.013659027070606369,-0.01187752501859453,0.0037882128055068904,0.007058286855172003,0.013250145184194987,-0.0030684452293207303,-0.020623783939975507,0.012139819754422352,0.011741974210439288,0.00024501223160114903,0.0146740139362149,-2.1433402345053497e-05,-0.013523283564255927,0.0015456121099379487,-0.017826542054707992,-0.0032152335389738964,0.001551318171008296,-0.0029942475366273244,0.019501202221252935,-0.012700360528980483,-0.013236688893579587,0.010984521462014289,0.005806690342099538,-0.011176819725664115,-0.0023123947717763726,0.0004994897282380971,0.003143116335926706,0.006055798453239274,-0.003710807094003407,-0.0009863318355693039,-0.0036210492331645774,0.023948066925042,0.005172006565739357,-0.00012928828962439128,-0.001867793746095697,0.002619026111987121,-0.021766375724323123,0.0186954542608324,-0.007265185547772738,-0.004821504969278807,0.007596120145570009,0.025255347589000797,0.0013082728239707624,0.012016536519305721,0.023580485886369993,-0.01620636381534135,-0.008332550543834718,-0.002037144301394033,-0.013197306259138961,-0.00040901375792341994,0.016940243417700077,0.019913554880839353,0.014974089179349356,-0.0061467500082573005,-0.000827931503431241,-0.019071735154750323,0.016218021246694032,0.012424333230533997,0.00826952075282489,0.004748062115272625,-0.002468051285933523,-0.004023740821014286,-0.0019585056168638024,-0.01289332076263492,0.0026967970002174475,-0.008040288305580418,0.013551363342186836,-0.017942687957357126
2023-07-18,0.0010640914244780158,-0.01743662074573661,-0.01656140902793438,-0.0033006276311692197,-0.0024531839180380035,0.02155649214246445,-0.013318095440984268,-0.0074255468916718005,-0.020247085669298358,0.01711575547008385,-0.010146155619743491,-0.01526259840966474,0.018168513135923298,-0.0020987928485280546,-0.0036229940097207624,-0.006102583701178026,-0.005961734479537745,0.009468373330106434,0.007278806086211648,-0.02996925935256899,-0.006061017814241837,-0.009316789733334902,-0.012645359078498394,-0.018147188387906747,-0.0001267997367939847,0.014878765733848411,-0.008587183229484362,-0.004402047285706977,-0.014891573847469846,0.011433346429442118,0.0012367469451461397,-0.00490582393588933,-0.003018414767567593,0.006471560713143943,-0.011929574390254907,0.006550505517200175,-0.004282151874462756,-0.015893206782784247,-0.016013437542282988,-0.01991831781740805,-0.026146759745436433,0.014654885893801067,0.005091977038581018,-0.0055132680061688935,0.0005979398965430097,-0.00630239588887879,0.0029993448801471125,0.005267141708784088,0.002720828142602723,-0.017745907180082447,-0.012119835238137089,-0.003935756271485622,-0.04066098183372481,-0.005083870963286696,-0.03290116140143671,0.010357797707254056,-0.024392502044939132,-0.006434714891931313,0.006475489728048995,-0.011832559199644509,0.004209860305887273,-0.02062386135558341,-0.005428258067936596,-0.014092025834922842,0.0005890389331903428,0.0003199715428146314,-0.002749058000084151,0.0012253298657819882,-0.006599355431066285,-0.0017660084919434759,-0.0006205949155424703,-0.022623179684265977,0.0045940111463263315,0.004508318194181837,0.0033477963215081015,0.006241143156893195,-0.009244573640059015,-0.00748591282298807,-0.0207340683017637,6.276219321181293e-05
2023-07-19,0.02664352602740049,0.03337443108538306,0.0008372876058260837,-0.012008197774632261,-0.00744983456383465,0.0004889556594256852,0.00144964541841649,0.030444024486558956,0.01325066052446226,0.022841974518430928,0.01573562821111775,0.020788164736353143,0.009912192510904944,0.0023414003506035943,0.013616736881249092,0.03582997205842885,0.013485303423845567,0.010554620613247016,-0.007705096884605382,0.005751032545208177,-0.002313751077397041,0.02765802686842556,0.0064230084588713585,0.014881273638291566,0.030936026583059165,0.015568302820176454,0.006835674374892958,0.012307423759607021,0.006522990164396919,0.021235867000031612,0.0015423468299904965,0.011282806057187122,0.00784253224442795,0.02033847901916334,0.020554143176322155,0.011010963944772056,0.006760824301923426,0.028328218102935877,0.01661074306715698,0.00027296438801934116,0.0023883213625005787,0.013417920873234452,0.02285407845094213,0.017932554669231587,-0.002320521792885437,0.02257967443166074,0.003603525379522172,0.009767821646315643,0.039393628994943586,0.001400419971748502,0.006682723852663716,0.014292903017502717,-0.01165139854780412,0.02022315753511445,0.006447398555307199,0.015848393168676256,0.011017835709122362,-0.00589270736884212,0.015404220698462695,0.023487915047378176,-0.009404409334635287,0.008612561341251813,0.020484790432315002,0.00585304253321365,0.01136146519953592,0.010911793414029938,0.0034508525854773037,0.011885006936689473,-0.004721880212117403,0.014161018534439882,0.005658961197892255,0.014960452569718752,0.01668137323628935,-0.0027764318518143363,-0.0011003951650871832,0.008049498998362117,-0.011766629851346197,0.0014144629402358059,-0.0031108101042158793,0.008548601021297161
2023-07-20,-0.010084781135603365,-0.0064569373335174405,0.0009697590105134657,-0.01043140192515372,-0.023249043177579184,-0.03681971006647686,-0.009845695571273088,-0.010111060975737957,-0.0249040354523133,-0.005143410769592762,0.006882945150883618,-0.00927954611497755,-0.004277564823661458,-0.028451092987429982,-0.018172976638398265,-0.04438720025026118,-0.004954163017367324,-0.005000228584473243,-0.009176702517013665,0.003027714405446094,-0.006269467616310479,-0.021231568704944442,-0.0022912212563791327,-0.017445396115848003,-0.022448204261987643,-0.0197793453709229,-0.026377359102007034,0.009086809003403407,-0.027590536079959635,-0.02003762056195228,-0.008190041597092409,-0.007848922598686489,-0.009908758287163855,-0.034103700072119845,-0.026833827746038756,-0.01087892012566721,0.0030391365767765133,-0.001737288021433532,-0.00504790676073473,-0.013217290328126465,-0.02186129661222076,-0.032944001296118665,-0.0055870958538336325,-0.0074317128991277775,-0.011058767544717706,-0.005457675751169394,-0.008528881837716964,-0.003939591624196694,-0.012452236365829386,-0.0357692507607553,-0.010617519994893677,-0.02750270231890644,-0.01129447786533849,-0.048948966138203605,-0.011995256795476836,-0.005455356888117692,-0.03582882569392445,-0.01151237982533258,-0.023395623646317948,-0.007609164701134539,-0.015718222374665896,-0.02209217756786564,0.0035018490206553832,0.0032751611998682126,-0.04026851147173249,-0.02402225345506091,-0.020037258791585674,0.005895983039427748,-0.015974385219955332,-0.03508113254682313,-0.019514115135345025,-0.019528877379544327,-0.020837188683490684,-0.013133316319280417,-0.004870730609112193,-0.0025437991132995236,0.008150645868215251,-0.01272730244409313,-0.010594247871926511,-0.007037471218180654
2023-07-21,-0.0072831187645017925,-0.004217994699121909,0.0004452956979005048,-0.013001304027544644,0.009678534061715755,0.005026758959578848,-0.010642409944761533,0.0006366340848064341,0.002629555027019401,0.008800268838053096,0.007328681552026918,-9.854622359939738e-05,-0.004270108926912141,0.009951071362226246,0.013087701007006357,-0.013491803309858141,0.00026439339479495034,-0.0043084385859743415,0.004643823006874804,0.011917120148100133,0.0054072341444553656,-0.028645988669845697,0.005711713290972344,0.015902282017040616,3.186077993707942e-05,0.017807115371657238,0.016499988882443,0.031087249950619875,0.02855177767581575,0.023980129950113838,0.010672659580005588,0.0023679497521500712,-0.013343988679131733,-0.015240156230126181,0.030457045937389692,-0.0024316860393007074,0.022293239838170303,-0.00805868368845983,-0.02103662933397261,-0.014475575534357254,-0.01909058142226046,0.020287029925921213,0.009599672182345174,0.004514709689271579,-0.002257291282495546,0.0003958891783188912,0.007940236040703586,-0.010260396472311875,-0.020784949875793428,-0.01772440076066297,0.00130055852224162,-0.010848122103621962,0.018894352863401256,-0.004916554033805801,-0.018832541231395022,0.0026069237774817094,-0.009678359368144596,0.012961373161092297,0.004388326640658496,0.0012653712392185724,0.03087298521912098,0.0008362398903774321,0.003273306627422181,-0.002551352715269191,-0.008103531947838468,0.02486158603745098,0.002752591041288381,0.02081055874363565,-0.0013613823490424954,-0.0025961359669055936,-0.0032221722372160807,-0.025738916227178665,-0.0060368020458112836,0.00918083778861228,0.012497056938100621,-0.007580723645850923,0.011299269162409394,-0.0011449499198414365,0.0009485767600864066,-0.02295877185867327
2023-07-24,-0.0021828541758679735,0.00703565750548564,0.007430277914537382,0.007450199326103999,-0.017433957567278377,-0.005695568451302906,0.0030177236938949198,-0.000987271790147192,0.006328614322906523,0.004969442051025053,0.02073451634178315,0.041353893919476074,0.0035640768595681495,0.02124477260364228,0.028079181207930962,-0.013660648044256683,0.0076029865437768455,-0.017288059091603213,0.0034695553051319536,0.0036150596739251833,0.002375667273440127,0.005527077273364221,0.012628217206867071,-0.0011142207302041384,0.008283892888670367,0.010409606552912017,0.0133780833666639,-0.0010917300390419294,-0.001266504056934968,-0.00992575920210161,0.006491692034178869,-0.012327077588325595,0.023692278589576815,-0.01259569105236777,0.004154192697054165,0.005416554892814203,-0.010084751501019626,-0.00420271147975201,0.0027326399108228714,0.014196191509950218,-0.0014960702867524139,0.014276077559353378,0.007197294512572224,-0.008560794957532581,0.02295160894348833,-0.009042876865234578,0.0084106518381988,-0.004942394946435252,0.020255300259866424,0.0047382762849955285,-0.00818830773721218,-0.019254812023699025,-0.00572900329469035,0.014170330802235105,0.0014680685523593383,0.0008123341380413887,0.02575069576740572,0.016645031651227802,0.018982679814560116,-0.0017038244672507685,-0.005211800443677521,0.027684653345267315,-0.001038481040616694,0.004497423961079273,0.0170729737733406,-0.008765419526205041,-0.008395535009133634,0.0012999163238412575,-0.006786918552276413,0.022328338070685454,0.0009936987680431763,0.008801902599523277,0.0181873077873943,0.009985763137447437,0.008777344837155032,0.0019337068650483805,0.004848382287802169,0.001037680775901197,-0.008045700978470825,0.0038907445729037546
2023-07-25,-0.0047417695757629216,0.0042891298213395355,0.0021542851908189758,-0.007910123760083248,0.012574941843284948,0.010613843830112135,-0.006424085300992717,0.003966188877009894,0.005734044057130512,0.01757545523573595,-0.002486740932602098,0.020387979892684392,-0.010258978048008965,-0.002091505726636677,-0.0005548895545660461,-0.004749526075810055,0.006838828878224325,0.002410760935670787,0.0012825792743472184,-0.0022049811223715503,0.013373264748159957,-0.00691294486970379,-0.011692143723803087,0.020098780025751266,0.011698565796356794,-0.002811523758654006,-0.00441423697482689,0.018620296584252957,0.022285127955357757,0.007296872835693664,0.006580715026021923,-0.0019521984898889858,0.008011815134450892,-0.009551232167630831,-0.0022621251993093366,-0.01220751275511091,-0.00013750067528197924,-0.00355159784702609,-0.008397743057595568,-0.007611553519727894,-0.023424526709001366,0.011076742597891421,-0.0021524955825421555,0.014944155662224654,0.015027071950081261,-0.008507210763882703,-0.010254098044240148,0.0010235052786716665,0.0064479399440783075,0.010734510407563637,0.01166660172016816,0.025340489450642573,0.0063601005585350884,-0.01808507881511455,0.004252658012484556,0.0022040311828381695,-0.012002886893769516,-0.01379826536729185,-0.009234583745235388,0.005689271662683232,-0.0017742033078171444,0.01016577454352922,0.0007429488842556316,7.629681696530053e-05,-0.011633310230039726,0.001276506439790672,-0.00670923023514056,-0.015869626595547276,0.01329327250027812,-0.007984656399728417,-0.012771329539538207,-0.0040515076244817365,-0.01917868005848341,0.001469580108262474,-0.0031030817114705957,0.010066851066660255,0.0003237463813512628,0.005675675483350032,-0.0034912796129034362,-0.0015942362003017762
2023-07-26,0.025308063166471155,0.010768812235606523,-0.012701825158057532,0.005068248517335864,0.0032174884776554483,0.011233527633012271,0.0029347608730987814,-0.0005675246415870121,0.02334341875723046,0.01783958468432191,0.009447469583999203,0.014913501151763755,0.014469544814955576,0.03316613889216677,0.011364398499801049,0.00042352659558040186,0.016450973491379296,0.024244393017021325,-0.006610713037186549,0.009491304694615104,0.017042201614162714,0.0158299750723208,-0.012800486228640637,0.010183542528962716,0.0034884252165634667,0.042007069290245294,0.0020929147566783506,0.006662401408316053,0.0375140171958556,0.00024357677161245938,-0.003567784125654545,0.02416592239583273,0.04865705102348416,0.010181851517920455,0.00619448327186362,-0.002065867361183674,0.0296683247652273,0.0026256423380600696,0.0010573297868057916,0.017388769225920152,-0.001156470297084742,0.019153791052835538,-0.01967784064466957,0.02205053694761074,0.010428730920886663,0.01593511657518344,-0.006210478575897717,0.002306827723545533,0.004477322299047907,-0.0057680257532438765,0.010203523729745376,0.020939117299229024,-0.020768883023557807,0.01891725651240591,0.023586323776002557,0.031055727756256334,-0.006082790233047669,0.026885672388001918,0.007136431687600293,0.005720379180693038,0.03244779873681691,0.0035239414129819907,0.00742233303002925,-0.01859070380612504,-0.0028282373764408203,0.009922398594115395,0.030313905733001252,0.02056544147058112,0.01961163643473923,-0.00908225748806095,0.01614551160011196,0.02033094477250634,0.022051907588864647,-0.013658203752212331,0.028059143064152605,0.013088403315734232,-0.006369866543281415,0.024961331705725655,0.006797249299911648,0.012476914835829578
2023-07-27,0.0066807024685434785,-0.008615765467489319,0.012420841091983142,-0.013353944150665606,0.027728419177694193,-0.005107481478706844,0.004013539391936843,0.0040988723681400375,0.019491176726878397,-0.010122113024319758,0.0008005009901673811,0.026682715797537507,0.015752670731256857,-0.00961567446365786,-0.008466793419359084,-0.015411428268224291,0.022356094882999913,-0.011985620297904417,0.010296393943973484,0.0027307831757504815,0.00892922176933613,-0.008038967955595883,-0.004610094790446974,-0.003920558315688983,0.019411125731223968,-0.01169889209969929,-0.004988608684945493,-0.007261443274786285,0.02632416852976443,-0.02800593953376756,0.010121792329077626,0.031017822664942168,-0.010889159603758806,0.006401378213272033,-0.00860761572058533,0.012700293469893497,-0.008005583460988817,0.008742601005452572,-0.0030332112963735412,-0.012039433135615736,0.012218241035419542,-0.007820273451427596,-0.02715612560618668,-0.012493152441403707,0.023451714814648292,-0.007082885578930468,0.011067030481883422,-0.007945897739563524,0.019649052212762794,0.0026616363667677223,0.017053292564836176,0.002485302991639307,0.003090370151073588,-0.007324989694301388,0.0008000844326234804,0.010080250573223162,0.01923392991196131,-0.013945415614594461,0.01732775939360097,-0.012105938261748377,0.004430914041122523,-0.0056897447232313195,0.0015231057233347865,0.004674821320715095,0.003141623694808941,0.0013668900594575842,-0.002024196269673275,0.01744515864258068,0.002739758588851412,0.015486526985714552,0.007429049144572595,0.00116269389021844,0.03205473573088003,0.020791349500202554,-0.00347520282110514,0.004170161899673277,0.016447852300997972,-0.0033854020470291037,-0.0005452058488107352,-0.0008564645853237325
2023-07-28,-0.008779795893029997,-0.008701362664456883,-0.036736050010126794,-0.027068951488783216,-0.023766222752727578,-0.00980759578084153,-0.03123489150988752,-0.007670636180127899,-0.007290437842516104,-0.04684730272834392,-0.02669544917435295,-0.04797419553596147,-0.0057031207217723145,-0.04696950222549598,-0.04900649695156144,0.005455177044682817,-0.03420046884491155,-0.035179164971987184,-0.041956481558413986,-0.019238699223974226,-0.01768305039887194,-0.01801906279214264,-0.02982964790338378,0.003080333416401161,-0.02279769554004978,-0.024444610986208277,-0.04243629961419771,-0.041257239275808925,-0.0011166824946174658,-0.03697900661080906,-0.03623784358740645,-0.02462060229512038,-0.008045933847971691,-0.03596851010040248,-0.028730159856902446,-0.023006330852434205,-0.02254647251340157,-0.006699766238611696,-0.02486619069110675,0.009835834242363863,-0.01522818347920326,-0.023862554412472196,-0.04252981521353266,-0.026198739210169245,-0.03474517552941293,-0.02346420898269852,-0.02584365561090319,-0.009988257267803748,-0.01568286596433962,-0.03541549695199628,-0.038705831219505805,-0.03835452852582848,-0.013530176544373197,-0.02262562213104796,-0.01419105497942606,-0.034664412773737587,-0.031907628199836856,-0.010309397162092056,-0.03430075243702695,-0.0024153321348424767,-0.014716288322396964,-0.02678906031220607,-0.007111863438579733,-0.007773783499638807,-0.03863030702898964,-0.019878084455132002,-0.029368979263487506,-0.029821823112952978,-0.025601922019566525,-0.049687569619889925,-0.02551306181736891,-0.027910590054640052,-0.02634068632426412,-0.010887434049454593,0.005652510910570341,-0.023108342783882928,-0.013632193121021789,-0.00837039555812065,-0.024768648997604226,-0.01495304472793523
2023-07-31,0.015951811274237067,0.010722950826665505,0.0005035892347449696,0.018000422985046054,0.0037706943926515617,0.007427102929251347,0.007014762526588316,0.00957781138233565,0.009243119698492085,0.02148587803088402,-0.005000742008101401,0.012627919915592473,0.029511775551108742,0.006328529314325854,-0.007587905333147513,0.01074361170571805,-0.0015837618979930423,0.022954983490523842,0.00028574528987188215,0.006068630411100205,0.00035508577887212065,0.0020015766607135096,0.00743590987243378,0.00043583733905246027,0.010233989030145402,0.008403286951560077,0.0033416424845774855,0.04591259154645805,0.006544007095614568,0.017525380528534727,-0.0008221179670086839,0.003387998827036587,0.006888761455528649,0.02717676801793191,0.010994709532726176,0.0036457092422507676,-0.014730816095918756,0.015533584746544853,0.01720914163028955,0.016141786167212124,0.007400146545959378,0.010565322543068658,0.01528090735467517,-0.00031500090781496487,0.018086726713056025,-0.012867314074669945,0.016723456888707234,-0.0036366018297233392,0.006485861806280314,0.014413180186975013,0.02134767848598608,0.011641813289400943,-0.0006523086067114952,-0.001328982924178549,-0.009107423967477582,-0.003138276328823071,0.01843801362789671,0.01024414721146323,0.0030738876186074742,0.004389484718040985,0.017382350410310977,0.014575476450623149,0.01334139723300612,-0.013773088129811909,0.008454885673689865,0.021229365175052136,0.01190726098379916,-0.017085641141537208,0.0034188261703515894,0.018861388967474017,0.006278796361619969,0.009290201638433335,0.03886825053474449,-0.014918122268698764,-0.00861442905879864,-0.00019848001473721406,-0.013241308303122968,0.010911576800463847,0.014318740574524057,0.0012872341279318083
2023-08-01,0.001593304727977875,0.005722462401158651,-0.00702852864491557,-0.006848673358866847,0.008477251406960812,0.014358170944995712,0.0009943178649865214,-0.007184583861909632,0.004430454799472238,-0.019486384052752152,-0.03570000582379025,2.095918524679455e-05,0.014145220754002475,0.009515274977156254,-0.04159320061101856,0.03354939350077681,0.00029795193566150907,0.004675523391269402,-0.01198091702728026,0.010316631744062284,-0.0051558331758222485,-0.01846064615342355,0.022643211653450263,0.005509712440149613,-0.005620632256688515,0.004587834423634927,0.014901132203893533,0.017565171156089122,0.018271529806474045,-0.012155783729007203,-0.013564486581346489,0.005507323640720124,0.010486757542418167,0.0261959344229859,-0.014177399546522522,0.00712639839197492,0.01670208020956567,0.003147014758767424,0.00829165778389077,0.03506499938368313,0.014233333521380533,-0.01851407692498614,0.0021738441233486692,0.015240527422405902,-0.002158491698253861,0.0030843896649552062,-0.01616984889308783,0.02103503505584676,0.019481355593269457,0.000741847521410668,-0.0011633800445084502,-0.008574372656290612,-0.01457344749527449,0.009505583855659378,-0.020358261541102762,-0.010227807514243242,0.001938711599915796,-0.0020479620597710986,-0.03550424745838141,-0.002484403047937387,0.0010346348324872376,0.009133619135014632,0.013184742494886678,0.012394880349983673,-0.00750814763133888,0.011425723970111809,0.0018028782920340158,-0.0019979672269740067,-0.0011411171706615384,-0.016676206701857172,-0.019675287797092905,0.004531822966744134,0.011436935612761684,0.006670836209941458,0.0036992304378212614,-0.003673633601697921,-0.0022635355752627945,0.0019576131279618425,0.004309219013265257,-0.0034706028478100085
2023-08-02,-0.016960150126061124,0.019092962965515402,-0.002425450458360956,0.010689620019409492,0.010612588900137186,-0.007845257640347554,-0.010470346963328435,0.004790888169492769,-0.029768338176004185,0.023902001494813908,0.005293255205785634,0.00557138299267922,-0.014453597746286169,0.017487050444132044,-0.011338503274535998,0.0010160801720353958,-0.0006718761927621391,-0.00798626271461984,-0.005443217547204083,0.010254432477600182,0.01287643125758162,0.00013212960303549083,-0.015919798326730294,-0.0007868576103074914,0.0025258879578183772,0.006639558543074605,0.013162210094827482,-0.0173547043871964,0.005094148396712418,0.015837422999061136,-0.001893003027857703,0.01587054950276927,-0.01267674329301423,0.012503378532041753,0.0023208065627308198,-0.02647550402261856,0.03436864268770681,0.002678871976593943,0.013408672534126882,0.014051721611279357,-0.01528178551987943,-0.0018202903750637227,0.003936918727618999,0.03355467702194263,0.006403294032247495,-0.01704492768039094,-0.014965752131241843,0.021541342604377636,-0.005036967989861522,-0.004111154411087461,0.004165778497946566,0.02591355374613425,0.0037586689355815286,0.011899501299490448,0.002448405745054388,-0.0015819103022824419,-0.0037546638003175163,0.01272263649043353,-0.030400835927537846,-0.015180190345054415,-0.009465735781861296,0.0033351771336668423,-0.010844301485054154,-0.0025241617769746635,0.0017939719302396751,-0.019745965627283653,-0.017482634772777457,0.005506037058880883,-0.005302835211104867,-0.02257711128371785,0.00035423111494155366,0.0018946518965629812,0.014708645576444803,0.007923776642560356,-0.010410366053562629,-0.009645646354077442,0.010017809820198249,0.00458141415731057,0.007630250559495689,-0.004284868498888802
2023-08-03,0.011406202653111187,0.020452856385850652,0.017020743778747488,0.005647930419923265,-0.0020654503840194425,0.011375150720476058,-0.010625359922011156,0.006472283045166061,-0.008618064199596195,-0.015195540510653397,0.012926786240533932,-0.03125334567227383,-0.013741576384507782,-0.006635675967190753,-0.026658808887359522,0.005620622305291412,-0.003671773377219723,-0.00043598569271017205,0.00601591777538814,-0.005869345199537402,-0.007408519588063699,0.014486249586526109,0.01418187916777551,0.019313322410313152,0.00041236361604843124,-0.013644268129648274,-0.001582023675726187,0.01986232493108301,0.026107672379290004,0.004163088722693271,-0.012091033783647863,0.008179019366770717,0.006885378957684839,0.004236421962754967,-0.008991650819162566,0.0027358375299959864,0.04423177628986068,-0.014056974569014061,0.014941519402661859,0.012777248347289119,-0.010689252480725988,0.0013738060944810298,0.004191102044661651,0.006712833049879415,0.00048754474292850335,0.004414681978940866,0.010819842849578919,0.0012434355542354,-0.00014745612541500674,-0.0077792936253648776,-0.00048658414050766884,-0.007266622893711714,-0.014714968147058603,-0.00851284478247847,-0.0132709416994802,0.018040644286432823,0.008085178418301222,-0.0011875013678028451,-0.002154605181604251,-0.013667254965532168,-0.003061152115922851,-0.00890324493861642,-0.01348096883280461,0.003093990107893888,-0.004925354787267151,-0.0078111312875450605,-0.006646276423437147,-0.02018251812733491,0.0016584244377272793,-0.023840199690301836,0.019198253679521826,0.006854736138226899,-0.0027584378098322827,-0.009458756816165832,0.02149033521790494,-0.004064373786928003,0.0036880906380051814,-0.00880186020333209,0.02356489970841076,0.008586150940558871
2023-08-04,0.017385960461453687,-0.020433407578239964,-0.01310322986910782,0.004624932868042432,0.01167945415865215,0.01674149585554501,0.007597922027391999,-0.004513337458513295,-0.007529820881486908,0.01903954325996312,0.006577121863971008,0.016266013934592864,0.025296426843900696,-0.03131283365811685,-0.006850227422905363,-0.010125059330508734,-0.02321877824258161,0.008521957429814075,-0.014877768248669878,-0.003979185110516387,0.0016801276001820046,0.00419938728819277,0.025418486991962388,0.011235073666866735,-0.023399438529721737,-0.004715990515072897,-0.009034269044622864,0.02777575792468496,0.02070542807206538,0.004108666403425803,-0.002828625722757624,0.011323781489611634,0.007680248543426185,0.0021067188289163787,-0.029936833292654366,-0.0017524849941827157,-0.0037744288759645286,-0.003441808689880201,-0.013646730391303957,0.015106953737315347,0.001734873947628346,-0.005812774193216868,-0.016394377995451855,-0.0038604393685516434,0.005389168726669507,0.018372735031399034,0.02078876480650222,-0.005797898341943488,0.03253504666687293,0.0320147758043634,-0.016096732030820755,-0.009673742887303263,0.0003875002244706151,0.01816266966069917,0.023102562743327625,0.011386975993133357,0.009811055986150903,0.0054686704745840475,0.004392364860417093,0.009408985717351898,-0.0045155897551194275,0.03144082956554344,0.021086122331288128,0.015327667256663508,-0.0006081738908461105,-0.003934499312057396,-0.018963696452587234,0.0004297443387656268,0.004983250522810484,-0.009627700336483237,0.0014574306920403244,0.0021579773075230185,0.011256443687948368,0.012454761264806026,-0.008861607590913513,0.0008350849708769403,-0.0029283422822606333,-0.008015161800062814,0.0007597877195728358,0.0083705565878146
2023-08-07,-0.029448054828474887,0.0017148709523810207,-0.025234242741650134,-0.02680674028288138,-0.013090883573651717,-0.014512351707980743,-0.0008803348784873766,-0.014878228783288955,-0.0030119500611583304,-0.0013670295940913305,0.0021125740792781265,-0.014462827317615943,-0.01554161684774235,0.020943079335576598,0.005180633178839881,-0.01805156542652751,0.0008231153044636116,0.021911031832850123,-0.009173461973713572,-0.007792555118916277,-0.01578780764884706,0.0021556498431214346,-0.001067678663332015,-0.029109161445913904,-0.011840290653997693,-0.0033809941157526557,-0.014929778119804607,-0.012383577014156074,-0.029530767674254332,0.016379608033158244,-0.008072924932431676,0.006875495381700415,-0.017014689310402963,-0.02024048959413139,-0.011302304072539345,0.0003817233562525557,-0.016316310822920968,0.00373189645828903,-0.014741400878059016,-0.02425394766972623,-0.005546613403436774,0.011337314868483325,0.012999085665843723,-0.028501241221358012,-0.016999203174605758,-0.016701591841626486,-0.013760109286830632,-0.006426750956340665,0.02023724581356772,0.024781647486499355,0.02104001442935454,0.0023141819211353783,-0.007065618382625529,-0.024494492982917764,-0.027253978072966704,0.0017619300204351398,-0.010460377753287502,0.019221492389742877,-0.016417769247630318,0.008105201303316989,0.006589584995840823,-0.04046385225093663,-0.00037117589697855443,-0.008011679836478935,-0.026084495401411438,0.022892157025749506,-0.006421587221633602,0.01638025339481545,-0.0029751764258301966,-0.008909327442725774,-0.0032879021372249004,-0.007735461116617489,0.004792958318693814,0.0020690278353837958,-0.03129196136286916,0.016708345490210694,-0.016068246173396653,-0.013813492767661459,-0.009300691787019469,-0.027681861674941608
2023-08-08,-0.01521870333076043,-0.01816759371625498,0.0032784200056526725,0.004202620720058685,-0.021463919101812206,-0.015354992581941536,-0.0063013560460505385,0.02100133024093756,-0.01557465541528054,-0.0399143882055051,-0.0002498115381781552,8.576496268043222e-05,-0.01676205130781438,-0.01916337532940851,-0.007359540172884512,-0.0019493376348058262,-0.018896703416063837,0.003305554476678154,-0.00369709054016593,0.0037376645527935366,-0.013711666280652427,0.006520374510275167,-0.016945871447897075,0.0011249278827413596,-0.014043826617789485,-0.02864426875648144,0.0057604981120694095,-5.661797511898048e-05,-0.008035555648565538,0.0041757849122984365,0.0081213929357575,-0.008970495157264868,-0.016312345837804318,0.004603303086315782,-0.01020280177629377,0.01962932041401228,-0.011641025373881411,0.01347589664209054,-0.010678285154766449,-0.01775190456346141,-0.0021144575203906404,-0.016441434600899724,-0.030413272683964734,0.0016840617073199515,0.0017621581055479235,-0.027673600523225386,-0.019033775627891426,-0.005814229132351133,-0.0146550578267906,0.0034624636523906786,0.005599684914690161,-0.013768339554255953,-0.01718011056905703,-0.023599132214893234,0.008522632165779746,-0.019101211384369956,-0.015607473597070537,-0.010290755902465741,-0.019124387474423795,-0.005270796090190918,0.006650017169311459,-0.007238845137762451,-0.017109705045042858,0.005734309521711357,-0.019903225003758615,-0.020545299069982828,0.024143246119645054,-0.029921130285230975,-0.018225868874485282,-0.003142762587944073,-0.005398220210761577,-0.00221979298369625,-0.007931268761123343,-0.009842861832001108,0.01142573180242112,0.0030300996001986916,-0.005370891365354221,-0.009184521720019736,-9.517694962783404e-05,-0.005874001943791016
2023-08-09,0.020741241324568133,0.01423039115994813,0.01846232964813019,0.02305239458854943,0.008059818557190622,0.011914414208720527,0.010937304231047414,0.007147012524851629,0.022431671590362755,0.00491365319155212,-0.005275667681220354,1.7918642567183937e-05,0.013755342025506661,0.0010635557184777693,0.010519822267793431,0.012417177156586596,0.007122690259703907,-0.0015226414912046682,-0.0021008613390021743,0.014314123864015744,-0.009971115720728953,0.014377203137807881,-0.01369360797576102,-0.0016953695700152056,0.005468939653825063,-0.00021115557930078202,0.020362175037209992,-0.014939110974077657,-0.0058249305893054,-0.005071141456045736,0.020842149785677735,-0.001301973155258521,0.0034528057828903435,0.0040640471256649015,0.003083806159324704,0.014092287903753248,-0.0036169029278970144,-0.012281237294968925,6.214769382485719e-07,-0.016799793967065938,0.005796168668109415,0.0016360130716651419,0.0075907693273538825,0.015072870310258548,0.009384274673856878,-0.0039727666110436904,0.01431665027470888,-0.007052276920897719,-0.015586397617797808,0.016381371997115046,0.00825582952341562,0.0122221560809403,-0.013259159887584013,0.011069873491484344,0.0034069715272724357,0.005776774275862737,0.023490958324603992,-0.01992175008659841,0.0169076962507665,0.019052097760885282,0.008770030835489013,0.019799045578463386,-0.0008014207207976097,0.0033728920273591754,0.01603346810639744,-0.006416232059464895,-0.006037947697661836,0.03291757663110739,0.008964717647491564,0.018349519778213124,0.009898607436860734,0.016062245432134102,-0.0015300908036788834,0.002966860435604274,0.013920913096462678,0.010696421420766981,-0.003044210376858241,0.00395105489016888,0.018849308500091755,0.009975553955204206
2023-08-10,0.01022992242738789,-0.010043575331358119,0.007848828851288292,-0.01839078452440426,0.018611711612868988,0.00484190460452854,-0.004808023312251343,0.005504309492914892,0.003959593792520862,0.014974630561876884,0.014539646335794958,-0.026023924581726907,-0.0032724070245897133,-0.001729344151852748,-0.013983229480287122,-0.012437573956987738,-0.0008588384339504062,-0.011663827558113554,0.011254539609828317,-0.014998459578337798,0.005484404832509368,-0.005466065624390793,-0.01452923287772604,-0.001349391989817901,-0.012297684179945624,0.01697460167795249,0.004422631751243293,0.00356885710869181,-0.0037041505088960215,0.016792995015728812,0.0014810093575410013,-0.006803056082336046,0.001678469395391835,0.013569579666021556,-0.005986670617444185,0.002559676400451711,-0.016770764796281114,0.0028826184988322884,-0.009497111799689713,0.01977133258413625,-0.011944779330517538,0.004591240770022705,0.017067879341451913,-0.002764796366844181,-0.010303450684005861,0.013204325301854593,0.016636243596673955,0.0041288828345854706,0.02032672779123918,0.010938162331908448,0.023623197345852682,0.0008348672210505741,0.026096279050022916,-0.0012609228020073384,-0.0036713760658216494,-0.009153674987004704,0.008533872571837445,0.00729718831885502,0.007529817153020079,0.0004226857995128725,0.00641966610233516,0.014078234499324379,0.007500708286204708,0.008167877657667697,0.0037912773715051864,-0.005394760916269075,0.01330821342695636,-0.016415420435762197,-0.00145351430765538,0.004328956714422529,-0.020949445229746556,-0.010210564998052615,-0.00825623694607418,0.011334393072681864,0.0045689131727294436,-0.011944874734057956,0.017291226392389163,-0.0005117092802360062,0.013381718283163698,0.0005774568309972099
2023-08-11,-0.006265921686465917,0.02773610825519146,-0.01852853420581336,0.001541153164224051,-0.006159316783261867,-0.010897875829889152,0.00278896809177274,0.018131610370874678,0.00806700907645194,-0.023498761486316445,-0.009628679488103692,-0.007658243339272235,-0.009368389658696599,0.020203156288098316,0.008926428130323289,-0.006456052136426515,0.00016510580756546678,-0.01652854806039529,-0.0020587890415297164,-0.01616459358625517,0.003292619441465975,-0.001821659143687693,0.003352874078443806,0.012320293144951366,-0.0002883698924279624,-0.034015719416605965,0.026872069690180824,0.0018958468002017459,-0.012039894595228248,0.0009907144329362268,0.013009156306848405,-0.003780040969976632,0.0012086834473149315,-0.005963617046503075,0.024537807526320957,0.027886947587457404,0.013677404870308326,0.02387450263005931,-0.01455352992127609,-0.006650714259535597,-0.008790895348836083,0.00416047770633798,0.019702421137634603,-0.003508634884551643,-0.0017039516901025012,0.004674712038848491,-0.00657163823995393,-0.021016637014230212,0.013509857444157043,-0.010133543303895955,0.0017925071207090478,0.006577310910033338,-0.011224056776864983,0.024423743390179595,0.006796824943519825,-0.01006178446513566,0.01466946640537789,0.015713982262899523,-0.01746141361460541,-0.04156638152537531,1.4242939803277548e-05,0.00266772660993343,0.005869807874809684,0.016470214007086065,0.005558229034501344,-0.00731375079091012,0.0158538759736331,0.015913462365088407,-0.018897249338755622,0.018205125121032742,-0.0017622806822457566,0.013424015692680797,-0.008133575381450842,-0.014309940925968458,0.014703758169274363,0.012307153458560094,0.019416599193546123,-0.015459325263140646,0.007323392694998269,0.00981173050290092
2023-08-14,-0.0069669699292269575,-0.015942723402101695,0.009275840660850146,0.011075995247579112,0.009453222634774081,0.0007341897685506516,-0.0002955482836004804,0.02077979898149661,0.005874980214192239,0.005154851732863088,-0.010268588235341415,0.022528587346715374,0.00637793103559759,0.011894902326019658,0.02261042953509066,-0.0021142926875204137,0.04117585342721271,0.01869028429174232,0.0023028999035912805,0.0015574327394211407,-0.0066604321111066525,-0.003077605296861883,-0.011096444943030206,0.011013864503213453,0.019950519398421674,0.0023734258193192953,0.015627441707815323,0.009382009850795821,0.002179363916609096,0.012731814691969197,-0.0013898767024851212,0.014225420993503279,0.014244389894205853,0.029747292109811363,0.007788570021391968,-0.000727723761357291,0.009254989191691713,0.00946958501722662,0.005562658824764845,0.007370791987585402,0.0256702672580333,0.006062338068554532,0.015538924692395054,0.01309368078260244,-0.0018525584781928775,-0.017930486852852714,0.026093181876934206,0.018059631551052568,-0.00031534671589251995,-0.017058126328140726,0.0007954513357490388,0.007749521913122129,-0.009087188809652112,-0.001498290857259808,0.019291817349646797,5.469193543949664e-06,0.002213308856928069,0.009248989975222098,-0.0006722678410274957,-0.0034365267510170668,-0.012944173151474551,0.011009568833207455,-0.011810469414478664,0.0013285383738545508,0.03719458661906768,0.011697044191265488,0.006714242498242314,0.02563123057086194,0.01975228910945704,0.027006615170527777,-0.0017300055486399015,-0.010794557332776221,-0.0070739156561095695,0.01286890378427083,0.018547368886490258,-0.021238430143670006,0.01870854450404581,0.009002386663812253,-0.00267242850264833,0.010969471679538786
2023-08-15,0.005702258619970683,0.0006908035486266687,-0.013588373839163358,-0.022900509257239576,0.00042158932651640413,-0.010086703935670176,-0.010394207319496546,0.012336202246991425,0.0070677945857877365,-0.01473657947698487,-0.0018169618563809492,0.012033666243330231,-0.009589735707199775,-0.023470421913336155,-0.010475574836437039,-0.013011380156979791,0.004597026289312457,-0.007640563809046979,0.0038639887965966633,-0.015031131358077463,-0.00735208701666795,-0.007887718009506602,-0.02348878872844161,0.0045082689643934455,0.036997498500153776,-0.010247279820533974,0.016902465642846753,0.004490430925515102,0.0033452769262421567,-0.02438942491017623,-0.025022681194563273,-0.020546425697551517,-0.01593189109822608,-0.019009813383265038,-0.018933960939003618,-0.015142148360224726,0.017385268552271342,-0.020536001929163383,-0.014514516846612854,-0.010091547634312775,-0.005736213809101632,-0.011859125240291271,0.006346302895507197,-0.019652932537176957,-0.011498368253005237,-0.0022992735537510833,-0.0023751910802662524,-0.002599597868918809,-0.004972001950843644,-0.0245791778424502,-0.01968070805115269,-0.023181157397867008,0.004570689959770519,0.00012790737881154118,-0.006545407743210992,-0.010694508220550547,-0.007907364621434265,-0.018814553912844638,-0.0055221714977290205,-0.01044358218571018,5.8762492211588725e-05,-0.013348875721994656,-0.011762633031576009,-0.0030010396257229193,0.003206412603107837,-0.011597943411534362,-0.00334451980716125,0.010917530850504918,-0.017993458227443165,0.002778016283309751,-0.007556287668080394,-0.00862846758664629,0.0017443431014783255,-0.023403943508339263,-0.017618749805100226,-0.011234204179284701,0.020894269429447446,-0.017461535665077122,-0.010883276171793221,0.0051718636480893925
2023-08-16,-0.009348492218586921,0.0035690635535902846,0.009631603551498715,0.004555777679893261,0.01634294064010771,0.032992061039813544,-0.001474103435249374,0.00913796820917726,0.014221731650840898,0.03435098384895357,0.01959183020881202,0.010525906375315123,0.01783736752244775,0.011173929631598745,0.020873766453637727,0.011927531242413579,-0.0009220703205281792,0.012492302164474101,0.0013287357780519165,0.02292285675009776,0.02244574994031432,0.016553191108293612,0.017386487378723156,0.019131212953080942,-0.011735786825927356,0.017335577648005553,-0.009850174894389498,0.023561559656889906,0.006654893296360461,-0.0008108424507594931,0.008218498514061492,0.027936755140383202,0.018739720914159607,0.022669977686195292,-0.0006475477139358619,-0.0014170707631773003,0.0039789071316401045,0.01170109041074905,0.011126911391215974,-0.0039936441172781015,0.0022572522486355604,0.019152448602549044,0.003921808889626767,0.011992866759613181,0.020721445618968617,-0.003811784372297162,0.014959004334025574,-0.008681535636144539,-0.013719690188842525,0.029662226124426948,-2.2003775477730247e-05,0.010307863150311547,-0.011898008918315776,0.007179253374884814,0.010221929259594309,0.023281904204000524,0.009620466097389297,0.007563082301675067,0.018295565569221295,0.009775962464551863,-0.012315494927291467,0.009126272359958063,-0.005010657333649469,-0.0018165656966672196,0.004579376168798354,-0.004438977276358164,0.01610073662498382,0.014779144996715593,-0.024320234062247835,0.02628528142861187,0.008645863588973153,0.022032617722006573,0.01402679052111775,-0.006961466320201938,0.009975329537781609,0.014449948129496855,0.006603594656635283,0.03132001106584342,2.472250729280978e-06,0.013265382860914034
2023-08-17,-0.006608336135644876,0.02332778293800917,0.007995252871306313,-0.0011993338629122262,0.03340324287095584,0.012666786026504416,-0.002633932700770715,0.002793662697572477,0.0035166320771421117,-0.007153566775935857,0.011488471393771097,0.014765294410541576,0.013227201817494639,-0.004916173033303319,-0.001380062960310504,0.011258729786074034,-0.0019379389968091536,0.03158082770552243,-0.00774164249033848,0.006589621540739984,0.003399542436180886,-0.02631247266976925,0.018720869118818182,0.0012345397652894223,0.0095454235050614,0.012052841227965279,0.01364111039856394,-0.004351251645178383,0.001791137816399174,0.027887271121700866,0.006905816678148069,0.029363426280369035,-0.00567670652248417,0.009675277807189096,0.010532961535404083,0.013935058789286154,-0.02030323966542833,-0.002484131304276934,0.01086625490974166,0.021891427366688247,0.004528421024125204,-0.000338796565533905,0.009125166736943807,0.03290245540556028,0.010098750077527124,-3.143268646708334e-05,0.013217366897245734,0.0023511378858553115,-0.0029651357192914457,0.010795959891234441,-0.0024188333870049416,-0.0074350107887271675,0.03021380670001763,-0.011108403057259141,-0.00965612462243144,0.006101045348207646,-0.017012282457618794,0.01160150557530455,0.006618418514248132,0.008183526415966817,0.021736831209368174,0.008014408395510517,0.01688679287061519,-0.017738773835818563,-0.005026469014492049,-0.018381201819364198,0.007122070498682003,0.015369650940304912,-0.008200521151514317,-0.020422982580649483,-0.005748626703755413,0.015413640063214303,-0.003780869243241317,-0.003108989471410495,0.006191583406055615,-0.018767235259242322,0.008104957924517365,-0.006047749136420955,0.012773718467279023,-0.013437414746335061
2023-08-18,-0.0015749524401462993,-0.015819699153245922,0.0035551029662922538,-0.01363147199288988,-0.030501261760387824,0.0013484455458603432,-0.024258754266421052,-0.006434148531374339,0.0033253379540154246,-0.03802177946223893,-0.02298936928257221,0.007567018831430187,0.0001492816107792911,-0.007315539806208797,-0.021497469667318338,0.025036496968717143,-4.162363864193639e-05,0.0007541989901794464,-0.015126833778172564,-0.017604059879430603,0.002962645494225924,-0.0073935162068061566,-0.006737960583354138,-0.011244299227570961,0.015068680413797293,-0.013369764183286564,-0.001719261865659816,-0.002188759822210595,-0.0286823555745766,-0.013231260478816023,-0.004999571707712888,-0.016467997509279964,-0.006940078882366591,0.007151830817132795,-0.012806822155547837,0.020590803659865733,-0.014360684003792715,-0.012495225185719208,0.006415698026091798,-0.005377345205067987,0.013976681370102296,-0.027178995629356217,-0.03255285862104996,-0.03856866026815357,-0.02880975741362004,-0.020830281160761,-0.005153530663475576,-0.009703528271003178,-0.005138081477045669,-0.02641062492950884,0.002843802348281096,0.0033927766592018746,-0.028518507546005115,-0.009453803532670151,-0.01740300695960136,0.011669061504624103,-0.001106148487317307,-0.011850681952280501,-0.007675624108824637,-0.0020598547406264723,-0.008159432918374919,-0.02998928316658495,-0.009055481995838213,0.029659040450599326,-0.014277966976509356,0.0007092559497074626,-0.0036325191072274074,-0.004410141941439904,-0.02030004764755116,1.4752617460866979e-05,-0.015830204577189685,-0.010553713731182355,0.0035677301702357516,-0.020730135004811863,-0.013974765587172776,0.00559807919647623,-0.010265946760327821,-0.02582222274592091,-0.007612961891854897,-0.0008643723554762547
2023-08-21,0.004690470711452317,-0.007713999777049486,-0.0148415538456203,-0.021263925506810707,-0.008883916371146373,0.004507529247645708,-0.010545305093247474,0.02243359338677828,-0.010451429696148661,0.01242449406695981,0.0006780053746860059,-0.012840647238095294,-0.020715727622497758,0.002438774967689825,-0.0035604663723241047,-0.009190475261937645,-0.003854368119476028,-0.0011170614872448624,-0.013800551017982127,-0.005482445387465264,-0.032149971875633745,-0.020236020217561403,0.008637846848022015,-0.005227515617011524,0.004306615642220991,0.0015683747264483208,0.009166097229473601,0.002024442689371047,0.004449557082368301,-0.020423294907731697,0.016741609930483327,0.00498622983266628,0.025324300896783336,-0.005312991539586651,-0.014145792126519752,0.0068279425064891345,0.0038991836905788845,-0.024126596278197673,-0.004325759635955655,-0.00923961371307378,-0.010147575891357969,-0.004101136056630271,-0.013552183888341462,0.006324346140848593,-0.01632080080254085,-0.013045431007289308,-0.018237697283338333,0.0038147333734793627,-0.018094173572852826,0.002857695165762635,0.010690488533345772,-0.012641859262344629,0.01178898145452966,-0.007734426615165537,0.010837858149360837,0.009141158564547967,-0.011721079927203379,-0.0026904746913061035,-0.0005353954764954882,-0.017251907706843123,-0.020346602505701764,-0.010527221829484873,-0.011546059479475373,-0.02936343022707415,0.02207120689701095,-0.010016212954327435,0.011309194409081093,0.0012083300478706515,-0.014676095917140839,0.006397888234053198,-0.014071241259786916,0.022487036758045108,-0.011191628257029074,-0.012596832910022424,0.011677126106785299,-0.006693599716854997,0.01304232000588313,-0.013541949371784837,0.0211869698172048,-0.0145914742151364
2023-08-22,0.0011873971434628637,-0.00692407440309995,-0.009161530334507458,0.008276861823653364,-0.009238534337062223,0.022475588341605433,0.002849278330256757,-0.01836845856840568,-0.008797913276972609,0.003986124645272791,-0.0071220305902737775,-0.01884151015386567,-0.009706958739065316,-0.013510615536691079,0.01256206992334805,-0.018534849043501528,-0.026962504794692452,-0.007057740131845536,-0.015063821942383709,-0.015357832172626451,-0.005134866536900913,0.015302297062413848,-0.016359220769434336,-0.0051994022434447874,0.003953723565540607,0.021148258520804618,0.002272256664402266,-0.03303524589822083,-0.0014579105280216056,0.01833011959512791,-0.031082302404444723,0.0010197145358426787,-0.009882170102977452,0.028408786226323826,-0.004525366658373172,-0.00037265188482830947,0.011262458203966232,-0.03164785026798993,-0.0009655985043105393,-0.007432488001850427,-0.018674884819015768,-0.0036480721917909647,-0.010155765691653634,-0.0036402081823007333,0.008025158293313352,0.019903729265732032,-0.016175500676157344,0.00262082617907193,-0.03718567908863093,-0.007914281438390854,-0.003058442139431799,0.0026021937803510234,0.031241557646190094,-0.001662710981038189,-0.015441991465571767,0.00014184450119708006,-0.008112096332483252,-0.009936630865570853,-0.002768881222633861,-0.02360756662556046,0.002370372771795597,0.0034767192364470855,-0.0029936554059377353,0.011503279076035117,0.012613444410924646,0.0028677577287176833,-0.009003331955793035,-0.0024566088178484416,-0.005790973124555529,0.01584351652989727,-0.023785244179484452,0.007415683477904841,-0.008101648223114927,0.0100007775987997,-0.018195239982519124,0.019828803782161872,0.005840737224368554,-0.0011756530036218103,-0.004792538092457285,0.0040029047763014795
2023-08-23,0.010128734462981293,0.0028055451047695884,0.016884365137570852,-0.031051242593157558,-0.008092657182130984,-0.0003867789126746128,-0.01802025368517291,0.004863459008517655,0.01500443730973154,0.02531229772268592,0.012984768539425703,0.009216447112089613,0.006274990359985192,-0.006087775401122884,-0.007405822344831832,-0.0012889451770358136,0.010723167615430372,-0.007449042648307923,0.01271183786118384,0.006755147585371916,0.0032046157550630573,-0.010044020616490953,0.0021923990968910935,0.015135902616271929,0.016298492557332615,0.006481020036564511,-0.00453825459806022,-0.0015571555919814332,-0.00026818554843660233,-0.004733943511553597,0.00896599842861438,-0.022669090492085105,-0.006166294015452805,0.005761898832437344,-0.010280156730785228,-0.009876028825303591,0.007523766475374616,-0.007442215877382608,-0.014924192238524814,-0.00916364117658625,-0.0043035319768835074,0.021942601418840996,-0.01198061612649836,0.009789894446486614,0.011937963307350995,-0.003013702273727768,-0.01637965583212363,0.013671614609561688,0.003423234888818373,0.004440907288027802,-0.01001242343054559,0.0019993878339528235,-0.011938789225289518,-0.02959830210225172,-0.018579116327718484,-0.02377822854538798,0.00614930006403013,-0.004499857686453432,0.019932992736547566,0.008366999114581266,0.0012175265106301142,0.018987189770038614,-0.019774650779537575,0.023825512341531203,-0.007486383436775728,0.01712709230766831,-0.015790052039560895,0.004775995055659253,0.014985406041581831,0.00620479901024187,-0.001462544552060841,0.02244245897419856,-0.010998332059414374,0.002760044641299962,-0.012268055623490764,0.000474840605110161,-0.012808471951407658,-0.003182935352199449,-0.010952790178606507,-0.009799959840749259
2023-08-24,-0.010557068577976007,0.0012693479301003003,-0.02031778906747162,-0.018932934232091834,-0.010097305936599122,-0.014338234053794995,-0.035899314282780204,-0.014392622717340587,-0.0005625101867773085,-0.02391490457588292,-0.0105471733936026,0.0029722689475298308,-0.003237463942276333,-0.012038658525068614,0.007186199364907112,-0.008367555533885584,0.005625428807999872,-0.008960824433003256,0.0072320067444860085,-0.012918929090990246,0.004928848818876069,-0.007939971558719538,0.005779284818012146,0.008889521766735818,-0.00982297541613051,-0.01433733680667135,-0.034929409588126376,-0.011555185755534813,-0.005397085968771084,0.009985856138485455,-0.0012867753611684593,-0.03761461551388813,-0.015779034688963925,-0.007302639522355537,-0.01438719665317775,-0.007216362277238818,-0.011980106419922882,0.00012866925030027322,0.007946598594658537,-0.02242620124452384,0.023206685346517902,0.00306429607356692,-0.018429407613402175,-0.024277205473294657,0.004840732263216659,0.008081562342709517,-0.005483733225927108,0.005079884229663644,0.015467962102929547,0.012643670296873969,0.004794978091442361,-0.014301095910554926,-0.007197028221416773,-0.014593474828497908,-0.009446998266217511,-0.01953686580000364,-0.023589722087536933,0.020925047419112837,-0.021760137953261566,-0.015468485553426909,-0.005740110457245212,-0.01039259031592721,-0.008947121787109484,-0.0034006338791652824,-0.003206134049451287,0.0016253971547719693,-0.020859380326376766,-0.018184768643787822,0.013746847492285483,-0.00322723032603219,-0.0009308048471740361,-0.0113157170046533,-0.010363312823403349,0.014140295623458945,-0.004535715530983454,0.007606461545097549,-0.010443095617064352,-0.004620502584434633,-0.006019891046546679,-0.0073192880310203965
2023-08-25,0.03900892245469788,5.68921864924736e-05,-0.010521786508643213,0.032236997735285405,0.007464131242340174,0.023784788382908543,0.014764695678215223,0.0008836276389755874,0.02230267007096793,0.012555196291578637,0.012311453029433352,0.041591232767823026,0.017634227178824537,0.0016346280662485231,0.008737921199960606,0.02668402484812115,0.021939662408008306,0.01847417892238505,0.02730209806596941,0.044252281003724386,0.0014535795970121246,0.020635668113661923,0.016328529747641842,0.020258614023828964,0.028371166282585385,0.019922098678623247,0.04415264774342802,0.022041187563767516,0.02576642904031323,0.0024617948850903975,0.014668621099697791,-0.004294891279795314,-0.0029264741697181025,0.046266618822104824,0.0304401236927482,0.012556794875727308,0.01715938068677007,0.01829299674685387,0.025260622284938843,-0.014529760508005822,0.009094163021993576,0.015311625595310786,0.007668403952536779,0.01842670091785767,-0.003348434013314793,0.017059755214701478,0.01965595977680306,0.00523272342703872,0.015863085781958303,0.016902761188142778,0.0351266981087559,0.011596028185943127,0.012401291475648113,-0.005625969881268386,-0.007772542933095532,0.03961868161403914,0.015741480342642136,0.0021280499754439235,0.02215252925904065,0.0050577768204367445,0.014069314200843978,-0.0073618617671556965,0.02751266559615336,0.005962207385098719,0.022641159844164496,0.02624097046581947,0.029523503461814204,0.02026608523998317,0.02833214420589053,0.016491467146048724,-0.005620001433061548,0.01848735362331336,0.02047420915492835,-0.002712000268470273,0.027293097773507188,-0.0024127723748910146,0.004053285002371622,-0.004482173931505271,0.026789325318267727,-0.005605622720376097
2023-08-28,0.012221761552271103,0.02693517951322002,-0.008742177178567134,0.004868877882532969,-0.016543765155996423,0.0019160093392299252,-0.00010365270250062807,0.02686083327834503,-0.0034502730899852833,0.002081976775564154,0.004361810078601605,-0.004355273478652096,0.016875002271103882,0.012393365328405832,0.007807563015950036,-0.003741125473398914,-0.005412010057672962,0.024499331480636925,0.00851396812654015,0.025014499277606912,0.015173621329856035,0.005796894986419477,0.004640009125195497,0.022485427967463032,0.006736180017204131,0.009988527584225445,0.001590641562809312,0.002819305415160985,0.008542054887506714,0.02635361548627411,0.04240733245745107,0.0012837215193251986,0.0062840669235316796,0.012449126179104791,0.010025185425837808,0.0009262691245066458,-0.014142212137413082,-0.007432039445825826,0.030849314433555833,-0.0056021377677909455,-0.0047548380260741705,0.04097443178984207,0.01034974493536482,-0.0002465931222651414,-0.011095239056111239,0.02704811578901023,-0.004465479991915922,-0.015120336182180293,0.010019251007408539,-0.003214998868338507,-0.011434706446639235,0.007359781538363369,0.007523908908386761,-0.010026573577779979,0.015975131836033683,-0.018698015726453146,0.010530150911189206,-0.002570176541246286,0.008895279139468045,0.0018277271739758731,-0.003580876000231605,0.0013621524205269329,0.009903492987430733,-0.007880558034673146,-0.0017544641358630403,0.006634356887000587,0.011727234955296581,-0.015572638040010741,-0.005442864636527987,0.02722406400725024,0.004484123950969084,0.03277917637182726,0.020544566328688132,0.0025255582358859807,-0.007678636594348724,0.008411823960394714,0.028461493748720985,-0.0016976221907129274,0.030699861775306456,0.013401219344713732
2023-08-29,-0.005487284835495521,0.017539592206114413,-0.0029315440494600913,0.008088304718870442,0.0018134695414315702,-0.015102480451612839,-0.007237502160872987,0.014168031045847539,0.0189854638735191,-0.005316977672230253,-0.01110176851419174,0.017689823378320868,0.026993011393840846,0.015208579938532635,-0.000496065453708881,0.013977272936240641,0.01030221881295645,0.007870699973673652,0.00782402116549542,0.00897780889243773,0.025008751137465136,0.009139395359778243,-0.00621122434218594,0.01836815518857507,0.00722584405223754,0.00547393440332733,0.007670995517469812,0.014936252249833106,-0.017618316215932312,0.011699556468308229,-0.00559851148682838,0.006149723489287035,-0.020968419587850687,0.010533826943188787,0.0055543415318669055,0.015071352143189557,0.004434368310705555,-0.00709147315718379,-0.018794359510865166,0.01864802214150212,0.015592830984731531,0.000976478576002559,-0.004184018034029702,0.014982269987475571,-0.013172064701531474,0.0007152208883643525,0.01871836221941045,-0.011232355799221116,0.013284484527440221,-0.01186131661204978,-0.01086674331395408,-0.0011537184656750141,0.00577060168732308,0.004702461488885198,0.007230268879105767,0.014719959437530994,-0.0048959879668579445,-0.0022816404877769167,-0.006657840174808914,0.012955876083350693,-0.002311361166318587,-0.010993901054507179,-0.004505617083421654,0.018711092085304568,0.009649011214470527,0.005456032919346472,-0.01732653011970305,0.01809836282817499,0.007463656752647263,0.010659471198454517,-0.002968064316117271,0.025182904195477626,-0.013143921126794175,-0.019646976313453482,-0.010593410769299833,-0.003224782312711549,0.0011110850323021138,0.008523407838222313,0.014293362910875995,0.007029086652025529
2023-08-30,0.0009473915074989384,-0.004550585403254402,0.009641896916366893,-0.0019367887329521964,-0.00011842082412547895,-0.0011330929201786126,0.01316623709803154,0.0031960966994417344,0.018388428152180815,-0.0023936017703677136,-0.0014063451740543246,-0.008583992345989493,-0.018259985404102546,0.00011887826938748909,0.002196583492366993,-0.008283201365420493,0.0170058043773729,-0.016367739300301224,-0.01946131412595295,-0.015344531617428915,-0.0038410597403888812,0.024085772699284018,0.01982170638413145,0.007288710064632474,-0.0002048825951075769,-0.016140698447991413,0.00662139877145922,0.025574574135329122,-0.0007047459380065571,-0.004729042096391418,-0.0007236149161832855,-0.010476064456582399,0.0276585986667967,-0.0016453500885589643,0.013216799855923502,0.013628862017052573,0.008183457625601758,0.018688716601087993,0.019984866582523617,-0.008785024623601164,-0.006561823754726695,-0.004104810132309225,-0.004462061489482283,0.02189515311791542,0.005508665790960665,-0.014823899839772961,-0.003992708764530745,-0.011367538312540141,0.014816694057572515,-0.008144943177598845,0.012574476784402825,-0.009542222178787751,-0.02183999513803305,0.00589020698537427,-0.016867816246258098,-0.009006830822194056,0.008962318279226968,0.012497280702132022,0.009476993505379637,-0.010123254750523074,-0.011551167114948479,-0.01081927731881267,-0.0022678058653302705,0.010278732957256053,0.041482247360323576,0.0015378372315289018,-0.0019722869427262297,0.0001511841900147348,-0.00826581093423164,-0.018118723305904322,0.020002017591848026,0.0003618974989996462,0.0019940804213398945,0.003667451401356726,0.0043015979564223076,0.016351816721367377,0.004567147385672906,0.0026533254954260455,0.006229993800951465,-0.015391856220431661
2023-08-31,9.994021941973213e-05,0.020201558216560715,0.034096690528902504,-0.0011198879487368963,-0.010703889539678492,-0.0006942910407574075,0.005662532177737289,-0.0023842692400877713,0.021074857267811536,0.023913789975808487,0.029356705020900487,0.027313183833087673,0.017489994695685414,0.0035903748769296924,0.012927394255041875,-0.0032614586884223097,-0.01618775907317114,0.009209757031762808,0.0015157849280700957,-0.004728903394006936,0.0033933608539708678,0.03947293186809948,0.023668052836512098,0.029979704578969556,0.013510514537139928,-0.010810922328132116,-0.010244206386093163,-0.005823632756099588,0.03843038398134241,0.017507085676066247,0.01281272494583339,0.007782467415467041,0.017209846321602586,-0.00336016791166281,0.004953618481040486,-0.010946889105489372,0.01529609882975356,0.02159622850268989,0.002286638472331513,-0.018643789517040894,0.0070226285529440624,0.02245649086590123,-0.0062041967327735,0.00012782311310127054,0.00882127801818739,0.015217074391206849,0.018000621080111977,0.023638443345286846,-0.001669069125689173,-0.003916152693013613,0.0029937829570385053,-0.003863065511849015,-0.0013600227017108533,0.01216921334141393,-0.0002739323371299847,0.020503019961209838,-0.00313171161409799,0.009863104114060169,-0.008152114291971664,0.011463089465406567,0.01289292772218776,0.03796733948472412,0.02054921441200247,-0.015263069879729215,0.017874798949028776,0.006697709816291063,0.017221975108924828,-0.001971811872895331,0.018404944102852164,0.01704711051185754,0.0033635577502776747,-0.0046390193678967975,-0.005732094288875082,-0.0018530548041526228,0.005297189917712827,0.017526210769482766,0.02372685294442925,0.00018240847796582166,0.00670205251096968,-0.006196105457463322
2023-09-01,-0.03373405802701291,-0.01461125409234772,0.003638353918047687,-0.007544901645112883,-0.0025277437355523346,-0.01142422042075712,-0.028503524475568382,-0.002744068789292062,-0.025727745726268583,0.006674643806443873,0.011087515413079573,-0.027185922059005642,-0.001401989315197352,-0.010182515402081415,-0.015102179608157816,-0.01377288277911184,-0.03651632888718949,0.002925559640845869,0.007505151989424834,-0.019608474883310807,-0.02863309355990011,-0.027070277977494818,-0.015729189617147844,-0.009321085341399696,-0.02346961175542279,-0.01583541037750778,-0.013706266613953941,0.0024871316252974007,-0.03294580419512107,-0.0009698998798568417,-0.023310396995823036,-0.006587069001233745,-0.01776489294528646,-0.005493656086221233,0.0011124953329372843,-0.034322744643238895,-0.006580674534166185,-0.021351797611788167,-0.04791164160066869,0.004562444698661169,0.006944013416761796,-0.019517156837506665,-0.020895431297817846,-0.00873205122814211,-0.02093949611274197,-0.031413511777128214,-0.03875185511378933,0.019195951996461052,0.0019226252538801555,-0.003449715333576452,-0.012277247000457802,-0.032956450334376844,-0.012238308316860416,-0.008997927643326391,0.0008571902867987487,-0.011505018668024964,-0.01376238789780628,-0.02798186924274889,-0.023409477750645488,-0.036297466141113774,-0.04004422689170849,-0.0074574671273476365,0.010761697353271614,0.012262182310150192,-0.009894362848914508,-0.001601531005541017,-0.007635660608291709,-0.00806858070975399,0.004097235843040777,-0.012808854262652155,-0.045967917282379034,0.002246990283817262,-0.02292133105379274,-0.021514538329613517,-0.011973877932001043,-0.014527817626966762,0.005686668937903147,0.004191523940323703,-0.018828495925294477,0.0036879075068094232
2023-09-04,0.007235889215640433,-0.01043290021871429,0.021993581998793765,-0.007581934669253847,-0.007499740767161444,0.0017758396551915724,0.007516607882904334,0.004789994062685812,0.027331329467951734,-0.001171440117578049,-0.009052387429469925,0.01203320608456986,0.0279432453205379,0.013439724859857047,0.009407709105359353,-1.5419902728366908e-06,0.0165460826755777,-0.01332887079100903,-0.003097785603259755,-0.004712703922006388,0.02738952748606754,0.02857570370837422,0.025995011901377693,0.0007052170302415711,-0.012407830692170135,0.003193982743287263,-0.0037275739035400914,0.006327839624723107,0.010187662670490875,0.018716485441743872,0.009447794027197389,0.006909849900627308,0.023461202590832255,0.00577650756259949,-0.0027889255643833554,-0.005443276627447775,0.013146475562506086,0.012143378890032714,0.01373177550648982,0.007704877923598478,0.02833260526669382,0.004135783145856253,0.0016911830597955836,0.022852783943188463,0.007642072533022128,-9.614477306918879e-05,0.018654165992985517,-0.008048363824735972,-0.014606467549025327,0.011894908815947073,0.025778510300163614,0.03032268193003261,7.957276534001877e-05,-0.0010018868464966152,-0.015002522038248391,-3.5952960725818463e-05,0.04343329987528587,-0.004210273457717899,0.027041868987127828,-0.01095244745854166,0.010588334283987713,0.003818083026524186,0.02035219980603787,-0.003145753459790436,-0.016290740980642857,0.01959000469221069,-0.007652385500083755,-0.006693871505499412,-0.00018353400820814332,-0.010834036416424466,-0.0025699157662945667,0.0018801510709217158,0.016489209648365533,-0.0019429815217792974,-0.011148989621171938,-0.012992221602678426,0.02063698827726329,-0.01046230730221569,0.015789586552945545,-0.0030491643767669085
2023-09-05,-0.0014199088303312023,-0.010070056801241869,-0.0008172534944111626,-0.023111330748743462,-0.011073827814958439,-0.012187200575038894,0.003146099619508161,0.0027499658186014436,-0.023980784147061184,-0.005250693139998926,0.0007045865165701201,-0.04459661405546095,-0.024197168060118977,0.005880822078357684,-0.00675150089034511,0.009279625214067314,-0.001195971511669472,-0.010129073427659476,0.004087685929501623,-0.021201981062684745,-0.0011381560163309361,-0.004862457715270062,-0.008110066592228458,0.008447436898292065,0.004877023258498546,-0.009943205269137438,-0.011394883252354552,-0.022365554843433107,-0.015355354703327103,-0.025456511336644158,-0.0010133600730984644,-0.014785500559873339,-0.003922703042899902,-0.022976588549319752,0.01517214131621364,-0.03341904215248438,-0.0454715002090583,0.006721747634122955,-0.031718596720874355,-0.01885981848064434,-0.030119729650155386,-0.0063132978107635195,0.005392713381235491,-0.008758546981053121,-0.0005647524429088311,0.004501785525034474,-0.016872808944266144,-0.004244023676317106,0.006137844982971997,-0.011512414158354627,-0.012748198058892582,-0.016289854219304373,-0.010723841971004186,0.005804357590284605,-0.004481444743442059,-0.005861940830706637,-0.014698551946837139,-0.01181030570263389,-0.01012509713249464,-0.009670273733577857,-0.015638397099390782,-0.014984249030509654,-0.010987993961334657,-0.01035339705938948,-0.01207465731175806,-0.016791856491283865,-0.005608998051092953,-0.03369443913708606,0.0027756373901804132,-0.012925562269247067,0.008620625756463763,-0.0029242977650878075,-0.01829167630584193,-0.025199238558708592,-0.0007560511969032842,-0.02720352362310588,0.001155803142416088,0.0007165198419309361,0.015437560536031384,-0.0010202031693482784
2023-09-06,-0.006646732740891397,0.014693300303029174,0.008772855380270304,0.002601816130842656,0.017376907566077158,-0.001115213031912433,0.011277768437261852,0.01476381125265528,0.007502644838847398,-0.018124070346860657,0.006500071374160726,-0.013288289744572052,-0.00279222008458856,-0.0052498221496954205,0.00011551990380630423,0.0031089205013181457,0.022487485070930652,0.015060932666323325,0.019377106692719498,0.01197448695462153,-0.0026733350660329055,-0.0015711616797094152,-0.028353084194018788,0.009557939022612144,0.021727719350449468,0.004211103786798977,-0.006671619929336446,-0.008322851273404147,0.020257832686199323,-0.00011396948364643996,0.014482764490994013,0.01922480549289122,0.001444177217817342,-0.007929596768026206,0.013658933280088766,-0.0043364971320246585,0.01949205901059731,0.015428056240288882,-0.0013225763114230616,0.026932418748257112,3.064207326580401e-05,0.016878362837247404,0.015985710028816488,0.00046435611008610687,-0.0010586513546515467,0.007091954174230924,0.014486186453376907,0.004846389348663472,-0.0016916779613160124,0.0103539714884883,0.008712712937856509,-0.007984105884086516,-0.004880808622457905,0.013356188569037157,-0.00797424587619136,0.0025939697650679584,0.01646595670803056,0.03725242060973851,0.030615708195159255,0.0004099306605476943,0.031167262112120887,-0.010090796364932767,-0.00042280056524542564,0.0010327973256198794,-0.002736739899092704,0.006049873979142674,0.011795587468686121,-0.0038525205222207175,0.013602221725005094,-0.0013174237132661266,-0.02816315108460877,0.011398555863374193,0.007869197613268233,0.014326491002946806,-0.007873251385293345,-0.01767875189827074,-0.012554360060577889,0.010850836478308881,-0.003783597445863324,-0.0015352522184957761
2023-09-07,-0.0011477307177018862,0.011148799494845287,-0.015108478592808967,0.000999712341829842,-0.0006227307496558237,0.01849479259036468,-0.0013672507597128711,-0.016036822006198312,-0.01391588482639397,0.013199266328498802,0.015018474854754715,-0.02145452945166985,-0.031560217552292505,0.005386665643523154,-0.020496359387812864,-0.025448386501729228,-0.018939452471846193,-0.01058851423750418,-0.026196580259389955,-0.0011194997564250332,-0.011432025996076253,0.005825745601083912,-0.015599626198157503,-0.009096997949460204,-0.008930741710533022,0.0010848469520719113,-0.020713391584327542,9.299234051741642e-05,-0.010122311767752103,-0.0069501069418878006,-0.002952762581041302,0.0004505141000683069,6.833019148851267e-05,0.0064424721369799355,-0.005879494082022107,-0.020793772262345057,-0.011543670163806988,0.0017126259792068746,0.004453057370052808,-0.020499321388781876,0.005896693851284471,0.004250034469074902,0.008333715978687949,-0.0028461293225838027,-0.009345813309536188,-0.005192479028705951,0.008872472371444545,-0.004253653517359152,-0.0234101001078068,0.009553601022827353,-0.00700197582806916,-0.005959068396305934,0.01500051432750715,-0.00020799073718029675,-0.027630820822437945,-0.009321931379048135,-0.014642045132812614,-0.008796938131284921,-0.017304307117559977,-0.02909908787323455,0.00025060707195890923,0.020159099483469806,0.0010635309763759974,-0.017787967967026284,-0.00869624284744311,0.026855846928438048,-0.0003606086583440131,-0.006976857068432175,-0.02176379287719308,0.001960198546331297,-0.010709954700632256,-0.0027331020496213707,-0.007291299436421498,0.011658926258478856,0.008869880696230755,-0.02976023589949279,-0.0011626041524996642,0.019740819666776505,0.0054344955702193415,-0.03777301257659463
2023-09-08,0.030127024012489727,-0.004994521151267481,-0.016684654662434004,-0.016451499826986533,0.003924568108037926,-0.007934554454828513,-0.010290358985618383,-0.001984885935994875,0.02135807799309276,0.02021275173130363,-0.01233952142812069,-0.005782325952286622,-0.022489688770485263,-0.005731841131166022,0.0027178070387273824,-2.8109628352996057e-05,-0.006902281215868656,0.02276383609615627,0.004540415856282915,-0.009236640829328149,0.013980821875636092,0.005986156153352704,-0.0035591624990567094,0.010311915400701763,-0.010098624816676276,-0.006451606985301303,-0.003797044505668059,0.012756152810915973,-0.009991108032241281,-0.0033217085242534562,0.021570726862723804,-0.015052642048405134,0.018434533577988063,-0.0011527155443775468,0.01694127938555558,-0.005358259769109938,-0.00468209050096402,-0.008632119915192426,-0.01822173010332929,-0.009818992137233386,0.004450045090447746,0.005700692015115374,-0.009480228563318871,0.007845868350791312,-0.026263872321364692,0.003311840325797721,-0.007840176314586462,0.01039777214246777,0.023438401070349068,0.004610976304485005,5.44978101465329e-05,0.008495170919621032,-0.003001357617127296,0.010703461083491135,-0.01320487835693762,0.010801337849652485,0.008031882648634895,0.016531310439195153,-0.0011743103286643167,-0.0018811214589485388,-0.014322875986804443,0.009228689716688524,-0.00208688503824396,0.004313517329824712,-0.003717829584620475,0.018313304378857295,-0.009479910456593094,0.010468470757328001,-0.022528480398599924,0.0257318338798916,0.03221446512671296,0.015477877581657718,0.0057795304216859906,0.002337187820412836,-0.005805190668301856,-0.0014996278620841498,0.005508829245263065,0.0010454036197280565,0.036554908938547716,-0.0015980143691121714
2023-09-11,0.007220297089809867,0.0197937590381795,0.015130709494954321,0.009788355061932564,0.031056258085308864,-0.0038477306604914954,0.033325331118489454,0.018209967227662435,0.0028111252309460837,0.0333822690085476,0.01259106330484648,0.009556949474017242,0.017344399337578753,0.007438081162405783,0.019632028911291288,0.022738647663296058,0.006732983918488019,0.018480077735234843,0.044469189398223655,0.0035830638880741447,0.0189212261883741,0.020419702955400965,0.030909312239871742,0.020224792818854746,-0.01083708044707987,0.035370022668869516,0.024044715149368706,0.014401819842713992,0.032599477161603475,0.030855622735708195,0.01416041182892788,0.026740283212661094,0.015654900303577798,0.01046845131469345,0.005693365198257412,0.033349430462269916,0.018231745894780698,0.024906230974478225,0.017016399298594036,0.013630297153532374,0.030147320040679996,0.022965944468988624,-0.007528270356040697,0.022845441426888182,0.0017468344095370666,0.023918980381929508,-0.001720408973078267,0.008613790895407829,0.027696350350570498,0.016398553949991374,0.01742007858237643,0.01216385426137518,0.02761486100155907,0.0004165072018405252,0.006636441357303931,0.003623286446158166,0.011501601447164521,0.030434625788802773,0.010952628498332659,0.01812105434951535,0.011309195820690265,0.02458538437110539,0.022788256108364352,0.021795364872420564,-0.003431411823079329,0.030369479520983567,0.01679126100811044,0.01069217158447142,0.021964049698130362,0.008175416960917848,0.0170657168049772,0.027104932216290355,0.008808160169427945,0.0416142825604219,0.008319320834441358,0.012017158969079152,0.00683363675136648,0.01166166146224233,0.014329590373325459,0.006622108463716126
2023-09-12,0.020095003674777158,0.026637719591784424,0.012264460545719998,0.012019827787884957,0.017893984702027604,0.028146709330072024,0.02620218001798487,0.009883639049145554,0.017247340584570735,0.021749609532605595,0.027586413707748447,0.037656264021594915,0.00922753489897941,0.020511425549081745,-0.0020435485883748116,0.013246214249280918,0.012221733555144448,0.013557473014174405,0.01551737043673489,0.014143438771627092,0.009115208993284135,-0.0035298507605795414,0.0017643947401818991,0.022966293268025857,0.0006220822554520739,0.018519556735617847,0.012781895928572339,0.0012471317674911907,0.030087291019748448,0.013984384270427551,0.009945986777020853,0.013086960123081073,-0.009886680643921465,-0.005491578915116398,0.02275689008243944,0.006854939613488908,0.0041632279235515185,-0.0108538411186097,0.02211060829488959,0.012108484786527226,0.010276941523400616,0.020565217294980436,0.0133194897653405,0.014997865119606706,0.010947039938719236,0.0036868561256051847,-0.006270552511505333,-0.005403197153934563,0.027253427180423204,0.033538688803007026,-0.02017300754208,0.018263041356867727,-0.0033369715147855625,0.036130338638024465,-0.005556616108756129,0.018171351391645954,0.00800659158273552,0.02265789328158983,0.0212510599765224,-0.00039685348388887424,0.03000252920703459,0.0015412604852935493,-0.011452709369101963,0.0032265823730389647,0.008037447184396557,0.02922448376787392,0.01644463380974173,0.01866311693257821,0.002265316683100028,0.025180318120348374,0.017158504846959095,0.01974845500973406,0.02276935464198636,0.0071975977869135664,0.03001039562245656,0.019228803895184072,0.022438455612380302,0.0116830871880453,0.009181973502785136,0.037274878688300546
2023-09-13,-0.011467052734160044,-0.013625785350174018,-0.026261275865438444,0.02172972818611247,-0.00281573291953547,-0.01945337589537882,-0.003310035502704335,0.0007214825871882114,-0.018083701093487566,0.004294761772389822,-0.015559539325710373,-0.002362103884415473,-0.027472756281994526,-0.011481510101044326,-0.012275526592936039,0.03083470980845968,-0.04331182820006181,-0.009971324697058182,-0.012203583034392373,-0.008274044150977114,-0.010726382791473948,-0.01421702769801408,0.0013427844513156247,0.013257367519376631,-0.0341671363097663,-0.009360181336042026,-0.019221844066441875,0.01670271291440169,-0.011833334556674313,-0.014080104614510463,0.0010293282303258863,-0.022294974116090157,0.007244341676213833,0.0009152574415503953,-0.014366316768808582,0.0009871083051859273,-0.018772113738623933,-0.016346495461661607,-0.009167267205902144,0.012061591564097309,-0.010268987583687285,-0.0017782482523738203,0.00010274282669753276,0.005796042158088448,-0.020424321415949295,0.005187472451812667,-0.00042915075353740575,-0.011015821218643836,0.00029276708813853226,0.008095944406959446,-0.03243985399226848,-0.014030523638585894,-0.02374223037863924,0.020373504996457202,-0.007832817369612617,-0.024393282331327877,-0.02586246625034439,0.004831263852771932,-0.022529337406905003,-0.011210089896350917,-0.03490362300474542,0.007486733865325635,0.010976404113326984,0.0043924692624213516,-0.021868902004249756,-0.008352921770581456,-0.022122404787662253,-0.0031630232891274508,-0.0218601189716561,-0.01875797390775459,-0.001800602784474286,0.015267388059363276,-0.023377315430791197,0.0004902877828637424,-0.00085669903650561,0.0015595871936206858,-0.010373530695498002,-0.01391601534000245,0.007861819297221326,0.012102655601089425
2023-09-14,0.010748434835248625,0.009476171975455467,-0.002458046582416975,0.008940101287708715,-0.013706669673680345,0.00479073512155301,0.0033531984904471863,0.008810604849079539,0.010362302257102855,0.0022028154610215234,-0.007385040461550372,0.007675709432831197,0.0005892718781114236,0.011540875769378586,-0.006153912156495208,-0.0027437666126002786,0.002013398268949274,-0.007239927630142075,0.006948813102507632,0.018952309498605248,-0.003954405040518891,0.009917788543417468,-0.014889144493010452,0.00035528229892858604,-0.016238765700435025,0.008267231633403531,-0.02768307375712891,0.018579688141236915,-0.010869838969810523,-0.00793680808306596,0.012672182309944467,0.0009377732611497481,-0.0105180225516939,0.005513736040303176,0.004516898368657292,0.008096576379917455,0.00900065701101602,-0.02515795289687484,-0.01441660527068687,-0.009068112312563088,0.012906103708607515,0.01915997001356369,0.0040899299288337755,0.00841128496165269,-0.006444490401942218,0.013505892393555858,-0.015317053549432781,0.013831558070377866,0.013473524798310127,0.004893820907464569,0.005384083004111314,0.010053637052971744,-0.008418996230193092,-0.018293046824534934,-0.0004711777464337268,-0.004690873973108896,-0.017551757337880784,0.00021056127529417911,0.0106228420304661,0.01264976320166897,0.0010575296887143778,0.010124750398357448,0.0027553847845028616,0.013773993328098564,0.007868987832844364,0.01409756903746882,-0.006183897128313515,0.018389605349071463,-0.009024450795302372,-0.009662887172770262,-0.008645075343789693,-0.00618392576867341,0.0038341062543141916,0.005398228168753663,0.01455368620563566,0.02088699999867133,-0.004259117358734402,0.00914317874364318,-0.017324374990770757,-0.007816702056408572
2023-09-15,-0.018574770521864632,-0.009218140342040052,-0.010746324400857658,-0.010343593326465679,0.0002913444881943693,-0.01532137333108175,-0.010408720700375133,0.011781940649676519,-0.0024591188850250287,0.007411236683904797,-0.010330934201617688,-0.017245818705499665,0.017011224128888853,0.006860956413852457,0.0048342971972223925,-0.002175844985790227,0.01833149750284715,0.014786041136563698,-0.0036015034556065514,-0.016639389167776308,0.021443508477006733,-0.03671955614388085,-0.0004136497796654408,-0.0057530037799644355,-0.008962477325183554,-0.008532475124196002,-0.002013560407533995,0.008118950687244003,-0.005092513570271169,0.010753651158786811,-0.002959901363312024,-0.016732439821863284,-0.010272902621744155,-0.005918439399346452,-0.006712293511997893,-0.017291320670673835,0.011830260377827589,-0.00026226419150069194,-0.0011559540566843077,-0.013464548770936903,-0.00932510635484234,0.0019515773434887365,-0.01635750029790622,-0.020583988587363943,0.0018566982024016362,-0.02634282640856311,0.00986659892063594,0.0011875193478876494,0.014034876329450385,-0.013943278736906624,-0.00932831176023521,0.003909701006564177,0.013514416458783365,-0.027396563267999954,0.01928713866110756,-0.009783663654014044,0.01464519395866329,-0.0016668484873107639,0.009627794886514494,-0.030848312290505695,0.052387491168395306,-0.007230969138872451,0.017103011700944387,0.0011075310649806013,0.0040879392426595215,0.014848502869698667,0.020414535828818664,-0.004913100889844896,0.02379167320465695,-0.007420670911239375,0.009093023882646503,0.003829272195971461,0.0006148253274617069,-0.0005741133241423369,-0.005151717029125494,-0.00719437015945261,0.017364250493594923,0.006306900249517768,-0.02182539550544576,-0.005583493196930556
2023-09-18,-0.01858780997592128,0.010230325855332244,-0.02382741216321835,-0.017005414256231862,-0.0038564607751185587,-0.02104270758934125,0.010474463706910549,0.0028172857506339986,-0.005569981997175561,0.013828339470880765,-0.013465611451959188,-0.00171663732540732,0.029700761285705386,-0.006532191591025691,0.004380467556943602,0.008056640150461005,0.037327470619924155,0.0014218969145493804,-0.0125198073337571,0.0038301555800560397,-0.006925057143516127,-0.00034542774632584546,0.025146921958913392,-0.0032273323644580873,-0.002222387954331965,0.02986533887155026,-0.013299424252478638,0.0014298555781355636,-0.024129615824061233,0.004247728254683508,0.0051901407185361206,-0.018977081082465597,0.0023295589361984814,0.01912621770583838,-0.013988403932574913,-0.008588582951585863,0.012408401832383849,-0.0043262913082396885,0.010496155854542546,0.015485175736938615,-0.007789939186444473,-0.00110710726671975,-0.002783742642429936,-0.01279103057912585,-0.0006478759992681205,0.0005792824817252695,0.011501361925612574,-0.003986053008215476,0.023373399456330223,0.03954469702736938,-0.017694975047351125,0.02925990164338706,-0.008111836438226432,-0.021612072977212078,0.003521092763855254,0.005253021583986234,-0.0048239849586203375,0.004986225975907947,0.00138088006648428,-0.023397714593310935,-0.003035288541115822,-0.01743690025988142,-0.002922692963523408,0.01964785145620954,0.006933542266142151,0.03815929886878195,-0.013880726037390625,0.012019639126749452,0.009999116096755896,-0.02422962044845637,-0.004562541385531321,0.018128662442122002,0.007601781470405104,-0.0010628480030175826,-0.028932846164872572,-0.025425052514273457,0.010326502036118646,-0.017917734469058665,0.02246406027009193,0.012399660855600049
2023-09-19,-0.01810058157485635,0.01805273403420296,-0.0011662556169905174,0.015625107672949667,0.011529746092826901,0.02175745265420551,0.02600656659686877,-0.004006832885614877,0.021699520422765226,-0.00906355819538916,0.0007388124307788025,0.015103780853786246,0.03148404783024018,0.009741019070960817,0.023576488617014047,0.019252899204859522,0.02383557504932849,0.006075965484886197,0.010038062006195475,0.033450281673585415,0.0016082299330942573,0.018502986778371828,0.0212176233644704,0.0052786479026466614,0.03261704614233724,0.006654462895313146,0.003734115904848545,0.005272284226061148,0.02060293684682237,0.028480064432955334,0.0032316292392707766,0.024922367666245615,0.02488787928658273,0.012960557385640966,-0.004735257576543036,0.015634315864190073,-0.005336374686391043,0.004891178964291209,0.03304715481518373,0.031224071698976355,0.007984073203694948,0.020279001357439017,-0.0006412311816563123,0.01952046280960784,0.018838216950514807,0.02597771187787179,0.017433159747184304,0.02220217203173358,-0.005897519957213101,0.028319564542970438,-0.006002991759860756,0.022725771615726278,-0.007935415950843546,0.00497120025742352,-0.004155117789341287,-0.001004746812096776,0.02683813857803974,0.006941250216148389,0.014461714156299668,0.022061608648867317,0.020209773954544916,0.035752878575521826,0.015513813958220844,0.004692744710898933,-0.003671966898243322,0.010977683822596222,0.007032277261506933,0.0019122758601599968,0.002072905565784022,0.014234821575853976,0.005543217383837366,0.03525409874383176,0.01762974271422239,0.026897144927462258,0.01693300525750504,0.02716156717616143,-0.008924043602064419,0.011305718451435437,0.0370415420901121,0.022198533960132275
2023-09-20,0.00858888966521441,-0.015217658547061272,0.005407406879957872,-0.016803170287516645,-0.001560701523301902,0.009037059781411276,-0.003544517124193595,-0.0011120648419071196,-0.004025988105419602,-0.007889331418892899,-0.0067247417742833234,-0.014319891177724545,-0.011423637746782704,0.006206294833870895,-0.007383097140580098,-0.01060487952608511,0.002864941559819598,-0.0027763679454520154,-0.00951632369362377,0.0032765204413651105,0.005497738768321058,0.01262998189058844,0.005151298909006554,0.011208555702813977,-0.005855889289753659,-0.019468346324828342,-0.014894587185727432,-0.00014812136154357348,-0.014109036531546696,0.013902007990231814,0.01807666325225816,0.014747950654117145,0.0049995830964956875,-0.024810040833279198,-0.0021803728368039823,-0.0031131839431590346,0.003807408563879069,0.0015807570987076591,0.019027331488810584,-0.005417780966769743,0.001488183567768329,-0.0018039793168876362,0.00033868744836369476,-0.0020940042560891325,-0.004306038862248658,0.00316933260630437,0.00017513488208030503,-0.011100645447275997,-0.010727537543445735,-0.004209133008984421,-0.008973878220841378,-0.02165627983943038,0.016529667123340946,-0.00277917358976122,0.0005538376075372217,-0.011478636171697601,-0.009435443510258294,-0.012195036850630489,-0.0070936049217379905,0.008097605392530884,-0.0045706898021685375,0.01674997062234987,0.019972981929902996,-0.027125937859594444,0.005151479230045864,-0.014470283884769924,0.012820441021812016,-0.007465189157162481,-0.006100288782788414,0.002076377446067559,0.014474094640714232,-0.018296285326295993,0.0012281081610075668,0.010991580901894421,0.0008808540443954527,-0.000934502625115238,-0.010777304010802676,0.004262809254196159,0.015677885047095053,-0.0005196433226559842
2023-09-21,0.017916030048076237,0.029500609227790138,0.02410909799968613,0.014330004886571275,0.02554143484378002,0.007405077051009359,0.027210531228486445,0.014175093906154746,0.043086696056857485,0.03449929047010339,0.028398283007065657,0.02916047934994828,0.02633724889268936,-0.003974692492274185,0.0256229366747601,0.01206033672319675,0.011033341026517374,0.0029645611977785757,-0.010149991951667863,0.010548978989186577,0.024670448318196186,-0.01673968383196494,0.023212285864294607,0.0528313965564432,0.009992498545365238,0.027034811071381466,0.01089771097498658,0.05537926177774886,0.032903533796530285,0.009469926640857365,0.007797219436026579,0.03046563443037781,0.014869544708583487,0.01416951797785827,0.0017156678075613933,0.014653959289461067,0.036455599828099,0.004385307624320579,0.04659333080244524,0.0480396188999689,0.0008564944173981327,0.009501033589301794,-0.00620412638955355,0.057991551709562966,0.026141577555857717,0.008151032289868711,0.02400891312103783,0.03187578863801635,-0.011357671978434737,0.025880034539849085,0.033163918924703745,0.023634907545540866,0.02587453924810594,-0.001830901121233833,0.03273343207351405,0.03419435945433526,0.0042925411415703964,0.025042144201683606,0.035337489827634405,0.002861400944870522,0.039891150085383784,0.01286766417582413,0.02268210776908184,0.011054385023514338,-0.00936147031408088,0.021437636508370765,0.008217550070475485,-0.0014717861152297798,0.008990642053745775,0.027265008665852707,0.03691559094364856,0.049095222489582147,0.02672687142915985,0.006066985525329478,0.008186557287960678,0.02529200760246824,0.02923925554783844,0.021749752822548,0.03470582786683352,0.026159510982515462
2023-09-22,0.007559690738549563,-0.008526195325278613,0.0024647760428589717,-0.015150703102206599,-0.016312582420989007,-0.008761224929679434,-0.009460735838642027,-0.014159969321228979,-0.018005178042058447,-0.012570331630750482,-0.02397434582831479,-0.01762635201395457,-0.009646649670252612,-0.03009275326136799,-0.010537095097417484,-0.004212119509792298,-0.01697300450991252,0.006594230321856524,-0.020309702317066185,-0.006447726490312337,-0.007371282093498109,-0.02203751180521561,-0.015263821616893245,-0.018677994878981575,-0.005310609847772249,-0.005748573976991796,0.011851370434664697,-0.0020273480041325858,0.0011565189039012668,-0.008482715428363097,-0.024946109946000175,-0.007320549250008312,-0.013281172705992127,-0.010255702753976354,-0.016049428227185365,-0.039887092516573394,-0.004727264874310437,-0.010068972583332366,-0.002830735562901629,0.0011777014825179316,0.0021621069467491994,-0.016441821523003494,-0.005679331447091208,-0.012493240390257943,0.002855926664917255,0.008673708081891555,-0.006438277333442732,0.01496602994183223,0.008900951420759844,-0.020004250928114607,-0.01568558113046454,-0.010815358176599878,-0.0016164788101141558,-0.0011618549002302197,-0.01941278574650898,-0.01575338056591101,-0.011088151932743154,-0.013181635317447905,0.008721351381464388,-0.011511716438472406,-0.013235552959036572,0.00975730372497078,-0.0037178746958186192,0.011034746487625943,-0.014529943911867757,-0.008486694933038458,-0.009641042484910736,0.002693294395419589,0.015564446874778476,-0.014736369246650352,-0.012197752719563977,-0.025556287417501204,-0.008667387882517717,0.03534142141091777,-0.018376221644679967,-0.010075181088873742,0.01754340834921961,0.004841631228672338,-0.017237275770971464,-0.005093878183369093
2023-09-25,0.028441985450582477,0.01703490757323465,0.009312361193015452,-0.014007645787130938,0.0009266483174069125,-0.0024214139106780302,0.025117594074942688,-0.016938076476822397,-0.0036673986424075097,-0.022030728184672617,-0.019109659052805938,-0.004047893472427178,-0.0074916551330384915,-0.020815437811603967,-0.005599950877906251,-0.0037053963472866167,0.015553177360388866,-0.018502051750631656,-0.016685491170478337,0.009808001703766629,-0.007425787576057925,0.023268077625707893,0.006317531854632574,-0.028433314722698964,-0.00038197454030838157,-0.008967608286037224,0.007140864074256832,-0.018717727941765704,-0.0025252375881831086,-0.011171842974335575,0.01188686977208008,-0.02071511391214631,0.00819222266071045,-0.013827508228021807,0.0012636555547861814,-0.007743815216931423,-0.015363306581082672,-0.0035124204636568885,-0.01288399006058745,-0.01876698796934321,0.00650453386398628,-0.031201316337278046,0.008215227851114885,-0.0008530479961570583,0.023411407106989135,0.023890269006526153,-0.010406185621836483,0.0015998400013867153,0.009789728382926719,0.004495865987524208,-0.006286750718831334,-0.008952708147502285,-0.002440611306700663,0.0025006262998183474,0.002433193231121813,0.0004357888510478176,0.0006664953821552671,-0.02713665204584664,-0.006238160442717324,-0.010669428560999967,0.025878643960163622,2.08150657366546e-05,0.013157903090665697,-0.007785632486019474,-0.005973698237327648,-0.01997864512446062,0.002564471921379405,0.0051474761228632,0.007494677231932712,0.002835755543122356,0.010954125561021075,0.0011391247938107325,0.013123963025668898,-0.0010027553599685057,0.0019990023887172586,-0.010771432742714322,0.0013244381752811915,0.025417383684188024,0.010375968611219073,0.008577986793147236
2023-09-26,-0.006469243894209116,-0.0076780103316431095,-0.018841900908985028,-0.008594073726109526,0.010803144182655348,-0.010626536121197013,0.02467160016787437,0.0016727482901929265,0.021042354789367255,0.007465519572800706,-0.0048953761786455375,-0.011541409201271793,-0.002625947083162593,0.0013117241649116356,0.0006252836713221026,0.0021126750308470806,0.024219445348630353,-0.012507159229180397,-0.01861743478806523,0.0038752250357814806,0.006514832987196885,-0.009067766827633189,0.01482563458657813,-0.020452906415713103,0.012814997365570553,0.007393527768468639,0.018382939498468094,-0.0052034660601074124,0.0030867517996994703,0.004487339699160412,-0.004532269415605217,0.003391305541747297,0.004338339444853052,-0.0025843183624915875,0.0042961169785421666,0.00825766202201972,0.00024699063440514245,-0.014506408037426761,0.02128322557559745,-0.013528959168733385,0.004218336721282171,-0.023784806155035247,-0.012832114753566671,0.0008213852290966806,0.00569042041516251,-0.010520612540011794,0.021139374363402564,-0.006607301302982222,0.013139097657808243,-0.011535642627797632,-0.010818734157183398,0.023935216019196293,0.004065507405287566,-0.018483347594313505,0.00393566482059901,-0.001039849935921929,-0.005380628805259616,-0.022035957903261655,-0.014139462756755363,0.0194583350287913,-0.005102243028470493,0.007123288362989201,-0.004645861090303207,-0.013647718936194183,-0.006328052140851631,0.00419286121301558,0.00598539865227812,-0.006452273628809512,-0.002924542706331247,0.030399333475300456,0.00853402631709943,0.013827270587248808,0.008586796980231825,0.01195026820702962,-0.007539955710998697,0.0017353982577477697,-0.0006793955082954823,-0.011286006368148522,-0.0015562415288594552,-0.023984455662054982
2023-09-27,-0.006375826557424417,0.006551523107025879,0.015391953303533212,-0.014600664936091579,0.011950285271375283,-0.0028194833286363345,0.009033245398372143,0.011538589356519285,0.010617594602178032,-0.015044156001586739,-0.004091171223025437,-0.004868565644606818,0.011752507670245244,0.010399033328624418,0.017047814382331702,-0.0016614234698804269,-0.006578449918784651,-0.0066545851567411125,-0.002045513785368401,0.0018976949939490354,-0.0013471109999103796,0.01526646907040906,0.019677283885593377,0.02234418122831653,-0.010306906615244063,0.010339424268320435,0.01316613726445599,-0.011330885803196137,0.0061926890605216315,-0.0009129518138782732,0.007739543644966595,-0.01068768979334489,-0.0003353078402856466,-0.006882904208992541,0.010695348668993743,0.018482104061823594,-0.009943239063759091,0.00929800929885101,0.010905165594840338,0.004620528649748888,-0.0006321250540190777,-0.006946499615343843,0.016494053023245837,-0.005823626705696563,0.012812616509639219,0.007553263449116932,0.007801525244470436,0.0062409994403521424,-0.0012312564048895247,0.007166705664990204,-0.022000522377557948,-0.007965061612688076,0.002735149700972687,-0.019200771843288958,-0.0039730164184981175,-0.018517830773986856,0.011114486036733961,-0.01542573739219366,-0.01331744048151278,-0.006621711535297634,0.011398421250714968,-0.03422374182499604,0.003198004038960346,0.012571801312898749,-0.006676825768235317,0.004423808842156526,0.005333840168375588,-0.019925448508870458,-0.0023545037427929517,-0.007637820052891885,0.011613087033479583,0.007901534384686323,0.007651193703725292,0.007925002991195607,-0.011350943987397865,-0.005384529850218714,0.010724107517848533,0.0050407674311998794,-0.009443037703365196,0.0037051979626614
2023-09-28,-0.016450790040763805,-0.0034425574161019348,0.02322580215097335,0.016528558680946027,-0.0014007276488736987,0.008524195888196575,0.013508357543914173,-0.005840323377297499,-0.02767626567828372,0.01246535216582906,0.026996541312797974,0.0005088855656122469,0.007236939618276859,0.01840451177292904,0.022634212669497607,0.010288630548565051,-0.0046761206949329556,0.010270098234199894,0.004704699566324297,0.0017272688872891255,0.01393882079745335,0.010746240745466049,0.011177817464161539,0.0038833787132716876,0.0171134400086286,-0.0004121702329685714,-0.011210565889490624,-0.0007457589755673561,0.012559214130301425,0.0021396537846828977,-0.006769395593266311,0.024915243817366976,-0.02298655613684988,0.008000379079438106,0.009390659188537714,0.03711690151865039,0.018028768917784526,0.012358188043849659,0.03411464710022225,0.015160788294419568,0.0101384006716126,0.006082996704825695,0.025816894534084672,-0.0023646458930103847,0.0012949734959422834,0.024368538336730357,0.006936213135174483,0.0066504001920373226,0.0198776325786431,0.0019791502706952707,0.010231665188890019,-0.010197463570460308,0.01652196703439461,0.015059117652057917,0.00894915140203842,-0.00254864692871781,0.005119870280173157,0.000947654344435998,-0.005516963459130575,0.018954051021680064,0.009745869028308292,0.0014690001363925507,0.012383939987146663,-0.010318583800985251,0.011799185295402677,0.016855678972488977,-0.007475929081698271,0.020392668124915907,0.03490271611589685,0.024125269208548492,0.022550455022525773,0.007763924763965492,-0.023311974639888766,0.007620484524949689,0.008381822460966094,0.0025647244087645426,0.0023396650273613782,0.009073524748047651,0.00028255835283151013,-0.0038726366044868656
2023-09-29,0.010313328129945714,0.010769886916487701,-0.000703031111125998,0.022491104072364976,0.01664721303467609,0.01735110850126973,0.021970795963350227,0.006527674628710812,0.032734660563954535,0.019263631648948773,0.008926609045311763,-0.005858437645728692,0.0018101787680416832,0.01342673548223189,-0.005451031001588097,0.006820648984069453,0.016486678058377214,0.004822694079800083,0.011041991406051914,0.01747848767414819,-0.0008975938326472605,0.0018080135976017249,0.005554277133959996,0.013070128248259035,0.01666299820166961,-0.021003096896710455,0.003580697982319618,-0.022661471140528733,0.02020129307038563,-0.0007045440610503589,0.009466667084676375,0.015510533020884967,0.025413293086008815,0.0019164680559365464,0.0012208251527503445,0.016143859429218102,0.03799557592842885,-0.0019166689733660855,0.024084756109044123,-0.00048475112687179113,0.002233458568620129,0.03341981585549071,0.006056434401138015,0.010236243090545803,0.009624481485973531,-0.0016063327012428982,0.0038814553799089886,0.026427970649623194,-0.003059544171842659,-0.0033498648053210452,-0.007014844549568413,0.002028265704490475,-0.01242581353172396,-0.007622156110948729,0.009079484774979068,0.018973683688894634,0.02780746927506166,0.014234966987232905,0.012662216952219967,0.020887876633494923,0.008363069612188785,0.01845144629348111,0.013269077270311527,0.008448225287669673,0.022193761524948424,-0.00819265912512576,0.0037538790337675915,0.00302846023382295,0.02177256067351043,0.009033173277509373,0.014431665245520007,0.028655815217769345,0.011017211338415088,-0.011817744089054592,0.00590693464095488,-0.009297579073989834,0.013559686070982208,0.007671392888142701,0.026652348614658497,0.013412804073141125
2023-10-02,-0.01029887284970602,-0.012665809017374439,0.0038677627631483343,0.009364918485579521,-0.01301868286918485,-0.005498369819518258,-0.0005222471304550114,0.0007833117196905551,-0.01578679166633965,-0.017486630346117277,0.0035552137918504105,-0.0021863790300348644,-0.0034368962881168147,-0.007163300747405872,-0.012822880393087195,0.005278073377309237,-0.0003174989683155868,-0.013299198344969183,0.0034067348995342195,0.005306183459305287,-0.011306501742935487,-0.004641016505477952,0.0014070868110895854,0.009609313845490582,-0.007163698241658775,-0.018953392389366462,-0.0035829205702642146,-0.0045934794085892485,-0.020253120148468085,0.015193639536826663,0.0008517660387442794,0.003678339162045341,-0.010471411973947726,-0.01592328732141818,0.005779994806717576,-0.001894589585207185,-0.029893443092640137,-0.014787828152003036,0.005212040285524107,-0.006563791538847691,-0.025732508011156202,0.008167600498066118,-0.00035838576135043096,-0.025387905207861838,0.004717378789465712,-0.025634561849067344,0.021605368505852443,-0.0038711186290103566,-0.031867820452923634,0.010248927463165424,0.0020551779841333113,-0.011429722838828307,0.000643021893790798,-0.00587381913892737,0.02667685406394126,-0.005174571902188246,-0.018175572249560398,0.028021918492586416,-0.012583070140824522,-0.005525403777717819,-0.008817703457233287,-0.022422805838809505,-0.0026874435850440977,-0.007068489272578247,-0.0034912741803541716,-0.0052972559256720606,-0.0025831679181715778,0.000876833869381281,-0.024208058959851352,-0.011901612847914241,-0.001778161088990393,0.002364175727461058,-0.0009116495768091244,-0.002171127726385958,0.014465336049680472,-0.007363908313963571,-0.0017472361601808377,-0.0071651330740792355,-0.01563756711435844,0.01982734166196008
2023-10-03,0.004119969434894122,-0.01323435185283428,0.0006888692557119667,0.01827702819880795,-0.001442960857132196,0.0121714570247228,0.013655108894298457,-0.009118855028599236,-0.011713530194290991,0.0069558551075672844,0.012347331143586628,0.008118013903479456,0.007395223216544079,-0.0025804475994425868,0.00047477662713229737,0.0074364373425980105,0.01093780198786813,0.005513499526208576,0.0027200125667492746,-0.006573667456846516,0.03167391644477825,-0.012340831172233082,0.0017159824041859078,-0.002472785756495885,0.020540355698701482,0.0103078256610237,-0.02244576435808672,-0.01301728181289952,0.02092442532579688,0.012011994403904706,-0.008596725079138109,0.0009719201378444535,-0.0046925246283797736,-0.009754305549624009,0.012005521692947801,0.013906827683573198,0.0006449179202303473,-0.0034201909209508117,-0.0073201407209143934,-0.00898536199731333,-0.01564030685288101,0.006925862577323399,0.03751452841064587,0.006462547590832661,0.004617971161935227,0.03671438292691501,-0.020303047873286482,-0.011400190065208527,0.0024721680700926178,-0.008271158208452511,-0.003207280782286457,0.03220772979348583,0.01694105983047593,0.007374499288055994,0.01215627000491239,0.0007318392944166822,0.00935400495331563,0.0026986494854699984,-0.017096870073926455,0.007481546837452808,0.004896171865310296,-0.010045308304630587,-0.008764608924505151,-0.00489057987854113,-0.0035386091286504105,0.01285746506504237,0.015862019972342475,0.003879549975992491,0.019003364441401008,-0.0018921128240292106,-0.02696868516603195,-0.005126918439824198,0.01332945496386278,0.01597348252000869,0.006522584195683105,0.005213455795083021,0.005283555636464896,-0.003796520817555285,-0.002225479209584431,-0.014275918635705598
2023-10-04,-0.010576467494831567,-0.0039410454154493145,-0.01512436688477514,-0.014795368249249487,0.0006983935229394341,-0.0005818824286398464,0.012158262680391566,-0.032338996646023466,0.009335639358990924,0.010982504477437607,-0.005192408957426701,0.006130160331872054,-0.0036721821205325084,-0.01224408407917408,0.003368382203323041,0.0020616059519323994,0.011814562099460593,0.016681758073647694,-0.019940110433548514,-0.000353872801792769,-0.0015595237632555785,-0.01633072181981049,-0.004178932282976689,-0.005704535669901966,0.0028280441939227624,-0.008980482552254554,0.000973921603448431,0.002141612594545048,0.006865373823932927,-0.007636194524502092,-0.008942338593817344,0.0034723900293542804,-0.030589541387395804,0.0021750335824068257,-0.03895587356883543,0.010480519416245358,-0.025153420429424915,-0.014030026633931915,0.011739130155847585,-0.019093741247475954,0.004669877815789879,0.01774079197189451,0.003988973867464125,0.004506428930917009,0.016060218526242464,0.0007213365904350736,-0.007040172508814204,-0.0227878431441269,0.004513313447161433,-0.0008928215453686898,0.0065763130455421,0.0016177345598277506,0.010173457697795726,0.0029186654096923846,0.004263267480901081,-0.020353973522412364,-0.00787140050357989,0.0034224359700244017,-0.009345509408894311,-0.019478423040171198,-0.008715011368547588,-0.022354957690164247,0.01538794276916723,-0.0019344152193402618,0.014247504698711675,-0.0168148423837541,-0.016975836291230412,-0.007411228233019097,-0.006772934852357342,0.01600402187253399,0.009731184286288537,0.004093719541937935,0.0006982298243872285,-0.006316812144746598,-0.006058261343019615,0.024693627236323637,-0.0036132860278681616,-0.020744761456413224,0.00015073970523607266,-0.00021102817443944752
2023-10-05,0.02340620230024841,0.006028030696249123,0.008502161175030066,-0.0015458388965345921,0.003390002711960462,-0.014480872930106702,0.020945243389720387,-0.012577620442889051,0.009316709509560624,-0.00477654131043129,0.015848215385847464,-0.0010154840701792761,-0.021637082028448218,0.004575269598099388,0.019076486673895925,0.02116563285415704,0.007120092908186408,0.009536829615791392,0.0032549226638824424,0.012219812799143807,0.00355391883966824,-0.015602373717332224,-0.002936353059833611,-0.003664286752584159,0.003065850876195924,-0.01037254606377461,0.0018969791696186993,0.004888499979673927,-0.002015879958972618,0.019954985626374423,0.021699800981801624,0.004861477672414598,0.025085425645664267,0.028508263617624617,0.007089809233721938,-0.002878390585593086,-0.005258686427317415,0.012834569557558042,0.004500073589551871,-0.0017718709571611924,0.006704749630313266,0.011914540021002522,0.010688801840219534,0.02576491893459135,-0.014296464527493169,-0.0028190034293311688,0.002446498299486982,-0.005582475406963883,0.004862920838665229,0.0026683383766383188,-0.0036251067953912823,0.01338175984954856,-0.017273180778675193,0.014049890439078453,0.0015305546778581732,0.02123588189850395,0.02400992053955884,-0.014911533855333099,0.003556251400661659,0.0010835197579045445,-0.005542494858928049,0.009738813606887924,0.011775552567013013,-0.0022873992262696756,0.004041766660901873,0.00996619037461407,-0.0141947698170786,0.0005400695932643871,0.010167055983325965,-0.0029480886522924576,0.012395265984254389,0.008661318119469455,0.007370156933363055,-0.004524991336808865,-0.013016308966756037,-0.0014026223303580986,-0.00430181639331499,0.02535583371203449,0.003569988407010465,-0.026673438804884965
2023-10-06,0.012732104200654565,-0.0055571934497223256,-0.016883426828690016,-0.009263440060606105,-0.02175049604429375,0.0056933895113078226,-0.010589961109933453,-0.021751704238452785,0.022040606147053547,-0.0093135489746342,-0.005355035151829524,0.018706249222798094,-0.007276178097546746,-0.01279911895915905,-0.013034551228589077,-0.014688601286943416,0.007321078991327735,-0.01246619146946049,-0.004350197642770476,-0.009331209800735301,-0.0007186451302712681,0.00341983807471144,-0.010748762955242146,0.006929469967809852,0.009621299133355537,-0.009869157643089255,-0.02231691848400795,-0.03388356822442216,0.0013770301484461334,0.0007512697464935473,-0.008062718362931869,-0.043202004731453074,-0.026016727735022473,-0.02782787946630861,-0.00924375272531409,-0.009833007629400604,-0.0023392669243150017,-0.023139755612860944,-0.011427092222938171,-0.009417464971142112,0.013085569532800823,-0.012941451465760916,-0.011859091973754012,-0.0245810501663457,-0.021772315378317673,-0.007037430130711519,0.005007478288741115,-0.022548629277222315,-0.01259975853215172,-0.030611486659815265,-0.037423888724777726,-0.034706575168135426,0.002158176585433099,-0.012115947468685988,-0.0009685762489936808,-0.021661916460676035,0.0023940819957463597,-0.0030850278862744355,-0.017394174675941836,-0.019684548779094334,0.00820746795902829,-0.023712409900621005,-0.014124890515246378,-0.012346680800919737,-0.0186815630118699,0.0004303266314595114,-0.017621577163315513,0.0035412482221241245,-0.02147188812578926,0.0022706331270814437,-0.006716294653399955,-0.0060355562345885475,0.0038675392827317782,-0.014488748825071014,0.0002517316066269846,-0.007903763240595621,-0.0052983783112637165,0.004248654691710571,-0.036528245074112,-0.006617073622144792
2023-10-09,0.005821160514633178,-0.014714162373825406,0.0035067988168612494,0.014102557479270608,-0.006224131775559185,0.003257182976469121,-0.02097956369292219,0.010172312343907135,0.00491186930709952,0.006340459923532079,-0.019944849818164304,-0.0009188564934802029,0.01134498230069135,0.0057094969429380815,-0.004551963409506862,-0.022670177924352407,-0.013688897791222843,-0.016140835506890137,0.013686394727182622,-0.028782084623061904,0.024182649865049706,-0.005592709285660998,-0.001108672075872015,0.0059868720096846705,-0.012987557544386798,-0.010629636744041208,-0.0221582067742259,0.003108948722706643,0.004356120401448615,-0.00636736759327102,0.005857774363217172,0.001181742793093024,-0.02649531227207951,0.00634769366965957,0.0035536080208419924,0.001660587328764505,-0.002707160840608659,-0.003350635331018656,-0.008106565344584626,-0.012178808519267,0.0035050070830785363,-0.003732893658352694,-0.001298590367064503,-0.017878223173823177,-0.01975129905707207,0.011001843686206086,-0.02637015555561745,0.010919313395260326,-0.02741082886123702,-0.014036589947585242,0.007045063012692111,0.0013982327725060462,-0.007494885217281262,0.01005683145559338,-0.01831380821785629,-0.008599436280053477,0.002648743058106892,-0.011956448650531172,-0.008709760446300178,-0.010817362332523187,-0.008432880067088406,-0.0020543071566943667,0.014077450304506895,0.01620838649888454,0.007415537460735236,-0.006512917082436058,0.002231108437519693,-0.01934579141397907,0.02072401030199037,-0.008731574601308443,0.011778823040792651,-0.0005167679896527001,0.01277479864085274,-0.011427177142489269,0.008014358764655257,0.009199236800914409,0.01464638646378923,0.004096405685459411,-0.00494509585805744,0.009051451630799212
2023-10-10,0.029015792153358675,0.02277412122437218,0.022361327916309154,0.030241915983211513,0.0026279425515649997,0.020616283226419757,0.01312770069584294,0.034223932267435975,0.024459727845705725,-0.006216994204004263,-0.0003961998316214573,0.0021914449429703657,0.028372604716390963,0.023373324365333188,-0.004531899186711517,0.005652341794526673,0.011244579919794067,0.012561096400237231,0.009037296572514914,0.017050928084513337,0.006610810380848462,-0.004495559853127882,0.012614867177821934,0.016862746079849472,0.015721715688628967,-0.009762388809373846,0.007066786189769379,0.01849701104485353,0.04065479531229299,-0.0014125729246732433,0.028712960311763375,0.006860730505608667,0.03592933389749226,-0.007837993464441733,-0.0052756601155898135,0.014836855981959754,0.005182890552244791,0.013394944292062214,0.0123803312654953,0.024362716459508577,0.011030673160155153,0.004324097427014971,0.020459503396798886,0.008703251968858872,0.020415625944680063,0.003329179999342742,0.03182765961093861,-0.0012735447458281837,-0.009131231278720306,0.017803926561454013,-0.0006814825214927073,0.01505650831588412,0.031192412289359886,0.018426216162710847,0.012518323680515576,0.02931934751229328,0.015003953123676852,-0.0014587213673099165,0.0408516093849183,0.0046956789635038566,0.023737935246509682,0.011378400620095208,0.0017322684090195703,0.022303991875004973,0.010765031693580887,0.019684538096782993,0.0052734092665661925,0.00270206624794553,0.022892382198511245,0.02812241244045261,0.0289102380353176,-0.0022440863481532937,0.02221342656375084,0.002594913409495252,0.0023013687731978545,0.02368379523396954,0.012622434468102364,0.022590061953388824,0.026666008257131488,0.016526036375023645
2023-10-11,-0.004704919085721494,-0.034213919430749105,-0.008352316332811282,-0.03701252452222274,-0.0077876154388462,-0.0006489439072562518,-0.015112616006498982,-0.016533370010088685,0.005880843659052358,-0.02947435709824462,-0.014774102314235957,-0.02123266216348443,-0.013935752071717142,-0.008032051737218089,-0.02128175165857186,-0.02958706979185357,-0.04725335924866983,-0.003762193404798074,-0.006574763437951011,-0.01075824292873604,-0.007843016700129074,-0.01830128872773131,-0.03991985722207851,-0.02009715046251673,-0.015230208525037092,-0.0036652619437383786,-0.020513060168301782,-0.008080703788198872,-0.019172480621705908,-0.008776999370599907,-0.035600657281636604,-0.044584426337946716,-0.021092368140475656,-0.012068219615114669,-0.015183381836561715,-0.02448059746793898,-0.02460972209206648,-0.03633750865177882,-0.02250889042161352,-0.027719777317507792,-0.04302076912514658,-0.02595022970497111,-0.009949560276378507,0.007459455093668542,9.199831881325816e-05,-0.009554536011107131,-0.029451134054612024,-0.015158138382302297,-0.014025991606471968,-0.0310151875447332,-0.03088298122932954,-0.04388832202815386,-0.010117507561647471,-0.011458812436062395,-0.004350982547602139,-0.05197574834524322,-0.0021053684999488894,-0.01951937890955139,-0.0042337719672524456,0.0033926345441535784,-0.037299722600508595,-0.007793294151599943,-0.018150064402702233,-0.006175630899065372,0.0022418338972796242,-0.021570262698975617,-0.028871071922150403,-0.018336407770312455,-0.030598082912167104,0.0076292440228601585,-0.005599364715679039,-0.026370039522371644,-0.010169669487039701,-0.030421804438219395,-0.02845971903522484,-0.0037813148176478687,-0.006287524189471515,-0.009467325227937737,-0.028150126366890692,-0.010314304714906476
2023-10-12,-0.015465220730441927,0.010058389079210858,0.03765219663839694,0.015382553735952185,-0.016171979093038323,0.010121234973028491,0.005940498270323211,0.02328558236565698,0.008434759150084997,0.030909847280691495,0.039898842541819225,0.0131358637130042,0.006388625570458623,0.022513520491016667,0.0012987853784989407,0.009821324444451909,0.005704907274867934,-0.0020323865659728664,0.023917999017140583,0.005587421316912705,0.028778659662347644,-0.0012944665202175316,-0.0011788168036858723,0.007491537390789969,0.014732083449901703,0.002379966549869416,0.023119630818869065,-0.005907339041199101,0.015237335724035187,-0.006302778233801665,-0.008036671129576047,-0.011692836592550807,0.026634997033998232,0.011857558042990893,0.02261065734385431,0.0020882187249338154,0.01354747926915071,-0.0038830281205724454,0.002624747693213381,0.008040143370080247,0.013349276867671608,-0.0018603240377379586,0.026651771515426075,-0.005504367889721293,0.004594923442744062,0.012673672951675322,-0.01031078273940097,0.003434554131430742,0.01416187207886939,0.009254318624537692,0.01811831683047989,-0.007353664492845128,-0.00366272285362001,0.015081370114043443,0.027687419093907217,-0.00645020575302944,0.005170247501264323,-0.01503407929505414,0.017255207587683674,0.006906149476876629,0.002400496370201302,0.013953563320704073,-0.013974688326325879,0.003833601317377636,0.016031017678909024,0.02565429165147174,0.016677865862940386,0.009280663092381658,-0.016650447843229638,-0.007207822594053425,0.03136541800338264,0.012688619687394685,0.007415511885883766,0.0007142695125902003,0.01822905148402195,-0.01574352891366726,0.01665486429180293,0.006763211417290147,-0.007572300998406804,0.009455672621205358
2023-10-13,0.008597451646568053,0.023587765977990734,0.0013935914764304762,0.01939727241148104,0.011105705237528081,0.016891640983409242,0.024900389463636863,0.006278427000096674,0.02565107653865638,-0.004662278587640107,0.0059988702032860025,0.026945547213602025,0.012239927230559283,0.018402235226787564,-0.005036217437533576,0.004010407980950722,0.0076630840673975915,0.01393731827191208,0.010961047738339873,0.03360615429363252,0.007012069274856926,0.04006811037418053,0.008636200431574733,0.015485880867486614,0.029674916513064552,0.004557558163573933,0.010186486980920338,0.019648235662199743,0.025456719556436164,0.0024794411373696736,0.0060111305063398224,0.020421913180545617,0.02666168985222871,-0.02432452311363905,0.011029272147838725,0.012535328566653646,0.011035134503181335,0.018996160205272884,0.03643633358459429,-0.004123109502159819,0.009129375848664875,0.009879813704252349,0.011277303782539936,0.01237526160620014,0.02301333055247777,-0.0043338482079050495,-0.011602572908647881,-0.007351284650307184,0.024489445129751264,0.003031919164388497,-0.017872574373575277,0.024959566553096224,0.01257377369418381,0.01959499000307132,0.0023057434610807047,0.010447915428717269,0.013840718186914736,-0.0005146102100686443,-0.0010288619927757928,0.005274178269771028,0.017455344647919084,-0.005898868240564012,8.947294375177437e-05,0.023937167611204666,0.0271295748265478,0.007345065417352086,0.014350203281191217,0.011045549909486488,0.0017057471825420566,0.01899681832124059,0.014635184793308453,-0.011859168987578337,0.015791899619956796,-0.005524409388665412,0.0038299603677957603,0.005098793945005488,0.02277208683632325,-0.009984576930060201,-0.015316889479656835,-0.000546987665412421
2023-10-16,0.03339172070288309,0.027035635647980363,0.0224276631135105,0.0175882280573441,0.003379591399981041,0.015317414805055215,0.010267122196935685,-0.0159855497282933,-0.004081484327951319,0.020703490781291495,-0.005843361161940397,0.006362652393122458,-0.003978016824759165,0.012408605118082248,0.01834735059846582,-0.020148250412922578,0.009749614610285605,0.019333424749225763,0.0014223247887149156,-0.008048806149650263,0.008036800505102575,-0.000464669926433077,0.011530159529469099,-0.009579206944160576,0.0008009243641937842,0.035463099495485845,0.01850470833309749,0.009315635900073274,0.014707762161052679,0.020242652564046098,0.011829886755169737,0.0010796215989234297,0.003539787870527211,0.013263120961744304,-0.009238390440401601,0.00700832181981812,0.022972001954915583,0.02257900142494357,0.01794112125719533,-0.017672290555705163,0.0030691899108391523,0.0438611061387193,0.005079452551063707,-0.004794516597874336,0.010006534233842235,0.017723133923768175,0.014952903548225776,0.003287649097621149,-0.0028532647279600138,0.03418493766309249,0.0003604855776933283,0.002521263675421729,0.00218583777587264,0.03216648737599408,0.006029642493114565,-0.007470818191124573,0.01800070705609285,0.0019428325751308408,-0.01186786033900902,-0.001479522248365245,0.005852788404488101,0.03081707752459785,-0.0024457582569570972,-0.003187681806680079,0.002764011092459163,-0.0026858226657370133,-0.007018700230337943,0.007928192819626407,0.027727931519307594,0.02536746775792932,0.0314400932211021,-0.03130632004495759,0.004782337339577753,0.01121943406329536,0.017426988638477976,0.02858367735473331,0.012065428467297083,0.011122639413901946,0.007755097657936356,-0.0024375950612043526
2023-10-17,-0.021090788280974257,-0.020752577193801976,-0.0020262530966816987,-0.011456894678957216,-0.006247070311464707,0.012386439349137428,0.04019752813083296,-0.00868822652466166,-0.01510819395647187,0.011768605373191241,-0.01825951659328263,-0.019829334716332317,0.006212180535063756,0.0064666270403434594,0.0005043185753380146,-0.004301673713775087,0.016681784395866105,-0.003568218090860038,0.01148974820774184,-0.003837556367733649,0.018886240885916006,-0.012291783403714507,-0.000810297049544279,-0.013444871751253695,-0.018864211536936758,0.01709032075310784,-0.004010627230269313,-0.02009037693501562,-0.002949166378292557,-0.021693551507218526,0.00040317115609837285,0.003921583251148115,0.014182690515367295,-0.03786754092541254,-0.010324358852279211,-0.0029993131609524206,0.0034997360234234488,-0.0096565731471555,0.0028838172989760777,-0.008205595591915582,-0.003987885344731442,0.01423349508521883,0.005608400599462249,-0.02318052807031111,-0.011558095418009564,0.0064475375873833925,-0.016536219158892463,0.0007170558806537282,0.004622156529327208,-0.00806668223970806,-0.004693683088875849,0.0017166154282853181,0.02996169499129841,0.0057069528721594865,0.003959077564483496,-0.019784144347198784,-0.030294747100364134,-0.006951172015154513,0.008678889608512545,-0.004145307688627678,0.009268566544420924,0.002722560469750582,0.008522965912990153,-0.005380590547296023,0.0047528471403854205,0.011992234550103134,-0.0015591361995698745,-0.006360218926911161,-0.024658988293248522,-0.0032976237901405055,0.00010887929457001322,-0.0007780173719686709,0.012746527092029968,-0.0027733633284040857,0.02871916892445882,-0.008851576198629888,0.009834384165864058,-0.0014120830059298976,-0.01715959136611499,-0.002964598696651672
2023-10-18,-0.00028890909096327376,0.025221930941656222,0.003962334886521404,0.0011299563443645903,0.027311836003559548,0.01618011243787275,0.026228688122236353,0.02386155753315078,0.011930816399787027,0.013359732249648027,0.009983383404527462,-0.005328480257558162,0.004570331708439455,0.004403572725808002,0.0027111095435675293,0.0007751652618867774,-0.025170321351988975,0.010281018838330956,0.0007673795774630655,-0.0020496404239758095,0.003639268851021957,-0.0013571989426257296,-0.013540694717356885,0.04350324074788969,0.00864748886421312,0.0009799856270634733,0.027049474225160772,0.014667421053216974,0.001788580836095694,-0.015053578294731876,0.020439385523005255,0.013099285353192644,-0.005945865047196684,-0.0007645559956148632,-0.006989297675819932,0.023748092520704124,0.014591133403260926,0.0007426173301873238,0.020668320872642188,0.0046408358675807445,0.006518833986801404,0.027049398459882648,0.0005644716347820078,0.002760574940873466,-0.0010884327735938525,-0.0006134351055855744,0.024145686974772047,-0.0019451422865083192,0.004342402244258624,-0.014331174704402835,0.013260193787026985,0.001586421603956974,0.02405701976749041,0.00910752245739491,-0.0059620212782095115,0.007673653929653627,0.011012800285151732,0.0032567167337858444,0.004120624482821849,0.03722867723015849,0.0015956572495178373,0.029594178274347575,0.018103614920134115,0.009327899123556166,-4.9146180846821805e-05,0.0024648416204786274,0.032641314145693975,0.0004309741801089527,0.0015883482497474552,0.0008147071268338286,-0.005099540274062414,0.016802386066163032,0.0031228897218770115,0.0011555286881177566,-0.0002509822357150658,0.009888039093538477,0.028727949636468728,-0.009386429618007442,0.020397609145124684,0.029859472793264057
2023-10-19,0.017336428890186693,0.025017914082060395,0.013457408005142536,-0.011537965686572966,-0.018182525577569726,-0.009209649312293507,0.013115863245654285,-0.0033980723595672955,0.010320293490777486,0.013422804214569995,-0.01608180221459409,-0.0044223672052719825,-0.018222311770048256,0.026587090202576238,0.008223594004956512,0.007110445772900038,0.005593526974479281,0.017045916889885077,-0.017957060837814023,0.009995668302384911,0.0016810826671434832,0.0069233989844515835,0.005679942931106857,0.002922422343673367,-0.013833262275955643,-0.002478784009786624,0.0077083376313758735,0.026799325358433303,-0.0035187813467795473,0.01093302987336147,0.01327896851107583,0.0029207012729676497,0.0282000863942254,-0.000753008718973441,0.011492436413971064,0.0022457904839508864,0.02323971877395845,-0.004322776544393783,0.010846837765436938,-0.01827487119074921,0.0003033434929701796,0.025507770373325557,-0.006507677001665122,0.0018374671495355946,0.01610838429393643,-0.007001300301774458,0.006805806519607231,-0.006182165394945928,0.011098165386022252,0.01360670363571286,0.0010860287206614033,-0.020633379266773326,0.002121590852024202,-0.005745051139299099,-0.011694907494472051,-0.0377248879400641,-0.0008261963589966392,0.023225437459798555,0.004339951050010608,0.012867141667676411,0.005477384105415515,0.019163615170539033,0.00821062181245438,0.0017491387410531437,0.006655820141670867,0.004975676481690163,-0.004119479038046398,0.013206911040805408,0.01410232298920774,0.00781251690509334,0.015607357642681332,-0.0012324164095138574,0.01371284020808542,0.010097672879350431,-0.013288111642454003,-0.022376376739936015,0.01625231100020904,0.0016689744492608483,0.006114183318902258,-0.007704634209127644
2023-10-20,0.0037572325018756856,0.0167951861188214,-0.0026644823608560136,0.009556707509065761,-0.005839071600271536,0.02449626409571579,0.02100237147613543,0.033729870197465754,0.005824334587263339,0.003828210133086713,0.010711085664112375,0.0009034716907067621,0.014021288963187294,0.01016476504117031,0.020649966129071023,-0.0007544835132900227,0.0036103135939370614,0.010181649457648035,0.00641761711871023,0.005008902993325487,0.014005203277530742,0.01028113076561472,0.018223473179959947,-0.00835615003792786,-0.013817157465734017,-0.0013173844815969667,0.01085022955138173,0.014362543058170432,0.021759433949170084,0.0011458885951926637,0.012291424598822908,-0.0024137185162331175,0.020502360475883646,0.0003523070265930815,0.01506991331730725,0.011255934651803585,-0.004192420644585243,-0.005388339381162438,0.019486811993668786,0.003900399643320186,-0.01897401911367262,0.03268083058466967,0.008564109419719768,0.020533011583110126,-0.004171406746417567,-0.007362176662476658,0.006904394926644716,0.023277713815861887,-0.006893967241156557,0.008663048197848394,-0.005380246839607033,0.004835539406454138,0.017118085953987016,0.01618356953494049,0.01576182025561082,0.014988510256373322,-0.003344681496730364,0.025953882483249428,0.0007072329715534353,0.020173255440743203,0.024798843820235797,-0.0015919766712794844,-0.004614767661883339,0.01032094597085205,0.0072701530087359734,0.011433060851419413,-0.004629078445190963,0.003933113494231918,-0.0037346304227104323,0.019270452322682076,0.02058379027514093,0.011164933625151094,0.03820743318701183,0.021932395524983828,-0.005327985720670109,0.006284439204832211,0.023722243627016117,0.00035852445169385835,0.04632503316356983,0.010122044477862977
2023-10-23,-0.005474093689321757,-0.0025434446451959867,-0.027948647102741416,0.006464640114826345,-0.013979544080952522,-0.0016867956719425047,0.008602409138298354,-0.003631738175342427,-0.027419528158933767,-0.007027614856371653,-0.03245354518075828,-0.012269852428246037,-0.006912027749452772,-0.0031435675941753967,-0.004160393760793662,-0.011285127508874742,-0.01402612357053255,-0.010054466747513398,-0.016456842037198598,-0.013887921096637394,0.030409477131818848,0.004837668061664266,0.019098459268320895,-0.018949524151497685,-0.02644762534782409,-0.01415539515261816,-0.018713528323973654,-0.013516522063518333,-0.016438429620753814,-0.006752162950051322,-5.410949763686498e-05,-0.0032880402485904823,-0.0077726722994836735,0.032320294484226415,-0.010640781867471496,0.015481859284590647,0.0020895454376029157,0.00736231165204215,-0.002965323728484754,-0.008070953084197325,0.007519750620610551,0.021661665891841354,-0.007669416773243223,-0.009446014286673902,-0.012736467222419594,0.0006613900638441483,-0.021670485441846306,-0.030215459988701142,-0.017390468787863166,-0.007494441257737198,-0.015702836306595996,-0.0033422315664791303,0.0035204907687407814,0.002410346392462091,0.0059070935550033675,-0.013899610666815252,-0.012282177073804582,0.012319869971461287,-0.02050839211825807,-0.002128141936462239,-0.006293348358636341,-0.007470352868685164,-0.0027397332977128516,0.0032396307357296693,-0.02583015530596232,0.010896744100928325,-0.002044232989704983,-0.026045922911867133,-0.018661883069640277,0.004029585308786363,0.013904010943559553,-0.007922829424185023,-0.014315774009105197,-0.0020199008099256173,-0.0003636409366852486,-0.013696530016308005,-0.0007402579370074562,-0.008379876540856247,-0.025496776600925163,-0.018570973427899144
2023-10-24,-0.008037602159440767,-0.011461019846604482,0.018093096031082907,-0.0007645664165820388,-0.009542799245724026,0.0127161019171831,-0.016420883403065807,-0.015856620379931116,0.014670669080469467,-0.007349538300900897,0.006538423620506638,0.02237034450971988,-0.01583885354327482,-0.010074387203346627,-0.004311554163973472,0.01604718162930668,0.003544828636492089,0.003481092263737781,0.0033351549907482785,-0.007023312057278528,0.012178206967668035,-0.0030356185317254574,0.004036858124620833,-0.005560462155502875,-0.0034325431805253383,-0.007945866106250681,-0.0008235192378121623,-0.0011322331866106474,-0.0025582001832216484,0.001185317044711004,-0.024828092153433835,0.014081711282696734,-0.01683755078417692,-0.007208072887056788,-0.0112025123314961,-0.02200145467531042,0.013898862391745625,-0.0003499981897798636,-0.0026204445515632326,0.025003483909273493,-0.010992519999023861,-0.021180402864546432,0.0014141545228845776,0.008809734858068881,-0.02374845682169892,-0.019440289956497638,0.002636701368086387,0.00046301894823894954,0.007235303451701595,0.0018411216397621352,0.0005973501687666777,0.006865720871708695,0.0050886541478032885,-0.0033140318072749793,-0.012218882848638877,0.012586463056753424,0.019914919049732808,0.010359790978900291,-0.011874748043274517,-0.010350209314063195,-0.013123855541612639,-0.001832051649788662,-0.0026443255193496526,-0.0027605763324459855,0.007746967876758408,-0.0017823275449852514,-0.005009159747640498,-0.009365951335044163,0.01199500942238618,-0.005211795827919226,-0.03422317185007185,0.01408173597892184,-0.01960364951132512,-0.014537721596487968,-0.020419108445428536,0.006651273418180777,-0.00977407373902742,0.0015013677610934925,-0.005648723999097513,0.004407748860116893
2023-10-25,0.024321740196572912,0.015179739917148825,-0.003153432393552572,0.024047976717962542,-0.006559994685839937,-0.012722462655876798,-0.010963466885709929,0.0017281050538808821,-0.008740255335927248,0.0032013380685259264,0.006075431577944414,0.00042254028048508297,-0.001984944910187957,0.0029155381740846413,3.249298886362842e-05,0.00910714449658347,0.013141541473087517,-0.012026479315345808,-0.030775718381386492,0.01574987411756694,0.008585304952643218,0.013380020358328007,-0.010523221302611444,-0.016203605797145863,0.01428367647620044,-0.002056634812103797,-0.004219608547809429,0.013174257159282415,-0.0017137984407454693,0.004592584071730684,0.01631964088673048,-0.014913867464325731,0.009771161542284667,0.02284736954403191,0.012031017021831049,-0.009304181263264617,-0.00026967870478009906,-0.007262042590943297,0.00430800421599877,-0.011130539025766866,0.004145142821808139,0.010528719779148564,-0.01248884992410893,0.011504469442105598,0.018605333397617996,-0.016127464875809364,0.006630068766043941,-0.0020597372569570666,0.014340017618237699,0.002392399413493583,-0.0027516057311055423,0.016835335143621205,0.013590404460429301,-0.0016503569600109936,0.006285149992832853,0.0026140026219373218,-0.008901111341804603,0.010367897651574337,-0.02019989039101763,0.007772356988579155,-0.007645440801000089,-0.010622530895788905,0.007712373124214884,-0.0021718715584009953,-0.016223493287598385,-0.021930764060806497,-0.004686768120137229,-0.026450105796300086,-0.009839100840549522,0.012097842595108096,0.00998646213942457,-0.009746537521137556,0.00022497720406936938,0.0049988959281372135,-0.009527672595665549,-0.025673418618450662,-0.010836585291841474,0.006017955612052171,-0.010806147349703156,0.00646800389514934
2023-10-26,0.020361337403562968,0.052880171458878786,0.025347223051566458,0.03661931941937524,0.025174364362406092,0.007944544710209441,0.026455490674378315,-0.0019331100141664597,0.006322257489703057,0.03409659516296748,0.031201076899082327,0.01646724876626568,0.029365734721012806,0.021112444560253706,0.012511820039554662,0.009411517052015237,0.027598384576795885,0.018825995659014494,0.020311693913821753,0.022344904647498606,0.042248106991255426,0.03956595175914117,0.03194984549720033,0.02886481755651116,0.022264263356615868,0.01316080070572295,0.02727949024165802,0.023970243125809396,0.02656029659713616,0.0013275532397926774,0.03390494310366756,0.024051768040197367,0.0434032365981123,0.023468915730303675,0.04011274421929881,0.028327252546350924,0.04453402216366429,0.03041095654061835,0.02527734992952873,0.018531808679768363,0.04590950698415727,0.026990685912479977,0.03363697194020371,0.03224012422436981,0.03978915041139554,0.018321167272567385,0.03770905806841157,0.018286249399863962,0.0007328827419151099,0.0272767155345339,0.03147863717147342,0.015268480808100863,0.027584917461743956,0.02142103782914119,0.02743645407094725,0.025592412140050952,0.04657062565871943,0.016600168664110473,0.021954914626907747,0.026093403036800453,0.037413089621218046,0.032244461062222673,0.013634859229620993,0.002891494611587546,0.02442219094394295,-0.004394309679198249,0.04200160203240062,0.008174462603780096,0.014973683549551274,0.028451767735773088,0.039473185937137216,0.030853591871852437,0.01956611780887589,0.02937947542756259,0.03690269663051378,0.03398255091690829,0.039095589668946475,0.015313598084320982,0.02676942014604186,0.01852294729671675
2023-10-27,-0.0345820023858788,-0.05269489925484508,-0.012173544277481463,-0.0026275306016153143,0.01776649051178992,-0.012596184480375977,-0.012948022484172591,0.005402928382384799,-0.022856447963831683,0.007611314585939265,-0.02223422454134366,-0.008285623730786455,-0.016938728216772305,-0.02463588232473665,-0.012701128865463967,-0.022485915365362173,-0.018353321711295955,0.0004405381207033387,-0.03189349265508009,-0.03687077686594394,-0.01833764183234979,-0.024050539999066735,-0.001307108607716715,-0.013935406845163376,-1.5300287285129055e-05,-0.03390616699607723,-0.009368298647133734,0.019966026233473662,-0.011424110484557319,0.0015681064886252406,0.004852644413823289,-0.020000049680620892,-0.01786178439589945,-0.029277480347258588,-0.008248565710507907,0.0168497934318397,-0.011027696625620167,-0.027268951276268702,-0.01952128031846436,-0.0026788533410531997,-0.008236034708910017,-0.018690575947305266,-0.020423277064295087,-0.028844634631455243,-0.03503421781060255,0.010552775856583162,-0.008174419512048206,0.0017475842570691229,-0.006852310375259688,-0.011026112151920146,-0.01182124407449681,-0.017680576888594625,-0.031311240671055195,-0.01569644129161794,-0.026953199994443896,-0.02724585059412432,-0.011195677662094967,-0.020550081303627545,-0.012874250870955771,0.003769358390209143,-0.009452091068095598,-0.004625680397227079,-0.023885431442395258,-0.021834460916770576,-0.020212665040023964,-0.021818944480034085,-0.03709121649885641,0.007352624785038774,-0.014314550058278657,-0.0029355494443120463,-0.014104224594049617,-0.008965302371934034,-0.011962020178109782,-0.0006764005546581603,-0.002293957389199224,-0.01442429758077282,-0.03296613008849632,-0.022848985023511945,-0.01653111439918067,-0.010249104511852312
2023-10-30,-0.012771189113868424,-0.00290941683836539,0.005333450372366322,0.012054645422876499,-0.003731932950673265,-0.0028230319111486346,0.006581324743129357,0.029735795151782006,0.00571322662557287,0.011017763270454693,0.004241065971911744,-0.0011816232581004912,-0.006530186006592094,0.009399928313922095,0.009461670165082396,0.004722553775588589,-0.006835836783917043,-0.005155814914196366,-0.027897365727322113,-0.019668784789172392,-0.017196189794529897,-0.004425236733176339,-0.015195393802182017,0.004097584721315006,-0.000614634528308866,0.0184318449891345,-0.0035496675329505663,0.00033932601254458,0.0072550177788091525,-0.010160766168697894,-0.007632881327734443,0.0026943003417062832,-0.020888633858195036,-0.0032614277452996067,-0.006554890730511639,-0.005372913007792485,0.014145005284572805,-0.0011961012222624487,-0.0012865451624551804,-0.0032050849030400373,0.014186414023608391,0.00661958004720213,0.01308701359417094,0.014831052929584095,-0.022165385191131724,-0.015615579027481723,-0.021069315030675433,0.014004727694447501,0.012932704456220865,-0.0009891242967480013,-0.0018540757117164685,-0.01067344652117374,-0.006572143300826015,0.003285045093004558,0.0025362921266961196,0.01867704137647961,-0.006516716285945825,-0.007717864124391461,-0.013963425751714973,0.003629749763253998,0.01977200989466641,-0.0035405509157611812,-0.006963125206114194,0.02473276821762261,0.008248134005958087,0.009941441368875778,-0.0063160963799686574,0.005620432337584416,0.0023362982414747973,-0.01952827478100231,-0.019489318013672263,0.008178758883351704,-0.007380244365668406,-0.006616771396333017,0.01923271631386353,0.004188091563856038,0.015472863721468796,-0.029532725621249117,0.013306179259848245,-0.0014353248128991577
2023-10-31,0.021806857879252226,-0.005267992456066531,-0.009142478705062665,0.009959593453547515,-0.016389144741506677,0.0053123634986093175,-0.020339694293515315,0.028454928638418763,-0.00865003947992473,0.008789602327466076,0.007169358865831381,0.010232652442529085,-0.004799666031046256,0.013343628222641252,0.02307219875256107,-0.001559517350213281,-0.004589872983999632,-0.009688265555387843,0.005750279598505629,-0.0034156084550688395,-0.006194924205764549,0.008690697490431144,-0.012556434492550762,8.44151466421927e-05,-0.0073789718615217045,0.015081497089013372,-0.011897899057953312,-0.005000079773667907,0.02279151080431349,0.0008260490574340511,-0.008913175337496516,-0.0011219311037599156,0.012208102668624248,-0.018884586837498482,0.00913951603019691,-0.016524665296502553,0.020906194688301582,0.0021869574417394894,-0.036124653966763995,0.019806982291906142,0.013136265787654767,-0.006274425741776182,-0.009125765951393574,-0.009960863558215923,-0.011547778690667861,0.01359685368258394,0.007500314629474529,-0.027891300390570722,-0.002211825408254443,0.0051920464528032225,-0.010175863681221645,0.011553153564488767,-0.025093928864063364,-0.00042051574669516034,0.005364587977082571,-0.001987195048789081,-0.010013839283752705,0.005804628667268682,-0.009865979467613025,0.01241610038488985,-0.01546736863744889,0.021565152507862034,0.008337621251205206,0.02447324402123824,-0.0037524481865228764,0.0041617107819901245,-0.010932454148230714,0.018238360315312487,-0.0032965990652274605,0.025897336738204643,0.011130353618811626,-0.0005493673332673281,0.0008563713737837384,-3.2771513601977586e-05,0.0052929792170366054,0.0004957818942758506,-0.013109348298201543,0.008979021849343356,0.0031240003180176123,-0.019122949644144707
2023-11-01,0.015949788319633663,-0.02408188738936065,0.009805624585883549,-0.010684101880945525,-0.011959401556868282,-0.011112705900975337,-0.012086796391248102,0.012899101284121165,-0.026447100894068123,-0.010746481979304487,0.0060536539996459155,-0.017596817501093216,-0.0022238518080158025,-0.00046090093051031136,-0.016209899796793888,-0.01438337044076299,-0.019817877394519342,-0.012958945624511591,0.013168472592153507,-0.0074954307302377236,-0.010496949166276555,-0.02460970075046824,-0.011962761878598644,-0.006751899055402948,-0.025126753845204887,0.005532653029689795,-0.006794941772013045,-0.015014510602669246,-0.0019770110581239612,-0.0009910582651124567,-0.024306375203332148,-0.010627949623752844,-0.011788310228073074,-0.019309677743416697,0.01578478595075381,0.0013842679005426541,-0.005419826656506352,-0.011440690486074486,0.013088611100682969,-0.012218634591777112,-0.016904065122240578,0.0074161611172413305,-0.0077351021992483416,-0.00252283315350044,-0.010072484713842972,-0.013799562094911795,-0.006203192458865792,-0.020634203359209048,0.01419612833428825,0.005397562357663894,-0.002397531486716129,-0.0196094446983215,-0.024047106852100132,0.0026992659894685567,-0.00527282782033641,-0.02833737866026513,0.002844450455770777,0.0036058414206008183,0.027502524091996133,0.02516006303163854,0.0036334045632435436,0.012508307392708211,0.0022589954574049513,0.0017673749112708502,-0.013121612092415311,0.010079955136018868,0.006762624129913535,-0.005529777113768217,0.006278154246890413,-0.010203932304212477,-0.02066734173470443,-0.011541194504721932,-0.006555628294038376,0.00010340415610018625,0.011512620109697901,-0.007349478612997987,0.007850179224470054,-0.0013644193729848274,0.007872212310144726,-0.027578380450774462
2023-11-02,0.007085169278277392,0.009545290130583792,-0.0007685172735342172,-0.0018440823111027706,0.014674884690241929,0.01647182998642227,0.008842794558810601,-0.02856829543076361,0.011048132682954214,-0.005122761789620102,-0.012004721783523378,0.022189905741254897,-0.012540688700051195,0.006206980381029193,0.0070325819965307654,-0.005779820774630861,0.006951642562016055,0.015784706368983062,-0.0051197767735186635,0.0019405711391732347,0.0022550623246018237,-0.013323591975178187,0.0006649858062474508,-0.015467589234902903,0.00018437096778229755,0.00018510831571620992,-0.0035164545507758247,-0.013494028116116481,0.0025103727162574824,0.007550749943257571,-0.008877524086943245,0.006351331198331117,-0.005445474401116786,0.007790673439925707,-0.004100951542306262,0.014154728401445793,0.011564888294711795,0.0201142324769152,0.011992084396141961,0.0032766162587690565,0.00022491362569539933,-0.020170459692855594,-0.019243725490583886,-0.004874967335352472,-0.011868750511666724,-0.008274115187922284,-0.008714878842977974,0.00852970015718631,0.01231783993056521,-0.021966681265792036,-0.025244938073131547,-0.004028753477142946,0.008539736440904576,-0.025862799009795368,0.023812604510374806,0.004115125232998366,0.0006786690209703121,-0.02249471825854476,0.006252373686005719,-0.0031126526891962023,-0.015132602974999182,-0.006611706986655429,0.003996454859432268,0.002454399441388622,0.01760865893785995,-0.01394856099747682,-0.011837829567017368,0.0010577898722841758,-0.00364517279898812,0.003501715299841579,-0.01022679872528296,-0.011058967160348139,0.0020685769494650785,-0.00396292196761763,-0.015648816882594514,0.0010526266556816783,0.017714245297765475,0.026315075914818613,0.012706152060106859,-0.003881179523746175
2023-11-03,-0.014209057553740367,-0.004315007851747181,-0.0052580383015614855,-0.008432100112148849,-0.03116853144397566,-0.013484349559926452,-0.01266151858157873,-0.015936127346180384,0.0007517328323247046,-0.001847447253412498,-0.020696948433591735,-0.0033217967403248727,-0.0008685688064326395,-0.010237692451475561,-0.003899060004493842,-0.020712407043271326,-0.016015913102151776,-0.004985814317761206,-0.0025231495817110428,-0.021662814546903875,-0.00977449950550576,-0.011995494382675404,-0.02740726502967951,-0.009408745737276718,-0.018389793475465085,-0.006383488079004133,-0.017031116767703317,-0.012190583336175871,-0.02021385821486412,-0.01173849209009372,-0.03331004971710419,-0.011097150457187704,0.0004519494911354189,-0.030173763584628505,0.009446989222797738,0.008272063622108545,-0.047033796214910384,-0.03237921326775654,0.0018332091678778424,-0.019757034099500997,-0.022214803190370322,-0.006773634725289338,-0.01992659964981497,-0.009361453598357234,0.0037263011148951156,-0.03315162431495779,-0.014510119181618366,-0.02621806681335852,0.006953690252344055,-0.00961495211660444,-0.0006233332162487448,-0.011720926622756648,0.0026027251468918166,-0.028239687276614224,4.474885740677996e-05,0.003922508582393314,0.006653770089767964,0.003975064707798516,-0.014277535923607091,-0.0016773914817621964,0.009614837919021737,0.002575694603226054,-0.000211138078485322,-0.004373823561386858,-0.027741292484144336,-0.03395002640917043,0.002360732842043944,-0.01096481868517614,-0.002267703832103205,-0.020326272993795226,-0.018100511927479718,-0.028445012716735593,-0.02554552116995431,0.020977968229399298,-0.01016484407658799,-0.003359020132813214,0.004857493355262801,0.003184056707975053,-0.020799315016022116,-0.01415043743635115
2023-11-06,0.00011319543733916398,0.0017414046590932568,0.00891456395869373,0.00303152896162661,0.016176931851782907,-0.007422224152304826,-0.0018661965433676526,-0.01386011739255831,0.01849024896315905,0.004862937485225537,0.0263365090944699,0.0038774674833679168,0.016892600966785236,0.014322085904516425,0.005187618039211734,-0.004398984368641655,-0.0020251299958710892,-0.0033120571720241703,0.003654609837279754,0.004974261028467859,0.00014401995986876564,0.0006757896416124396,-0.00425163145972532,0.004826719863375939,-0.004907431609986564,0.020375762600202744,-0.00043087341535947687,0.0058761141181137245,0.003718477029488925,-0.004293395372195593,0.003882476134008379,0.002935325063682194,-0.0057232812735935005,-0.0019595022223860663,0.03409456125596465,0.023142028570204864,0.011405451368977455,0.00012220736331147904,0.017931257018150095,-0.012962721392270855,0.025586750182572584,0.02866815355335828,0.018763849021077222,0.0006483524751349488,-0.006500207116477949,-0.012680601440338276,0.01650074845042752,-0.00035273476532893516,0.01693837618975416,0.011443266090083096,0.030920282833918844,0.007713776672130445,-0.005970657110028538,-0.006213965425910137,0.024490059671153277,-0.001611514316417656,0.00991672500552003,-0.01147763541029869,0.0004670526444540664,0.02416684705082474,0.013399260900506551,0.010927606359554271,-0.002322463183274172,-0.016462242082018082,0.003611970044067776,0.00938839643546258,-0.0018974670638029767,-0.003064390214148362,0.006021139508200604,-0.019343546081470472,0.015298616813475214,-0.017106857899330325,0.016690432318970244,-0.003320675273643006,-0.008172692771263187,-0.01735468734482881,-0.01457465136222432,-0.01382387787155087,0.0010670342089612248,0.005856678657847989
2023-11-07,-0.03859067406654509,-0.026853527828419953,0.014329011783452502,-0.01359294900301094,-0.004352432664756297,-0.007254780619270699,-0.01711738481608424,-0.013694938873883754,0.00682662547015507,0.004870963518647782,-0.02785334072937762,0.005145746082740946,-0.035320909555786116,0.00022458537363197542,0.00573951819630773,-0.005374709064335822,-0.009008069481609576,0.006966160074023493,-0.013693053757194554,-0.004056390725316295,-0.01903223091876874,0.006093158936975046,-0.009054645549836251,-0.0027172762291769632,-0.03414403096264753,-0.017582783169857515,-0.018799429778932945,-0.0193696016776346,-0.0037927157054541433,-0.021737691865457685,-0.00664335904049475,0.013612524786257464,-0.009241830138395501,-0.03087395888144895,0.005585019648953969,-0.016153347960338543,-0.015767535631822645,-0.026532548950315624,0.0058417686567588945,0.004834914434431783,0.0032891444691606373,0.002735572375185475,-0.0034288737831672748,-0.021833972395937044,-0.024854653210827943,-0.009389355572022697,-0.008963030402891432,-0.009043983745790523,-0.02976676094435684,-0.008804280766417105,-0.025536161762076775,0.0029819435945940744,-0.02631448039748501,0.002213866492499106,-0.003302878110207933,-0.021731511999805934,-0.0008476694470533922,0.0021524011513328577,-0.005565725261145898,-0.018896577349066954,-0.018020836262744238,-0.01449203442547875,-0.016782237944018133,-0.027193979210313975,0.015729955424484562,-0.020324887158915894,-0.03162110594110065,-0.022351266973706298,-0.021656479853791634,-0.051295480712700084,0.0011598271870234527,-0.0045129469969384835,-0.004214827584775532,-0.026666662372366538,0.0009110630290067017,-0.009932481705095909,0.005278347789895908,-0.03553353021145819,-0.020711872107450083,-0.022387661749108896
2023-11-08,-0.014616399244951964,0.009671115390618264,0.012196454262953352,0.013196449804753187,-0.004600499891672492,0.01029405877321387,0.0016699668885651114,-0.013873175102606076,0.0030706533399422016,0.0024753798067536923,-0.022304085639020414,0.031102952778318493,5.3977012807637954e-05,-0.004361556260313435,-0.011051323158386334,0.002334005284209975,0.004037555375053985,0.002114030230086499,0.016217403662431414,0.0003803663347388335,0.005461636083070596,0.020639117297804595,0.0050910341623835245,-0.007045970119956314,-0.014492501371086305,-0.02297503405320458,0.00023360115172661673,0.006364522155137088,-0.012461700223648276,0.009732254557587822,0.006087243956761302,-0.015306269385664643,-0.008269093241994993,-0.016891603259177622,-0.006420948504652758,0.010177273524240544,-0.009510709427117861,0.007629189036148707,-0.02076976223574616,0.012800004051347708,0.011384575820973148,-0.008911547650756985,-0.00014397203699665294,0.00960186675296508,0.019720488256942365,0.01934410912592782,0.008465070144072807,-0.0031849585784423794,0.0009275420220111874,0.007845842417366893,-0.00617911350383475,0.017091471566793942,-0.007614234817600428,0.013575307444464954,-0.020765751344677764,-0.01500995981766897,-0.006185226490913458,0.008149012069136924,0.012587473869100137,-0.01013741279555613,-0.011303468305596392,0.011910953222632453,-0.0019554790012535823,0.015343219035473647,0.008241727013983253,0.005816681219753854,-0.0011043313912400213,0.012317791599604899,0.031500725626425315,0.01799725088138148,0.011616625986314556,0.009043493933241744,0.0010591913039334896,-0.018432096796293033,-0.004883963958072176,0.004494069144179498,0.0026684343211655897,0.017276730889998877,0.0035273450304006545,-0.03309682626423774
2023-11-09,0.0030183236223934326,-0.0010426738535150937,-0.013110802673499131,0.003416750808729864,0.001524216984882306,-0.016379048349425666,0.013559327818577379,-0.016198921234467673,-0.0066937442530560914,0.013271710372837734,0.009400701497934861,0.010590618514625819,0.0016538133316737393,-0.0069448493073852036,-0.007322719913607095,-0.000721501984862199,0.025626295888388908,0.025398560895888007,-0.003018701270612192,0.02163086151125324,0.029057408789269507,-0.02200463781459193,0.00039796049072345085,-0.009084003270186764,0.026213103041446993,-0.009186197696080697,-0.0010415737394757125,0.0033351295725127183,-0.003854116424296792,-0.01850749720458257,-0.008190774815873436,-0.00486858512965643,-0.010280695307250001,0.008949278984338574,0.008617992756069146,-0.005999873914139878,-0.006877816470311403,-0.010713171857724477,-0.015324202805574626,0.0024492380209392185,0.009516579303489451,-0.014708776366302077,-0.008921592947309757,0.017545039940188648,0.004976188281616419,-0.0049548424576009,0.0033155343873671004,0.0012940470883696657,0.015958174568921048,-0.005365330566875026,-0.005277389181653982,-0.0036596639229923462,0.000628981639288598,0.012225597480890627,-0.01941799170532997,0.0010163053661049067,-0.007776909324747269,0.013032017125506543,-0.011119015831850012,0.018402016533315975,0.0025931788026681136,0.012048710654563744,0.0009001587936480068,-0.003278825041083065,0.00996800148878561,0.0017948242507690331,-3.7888518719972656e-05,0.015171468659101638,-0.016214698208744674,0.0002666332275371849,0.016055112424122685,-0.00220756930048537,0.025624343838554074,-0.017578804826592246,-0.0018270895160395332,-0.009921261476188655,-0.026323820355427147,0.003959764040101962,0.019127910828892813,0.009519770954521913
2023-11-10,0.02684282278739893,0.013616905786444585,0.001307964626216948,0.007744806797614302,0.010073037681504938,0.009373890800089602,0.031453476892429694,-0.020102056663007236,0.046509975605977166,0.003734998680653379,0.02985549416732252,0.01641307714520033,0.0029958888403704108,0.012648970272678734,0.02204664509442701,0.03846388956330639,0.007145553435893253,0.011173708792042292,0.006239008128755882,0.021027854617620714,0.0008170338408274962,0.017694473103599354,0.009232755981415687,0.011835851866794941,0.004762485657811269,0.013366386782111942,0.006631115160700479,0.03956263711716842,0.015405576880367861,-0.013031258449419351,0.03612435147326133,0.003932884080552377,0.03437597092949235,0.002209116558464624,0.000848526848568041,0.01013020945520722,0.016932133255705556,-0.004537486900357782,0.023505181801214275,0.008657566352386637,-0.0006002987049631772,-0.004703654537736274,0.01766985605226589,0.032203751799050724,0.009612564781024948,0.01995202203963526,0.020464522857176766,0.01066281787196822,0.027589627145868184,0.010969296837123905,0.0225587281759686,-0.007315084061279904,-0.00037570464861062976,-0.00478094727708459,0.021009974459829564,0.0002377962808021352,0.02241593393057654,0.0003831214305516865,0.011367609645966162,0.02294589635449524,0.013718761911511952,0.007095156792055237,0.01998503881363114,0.013492274331727686,0.0030512972104458653,0.0017037392352018225,0.026821213525054285,-0.003607959682874926,0.02550690698043458,0.013997795829705477,0.022673201053711782,0.020028999194139342,0.013624143564429128,-0.009630935951849648,0.017770519381085457,0.013856781221837967,0.020794741891617577,-0.0027353450991733207,0.012316609508747937,-0.009369896458659759
2023-11-13,-0.028030311154260176,-0.025235425310475817,-0.0351231239710344,-0.014771347793014563,-0.041482784486110674,-0.025174186055402115,-0.008809809566756591,-0.008314250524319694,-0.006674531139988792,-0.0067097834867684576,-0.017113702031244446,-0.033988832915129795,-0.028025380003402774,-0.025234748209226256,0.00032385867462731387,-0.0065553020940284715,-0.039387253429063324,0.01109408968871508,-0.01853271940601024,-0.023627919031670885,-0.025917403265898243,-0.035288322534992395,-0.028053538283894338,-0.0010052882091400976,-0.011986065828923935,-0.014873643619987286,-0.004435921526143942,-0.020774849198021365,-0.017649447624426086,-0.005606668762887618,0.005482934217918508,-0.016360623638802314,-0.04440231226080098,-0.004080023712937135,-0.02143762903883944,-0.02726329509508171,-0.05436761864949625,-0.03641702783544825,-0.01752747295417942,-0.027655428773670287,-0.03686460144661421,-0.02060333991120176,-0.02035349698869923,-0.0255938009804331,-0.04651302230838143,-0.02198025354943501,-0.03484983431934391,-0.014207301297616453,-0.02736671567848312,-0.029334685965030076,0.006376498632808231,-0.02544868771989109,-0.011919791119077193,-0.036563014604077355,-0.009347125711339322,-0.016578626984004793,-0.03504611331230454,-0.022742693278413887,-0.021641086329752784,-0.007722490690363537,-0.013217324462267786,-0.0103181696668178,-0.011673380466008444,-0.02323391531909054,-0.04256548824234441,0.008188647811935602,-0.018214342965718958,-0.027343547191401307,0.002131121213738825,-0.03585346211596518,-0.01810053621805447,-0.02842661062600442,-0.012705901638304599,-0.018466339205113765,-0.025763021063989762,-0.001721035772782072,-0.02954527876574374,-0.023617711596380007,-0.024223747694639985,-0.020907264691791255
2023-11-14,-0.03969929458376291,-0.017375642726046275,-0.024594834602920806,0.007562322738631513,-0.04011200621297134,-0.030600406214512467,-0.03222148080684943,-0.016907453376202246,6.544955168878881e-05,-0.0011177781582085607,-0.0019961949912732525,-0.026593114299562813,-0.023341666555731905,-0.03265937076038642,0.005673067621945733,-0.023401818865131326,0.0027023903666415685,-0.01713906820541752,-0.006174166071736632,-0.024807857836180704,-0.018740921260962537,-0.010573405888982462,-0.017385580930367142,-0.03258228340236917,-0.014513734549055392,-0.02204541512176473,-0.008801759149859742,0.004991992415391305,-0.04842007705762252,-0.032274781594573955,-0.009530571242349545,-0.022413242030213876,-0.030906448933958504,-0.006238801971593695,-0.0031461990641166136,-0.002376167694816255,-0.02003594858374924,-0.002542138737434481,-0.00673578223668515,-0.005200080090532695,-0.01812103802526799,-0.013002907087533516,-0.020748865819883253,-0.022586860926373284,-0.05923379391397537,-0.020852187634890617,-0.011944144631625448,-0.020427208786007834,-0.0013824573206178813,-0.008679196437510056,-0.02217080553788616,0.001368765324468571,-0.04044099636578669,-0.012673283054145796,-0.039927420160117064,-0.00845671531856862,-0.021186164333840275,0.0009946803310969567,-0.038735147937166314,0.007477293954235589,-0.02433799011660157,-0.02342509385769689,-0.013290779652610146,-0.0013113221508566607,-0.03199027132743158,-0.007179567971126233,-0.005469654382973994,-0.01595782179619178,-0.025559880789357243,-0.02263931459050665,-0.018559645593223546,-0.0401701476252926,-0.0027976074383443475,-0.0068686972189200435,-0.017958283904051124,-0.01725110650701832,-0.014831925730384762,-0.015265313964337031,-0.024797801354051845,-0.046395817040003576
2023-11-15,-0.0034692666271470135,-0.019340702753686063,-0.020932912235873322,0.012452179718991013,-0.02725416177937478,-0.019167484398698698,0.010839853229568758,0.003958115256550329,-0.022105080506218688,-0.012576119386445863,-0.013161400093022399,0.021538107665227773,0.009544488220384768,-0.017781157013185826,-0.007287764810141155,-0.0060232699838757,0.010849755172231352,-0.004686589353844034,-0.016465455567915642,0.012251238907696953,-0.01505370770662897,-0.023838296732496704,0.017654545574498397,0.008461877224181711,-0.01399872940795096,-0.0029495491399274577,0.013285192231522625,0.012347355646409404,-0.020284723122882008,-0.019864975489315536,-0.005076339615271875,-0.01646544879953736,-0.034349635747363085,-0.008472663057166008,-0.01884046497192117,-0.005671155558382889,-0.0023759110711961268,0.003627600453052794,0.0064669154005438274,0.003671195376456068,0.009848692331997408,-0.0013667252327660903,-0.007406110712184159,-0.0036898642680019914,-0.03301724902156332,-0.01047848416063114,-0.020732480490681986,-0.018140031912781622,0.01937049711253921,-0.025218765470104355,0.0005844151823664575,-0.0216870008518949,0.007176111327269185,0.009929291074041589,-0.017686737428205354,0.005888475393848384,-0.0092474108909023,-0.02546440241344134,-0.009329828737085093,-0.00010173867651355013,0.004920136664695804,-0.011492109590268973,0.006465041058177137,-0.0031654045208662084,-0.008178145924202223,-0.023934407304929746,0.005702727115523896,0.028620039647788018,-0.015432726630115343,-0.020644228641304184,-0.002625234144530273,0.004613102890252159,-0.005241740223883286,-0.023127552465711545,-0.007808651632986455,-0.00015674679204601594,-0.012315763965947921,0.0058640873237060884,0.008952584998084375,-0.006160773574410303
2023-11-16,-0.013568830859503077,-0.01978965062823218,0.0011750839504028978,0.007979581171896845,0.02115694422440058,0.030925030473273128,0.011108651316674255,-0.002518469929647691,-0.009451583105144958,0.021519516403048815,-0.004249327153520711,0.00791202120650459,0.022916495929854445,-0.006317010361307903,0.0011242316474330879,-0.0003365786483460415,-0.006197799120906171,-0.013303807070109017,0.002960980213317022,0.012896837001936225,0.01978126428600384,0.020193048759488588,0.026401691042611378,0.006806654571633985,0.011199907848039094,0.015845363204460196,0.0064448187146305316,0.021147399884518265,0.004191247457540364,0.009736158742811831,0.034838745150056624,-0.0013463484384772535,-0.001851287887688565,0.0035347233306429427,0.010562269500275313,-0.01692010444713061,-0.0032724561835852806,0.03167439819479906,0.03391357452280028,0.014738155528713898,0.017630292662669307,0.005912610026085317,0.0010581359547292555,0.00868179928319201,0.0036212930735303774,-0.005426309983884978,0.01835550544187437,-0.006402423402157385,0.0002481546315134201,0.007455747732860755,-0.01409212852920905,0.026021965087292282,0.004868985014328685,0.008573463917103818,0.016257852686842114,0.023521095631754474,0.02186851280784264,0.02078238229373637,-0.007516506154807795,0.0008653570594080694,-4.394414338764266e-05,0.014683492177722138,0.004102324286574874,-0.012652189231387743,-0.011009967284091387,0.021824611393866575,-0.027469540417334556,0.033325214066979976,0.023709706735578755,-3.285737925694948e-06,0.010074495543869189,0.009820377440207832,0.006671605472892535,0.0011086016545626453,0.0018769844422725011,0.023215101274878715,0.026640307322481044,0.021012544276371142,0.02729047560595016,-0.00508670166299195
2023-11-17,-0.005317646601895005,0.0053528972867502335,0.0012021070457119598,-0.009016816424127959,0.006105719896343057,0.011937363530677998,-0.007812562646867544,0.013677789727507038,0.005671135888570626,0.013929686673233514,0.017114183041902306,0.009868543046930583,0.008236726110920335,0.014863469628797666,0.002096631263377908,0.013866936991262792,-0.007821081631256038,0.00012915158440444073,-0.018678128966163346,0.014644144468242304,-0.0022232526123010738,-0.005090134116627918,0.007764328851794091,0.004589233423270207,-0.020841535070519508,0.010216915784140898,0.022046792777119024,0.0024266433464811775,-0.0050517243344972065,0.0006795542118993897,0.007402762602947612,0.010279941579660622,0.008183094971973242,-0.010235765690229454,0.0030156687664773547,0.009397193128122915,0.0029267487672916775,-0.014931595200851041,0.0037022272623407045,-0.00656533007060957,0.0036334300747863034,0.009929775663671451,0.0017692472632547173,-0.005395801297797254,0.016808166755876354,-0.003180786580498359,0.006515801479940219,-0.01930357563233715,0.01635021481136535,0.002160144806770175,-0.0066122498472240086,-0.01847853491043671,-0.0022513632995874566,0.019198058311072092,0.01422650961509441,-0.0002890402939712514,-0.003526686967985973,0.024394383005365887,-0.005995630921987312,0.0006948627857699225,-0.0015666979471892785,0.02137170735867121,0.0047280386149822105,0.029640872733338475,0.008340955628951036,-0.008800523566484192,0.015787276937438945,0.015312477723368927,0.001976705754194834,0.015335497395800573,0.03093421031372825,0.01102592002017778,-0.014849814199487964,-0.005084474596257883,0.003994371909488606,-0.004447785563824424,-0.010342914260708769,0.018082798096826596,0.0036308250322390134,0.02720744846532848
2023-11-20,0.0010576996040347411,0.015767713282676035,0.022857254833503263,0.008204610519275363,0.00477069469500791,0.018370415211735623,0.015107136958831403,0.006021766883522718,0.01084488503758261,0.02075077995264032,0.0027141096693905557,-0.011307706718752747,0.022801422711591766,0.004784393388979592,-0.008675069566976635,0.00653691295490002,-0.01563866700271048,0.013804822470505716,0.0018852351797024316,-0.025635547066045632,0.00011566818852581321,-0.006916311923661385,0.003257016362186555,-0.002560673965490523,-0.007307649011607669,0.014030515365347312,-0.011957603603393695,-0.011231896405035344,-0.00018291106718009667,0.00502078823457585,-0.0047597894605756865,-0.010815139465573482,-0.006034426979963609,0.014229509448839776,0.0068554044456759795,0.009467311788423092,-0.01823024008840421,0.014088478361845545,0.001389664001116728,-0.002872628390546232,0.005394501091772027,0.009948815993187747,0.00571231268865031,-0.015268472345279217,-0.00871673672763697,0.009702794027832211,0.0028282411329604755,-0.009185416244930755,0.014775039118409643,0.0077378119255846305,0.00914970316176229,0.015290370357164407,0.0030537788668071513,0.00041035662956159097,-0.02042434677347613,-0.014540095696553618,-0.011906691475500737,-0.0106635251377938,0.0042415136983838106,-0.02869214881927547,-0.0030249805643396254,0.004124907850908427,0.00425363233095901,0.006162890372213891,0.00791874858456484,0.014869143234887482,-0.006556343401071342,-0.00917534029664216,0.033919398085753207,0.01716774949900911,0.012691536989424339,-0.017971319241695663,0.01807560820884677,-0.014960426877388905,-0.016009028183953364,0.008662033146153502,0.017553970990209465,-0.009129616766782145,-0.01264894026349963,-0.006231669067387153
2023-11-21,-0.016984610075889577,0.012015927115161171,0.014408717185891361,0.0015937522403907337,-0.019345663619836806,0.006967203855712581,0.028695998175372085,0.019316548167795107,0.010641430523856521,0.007077336182225282,0.0021307458367359087,0.02181915272714908,0.020883753714985166,-0.002206611487803543,0.007258775831332604,0.0052603038331635,0.02672344583677553,0.019212582060471557,-0.004264682527280847,0.01568471289348548,0.018006392593843578,0.012254850523083505,0.011720749624671989,0.03034864545814804,0.005739442332147549,0.022419800008949838,0.022479705549825105,0.013540488743053778,0.0028069721425337604,0.018432218046420236,0.013375448704219205,-0.005280633750135006,0.021055220970617218,-0.00040227045564901736,0.013988871798638702,0.027643945656828976,-0.01016917704265983,0.002055110863334455,-0.00029999853155769467,8.955359962856645e-05,0.012970007983363922,0.00532965199660613,-0.010588667146391464,-0.00593696286931298,-0.017451811358297355,0.020674539701840657,0.0044942906988937,-0.004914801895055488,0.00011097932227284446,0.007216108198183793,-0.0007251163269467722,0.01893119050153605,0.013697721860140219,0.008775797136576013,-0.0070000720167628094,0.025476922786545543,0.020145924868147855,-0.015152045793215527,0.01837838918717826,0.015340013688094841,0.01578406128680153,0.02128686508292916,0.012036810833075912,0.02583821684029726,0.010178934024199074,-0.02998153208005485,0.013559773251781145,0.01854859814432922,0.009022238743901336,0.009317536726921687,0.022889692473260864,0.017625096379893793,-0.014296170202895248,0.0024135562596993626,-0.006366369767503155,0.008455467372188361,-0.0025798605361288026,0.03205109424005547,-0.010093091190966587,0.03702938341455139
2023-11-22,0.01884846465823213,-0.018433134791755373,-0.0161821247372825,-0.009466446933252501,0.015531432095690178,-0.019861697587385624,-0.01680360178338519,0.009339788919914624,0.0002416180120007232,-0.0102977374848436,-0.008689680506061628,0.002465224465138003,-0.0048373974556516815,-0.01900042955037213,-0.006997177288982465,-0.001936474670447096,-0.02199723343956595,-0.005428032791970257,-0.004963976952598415,-0.012399799388835408,0.013467980976125277,-0.005236601958819831,-0.0019044080112588617,-0.020483345408419826,-0.008157595364115325,-0.019155851431651327,-0.01836713807632887,-0.007682612083178367,-0.0044174310750112996,0.00015969816185971552,-0.012788573349242098,-0.024317833778238367,0.017779465127872054,-0.02027347986558739,-0.009057461555318785,0.006721396347535873,-0.005136757138190842,-0.009803904842907723,-0.016148501414172563,-0.033006511566340435,-0.01775593875937053,-0.000715318050839707,-0.013283174359120378,-0.045015039089123576,-0.018020212209164527,-0.0003736694880594393,-0.013647213425741603,0.015036923561223079,-0.023945260177619013,-0.008145962676748851,-0.011706890349867896,-0.021358141234944256,-0.018540583002686736,-0.016623593795956213,0.003908329705213999,-0.014938630795466422,0.004604350169670332,-0.012845420644986963,-0.0005043337533705691,-0.0221153405036155,-0.004630627605506446,-0.018473056640770952,-0.00816165398058023,0.012402606263155909,-0.007666254997234215,0.011767278254120706,0.0005827957558513473,-0.015545193307437257,-0.012804062600616268,-0.013949033723343204,-0.001621704419835751,-0.02811049750378558,-0.01203216597736638,0.0014367291522875336,-0.003780712764084857,0.019855369780770307,0.005829733763648126,-0.006399773367642443,-0.018606153055095217,-0.017484676156166237
2023-11-23,-0.010383807190957165,-0.013335480339928023,0.03228753198553393,-0.010599364759188622,0.0020895668139871947,-0.006551566541164127,-0.008649634325372194,-0.018713676914677013,-0.012460588770297931,-0.024012735915527123,0.019704152149213516,-0.02425229174091087,0.0015409622666385596,0.004646687010112735,-0.0027029387242624584,-0.014117684175836056,-0.006719118300636733,-0.04865322613658932,0.013169729355784213,-0.0025663576439682,-0.012100450814059529,0.00894759647538301,-0.00871685254269804,0.0019746974214778948,-0.005181582604786847,-0.020358236184900895,-0.007570856693887724,0.007897107765760194,-0.0024176646763611823,-0.009472692396158488,-0.00784062386497982,0.001057452859886016,-0.0025862886348714184,-0.005897957914863904,0.005871522299154849,-0.0072563357462570085,0.004614360767740912,0.0064726086980765405,-0.023870349645351445,-0.0056396606375522336,-0.019941032558078168,-0.026896959688818833,-0.0011841226869819857,-0.011760172340795013,-0.0041246260376278186,-0.007111194917291661,-0.020672021671448725,-0.012416020790628025,-0.027274465093277363,-0.0245792818032292,-0.0021232606371293155,-0.011628403791146179,0.010753744342930487,0.009607424092793552,-0.008441841920449514,-0.00716327902788436,0.014162438447757955,-0.017208303414252966,-0.005313249315792038,-0.0032495481973324964,0.011515816979407515,0.005090898987038243,0.001316387761384615,-0.0009813987540551918,-0.009967063628295102,0.013159293217558932,-0.0289590149340999,-0.012017949414817042,0.0032145882585110485,-0.008943706226966299,-0.017954258513272658,-0.010733997351395125,-0.010863350162477501,-0.006667104437542487,-0.0017280283165015623,-0.010838674636553646,0.0035505873060823552,-0.022734610826592942,-0.011413244454914602,-0.01152409643387053
2023-11-24,-0.0015155553288174542,-0.011422368307527664,0.02180661761624736,-0.004255098075410088,-0.009759180283294828,-0.0009968222638305092,-0.0022273270802839916,0.006633747305256429,0.018775472826543085,0.0029836908096651763,0.01731117339967498,-0.0007054333548243991,-0.007452613228593637,0.010573239086032575,0.01954158467787105,-0.001688566622982412,-0.0007283095348426128,0.0123075442339329,0.018496406387296053,0.0011841771370886024,0.0220994277227957,-0.00678841700035307,0.0021910724277947736,-0.008975557282477759,0.0020730492682190637,0.009393173550788947,0.006476592217290833,0.005254873875165086,0.010831615871593248,0.0065010048774874155,-0.006891776901167922,0.024527853269512234,0.004051397343043079,0.008418565231347415,-0.0038332586731864224,0.010819320805902529,-0.004198253108828804,0.016907910481487036,0.005161743105757583,-0.0037183341782943656,0.0014125198372893352,0.013328346674599516,0.011712088699534787,0.0030196644497638677,0.014953743285689425,0.004254904525532638,0.01844155580465373,0.02196234347520385,-0.015186197543958625,-0.00043895392810734376,0.04098361241163358,0.012932846778417283,0.018907265492218748,0.007921615735756494,0.0029314528508158264,-0.02294881143369394,0.010171521034087496,0.023525711964463552,-0.0018898452548805796,-0.0015556742973002798,0.0072284771742328596,-0.01636700379730762,-0.0035422317627136404,-0.01151585027833489,0.008589852948265142,0.005051655743342511,0.008094797566470656,-0.00027134333180306187,0.008672865159628257,0.018185661787635345,-0.005416370835187355,0.005678461247111523,0.019843680574944924,-0.006232221376403945,0.024364352000583636,0.0036302733305912395,0.028810819096879832,-0.027269264057048728,-0.00618802800338575,0.00608476423919965
2023-11-27,0.0012308240624198494,0.006985446368951454,0.0011876812412476938,0.016111327594535162,0.01395108175440913,-0.01155046681027125,0.012171257598629436,0.009969295592088506,0.0067347138338011755,0.013510331339609074,-0.018424515649270015,-0.018852562529716385,0.011754780673256832,-0.028411646422938322,-0.00678560235274927,0.008145962615913209,-0.006066563699342279,0.010720829540096037,0.004919164444133918,0.028791631051943427,-0.008388193600068518,0.008693833522612692,0.004471199731730467,0.004189917681071029,0.00419833466794318,-0.002627094440708394,-0.013037175829128628,0.002517411032050695,0.025835505085243463,0.019901705164071123,-0.015345637318507821,0.007790225156454427,0.017265656412237186,-0.01831486441601503,0.005806083186539553,-0.010300883383203388,0.0178456270739885,0.004149461254471942,-0.012214668833671305,0.0006232819109096071,0.012318675664038175,-0.004509086934270042,-0.006590454143248754,0.009209453363358882,0.009984464524972297,-0.00032136490189771177,-0.007239247224651531,0.009275188126947949,0.008051990436250898,-0.013381199818229161,-0.005874229904969386,0.003475604486959436,0.004621480579237488,-0.00026184927326243485,-0.014110130106047558,0.01394234517872089,-0.011208277030560822,0.011185919734084986,0.017723325064770274,0.017937141523917,0.030125473451153857,-0.004885783999420583,0.011484661798377007,-0.00216969450377985,-0.017988494865252086,-0.017088500237605407,-0.0069584275201542796,-0.02102620005272134,0.028837577443743413,-0.001418300745626892,0.011385967174705585,0.02213714146813328,-0.009947894355994916,-0.0010093365024285246,-0.013121553754685801,0.004661726350398404,0.011088013157307374,0.020851698415061518,-0.004293828297520367,0.01579795883336625
2023-11-28,-0.011832543513538981,0.014377065551381699,-0.0009104163111824937,-0.01806747947542983,-0.0181413609502654,-0.005936900526428468,-0.00045234968958096644,-0.01572043663059297,-0.00019603821418043592,-0.03051216405739132,-0.019084684597037438,-0.012383254045255889,0.005585347654072004,-0.01622709858068705,-0.02675919265587687,-0.0007721467301216572,0.0068222831025484066,-0.021552481935562362,-0.007930644067708867,-0.019453144044365277,-0.00919877166482192,-0.0115486795681757,0.011639679194494067,0.002511485433236397,-0.010938503933970199,0.0027396778122082653,-0.012677797248332002,0.005007927559309606,-0.00782617518029499,-0.010587419099616103,0.010411023195951916,-0.013647317779338789,0.017962426470339687,-0.011052510394651494,0.001355518171448307,-0.014381121890545124,0.000641672806852709,0.014614476606243623,0.0032200583414250675,0.010222476384199371,-0.01555239944035727,0.0027116290065886534,-0.0085636911056873,-0.016081319930330684,-0.006394739449939719,0.010232354830890404,-0.005003011969490095,-0.0027103369088016882,-0.011807737254790604,0.007252283542412327,-0.006245133799420823,-0.0017854419049396918,-0.001900591139056372,0.022078831328879014,0.014827524164540164,-0.022407689087075293,0.000468607472994099,-0.007856044586939033,-0.007830392097245845,-0.005084343912900344,-0.003135588015032164,0.013545622692333968,-0.018006744360655677,-0.013072302670333345,-0.006352801225483224,-0.011737109948515739,-0.0141134967569371,-0.014560206749993898,0.005763414594071035,-0.023945845615231526,0.021979888177548704,-0.014430676723120784,-0.013021312115571197,-0.015382441972044086,7.101701029296487e-05,-0.0032409185805094506,0.018433055716294222,-0.009156381189329836,0.00718073267119034,-0.013386462124001422
2023-11-29,-0.014884867214349017,0.004096872487936138,0.013778216081033327,-0.016546280185712456,-0.016682193835866346,-0.0023193815211435733,-0.04172058317933146,-0.010197687146772392,-0.017625633695359653,-0.011443792233209661,-0.003446165756770624,0.016695737665384392,0.0025930157333230505,0.026324931862565244,0.0064264235060805825,-0.0068656960916950146,0.020191428497783843,0.0013291034952963958,0.001420874493346351,0.004819622337686742,0.03057793780341172,0.004977175663337126,-0.0076534552069872685,-0.03354144978870015,0.0003016203448787417,-0.015752689167830555,-0.021716398199614316,-0.005665758930000339,0.01719280366957024,0.014090304998815802,0.004432715464144565,0.0006585034208886186,-0.026087364680276424,-0.014409412460869072,0.0017743563556416216,-0.01762303136146507,0.004771118667651875,-0.003438946201577442,0.011575243822919051,-0.031940325015556416,-0.0270096330530041,0.006575573477419018,0.0002554583321625558,0.010138014308027663,-0.01075662951416599,0.02704034211079641,0.003529573973974293,-0.013247009428064992,-0.003531093502995587,-0.00847261059524051,-0.011317230565749983,-0.0061391185853858846,0.004145857007327013,7.385469346824435e-05,-0.024920405508873013,-0.0004040571765580748,-0.035225279373019384,-0.026941284696922398,0.0031364279564776343,-0.0056515155522369985,0.00940123998362745,-0.0003870847132493769,0.01341582109749289,-0.0225394387440428,0.0012030489871784301,0.013301044299143206,0.002107593435023909,0.008441615742068483,0.005290882041393783,0.010654779115407572,-0.0197759297613796,-0.009481853336044257,-0.006911608180420794,-0.007913087431997527,-0.02537407767674229,0.007444670092801339,0.00944772213417004,0.015789978745218525,-0.012724924677587759,-0.02339058142792405
2023-11-30,-0.0039504549499306315,-0.009585014053433292,-0.01769921850694266,-0.004729618715995984,-0.013513562710650504,-0.014719035623818932,0.0018002235743622605,0.013072303214707263,-0.02348044229997162,-0.0061732360871543,0.007092856500486893,-0.006834589891621194,0.0006844619020822586,0.001521821990028393,-0.0040783288877833815,0.01451910080875328,-0.00961434771195642,-0.0009248039861634275,-0.013187451823520758,-0.019016379620979816,-0.001687045380644857,-0.005594211160006978,-0.004088106227952701,0.009266861346277166,-0.014317106990886778,0.005917151794708813,-0.010908880257615747,0.0017771434728609432,-0.005676537825513774,0.001212075097287278,-0.016090233897537692,-0.008786294653207512,-0.016792016054381773,0.006464249139119409,-0.011818216535188114,-0.014935715571612333,0.0023206358862495305,-0.00874536677019905,0.015203690966238158,0.002381974089749954,-0.014086410517160563,-0.012467319320785632,-0.024436394226583086,-0.014546202879741715,0.003811692714307552,0.0014284674633665735,0.007319782461874926,-0.0035819741984293783,-0.0024292006947978072,-0.006489242912617757,-0.022223121665039605,-0.016235162826219833,0.0007353759374787755,-0.004356763820308977,0.020775427477711744,0.010250436550149325,-0.02779802081458474,-0.008816615216725431,-0.010686591359281749,-0.022093619914992584,-0.007755844432335807,0.0008256731956883118,0.009241869484794983,0.0037780032950734087,-0.014952106480886606,0.01628244420501058,-0.027781120422947822,0.004771313831059698,0.0035438635354810306,-0.004743276654661959,0.002009773494385128,-0.0024238361160848153,-0.03784348664791189,-0.004477337761350921,-0.0016433557537575052,-0.023583230441489165,0.01082979131626961,0.0014140363270473133,0.020642774119768947,-0.00523485207383177
2023-12-01,-0.01402812016834402,-0.017649839979282086,-0.02443721652069037,-0.00980812224750979,0.0008709666963507114,0.018672704716324835,-0.01688065328976105,-0.024140852558287962,-0.016396941682890093,-0.01813514385557615,0.014269385594849904,-0.02082927416944591,0.002702373476305593,-0.0012341488603874991,-0.0013096533652656606,-0.018010584979384757,-0.029150548752783785,0.011669244585510668,7.091921363135828e-07,0.0081982361110259,0.012726130586496512,-0.01099100858327957,-0.010877662176029987,-0.006871575267324808,-0.013596533264338979,-0.0019212897286193086,0.00869428373973944,-0.020308014266228767,0.009515731309700206,-0.0001493375782634118,-0.015543643675132005,-0.020850787465613238,-0.02942800916007559,0.004691820006729165,-0.007782591811683797,-0.027555243271891676,0.0012785360127282267,-0.016385606390674913,-0.023904349161048236,-0.01349783696384205,-0.039279017004821254,-0.006952388533848065,-0.002447801661160847,-0.02811800080228008,0.01809541499948502,-0.010163439026411305,-0.042313684314239514,-0.015956166882472422,-0.018195005724758247,-0.00874463054380255,-0.014248769934043332,-0.012654913864307171,0.0018014567100085718,-0.004166000145498831,-0.023488728973340485,-0.01315363636995595,-0.01867617240223083,-0.00677732782023625,-0.019293774237778345,-0.015540006951368868,-0.003415342184306706,0.0018385542260484409,-0.002171223504480282,-0.02004098377761105,-0.029993916342481615,0.009067768494921144,-0.020000645448050754,-0.016810718689948878,-0.0013438919501351457,-0.0038278831475420903,-0.01448323591087381,-0.02741437885175795,-0.020855176315860598,-0.008916093314686452,0.0013074251021259718,-0.01969861007810708,-0.010116430310613666,-0.003934262605863111,-0.022979732725570284,-0.02725375623258699
2023-12-04,-0.0055885493962276175,-0.02217536003455281,0.0017506913466985956,-0.015283904068626099,0.015438607744574787,0.0007081687305311602,-0.022353266628078735,-0.0010095442651955181,-0.012317911408192397,-0.012307579523598573,0.011828813182316406,0.014690037194285306,-0.010453966972882658,0.013666893918125898,-0.011733612888987345,-0.01337077290837245,0.0001875892899106564,-0.015746941828960928,0.00025271492230097455,-0.0012733657057721224,-0.013595109096254564,0.0012297541512682041,0.011304535357588477,-0.0031860262569219843,-0.006387934752495875,-0.017420156532049244,0.0014123948553987813,-0.018828627437711166,-0.004946526565072868,-0.013007418080733312,-0.009478487830648624,-0.02358920085607618,-0.023319292967684042,-0.028744293773202576,-0.013874451220244327,-0.003121633062163574,-0.017791689401605377,-0.017928382833987115,-0.01525925654036905,0.0023039865498735426,-0.026753554101166113,-0.01574451841126455,0.009734601219845877,-0.011170069974548936,0.0028458790062593246,-0.016134055418579277,0.012070667942577641,-0.025343894819762177,-0.039155322988379836,-0.0043159411829087274,-0.010455519398718794,-0.005450596531281607,-0.014300198274579061,0.0040813105275025584,-0.02268790933193067,0.011856887759224895,0.014577833607420794,-0.03366389129552304,0.00022613765867953318,0.017033784580114304,-0.0022521050566972805,-0.009711078452993915,-0.015210326862731428,0.00478894567602801,-0.0036203184656091883,-0.021206045339650682,0.0009918913983431744,-0.0027245478060088967,-0.03422477460232259,0.0009773932523278305,-0.030063324493547615,-0.007293924204904992,0.00344758249744166,-0.006279568594829433,-0.017008898864163055,0.0035925840472791574,-0.012028059788407196,0.009254154138901799,-0.015524296152858247,-0.0055894041480678515
2023-12-05,-0.002608408336665016,-0.0031577258969348945,-0.020396260481150688,-0.015355957111104263,-0.021258910990494716,-0.00660198542563805,-0.03871592677985477,-0.03209345426022392,-0.016471167429379627,-0.006346125111892293,-0.012515121817023273,-0.00965214495232041,-0.020528618263717286,-0.008952320984636159,-0.010089161203100206,-0.007972886593250987,-0.028404675618737964,0.0009235595738379624,-0.013920444494604554,-0.004311002492907456,-0.008570070669929973,-0.018254355983024637,-0.026430000600253953,-0.006810167337821653,-0.017047787178536954,-0.012398316103733409,-0.04320316386252164,-0.016346145979293004,-0.017514021645270498,-0.00920386486958629,-0.019567949192425813,-0.02989624191612831,0.0012533308798583047,-0.002840347146872582,-0.041580730428845046,-0.026397722600624975,-0.0257619212327966,-0.029478950472434692,-0.008314852077513162,-0.013291737622791192,-0.0044337699418019886,-0.026262112840758838,-0.014280199812424264,-0.0289797592607524,-0.035853153476451356,-0.023992924237263562,-0.029218404431482655,-0.015104456498276738,0.008290052630127451,-0.034759976058722594,-0.016243410325273714,0.007482761945017485,-0.016175199611478012,-0.015316487668326984,0.006679789583187127,-0.04491412608024678,0.015188118615631924,-0.02779908820415926,-0.015355351632753814,-0.034380052816039106,-0.041761418297831344,-0.021552451082778565,-0.013005950455093084,-0.010117760892339234,0.008559400618613947,-0.03856934500793521,-0.024497221303803593,-0.036324839776216936,-0.021967497262663588,0.00355937145239622,-0.002582394037507218,-0.03315919024127538,-0.0022633815933885784,-0.02199547915924605,-0.00012678344166094577,-0.007908682045563433,-0.03613930848803772,-0.01366080134095416,-0.01805808232437963,-0.011681252168083908
2023-12-06,0.00839623065860143,0.013584074762915139,0.011967046309462118,-0.0007455594578962546,-0.011886322970437162,0.0006901898271859963,-0.0014909526250176594,-0.014478583222097585,-0.009044741296418116,0.00583007259225759,0.019780121297804588,0.0017880119816759896,-0.018659613005626352,-0.009624602803906016,0.012210709963111703,-0.012691346443585057,0.004388414676859632,-0.0028987590724372805,-0.01264314490870715,0.003147577324831167,-0.01377559986531949,-0.016606514062339386,0.0033867359758867387,-0.005405350676227257,0.025724497022645357,0.00032020690790635715,-0.021496239331479927,0.013486379339372717,-0.0008014005563150234,-0.0072620768327055045,0.03152922030926233,-0.010823627785818938,0.02380238274075733,0.002988199604664488,0.022101908257556417,-0.01196237306772173,-0.010311624717624236,-0.002523500927533208,-0.012757249485298404,-0.017732004527767558,-0.016275079180626064,0.010530062038674317,0.01496096926874911,0.010367211215271753,-0.014038569681535017,-0.015054261006106465,-0.010485535821048048,0.0012192897484367762,-0.0005476258165702727,-0.013605531894076595,0.021358118469085564,-0.012613962033522691,0.010852835491908148,-0.005533371176900904,-0.004085114919228911,-0.006201193597758585,0.006360523316342043,0.00784557954217113,0.008585170809515118,0.009759477519285038,-0.022372783123121714,-0.009585495152009228,0.014190009373477398,-0.017448314354710098,0.003789354551472196,-0.01314407989346228,0.013312337962919987,-0.020795637468744844,-0.012605925996386628,-0.01140141817680799,0.006623997433881935,-0.000617165574677136,0.02185183630295097,0.004126238642913266,-0.005576043131450171,-0.0010956701466256784,-3.4390723856000775e-05,0.012275913695443527,0.0017637898460996495,0.006663834665481571
2023-12-07,-0.009814325831666295,-0.021375661729013392,-0.009125866880811625,-0.0035905969663485725,-0.0037530938555646754,0.0002682881824077148,0.017417220672476027,-0.006431866397241542,0.0001664200454353556,-0.0027228159760122397,0.010559303169070925,-0.013019992442974195,0.00362780352416007,0.018288877832975572,-0.009165918676937602,-0.01513874573938604,-0.015116003407519063,0.0016040036573047659,-0.006650328290373919,-0.0070022648548236964,-0.009211554334268988,-0.010578810744102017,-0.019995087135818844,-0.009915959126800893,0.0014773860232073603,-0.02612151758585624,0.004356571801658261,0.024295932401492124,-0.009425625358047016,0.005753849185012117,0.003099653870149253,-0.01966317337998987,-0.008121130435082526,-0.02521409944316862,0.002191686636255951,0.021485224631184383,0.024291733846243564,-0.016226460329610407,-0.018078278104899658,0.003195728611733067,-0.009581708041940787,3.647799195947987e-05,0.0066773619993659855,-0.00972904416902238,0.015436207539868522,-0.017262640385738937,-0.005587518547444912,-0.008731733621120896,-0.02069142222611746,-0.012590746290522946,0.0048315476284021,0.001327445799045835,0.00829296603786932,0.0252305526594503,-0.0005900774343395212,-0.010562428641609126,-0.009967689743836909,-0.02351976914044595,0.011579414323269827,-0.0075498030340816116,0.016451474953491196,-0.007407541946063932,0.0005782958411505393,0.005667840510768666,-0.007602797031988172,-0.002122785787489226,0.010776784432333548,-0.00845780376303554,0.02140816147068119,-0.020005419358792697,-0.003948842667698688,-0.009624661792839115,0.0037868653002811822,-0.011080314008798756,-0.01304414115429611,-0.00045082389146212703,0.004261079354295276,-0.007095279857629167,-0.013561881692273596,-0.009195025491207582
2023-12-08,-0.015534525865345828,0.017267694477746585,0.00260449133403581,-0.0037821438092717056,0.01142345453332581,0.01250772507994214,-0.007575075835359857,-0.0010051234237520783,-0.004183235772138513,0.024063751771779968,0.005969471316381213,0.004381059505252378,-0.001168696219136323,0.009265625989397001,-0.013221537343094242,0.017493875161973847,0.0004262782523269705,-0.003142542869760014,-0.011651648329690543,0.0029585717999193427,-0.0049756706518896895,-0.0014378513381136985,0.00634251458673213,0.012107912375537516,-0.010304842249921196,-0.012485024420853868,0.006646535443673462,0.0030415838557894264,-0.00048503703663575195,-0.004961279249515743,0.007083903953606565,0.019008687271926165,-0.006368404561057588,0.006004730111453245,0.007378405807397304,0.013957228746514979,-0.011648106619061939,0.0057900003481597285,-0.008439180680076375,0.01673686581507422,-0.014193104781736405,0.0017462722945555138,-0.001975686031516273,0.0009942508170601321,-0.019269750091368314,0.01792054705067342,0.004544486599129471,-0.0014740562713651943,-0.00027762468745648515,0.02081522512984131,-0.0036557063857336107,0.016909503537333677,-0.0027593533456619357,-0.00887052116060795,-0.013773676814139144,-0.004181762464386297,-0.019648806989126563,-0.0031769018572159243,-0.004415661240553916,0.019438721979122775,0.01453225880819194,0.0029858798121350353,-0.0016135219582494968,0.011547153271955752,0.0025577004474991866,0.01724382742469819,0.008374485705044522,0.01421452735763067,-0.008579573996389304,0.004207275805881427,0.011101844816247698,-0.00785163971423076,0.01667083164207988,0.0033124733491033363,0.0037581284287901383,0.003304662638322675,-0.0032415169237142785,-0.011018653145873258,0.0105093239827432,-0.01133986785114604
2023-12-11,0.02046929564047613,0.03197817420752054,0.02389502473950285,0.00619533935095753,0.026137960792644986,-0.001929828740982754,0.0041105709699441745,0.02044068768427072,0.013150587906066755,0.017261267695851318,0.00493913949304934,-0.0027353558765175947,0.009438635641704347,0.00574452620913815,0.010573695112552814,0.020914219436497218,0.004464227244123544,0.004015644417460905,0.017340423042156577,-0.014768231635748297,0.018713194130100908,-0.013069257925283295,-0.0034955323036842886,0.03222350870729149,0.017217820148503923,0.018208251452312675,0.004388601339313035,0.004829263876180765,0.007755551132556216,0.012842201083050073,0.01700278192695158,0.021543613391609144,0.015380661414454145,0.010134817826072938,0.014002475153875886,0.0068097790338441985,-0.006245155566000625,0.0045220657178394515,0.03138383561124641,0.007622575451205745,0.007610564295812696,0.00899115925816643,0.009346449984649292,0.010192893287670573,0.0015877657331912817,0.010287025986065465,0.019220402941129172,-0.00012696751733865495,0.01825949779488549,0.014828647647049706,-0.0013867369935522782,0.020228687849750446,0.013232694086653052,-0.0033905303582335913,0.002296184651899638,0.02493169910023991,0.014405361155312137,0.005666481309599132,0.019430739149633752,0.002275248532587703,0.007897223244563427,0.007761587255914884,0.027603168268573095,-0.000941708512290718,0.026719507561158963,-0.023490510744516337,0.013683790731402587,0.011955167766719125,0.01862200821870327,0.0174628046704888,-0.022724250774190633,0.028488915154381976,-0.0014607604115002525,-0.0019706261474103128,-0.002396152827452123,0.015195633943498234,0.014749931391587378,0.0037072974126962227,-0.002098184481012016,0.01315486778970262
2023-12-12,-0.028333417201124894,0.030525732906483995,-0.0030644164129729995,0.0190655990004611,0.009590011203316092,0.006663493794912004,-0.009676475086034022,0.014199503285360808,-0.0075893234999796924,0.00998034625176334,-0.005547461410899026,0.022966150512962788,0.006656579802847536,-0.00037017981676326465,0.010489878698921469,0.006113704270986042,-0.015149485247029922,-0.007247437342006921,-0.01334623623552969,-0.0071216961048212665,0.008616784403388367,0.025833632560386392,0.0020307555728522643,-0.0003229230619190939,-0.010855802809721714,2.8980412270184636e-05,0.00020123884821066432,-0.009500587634412427,-0.0030810626078916965,0.012442000005258148,-0.011848264819770317,0.01933223430846264,0.024751195716176205,0.009799968915458434,-0.014698573440881761,0.007575926661855581,0.007945176187320076,0.0006173550329409486,-0.009625084564726483,-0.008013974306709724,-0.01269826332538736,-0.017031041169343047,-0.010124612730470165,0.009614631177447139,-0.008855762169839052,0.020298087913171177,-0.014440708133568647,0.010536726627497724,-0.0009555596499098915,-0.002042484503337098,-0.008087317669461361,0.00221562305697198,0.010581242300020879,-0.0031110273876782998,-0.001196094238176627,-0.002727585172597056,-0.005760073592512129,-0.006212217442126601,0.006570883756323705,-0.015148444399242945,-0.0019034823901355967,0.008663090944617601,-0.012075396931613405,-0.01693922589465618,0.0025480703404947187,-0.007246539365018841,-0.014443910371410634,0.003717439847142914,-0.0063586189628283205,-6.335483665339398e-05,-0.004191813777112664,-0.0023896321918607695,0.007469019677504138,0.0022119909664554565,-0.013784966072610459,0.018286519502435903,-0.002834567862008943,0.028001292671466886,-0.013353983598512541,-0.005468797775403076
2023-12-13,-0.03388420951847692,-0.01563444301271557,0.031849791711557454,-0.014497761950300432,0.0012365927927863044,-0.008994547875301018,-0.007780724199698837,-0.009452354632681473,-0.004403450749654911,-0.010371259758987686,0.0028550710939639363,-0.021550304917918067,-0.00865646087895446,-0.005591359697954236,-0.0005670149544737459,-0.009022066745488378,0.0020207473207890063,0.0047779190431143335,-0.0067458439297881844,-0.018379277817429866,-0.009486214133564649,-0.008148678216561709,-0.008263599197398908,0.0007802402935881761,-0.002954823038260843,0.011468379917660275,-0.022974910838485952,0.00022764675934711098,-0.018827164649668302,0.0046998733014541804,-0.007770044794340233,-0.009014918162052646,-0.0009833335815245866,-0.009849947203437655,-0.017142675555295896,-0.021004913378826602,0.00724724478626282,0.0046817075382391965,-0.019730802768874102,-0.008009568026074672,-0.006270672524733704,0.025056320924361462,-0.023049404104945773,-0.012601333330570924,-0.014399650961196043,0.015039464331409904,-0.013812626554206196,-0.018608456323519828,-0.0089945470028623,-0.011679835623412498,0.006799341665637589,0.01195800869255348,-0.018879082201066575,0.009567692124872941,0.009887470337414312,-0.019729877950277686,-0.006558994660146266,0.007601107137265608,-0.018403109024468546,-0.019786169042687443,-0.009209387933546033,-0.0004274688078763922,-0.01052331703115442,0.012685539956390554,-0.014035773131053045,-0.012210515086295717,-0.0025801124646796392,-0.01747652245113937,-0.01489817680495027,0.0025402981921313524,-0.024411852629964738,-0.016297946943323594,-0.027210400526070593,-7.744112332199685e-05,-0.011303745911842513,-0.011999860257823205,-0.022321048588306993,0.013500782539471885,-0.010829803602824026,-0.01576420522299459
2023-12-14,-0.03009041411207105,0.013002092570004568,-0.007770906883886843,-0.011077788810687234,0.01908735900728463,-0.007441383829943353,-0.00696084148221198,0.014085324399256211,-0.007877263473428322,-0.0006689653562046818,0.0004679577309123061,-0.002556561888907543,-0.0015232150832719274,0.009759871955678854,0.0038712001788426906,-0.0015486198503653005,-0.0023519349995652517,0.024782390952409025,0.006148570677172082,-0.008210142507767339,-0.010060728462414738,-0.002885276157239384,-0.018616234214032804,-0.0036881845312886213,0.0051519280588781715,0.014258891292343694,0.01825240030695571,-0.015474553921591649,-0.0025448182454167823,-0.017677378515388097,0.00396362178279871,0.02354501851898377,-0.021861349532629977,0.02359325974818024,-0.0006306943234718003,0.0019361106903073681,-0.01344547579612627,0.012605344518844347,0.0062163371012373195,-0.005636987129290921,-0.004767925702134237,0.0027391384090869795,-0.0037650023949422117,0.009529590110662641,0.0022881595524100232,0.013011565151370814,0.005066931752129597,-0.019123254700087192,-0.009656988531543844,-0.007879753461610812,-0.008802815019272141,-0.01660115039508967,-0.004079374890860543,-0.019381803310742268,-0.015393731235174426,-0.012163260240933628,-0.018539357712808558,0.007583540472029177,0.012082452891286004,-0.0011860691778286525,0.0070585339846878144,-0.007195665365584888,-0.017164975266912054,0.0022103617546430747,-0.011066501024638114,0.006648971090050895,0.0007987802419539688,-0.0017540441059827293,0.022653851376142512,0.002911805273165781,-0.00036459216713562517,0.020689839394522506,-0.006377103459347508,-0.0022841954286948333,-0.01788246697278661,-0.021188153619360165,0.0104964868277545,0.0059906077968308845,0.0012961146234997233,-0.00015652285605332445
2023-12-15,-0.01969266526547892,-0.02284274742898261,-0.0030499441980892787,-0.017682101760715354,-0.014425192514958598,0.01004048231242125,0.007559697528223554,-0.010109265487740108,0.0021357343377511138,-0.013581934988352803,0.005369097279307469,-0.0031326083351577785,-0.036869825331835415,-0.014813380103981637,-0.004017278336741205,-0.013458637509789793,-0.018434555901061675,-0.011045680671550191,-0.005032548305305472,-0.02350288237369008,-0.010590689877054603,-0.024415590926798306,-0.005755287017403226,-0.024244019284956224,-0.027894871686263235,0.01160684182484045,0.010827979608928503,0.004832496203735161,-0.005642787487648031,-0.0030867131412688244,0.024837020700253596,-0.03194905626968486,-0.006993995098934332,0.008551648185669652,-0.017469812492470146,-0.018129444700941376,-0.0217913354639238,-0.024749563929996832,-0.029839983448539022,-0.001671172443859453,0.0007969017614762788,-0.006212581809700742,-0.00796173353326142,-0.013794631319104182,-0.010134079928413278,0.005634385887070322,-0.014002324828664528,0.003506977523994207,0.03325221050018087,-0.006864925456893271,-0.0230065804346655,0.016640239687725128,-0.02090942821931707,0.0009138552749707093,0.004786857836538119,-0.011536684697594182,-0.022745463579994588,0.009654644147220158,-0.0065226490160851846,-0.026297915485725187,0.001970964490486527,-0.0067716535604312135,-0.026820523310965908,0.006702065303772449,-0.009430562987305033,0.0022583777053018644,0.024287131668088366,-0.022009568680035816,-0.004801733569299463,-0.013933844610804826,0.0014503714336740955,-0.014641200353198405,-0.005951969461418416,0.009708975178936104,0.019200542154849787,-0.0037341409388949084,-0.022217652195939307,0.0015591205827567116,-0.027987852281672176,-0.030211072441411593
2023-12-18,-0.009127564335796265,-0.010056258768444164,0.013390328309278375,0.01907642420059049,0.009689767147689493,-0.012814851677249314,-0.01506502652739418,0.0007864271453585322,-0.0015899057590000485,0.011143233659436924,0.01869006765751826,0.014557712348630396,-0.005446628525351026,-0.025308612519875165,-0.014022453778624846,0.017042975265072514,0.030411363411630688,-0.022222064263135784,-0.008272125314532504,0.025508251929169,0.005760798310731004,0.01900512053924907,-0.01434208709036065,0.0019879060402216366,0.020413483068030997,-0.0005166423864640024,0.008876948561850395,0.016477650310258943,0.023909626070633586,0.013373258002685455,0.006785071270069014,-0.004480861970745539,0.008540368175265487,0.008276349709673662,0.01941972197154543,0.01969880275637618,0.01817803247144077,0.015677656971094633,-0.005266610857771134,0.013530813178297282,0.011861784127934233,0.0059785345057272515,0.0054683670446417625,0.013903722596614604,-0.0003779319071979866,-0.0018899271518440517,0.0040908480276111315,0.004458210894861298,-0.010772410734440022,0.00845643449463645,0.01403153491544508,-0.00592801615566125,0.01311437173937128,0.002146458291463714,0.013799391123188495,-0.009253783100048135,-0.000704644326767442,0.003347299753722336,0.01176423059729989,0.029244729908090704,0.0160622097497791,0.011187813445989458,0.002382137397071351,0.01352891087845612,-0.01615035749458829,0.011583206103694711,0.005662021736826811,-0.0072009495321686936,0.0074063737022441786,0.00520676448571942,0.01318782754884959,0.0020099157311524647,0.009367503153849668,0.00819546622741162,0.00502689861659233,-0.002907961953720151,0.014411381811199005,0.012687652221240516,-0.0008833219234734829,0.011936728306777323
2023-12-19,-0.0026597240934873806,0.0023535263166066735,-0.004396505681175298,0.004129935687969545,0.012997597752568982,-0.0018750618331535678,0.016564535076865033,0.015706855844481456,0.016599207330046956,0.015928771137543853,0.012348825619293482,0.01847344037554471,-0.0037306688475058965,0.021289088975064686,0.023811587252465637,0.023586173098557255,0.01116294166788729,0.013806502072584463,0.026841188167255874,0.002685549831151184,0.023456896255863037,0.02280683269201713,-0.00160246960884026,0.016403901886201794,0.01238032287461169,-0.00499978133213049,-0.0070424400692117185,0.01620247998144133,0.01216202476535368,0.005350337268671175,-0.01026934148962751,0.014184220700961267,0.0003453510592504828,-0.01310121758227601,0.010707489613420364,0.013476926419730377,-0.0010774929349166643,0.001567670801879027,-0.0010757924674698691,0.015373666179667789,0.012946908212203997,-0.02330104499773673,-0.000895382381901776,0.008654627923646616,0.05220889718234881,0.010554899861202128,0.002875085873997185,0.02355511754612089,-0.011481834389046878,-0.017276396592475738,0.011070594275014622,0.011676597269199299,-0.0007267123569193214,0.017306648733803255,0.0017908272991621565,-0.0016545422626533975,0.02078565483708316,-0.004707811575583051,0.007750150418640187,0.024245527202461134,0.020268211510277717,0.0025757533717819924,0.02457848071993451,0.003601503479140458,-0.006154455804648226,-3.229704905641798e-05,-0.004998448967483199,-0.006456911036947803,-0.0006164120871672094,0.04433197312175514,0.018243339101673417,-0.008375173944685645,0.013176200864539734,0.01242401167173975,-0.007452248285509026,-0.00013419274331308295,-0.016068060792212294,0.006251574273766503,-0.013036815568455392,0.010782417009753256
2023-12-20,0.031061197781472795,0.023405272766806057,0.012365517959356236,0.009539896538722177,0.026136822461433475,0.03106318747005264,-0.008915530675603165,0.004123689112457364,-0.0012771291721507209,0.025211450777358944,0.011129758426911933,-0.0027621686693348035,0.026110685806819613,0.023707468434758936,0.043634362013817186,-0.004739239339643837,0.009672530586056327,-0.0055313314871368955,-0.0028921499272501136,-0.003254469973458525,0.01222475098574538,0.007775572849173571,0.007489613200497406,0.0003958924350357619,0.00889211217668425,0.017868929769638303,-0.021575732034546977,0.012046331935844132,0.008936384942799021,0.00797565615091432,0.010140612302047717,0.013515700695873501,0.02413673442113059,0.007470946928909733,0.02218970623098975,0.026343703102266254,0.008865442557015244,0.03986705747414497,-0.0024487862553335855,-0.00595265003057106,0.0226816531990255,0.03433032196130799,-0.007654564754357572,0.018318384224007583,0.026735990619778403,0.005983364084447853,0.00019841452368979037,0.008674374476097146,0.0018857463944188645,-0.01528390095161914,0.01448300163473823,0.003384331169732935,0.0011553988296631448,0.02378105620752631,0.00829714233408704,0.01929241185411728,0.018599957549909573,1.8525719385894743e-05,0.01812374390328737,0.01686806064686019,0.006009771710875412,0.035485379226299685,0.013876811272082613,0.010719554979419267,0.01160980292150522,-0.010672485551878238,0.01759824982088308,0.004350045838349669,-0.008117569187423715,0.02332537238109878,0.017955830613570336,0.009528117404849025,0.00848186715277488,0.011652888577944423,0.0011821308686036178,0.004722227327238308,0.0012752934872735213,0.006648150961344209,0.007564274135967027,0.016168593307883353
2023-12-21,0.008662060531698702,0.015260975825744458,-0.009291389847824997,0.012500519996464572,0.021355619754601284,0.02288148031894184,0.005310639282389524,0.011480110332956373,0.005761640673782542,0.016552025045033142,-0.004439927598262662,0.02461733100000696,0.03019826579427543,0.013864078635659652,0.0030850604617836414,-0.010668302842063467,0.04204382048507396,0.017091145254613943,0.0006809680280735254,0.002961740415844148,0.0005364180657991876,0.024592998049076453,0.01662276346390264,0.0045160217680430175,0.017445964321072035,0.01971207856731809,0.011175464688146565,0.03029244092636722,0.011904666088298009,-0.005077929665654235,0.015376079581361855,0.010483363914547806,0.013591149092075705,0.019414459981558455,-0.0057823892533829056,-0.00685498787909667,0.02400587501385558,0.017538554752505382,0.03325730605938938,0.020525663305459345,0.014643654585635425,0.00012638703881215525,0.029765323646844356,-0.01181503857864109,0.014114328967560414,-0.0003681549014214226,0.013550512145742512,0.012233774928983242,0.0015910703664519191,3.5321038427788345e-05,0.0006952010376970082,0.008174196366148401,0.019857367345028173,0.018185147631763467,0.0018825004378496676,0.001761655509162659,0.029741441247817083,-0.0032354151059265993,0.01577686468174831,-0.0016968147994173063,0.01677235191774408,0.02980086400243847,0.009410774292395795,0.012628060640752909,0.014207547709600732,0.013893205107332135,0.008478315800841432,0.011266231842939727,0.005809305289733611,0.011483991401750073,0.004010925745058588,0.021758112440309632,0.038659514048762646,0.024089236896491104,0.017032977354314117,-0.002158706602795761,-0.010392193161629495,-0.014610799622128629,-0.018092002737638654,0.008822902938982875
2023-12-22,-0.022736286712829658,-0.015755915847814106,-0.0108608073162035,-0.006860623431768528,-0.02391308822415432,0.0038238662413545635,-0.00893901214841615,-0.006011436730552734,-0.008021608774389977,-0.006393795624796483,-0.02236348433544999,0.009979890379417603,-0.009306645073819607,0.007448225323843949,0.0044768131563135485,-0.0016667665469473573,-3.694777549857406e-05,-0.015094632571036793,-0.0042599086733653355,-0.01646647804076773,0.00028390036312864186,-0.008171944089573453,-0.029993975565472203,-0.002590054544386742,0.001476990867980376,-0.012297946209808456,-0.018727355495484328,-0.024703367490304315,-0.019938416323070973,0.01174709217926837,-0.01952391668796876,-0.019682593797091447,-0.0007390624183678494,-0.03488436385510909,-0.02192418115512259,0.006002729507748945,-0.009170020487509478,-0.022746677947732743,-0.007689246113937969,0.00030925492082694954,-0.019360409378653933,-0.02003665862436279,-0.004856498477510391,-0.006875141651501904,-0.03644974612832598,3.279307667818088e-05,-0.002669698797751939,-0.004803669513004741,-0.012746597377675787,-0.016296965103518572,-0.026490873634127977,-0.02383509169124486,-0.004332123406164857,0.003447249847016524,-0.001666612081412477,-0.011721739263966625,0.004142263146183853,-0.016411734635749766,-0.01572785565307099,-0.03862917648533752,-0.020690218327412448,-0.03215705654151031,0.0038695627326943895,-0.006296200349880519,0.00154170124482946,-0.029984177472119317,-0.016985807588374632,-0.004663221521517031,-0.04242129760324415,0.003921836179570695,-0.00449542086770369,-0.010052309466158368,-0.00272022668840227,-0.024429054412343144,-0.03230023428636259,-0.007117604757434732,-0.025205085835532992,-0.011793552024995765,-0.014359298131109356,-0.01243388558001739
2023-12-25,0.01984287693420746,-0.030812224295758625,0.004124502205877101,-0.018183748054646807,-0.011593241834994605,0.021649725504288713,-0.013011220166249959,-0.012971930672167217,-0.006021246602351435,-0.01315730722954616,-0.0038768816860943176,-0.01009011220776464,-0.028861035972079715,-0.010656552813558052,0.0045812713617025755,0.0036201945829017184,0.0021449408049283624,-0.015755783638725276,-0.00309172464103786,-0.017892812934042834,0.006966271625764993,0.013955026989208055,-0.006211427568301782,-0.015689705633860775,0.004600345980358483,-0.0018646108241928182,-0.0028306211114483048,-0.01981235317879948,0.00326393980825144,0.00964824488917131,-0.019051614674199618,-0.0064391652851791305,-0.011889589614431467,-0.013658122716967206,-0.006970701670806181,-0.023402506643458845,-0.019582885399443643,0.017229951554723982,-0.02892483929880832,0.0009775250805869103,0.0023517710887875623,0.00038527391654655935,-0.01975033367356486,-0.004278952512359451,0.0056208631603834,0.03371749715856829,-0.003988700874839113,-0.0015946874739620667,-0.0019519140486675998,0.007101566022403787,-0.012366585003043851,-0.011129458440779715,-0.027106574985250983,-0.018996688270636632,-0.014279730401530721,-0.009899473196476487,-0.00043516886692761313,-0.03828688675916063,0.005563416116191376,-0.03229146775441913,-0.021370148092175547,-0.0008455796961563838,-0.0025571080993796575,-0.009464755433816368,-0.0027215461620629516,-0.037360036928364065,0.005049145408790959,-0.02259426913910792,-0.0037325561694555344,0.013779455914695222,-0.016136952462963212,-0.014084767515871274,0.010240689763085502,-0.008676554080524031,0.0024690492350659156,-0.0021964954340673356,-0.006960151207734562,-0.0009843199789550663,-0.0069794518944254,0.006976183716957671
2023-12-26,0.03636916322170574,0.02250697651533773,0.0069529826932869035,0.02578389366405027,-0.014116484980466866,0.012026375163466257,0.0180505226939112,0.021007840956181082,0.03724410685864181,0.03196073589135158,0.010435244168287535,0.02110809214335372,0.062415496326402274,0.03759365961605156,0.016679818776734984,0.011295844549009889,0.011538710898410007,0.030407882816016366,0.009752886737832658,0.017072000090883825,0.004645562338255003,0.030874730775431736,0.032336604360590375,0.03336065735394697,0.013316836248287625,0.024406945768423637,0.03294396214004537,0.025573099543212727,0.03168702962661053,0.02885398341486928,0.03454362312335169,0.04621119264421768,0.050230737468253385,0.029099253248928945,0.03013862354342116,0.0022259807330134544,0.030340095462392372,0.03045305424983124,0.03823194077091938,0.04901065325985818,0.0375306383983506,0.04030927869313811,-0.0009837059330284337,0.030485621170300382,0.04644681061038179,-0.0048192112237131594,0.03878974357236853,0.012201606115900378,0.0329783514737295,0.025804198135071323,0.014179387626509062,0.028677223353188584,0.02284302954270481,0.03082413101237465,0.030150681542591568,0.020494129044085124,0.056505266890757216,0.03033575494684739,0.028466427858274627,0.040531521408478426,0.011052533892761349,0.023690433621120728,0.03231522169019017,-0.01404225563815248,0.02258885227410389,0.039471660796727245,0.03736828191814255,0.015391758693812048,0.030415660248103778,0.03009249891910071,0.020931015582895916,0.017912166381879344,0.02017304892919989,0.03539274903939309,0.02579801928789769,0.009822514955137642,0.0033350894690216404,0.041757533607706454,0.040708023715107185,0.016738015004085102
2023-12-27,0.02836357612696322,0.022744704569859296,0.011726192654474846,-0.0019985224602665098,0.0029032217177709513,0.02700441951158275,-0.0048424669819379495,0.012185234754640699,0.028074807109186597,0.0017296491876633829,0.005037567838864284,0.0028779454876251007,0.01772330056732998,-0.005341677921314,0.017813802953935035,0.018958423942116654,0.00711927488511937,-0.0073238637577655655,0.01665232920213653,0.005707004980546534,-0.01599032871268054,0.0016966485483253064,0.031434564671884824,0.0013835972672090607,0.018162741471559246,0.020823224598956122,-0.0003274607683861411,-0.008698201995000446,0.013592853710385157,0.004660588207651003,0.0005928669230434794,0.024434603723464683,0.03651963233798025,0.0009081457542827742,0.00626518787039298,0.015696612724944114,0.013538487293851223,-0.00924640669076525,0.004336873584050056,0.013703249003926572,0.012517382349872158,0.03254221308411205,-0.018238408428031098,0.030190754724113346,-0.0006299468074898781,-0.00540259361683958,0.0018620385085713065,0.028936673659823768,0.026734100976962744,0.007515579358999462,0.00043482532725653243,0.005416690049956168,0.009932728281589143,0.006339901350180348,0.019418662842541814,0.021180718425636725,0.025474610616495193,0.002297481729552124,-0.0112259193178619,0.004922676282670574,0.022693202006321044,0.01057993566195194,0.009661285013039428,0.015227099076324852,0.011341489011152905,0.023715891843813005,0.01352101793104198,-0.00016638500068360575,0.02280591722399557,0.0025467862091013063,0.007360629604678719,-0.0016606118865769848,0.02119362607815024,0.008832212038974718,-0.0038079424933320227,0.038937653149717776,0.017074031036749357,0.028775574115173046,0.016910497345114267,0.013883614128157641
2023-12-28,-0.007276527345405029,0.0002953956332845415,0.027866372553617014,0.010086217126173795,0.004749188149175805,0.002908222639096634,0.0308432361368478,-0.008148710438531706,0.006250403738054406,0.008427482225687557,0.01409063861811842,0.013126069338984298,-0.012008152914334762,0.013261213909414187,0.005853132179373551,0.012298051234577495,0.0020268114735286476,0.019312065631261845,0.004123986317089309,0.004001677313901204,0.029686181485959414,-0.004069501306417305,0.006550317763053123,0.010501116410953746,0.016365453802756173,-0.011959929134886225,0.03523086402908736,0.019605294315505607,0.024597228661597623,-0.012413402499155953,0.0022194410922520445,0.006727348210601245,0.010082907524214504,0.024948056707965786,0.018071045176954226,0.0015486199327998905,0.029395185695348637,-0.01497812585355537,0.006324352403014714,-0.008169048599472893,0.020541835445932948,-0.001515810070113862,-0.004455366633231846,0.023192663207085913,0.013263359045693132,-0.005769457175991146,0.008227432181897715,0.0038333814885720455,0.01461388490168529,-0.0027853690814382695,0.011080578958758655,0.007923224639970776,0.013892967995705836,-0.023065091225034508,-0.003771905912895605,-0.009385440477708049,-0.010190523892596899,0.005140132015676127,0.009406720129917747,0.02388997610804764,0.015603911751271123,-0.011663790852691477,0.006336281295721233,0.0038584704509359176,-0.0034157605770722584,-0.002772386349746411,0.014988953340653408,0.015077913259946282,-0.007304514056145852,-0.006328930782128095,0.006192855440826292,-0.020533105939142572,-0.002035293198415034,0.006687661253642894,-0.005377635147588423,0.015246524476917468,-0.021713416875601344,0.008168198219575718,-0.0053921213503845345,0.010685218968282978
2023-12-29,0.009973637327325483,0.008774694383154109,-0.011617221050133977,0.021632216016634766,-0.009607694881399374,-0.004699782371193142,-0.001205097815436363,-0.005363640693277225,-0.018402951496658392,-0.006036848238279674,0.009890030235829655,0.025377465646616797,-0.012029477680586258,0.008989608762530398,0.004749882355036243,-0.00999813906676852,0.00565039364681527,0.0010895527269427809,0.007820214614716926,0.0025441591608774423,0.0021339307498216727,-0.0036878091953080716,0.010803714252554757,-0.016597095675290795,-0.01892622107295542,0.01595882076240752,-0.0037663191271749925,0.001217312432340572,-0.002341304812396933,-0.014365538193027336,0.016991221125688554,-0.011436747558851728,-0.006423644021263274,0.0016367710757254068,0.011659539877415907,-0.01592081652978277,-0.0251366609125887,-0.02273894608710492,0.0070316502174704336,-0.0048682317909792385,0.014868497944058316,0.011026724055429878,-0.023055351960177058,0.003214512269531915,0.002910016204776245,-0.0013943967716213805,7.48183769780108e-05,-0.008178342177774042,-0.004554945002545239,-0.007323511502610495,-0.005349218059177055,0.010305418651395426,-0.008759021518362308,0.0014731402380329366,0.0041608210446488075,-0.006822195231635348,0.006623742733468472,-0.020664315479622393,-0.023451347229180967,0.012291530330459833,0.004758875471115958,-0.0037657595469398238,0.01556184170561265,-0.008236183592213618,-0.013955219749888323,0.009848129419571094,0.0019902073222989956,0.0057625900915807835,0.013533657828466862,0.008336963894292887,-0.026881839507487675,-0.0013900492688708765,0.0015507372927120767,0.019012051409322616,0.010641010798900785,0.013148179487154145,-0.0039002899013402146,0.005590168022491267,0.006725007038541847,-0.03298241866964114
2024-01-01,0.016694375252610263,-0.004779914113065465,0.040085922773191965,0.012727028764519073,0.010605931637778659,0.018105447812953906,0.032003125411907626,0.016396913565386334,0.009743833618507104,0.04052703241840269,0.026457880061135343,0.006403813760131822,0.004344120704423988,0.039947768210211405,-0.009610633092279702,0.005401804341041994,-0.003002110711871382,-0.00037104202134632773,-0.009507858846052234,0.023918665819662163,0.017375014354842292,0.008515882074938603,0.01941048581541964,0.0058855963492282755,0.02222988331789924,0.02436940186407454,0.03159328878475495,0.0014350797055488577,0.0018269187213556656,0.004804298865349864,0.027273423817838316,0.01105025447665974,0.01775340748944324,-0.010408590657610784,0.020263896437156922,0.009550193841624933,-0.007589137373234397,0.00709053225349371,0.03020113550160176,-0.002536089472068112,0.02530089927529241,0.004826751921579482,0.04199127718886598,0.006871234234801521,-0.0032521301408666384,-0.005778634894508038,0.020174540406541576,0.02469872375147714,-0.0009665915519399973,0.00942093410273875,0.0053535541368279075,0.022730770428546605,0.00879921024035128,0.03930085438566722,0.020168210125580878,0.01802632477109442,0.01727003002901093,-0.008692931653876159,0.0015920104875098602,0.019590706858494462,0.024983229090956325,0.0026220261005339028,0.01591058440046726,0.0029359504897777553,0.012334956096427445,0.0292128473782449,0.008526595011978715,0.03024241113323705,-0.021716393789260588,0.02083505856755266,0.024233958444392176,0.011023160270546437,0.01644166044784705,0.010109532491797111,-0.010949308686542739,0.012429941248877372,0.004588534324365268,0.0034444622591710914,0.016882799946824286,0.005385263368441271
2024-01-02,-0.004478677934361188,-0.008852108449656816,-0.005128709237826596,0.008496133421885911,-0.024123871406582963,-0.005940461563789068,-0.00864989612055848,0.0035026315719952437,-0.014335895653682675,0.004071036270206153,-0.0029044427246154828,-0.004434540268922158,-0.009315680075263654,0.0013381092427601996,-0.026542105611423096,0.004570968547526687,0.0029688488132682093,-0.02006115730759985,-0.0003688381808482314,-0.010356101458119493,0.021162672755151574,-0.01848031880133981,0.008479757652711292,-0.002104680430350764,0.0035643746818215393,0.00516681694019926,-0.02116229109774881,-0.003801753506166197,-0.005694908491335704,-0.021020307605744578,-0.011109148399775845,0.0011585373167122158,-0.017082398349761566,0.016260805088422488,-0.012747231829324619,-0.015006655145525282,0.01169141727257509,-0.014839678318339364,-0.01750947884312853,0.012779563182865926,-0.010020569881033248,0.011931443670340672,-0.0014945327326358348,-0.005796558471335662,0.004052020618710656,-0.009890305391996146,0.0044768775678088995,0.0008492657685388926,0.008295562538804424,-0.017082666142616634,-0.011769129000517594,-0.014429793273639477,0.01754030559068395,-0.007490942931760121,-0.01994569103844887,-0.006382507707028079,-0.011799493059543847,0.021191746864422833,0.0031058439487387478,-0.012509145702243582,-0.0064203702798589415,0.0002818921284680955,-0.003837776934037118,0.002036133003228224,-0.014807955238064103,0.006775456015893898,-0.0017128932161117932,0.008421322184106707,-0.02639121566054362,0.00025882543865597294,0.005476901907882872,-0.0002963659765188641,-0.004595103618790187,-0.009328215422628506,-0.02823788755469128,0.0031205883104832334,-0.006937931828427714,0.01305818405324329,-0.024058907234181255,0.002132204939143674
2024-01-03,0.007194502584980032,0.002686091321906131,-0.02406937774982313,-0.004517900385369532,0.002648678102281427,-0.008739063089682378,-0.006391315644534745,-0.02585817898406455,-0.0013009563990194614,0.007655512738652976,-0.0164275716806711,-0.024980048390195898,-0.0009390818534500908,-0.008480395339005738,-0.02082196276005272,0.0031292878485835547,0.011819112247024532,-0.006464996210274957,-0.00936850638337458,-0.0004472782029753406,-0.011250799855948792,0.00866964833837303,-0.017622737844206923,-0.01139338527087004,-0.001186939139087332,0.004392671794704222,0.005488291022527824,0.012632029991658671,0.020194490271105987,0.006680933516663233,-0.002934507861238964,-0.03960076945460757,0.007008341713882434,-0.006286506999378693,-0.02641677409588981,-0.005788785778566937,-0.0077398114969723245,-0.017660662167339216,-0.013797271156860455,0.01867805367780226,-0.015254939386332019,0.0025642648113108593,-0.008747838668397465,0.004272510555466144,-0.0017997200195450824,0.0020572030688692736,-0.027551157174612085,-0.013517769800656068,0.0014121940203471882,0.02352513269194808,-0.01819995229654757,-0.010132637955095137,0.008403032184202498,0.0074241173724676965,-0.008111447248944088,-0.0295406100265442,0.002278818326729227,-0.007699425502611868,-0.011705600334890386,-0.007792915708049565,-0.0029430816106301473,-0.01071420830926446,-0.032513591305903214,0.00577530066675719,-0.010449761032029782,0.0016374438674914768,0.006338329817118762,-0.008226957256345386,0.004762047189439994,-0.016822394374705167,-0.004809360765001284,-0.014911141997583212,-0.021035290508505642,0.00977914468974233,-0.01673826142520623,0.006600121793868884,-0.0007666679401233077,-0.013266663095979025,0.0010932200002023214,-0.0030955133576327037
2024-01-04,-0.002443590079552846,-0.00045614563237460855,0.02939822648476539,-0.006597757233990625,-0.0013776088094500304,0.011896042929877018,0.0247031904229132,-0.012998413542048105,0.002304121839846759,-0.0010697378362323957,0.02120210039309324,0.01725864220551502,-0.0004402669140423222,-0.02573133256853422,-0.0051543302125202865,-0.00410505624248261,0.016615318902801032,-0.015534873049213475,0.0039703795181375455,0.009046097969251241,0.00629363133894523,-0.0032836919088597358,0.0009801327711483378,-0.003936403732744392,-0.00897260633652561,0.0003067734772177989,0.011269659334775407,0.01890802571646269,-0.0008950019001826583,0.0021504800569672015,0.000230793758435344,0.011405778137957175,0.004977753262001622,-0.01026989228424864,0.05036951854053867,-0.022048793985965456,-0.00666849476232953,-0.006188217955549189,0.019467071574288397,-0.008122329565068972,-0.008735873819938565,0.005008581154691338,0.02601408227454951,-0.018940880763199233,0.009108744714093682,4.812921565558459e-05,-0.014736851671850439,-0.017596477862605684,0.006782347660667482,-0.01025298322979284,0.007311061693267175,0.01167276308153168,0.004798040683624535,-0.009768702148738498,0.020467322940102714,0.0026628716405192603,-0.0036434879499308405,0.007592220774215229,0.022716622011476516,0.0032186978401905772,0.01433287479037084,0.01038908646384597,-0.006635174597075435,0.01256356724790404,0.022213841346844617,0.0023807949672460587,0.038193912697056194,-0.00991444615888936,-0.00275271220218499,-0.01831990825346358,-0.003431631689475468,-0.008449202747146133,-0.0019524600835350422,0.008130817306270289,0.0026879420591750455,-0.009007805667309639,0.017547468048835866,-0.017398771669589905,0.009525785529002182,0.02320951275244714
2024-01-05,0.011526503009856779,-0.007363416307274411,-0.023002670259272585,-0.008985578591064226,-0.0066056288953898175,-0.025661504598201795,-0.012645978151109892,-0.005000276608705062,0.00035246517568305203,0.004385140947397415,-0.0058964590054859205,0.0031136905548016574,0.00012496221816062363,-0.0038770644303237497,-0.02462041484270821,-0.012727340621761883,-0.0055556841056162804,-0.01686118457320045,0.009075082514802189,-0.004246269361328495,0.02176381346560748,0.00010626052699654314,0.0031087955854915243,-0.01576185660477116,0.010733946026579491,0.008426719417959715,-0.004340645896614743,0.002244029346025408,-0.0015403371088035084,-0.011776607028347614,-0.008712607109838122,0.000848879314460046,0.013224487046997791,-0.0047434850014836894,0.004071742436981875,-0.01686538049156449,0.005023494091524628,0.0052933342918117755,-0.009985369841319099,0.005043082626863818,-0.023920417076646196,0.001033639191354647,-0.006284378198253849,0.010308303920506776,-0.003997246186495957,0.013967906896345382,0.01265001809535904,0.021912791311406672,-0.037517635913454264,0.004842514755664001,0.012697975025701282,0.0009004517727773968,-0.00037468083163360097,0.0032084724288783204,-0.010060047150612404,0.016987664481972278,-0.009401604089156527,-0.0028258794251059685,-0.03215959678452826,0.004377618781020266,-0.01603251540651725,0.016168228303944095,0.01114288462622082,-0.005381419435645123,-0.03223338400479518,-0.007462365762126687,-0.0011460823227588898,-0.004054555776509417,-0.00929206424550266,0.01868969607541154,-0.01314933765854889,-0.0269078265217673,0.0010972757071592374,0.011413923782114595,-0.007588989130207734,-0.007223433374518558,-0.0034060578644991768,-0.0055713338287534,0.007997069303180542,-0.00046819898021037355
2024-01-08,-0.013157919112028757,0.006650505738264361,0.005317417168325754,0.002655385498585565,-0.0050992287771933365,0.008870784970778822,0.015232041122866854,-0.005503090313623853,-0.0033819218790175887,-0.0019333498253184672,-0.012090492879203527,0.002566529359689323,0.031110339781334668,-0.005591822740096639,0.0082985942075103,-0.012428998522567805,-0.009688105073162187,-0.03893691487139224,-0.008700164679137482,-0.015006397178912528,-0.0027430511819865424,-0.005928799664091532,-0.025298688487506236,-0.005135496884827288,-0.0073197426533017414,0.022414196592380448,-0.00776718437375333,-0.015092667744452143,-0.003224084304914162,0.005368633114524983,-0.00944768526873243,-0.006850200101475209,0.0033384003930538213,-0.015428227024120179,0.011773177889253842,0.013607606145295784,-0.0021917253518131067,-0.014728408550133647,0.009439898271089611,-0.016272858923049242,-0.0019087624534731727,-0.007265509321872194,-0.0005847378838068854,-0.0036991943676521494,-0.019627600334082822,-0.007051071465476147,-0.01111470019045676,0.011062347118889957,-0.0022025685175049267,-0.01675112258105335,0.00012112459501733598,0.00863173667651827,-0.013954590804047623,-0.011768910489047248,-0.007078257101283066,-0.010032612397426121,0.0047718777402531954,-0.0029865050228457058,-0.022393115652913964,0.00216483219247734,-0.004980213549984833,-0.01159200326735588,-0.009719378586751318,0.0024716425706961006,0.00967545591213912,0.005960978542320284,-0.018420805006717278,0.01905620586709754,-0.010456782368530142,0.006015882125958341,0.00801171026187925,0.0021779093478032576,-0.010511193737266916,0.0021366045678900764,-0.006713778764304512,-0.010134755485272234,-0.00971687976008475,0.008278497420356547,-0.011740742666071398,-0.010477155022377239
2024-01-09,-0.034131554281561075,-0.030089530756311062,0.018107674043582902,-0.020746936219076327,-0.011499186880102513,0.006357937313136871,-0.021035317588031573,-0.006681564854407301,0.00031061739592057325,-0.008664036591301655,-0.02378331644714288,-0.016835753663843878,0.006933121291530928,-0.009099607229618709,-0.008814554124446384,-0.0036982542175852157,0.003168397948928937,-0.018348468256384393,-0.02479379028989101,-0.00027013629282063127,-0.02024775065997978,-0.022198572539630788,0.0018952689055805605,-0.00965586692607338,-0.009303037438183117,-0.03455869175671926,-0.00066934458306157,-0.022451608947760774,0.007345226167823713,-0.004274032722283412,0.0008834760934375175,0.0007848962685537116,-0.013047395527786642,-0.017192773155498053,-0.01675824071723741,0.003597418785634618,-0.026999417967357095,-0.020708093620428355,-0.013464218238789879,-0.028494039238894292,-0.015874473418225926,-0.01107871825216464,0.0037503968330519413,0.005600312566954049,-0.023487281393628913,-0.002048921542078942,0.000309130437485124,0.0020614470430841284,-0.0032333648501016235,-0.015709049555919914,-0.011623119676359445,-0.0181607681800511,0.0021250609329315114,0.009736799103968555,-0.001088579255289177,-0.015829870555533514,-0.02318311967907917,-0.024436917441090503,-0.022147246252896588,-0.008042858942384686,-0.017811909761773926,-0.012472049172708348,0.0023655248704600885,-0.00641270669075294,-0.015265860020153269,-0.01088705672857143,-0.0018105600441395298,-0.013417343340898509,-0.02809304845119262,-0.006202049005010811,-0.01762994977132952,0.016813276783086063,-0.026417166206072956,-0.0012034465744000184,-0.01156208227335271,0.02035786351034577,0.0027219763214189,0.015806512895224098,-0.04189088960041065,-0.004119789181076703
2024-01-10,0.00522781630161236,0.010845244548643607,0.018598380537559998,0.01928846365646816,0.0004120733968843875,0.01766671415264233,0.008089497181643895,-0.003373558223669728,0.012209050475240802,0.015143971223337388,0.01843163988991285,0.01804747544194545,0.009810016242409576,0.009959857042226565,0.000755745514817407,0.0048128635076630545,-0.01307175164229241,-0.029033541488413472,0.019732897099406312,-0.002210031480558627,-0.011762374615974312,0.007866886598487138,0.005479358709194211,0.007988224400123586,0.0010626081483124643,0.004709109464199297,0.006327652022113538,0.02614945752902039,-0.0017594931410040444,0.010636872526924128,-0.003711284017896689,0.030369883154574017,0.012800707221927787,0.0028670425201265167,0.02273232213828135,0.009645534626417127,0.030519818094740834,0.017749328294215855,-0.007133474756471038,0.010041091272544267,0.019755690697682127,0.011000402690204514,0.0002636834878792342,0.011311321786708572,0.01468033331672873,-0.0008650284690948024,-0.0033396549733182845,-0.006754872281980138,0.0023804503231042128,-0.023183275199481972,0.001086195228735664,0.016012768854339245,0.015998627348597264,-0.000527716814426097,0.005333179595929398,0.0039672224386548514,0.00853639693996598,-0.012768279632449388,-0.0033364547617777632,0.02407255806329149,0.001648028770434554,0.013267890934131443,0.005332571005448804,0.017724989552544135,-0.002962260295496009,-0.004220641003355369,0.008830774827215889,7.157419257436057e-05,-0.026303344322317665,0.008775912005602196,0.012584841363224384,0.023913730403555593,0.006127766906417798,-0.01435545493475784,-0.00033448011643865544,0.0008134621635824298,0.00247714237857201,-0.007011352029889381,0.007880157353475041,-0.009921140407300954
2024-01-11,0.01878085843432306,0.03688003066249122,0.008031639678528405,0.000514598320771345,0.04106251933198018,0.024060312729935696,0.02457294880439845,0.0015632626776000266,0.027653694542753314,0.019129800251785876,-0.008823608805646461,0.027511249664482047,0.022173235271970335,0.010623625715818699,0.006920576933440577,0.021328793909787393,0.016541410375679657,0.01011256797981775,-0.012240291466284345,-0.00194083858330746,0.032056495491359804,0.02738493232163769,0.02969375116300274,0.012510031029338302,0.004606179216276589,0.014584688705990815,0.009222633649750997,0.011245961815210734,0.02142499648863137,0.03174979214099945,0.006517120309769172,0.014884314505899585,0.010149681322423377,0.016976673247282754,0.0003799018564609679,0.015831930464164083,0.0024063698400921575,0.0026221862830445586,-0.01203148071774535,0.007557168038125305,0.014400917275705881,0.015589938574235015,0.003246760075161825,0.023527799483800026,0.031997852571905974,-0.001091067210508669,0.025527836209897948,-0.005933044581289803,0.012276161588757321,0.00868007677098375,0.012123133425802948,-0.003972922139901846,-0.006018331895322368,0.007697971679702197,-0.02613606852367428,0.019334954585785054,0.026963965343445945,0.01076929078090451,0.011392071484961233,-0.013805467171292074,0.01881888313295818,0.016555135380287415,-0.009812516766949353,0.003930449100731973,0.01575548078129868,-0.014767247416152263,0.0018981444132194873,0.014708184926134273,-0.017419490063167353,0.020780001674080027,0.029484413184168355,-0.005662365054436515,-0.00028009463443234156,0.02115933658031463,-0.0016027338725562472,0.022924389506731514,0.008462282341976947,-0.008256445807463642,0.002335086998230918,0.029523134494049832
2024-01-12,-0.00994317431257678,-0.0013086991775519436,-0.006936828174997362,-0.021433153781722246,0.015134299700457241,-0.009880521105697891,0.012676258873936187,0.0036226082705910463,0.017527112190270158,-0.02466224902613732,-0.0011221606439981682,0.014421789576537846,0.0041171576150592065,-0.002664126493511605,-0.010096960788971059,0.0017250269941043962,-0.002049753112226554,-0.0001883384636359245,-0.008095941170312869,0.014679014945250271,0.02097564119156616,-0.013272158061579763,0.034033083202168815,0.008835438141926954,0.016352836020499556,0.020523899126330607,0.010152843991843314,-0.007672421772104882,-0.00962894954811847,-0.043442454362074334,0.029870086462277082,0.010015697583703204,0.01672285728156651,0.010652946183708661,-0.0031340432592216333,0.0091632988344715,-0.006623879602432806,0.0038899343423337536,0.01682609682029186,-0.005658116782527132,0.04631757961399527,-0.012215815470697586,0.011310213073733429,0.0039615023361172005,0.028064577277436505,-0.0015678706145723976,-0.005946309713574043,0.015977475211949515,0.0013322598667065647,0.013669630647607381,-0.01111336561921546,-0.005664678625090133,-0.00018019037467703614,-0.016718356209202197,-0.011210694975249616,0.023486447185792715,0.037638707956270015,-0.018905360751656154,0.019553361389520883,0.006911230465328925,0.011234913331052395,-0.015677587400692475,0.018092904692030377,-0.018340144124160726,0.010403166705972714,-0.006188479289285783,0.0018770104058952173,0.01811120032071463,-0.013717310777401553,-0.01269055064446424,0.0005200888427240062,0.019224801296206618,0.01791271098127932,0.025517253097228187,0.0062142384742509636,0.006772806800419253,0.002255226341446275,-0.03401818251639444,0.02664128271678783,0.008190802941470687
2024-01-15,-0.007609060053490756,-0.013476866188025982,0.016907513704511077,-0.019982955255903895,-0.0191653750507301,-0.013239136019304602,0.0029129288147816713,-0.0074099491842865295,0.0018236398127135225,0.007317852720662484,-0.0042528311687989265,0.014062583215196081,-0.022150650414878598,-0.011776106208947326,-0.004142108949006806,0.00353181363517608,0.01123656169032178,-0.010449968026182472,0.003267504763507003,-0.014399963466477525,-0.008748462341605161,-0.0006760559922963615,0.0019160193289310913,-0.004577673984267178,-0.012945942159704661,-0.0033917542285014173,-0.006470621779092259,0.00012899682029246995,-0.012269734404557727,-0.012414881075431008,-0.011048233983387546,-0.0040290723958264964,-0.014885404875721325,-0.017157083934434412,0.008479466033782372,-0.012288936366837413,-0.013208922542815863,-0.014141593999474462,-0.005959790362534074,-0.0025343273724860974,-0.01204700986994098,0.0025559178485634214,-0.005091415621587796,0.00047433034662739456,0.01083752131639856,-0.009950020021010047,-0.001830908704128626,0.008387010688683704,-0.013240675705513412,-0.02130902614757718,-0.00030607640541604266,0.004077565963708132,0.003291434066844634,-0.0073066804901715686,-0.0017433650247355849,-0.012129252939998066,-0.0005236537644954858,-0.0011400392407207073,-0.011070193729338342,0.015367271338842137,0.0030956439932921668,-0.016455501781416266,-0.013912390012436337,-0.010812036683988885,0.02668642131130932,-0.0271032054390554,0.028858451762678206,-0.004383756296302764,-0.013609598636525638,0.010052015834518473,-0.008088717182674066,0.015220947236391131,-0.006281606423884908,0.002695751033490735,-0.0019168934501823402,0.01967591161856303,-0.01324778633537672,-0.010183333558913243,-0.005867927077479166,-0.007643074214093682
2024-01-16,0.015432901879112993,0.008011308792247408,0.0024465186712488585,-0.0009661049815222894,-0.01898884558780386,-0.001762140909911656,0.012618417290167066,-0.007680359568019016,-0.01698969687552292,0.01036226209698008,0.01603596792106708,-0.011537203111054205,-0.01573587494068024,0.01603048694980393,-0.005225389600701617,0.006861429652309203,-0.016623545426336726,-0.002892037816080206,0.037581304669652954,-0.01677748349611638,-0.0179354759340432,-0.016250714001009223,0.008164125863711996,-0.027089158373661208,0.0160545607772933,-0.0021115686958774675,-0.006437530308037727,0.015069940198989338,-0.008811224105890154,0.01738422687558076,0.005128806010793654,-0.005271572218444212,0.001566896777938748,0.008904759037350064,0.006813697874876382,-0.008078953328590056,0.016692967267701593,-0.001447012581219322,-0.004473385858897915,0.010848708649735967,0.002370829980468667,0.00794923166021703,-0.000298276487461095,-0.01351275335404064,5.1833565467677284e-05,-0.003260088781555697,0.003615108445378913,0.01640458860090461,0.012783888712806389,-0.013758583662053214,0.02224873543457085,0.015252708633355946,-0.007160118655626435,0.01382479079002753,-0.0027110634823826647,-0.0015452801393617249,0.005958423106337529,-0.008334385273012737,-0.008291855196426098,0.006641346694482815,-0.010877821570731815,0.006888294425565494,-0.0006410143499656629,-0.02591481419746873,-0.00914737936151026,0.012380120924942872,0.004933585153469968,-0.0018731107254353699,-0.01623911102394234,0.011686612051795279,-0.014809065846332074,-0.0038010118048333293,0.016200442770038362,-0.010083860945397424,0.012063291440976443,-0.0005994587183729538,-0.023621863604358237,0.010463578001007215,-0.020862218852280325,-0.003260751391377823
2024-01-17,0.02166095332405042,0.004497273915289391,-0.020803573038673362,-0.015452774335931474,0.0063877824471821896,-0.011623547886570025,-0.02385877592501391,-0.005122987842381838,-0.007931770546571373,0.017163339991000892,-0.005996325354875731,-0.006952035176431018,-0.018370620192332605,-0.002886238445261485,-0.021677294622855774,-0.006502806677793275,-0.0178517415256017,0.01625787213715955,0.00583383952644821,-0.004071817896135914,0.01627210476075925,-0.0014414498717618997,-0.002049117487373001,0.003936448849439941,-0.011557362848600452,0.0035571775919834812,-0.0026479875287181427,-0.026126970563609374,-0.02371950933790222,-0.004739251443864339,0.005638589560218546,-0.009068856709456653,-0.026986899011935413,-0.006342774601982041,-0.02135061919823462,0.01166980099109327,-0.009054369668790422,-0.0035096348191083152,0.0011679627205117855,-0.009770105214302556,-0.010237475339938542,0.003988516863176424,0.012333402144941783,-0.00875071934188526,-0.0023671323760563294,-0.014943036126114001,-0.02120358030378206,0.0021634296374362094,-0.0013796294721857873,-0.0007189659165361233,-0.003671369727497256,-0.004887643571206994,-0.012551366655801352,-0.020008626779168794,-0.0281703762981008,0.0021730267842510155,-0.01245808171719533,-0.0009181420503272582,0.0008543004356729744,-0.007782530600806657,-0.017184845597397823,-0.01236443490209196,-0.0022258547698719554,-0.0006594677033433216,0.0033800262359573677,0.014974225034963139,0.0037222049814321046,-0.02583297464531486,0.015525466962895654,-0.00773126437050464,-0.0019695654844621713,0.01258348344285587,-0.003116351688903391,-0.0153573202189795,-0.024947739897385263,-0.024473557741853613,-0.018853641958673974,0.004943933338495375,-0.0031661570216350247,-0.0008354640299186645
2024-01-18,-0.01018065707226068,0.010816700848513902,-0.014035820126600944,-0.019946691516443515,-0.017056525056291363,-0.0034645974539654865,-0.008795990162127593,-0.03291325315092332,-0.008937193203700832,0.011407588171396529,-0.01955437595607562,-0.01416554492527335,-0.015152977971666289,0.007350113234583348,-0.02921279537537151,-0.004591052339612155,-0.012622475471383968,-0.02511887568907687,-0.0103339533031572,-0.007050025773355873,-0.013860477243547121,-0.018749433623786456,-0.017474593329889355,-0.02030512649745012,0.009976273009916284,-0.02076848863864971,-0.01047936556436148,-0.0077340260675740884,-0.021067050697328466,-0.009327825891338227,-0.02234736584571885,-0.035132265056764284,0.00852904994967859,-0.013354015319066591,0.00024732245120698097,-0.014679933825304333,-0.006793668477436317,-0.016609540187987284,-0.01813261870357894,-0.024742611757155242,-0.023404263153098098,-0.019383351238668866,0.002787351424437175,0.007267138670744138,-0.012154125389115589,0.011570572981427801,-0.018663716027547465,-0.017421204120079366,-0.009812734165231426,-0.0012862231377834543,-0.013744265426354714,0.014028404837589986,-0.01902636970564047,0.00320253732040837,-0.005746404017082984,-0.003782443849118711,-0.02036089392866085,-0.03691040485219774,-0.010837572133825838,-0.009537763136166902,-0.010644228061212471,-0.002534892336220936,-0.02067001421392279,-0.016469993685571973,-0.007120855390838266,-0.02994281560733081,-0.01673263199596737,-0.002830827337977693,-0.008050794163611107,-0.021572010833415506,-0.016520698495070547,-0.002785767826442848,-0.001500077098115813,0.0034575052185288075,-0.023816027549731666,-0.005561476090215209,-0.010817051723154537,-0.02030092287520959,-0.02080999945829083,0.002070006982772604
2024-01-19,0.002653837402336395,0.015329116929854798,0.02095551195689268,0.00287877103333018,0.019224799945256985,-0.004416410143193445,-0.012659927396546297,-0.004050861030721752,-0.004583859065568076,-0.009694730701314639,-0.005799340147033802,-0.00098427375568819,0.008223101039943451,0.020985349363538013,0.007832354327701652,-0.002005458521120002,-0.008055250930803703,-0.0005316807272562861,0.006724139517656416,0.013426974249139443,0.014475456251283523,-0.005163953683727186,-0.00300735969198836,0.02082104836854761,0.012202620591426024,0.01753975326248995,-0.011925617434558182,0.010746350784524109,0.016528629746359706,0.010114427409549863,0.014503144661319915,-0.0077554463684827765,-0.010808368416260863,0.0013285026095567112,0.006073853382894006,0.0028203166945483006,0.011610300728887643,0.0011129787362770178,0.003197976954669244,-0.0069450695682850465,-0.018593041741283643,-0.006636529548391188,0.017010630447332274,0.005225441572767386,-0.003918861303316441,-0.014530579534600359,0.009725556323363891,-0.03037124487789919,0.006210939559533262,-0.018692256248829475,0.0020187679828721113,0.01856660672799639,-0.0019200360716900592,-0.0017232360560088473,0.01727783359444548,-0.02565759094282717,-0.002317135635483611,-0.0015890804258539967,-0.0009232990692737183,0.005132049660220693,0.012654997190836901,-0.01703269769205268,0.008339744102153983,0.012593724516090973,-0.00546993951678937,0.010230159482509356,-0.009070985882220727,0.027923554197869266,-0.02212292165403431,-0.0014573827524153888,0.004493849251485213,-0.0306171847772869,-0.016832082510774747,-0.0011616339343328997,-0.002903774932554854,0.009699690354522972,-0.026663175054422554,0.008343696889163912,0.00014057039707892922,-0.005728533122973074
2024-01-22,-0.006483128121259146,-0.010491109083028093,0.01656450756866047,0.016897562074369772,0.008586543592150178,0.0003914037307605105,-0.018918108281680786,-0.003976011408479033,-0.012463555461369444,-0.005922739357469852,-0.007796371144617578,0.018964237216400052,-0.008787896131658073,-0.012520006555156978,0.0014363053843218735,-0.004509105557206683,-0.0026420952663128855,-0.01075816534817525,-0.003651977438830563,0.014218921770424425,-0.0008501385421436289,0.010380732242999343,-0.009188904808735146,-0.00028865446433793817,0.004000556706498811,-0.006458158858036335,-0.006511728471569384,0.007589337596108828,-0.014004775144980879,-0.005113953510888791,0.011523735239740499,-0.00510900147660055,0.0016065151553746595,-0.0006924324866094892,0.008581890700880683,-0.01820138036113177,-0.002711755419616833,0.014902707615474584,0.010840386786158172,-0.0010958076665976064,0.020998837040546683,0.013263743605127585,0.007392051608235219,0.020622743023298674,-0.0103431946026769,0.002309778162761006,0.010859720938109923,-0.005671853042425987,-0.0032887067544214036,-0.018957643247324987,0.001370179275547982,0.008886021339959842,-0.007246845119317687,0.003881696369828361,-0.028000371686474915,0.0037159408820649628,-0.012477193087925118,0.00991801810934927,-0.0038872599633000566,0.011763064134010301,-0.02530523159765769,0.0006604279859308078,-0.0050238790273172814,0.003622511172848025,-0.005165420084920863,0.009885242044897826,0.011308766735363173,0.003488393138674025,-0.007214122418336871,-0.016469580585575044,-0.001247901860544734,-0.00997934854931594,0.009903972089670723,-0.003057447875741719,0.007240216219169802,0.013723525421960136,-0.013633571241959182,-0.009404830571499372,-0.004940480205646118,0.012552280420364473
2024-01-23,0.025864419217823724,0.011415524791395387,-0.001702465783262195,0.01922396365518682,-0.005901436379293622,0.008189629525032131,0.02860845805542253,-0.0005709103474192661,0.02439514235557364,0.0026373824077723313,-0.004167368481557252,0.01888320464854238,0.004942642091966218,0.0003872607699298954,0.019151994607341807,0.01366824218681725,0.007885985338870924,-0.013814225582097226,0.01048574930953432,0.0030614055609729674,0.007366710794043593,0.009218549181230135,0.021417037799797173,0.023430196677769657,0.05301421986830834,0.008827295945262065,0.004319293140748415,0.009551464820236217,0.004731503417768586,-0.007155720445870033,0.0018487235353639607,0.04092855704525893,0.013193701862896617,0.02087341451122031,0.027060950810975704,0.012609870206829861,0.02082543530774979,0.011190015553986283,-0.0030368098921765407,0.01741893821878557,0.015745727808278574,-0.013311186785135239,0.01766778977107172,0.009671439120887717,0.010567358695696211,0.03730338201793516,0.029776222447982875,0.011794292132632715,0.025068179677026875,-7.097951989414215e-05,0.0069961952515549385,0.01635076808671029,0.0034695932683283387,0.008419076198787165,-0.002090155075611869,0.01157358910320566,0.023138636041544702,0.01886181901766665,0.008523296223866397,0.02532455901874526,0.011556278700599443,0.005633039435703884,0.011461423037313881,0.008835302352978643,0.019632986526752678,0.008442159089825752,0.016790424393165995,0.022087748435072652,0.005968966423637666,-0.009262340747307517,0.03070654653239044,0.01694284551091149,-0.0028907828960036182,-0.007532101348167105,0.013590861806240247,0.01055067146589442,-0.030123075026887033,-0.027299667398037686,0.011878896452846364,0.02592850052048573
2024-01-24,0.029699322621483455,-0.008547036229007456,0.01091363927413363,0.017917560740402974,0.0076166261368735815,0.019420960669474404,0.0006809995953155398,0.007579607112608085,0.03531117102185306,-0.001692872259173945,-0.004126182341595451,0.02085130728756646,0.011227698937632648,-0.016623539813416615,0.021837992340335323,-0.010392408099774418,0.023199263590334473,-0.00011436710655894373,-0.00013475467896893777,0.012351174680187229,-0.004469085134216296,0.01829438303372912,0.011074579379723242,0.001935262948015251,0.033121178252752,0.0008214102169705294,-0.006979540187982735,0.02128977291067939,0.0005994429382789983,0.025000729382174618,0.003262445966351522,0.0012851301732746305,0.00453138085657611,0.0022539258504197693,-0.0034374674894680473,0.00993360674642442,-0.009752464323753894,0.00833503505211552,0.018027311209984208,0.017390020186241188,0.005833010335581382,0.0075237754047687636,0.014633977799907317,0.01800564346987827,-0.0012731828404295544,0.014598174050233847,0.024998009528924062,0.005562706021612934,0.014873635431766046,-0.010119210828762416,-0.0034566021796707406,0.02226038035184002,0.006746455121453714,-0.006984569438519538,0.023565772585040674,0.017516726100693984,0.009184753863743522,0.03375497476999035,-0.003908516085868208,-0.010101057319922427,0.004562706037171393,-0.014373120595024902,0.013855928243857663,0.02013864660199049,0.0036434399106246053,-0.0036773516352036654,-0.0033076336426631314,0.005049901566764778,0.0030518248373112254,-0.0015360042507979689,0.01651227481961076,-0.006584603761696084,0.014642298438985553,0.01159200394715415,-0.009295411222159988,-0.009284622535954398,-0.008698116000552831,-0.0013462087396492579,-0.004634849393827323,0.0223672280075945
2024-01-25,-0.020587707850780984,-0.026835793803725166,-0.02520648667915066,-0.00961194018044596,0.0045755713280371604,-0.02438497923164011,-0.015290860965874582,-0.009041510262807605,-0.012717963975395256,-0.008273822259641796,-0.0009227633854243088,-0.014439872639740165,-0.018733293476735694,-0.020871506303031084,-0.03220946454087581,-0.013494065333035416,-0.020686368909715567,-0.019541078321129782,-0.007693917542763143,-0.023626750514041308,-0.020341099421000826,-0.002582422885533387,-0.023918978274333876,-0.021191872784431423,-0.011709202100721048,-0.027468647904163153,-0.011503761493288144,-0.030377875661748502,-0.007849667383951365,0.013626407529899486,-0.0032570055770343737,-0.006124652258653222,-0.015234717351547904,0.00440915842677924,-0.03889591310099636,-0.017410779719551267,-0.0018396989675858906,-0.01976638381468549,-0.011709023708666406,-0.022221183328269015,-0.001380173233855024,-0.01995166418593458,-0.01599430154700189,-0.03150943221715462,-0.011919499633900692,0.004747749551274896,-0.00608310411624189,-0.02642133142599285,-0.014956109962166057,-0.01072744112582278,-0.014601820010407286,-0.016139223400104003,0.00555819940361549,-0.015016972627195252,-0.006729341520650587,-0.007192123513158798,-0.011345591271463397,-0.015853558319612743,0.0020184867882397286,-0.026554658216701096,-0.03174704429030009,-0.009529266275775418,0.009007939466883021,0.013483088607724923,-0.031357338739960806,-0.020716329941739078,-0.035793042636742836,-0.014692138439707505,-0.0009337563924064762,-0.02943874735635385,-0.022736867344669863,-0.0034795668859071253,0.005860568025035411,-0.002810083492405706,-0.02187664812382984,0.006345959237209098,-0.0019495539866306363,-0.018490721895039388,-0.025982041296033022,-0.04297368048158656
2024-01-26,0.035195353672272445,0.04301838747110149,0.019094801841822103,0.02205618837710551,0.008336190660632528,0.014018162766894382,0.000207983082963617,0.016875187221707486,0.03394097518881034,0.010326836746137885,0.012447668185515438,0.029135632351946703,0.005418902856785639,0.007953735708350698,0.007567091851579477,0.007873046610915077,0.0031724439704889328,0.0184212895084655,0.032842162889492946,0.02440310884145397,0.03554657379570953,0.01988301435969629,0.014360919515037556,0.014037045053954408,0.015393613760520753,0.02055942981719578,0.021754944781078846,0.028937328823798646,0.004821941642166233,0.006486390358684424,0.015329337043796468,0.008550227591337098,0.02002310672468311,-0.015869302346899355,0.025366328330440134,0.009964068918592837,0.010421774019674462,0.0005803182175658419,0.015869514985980507,0.005078433110415694,0.0017660038815807116,0.01674842724183779,-0.014068455652974727,0.012215455321779124,0.021325145843406675,0.0006808875767681816,0.024823417732779733,-0.002841292299928074,-0.005214375991784651,-0.011539263280097014,-0.002478229117899775,0.001232855276236046,0.01827306468228785,-0.006895895935121722,0.003384979985921073,-0.0015491309007206154,0.014946834720874075,-0.00021421305289032883,0.031034768770179962,0.013956440378563598,-0.007964577976680197,-0.017248564305036913,0.008201079418417651,-0.0013952151950732215,0.015475681061159683,0.011720163227146673,0.024209873060069855,0.021116315814912887,0.003535848367326607,0.023985371129437542,-0.004445950297419343,0.026425829235979907,0.006066186732281842,0.023854513927049875,0.03773801710999034,0.024797891233480494,0.025068206060868566,0.007998853969400418,-0.01998873461920809,0.02874076092258382
2024-01-29,-0.0030985181355043844,0.005749530645687094,-0.006798923286562974,0.002436453421743788,0.011829206358418547,-0.004228179288975609,0.004053074733383686,-0.002731274211211165,-0.0004984729476803507,-0.00029790559486371883,0.012032850683683817,-0.013676173395197349,-0.0013473851079319713,0.006057792559424761,0.0013183992068566794,-0.017128196943649702,-0.0007450671693609301,0.010606523615574175,-0.007242833056497748,-0.02150044561400671,0.004377387531421388,-0.004355278563214299,-0.01963558852420646,-0.0034712772818793086,-0.01994289020727069,-0.02125318603617226,0.007205554186144511,-0.005461687767891675,-0.020375457205948716,6.911578276554923e-05,0.02712106751167057,-0.004362206230211562,-0.00756416515273132,-0.018427341124755296,-0.0030351924812797217,-0.0213645403361354,-0.022933043855992694,0.006289444194221212,-0.020124880653507454,0.0009321178476136428,0.01696570500973691,0.0013394820449589943,-0.021269290481569215,-0.016416644286008048,-0.01751951934537877,0.0043676840848128895,0.0009786671055221794,-0.020191219133854545,-0.0037909772243711415,0.008249543497262757,-0.0015286068798635547,-0.012103027024825574,0.010200096249469262,0.019638530790364317,-0.0012252405450541388,-0.006665490892755069,-0.002729806556534725,0.013108223762602563,-0.01395561958847041,-0.0012835133414467693,0.013794332826955401,0.018358451838415425,-0.02819369116893888,-7.984531065312241e-05,0.004009095526233624,0.005909235592983637,0.013739256956034765,-0.018832790798891177,-0.009335455393541558,0.009882072908458227,-1.2397473108212691e-05,0.020087953840647085,-0.018628639607234494,0.010309729562385055,0.0016206929045217357,-0.008302733176142767,0.0004685896207557868,0.009403748314622281,-0.02594197051859511,-0.0012161936934900223
2024-01-30,0.00015842939826583597,0.010423616763515603,-0.005691389848053095,0.004119293690228907,-0.006314049522146104,-0.0048553509231391975,-0.005566521780722243,-0.002026475397395191,0.0022620694838080936,-0.009881791319326413,-0.014216108315908672,-0.006565311889554521,-0.01552439393162206,-0.016862212413018832,-0.004000118167249865,-0.002095254922603566,0.009456404395369373,-0.009335231368337,-0.00922316444764114,0.02222378661572382,-0.023490992729937002,-0.0017663951281039203,-0.02154806936758625,-0.004272900326022209,-0.008338843357720692,0.006541726150938779,-0.008662206824363996,0.004996632132389657,-0.008012082205394462,0.018467972035703675,-0.01603634978604924,-0.019381891607229675,-0.008957754229796248,0.005853086133080089,0.00266886215864239,-0.01015227907617915,0.008659584218225944,-0.00921943699247905,-0.025237706695971876,-0.0023957314883873756,-0.0069604770330589935,-0.004976990380645288,-0.003873876454869331,-0.0009344191585931951,-0.022269167035928218,-0.01818801010714129,-0.019291555787118914,0.02015537764753001,-0.009263337318279313,0.012135058758822627,0.008022442102005062,-0.006922196314098725,-0.005194249584387722,0.0005035190566520338,-0.015859036740593004,-0.015394856445811352,7.056804390954095e-06,-0.0018364309322459651,-0.03348839174423139,-0.010686825931637162,-0.022168966818092998,-0.011072285162426494,-0.02381894890462755,-0.0028823156620161293,-0.004231925563658944,-0.0016169170842707486,-0.012556341113886895,-0.010030662369064679,-0.009071350695212234,-0.025984064090251217,0.015233359088040233,0.007711659137933436,-0.035671987261338314,0.018674853419459524,-0.0031750318319551402,0.0019041351261712628,-0.015424324690813824,0.0011129655560727664,-0.013155911384898838,-0.013512280364761863
2024-01-31,-0.007793938174249233,-0.0029381488691310885,-0.002865884247015499,0.006976680774771897,-0.03358176397519151,-0.0010651554590328273,0.0024567665016186663,0.003032756489393342,-0.0011595154145962903,-0.021206215663826876,7.757174632844763e-05,-0.002446124314342062,-0.027363268444640387,-0.014681726608660019,-0.009230517432356679,0.0017596642520718844,0.013268689429538155,0.006761447827625131,0.006254349751343948,-0.00858440269074804,0.0022096591668251267,-0.012926101548801973,-0.016930174902413508,-0.008270218527536241,0.0006154165914756598,0.016246744745160507,-0.005824202613309582,-0.010349003207768048,-0.0018625357985691954,-0.00628794796877028,-0.0031922829240077057,-0.001635772689023626,0.009357390981978513,0.0010514960648648974,0.031841008736393714,-0.011781683993822557,-0.004218647861493015,-0.001657915170726964,-0.015263351717726453,-0.004081517960063445,-0.019833927271371312,-0.005898826594251407,-0.011061926209079918,-0.007146215495413869,0.02768985179940007,-0.008552347198052498,0.01106755116054763,-0.016628849056842077,0.001201755769977532,-0.014113764431302897,0.024381569878623072,0.010815180920569871,0.0006237572082290199,-0.010805243109365311,0.00715685143607642,0.015328160691717076,-0.006221674594367692,0.006249127110163542,-0.016553619409471903,0.018015661214485057,-0.00298799834811489,-0.0007185094417471172,-0.007075333470398123,-0.017870861097064736,-0.00742087613829568,0.010258497295595968,0.0028088528504996075,0.00590517411306295,-0.021416318941311664,-0.02089461661340836,0.005367013782656233,-0.03562979966566521,-0.013455196999258031,0.008854994642872527,0.017207838902671746,0.004199976540868705,0.0062295953166747586,0.0034040762286554537,-0.004601356407083482,0.016840152311496846
2024-02-01,0.008893220765978252,0.0009066563447026562,0.011547350030767857,0.006662534590065316,0.005040035872175219,-0.02071267761008768,0.00617855121308795,0.0012631547479717998,0.00081172783855795,0.007669312435276279,-0.013845051371916068,0.005868268071403786,-0.004256999142980754,0.006096137920132576,-0.016626558186068466,0.0017797736267126704,-0.02269006277685882,0.014135083346152981,-0.0022714512745625323,-0.009991051682204294,0.0023496947820673404,-0.0037819509473625557,-0.013141638406462038,-0.0036706336296128796,-0.004480795192891405,-0.012131072635349053,-0.012102215655100857,-0.009875720922203684,0.006704610781635749,0.011354786428838875,0.007161224690848734,0.016706039686690415,0.020443577482202296,0.02804477646036184,-0.01731315078947793,0.003399577928621495,0.004639737998096593,0.0009733043132579599,-0.005047716328273527,0.009660524165076933,0.02385153854901184,0.016401175947859503,0.013009717787017493,-0.004542651008199736,-0.03079017247107811,-0.0008542057061397363,-0.006040211773177725,0.027859988834471005,0.00255086914295068,-0.005504539683682895,-0.003707210324964353,0.0010027029347746616,-0.0038209195062375344,-0.0021259588263996742,0.013564527861987148,-0.020998786269253424,0.008366598834491897,-0.007321763860114979,0.008860995976422335,-0.0072739411026675254,-0.011392759383742408,0.001197071108685767,-0.005311291293819754,0.01799778760514926,0.005717783066020917,-0.01480834667335466,-0.013233923442160938,-0.0074406016597207145,-0.005271143555176207,0.0005102431657827275,-0.015725905243743548,0.02217802432568596,-0.00590838681933923,-0.010685040488910173,-0.017375156706384773,-0.018167256758652526,0.006124926528679589,-0.007845461389242418,-0.015956769895853894,-0.00546846153797881
2024-02-02,-0.010382045863420302,-0.0007032307428094103,-0.023904660843147015,-0.03948148969701771,-0.02569654257430297,0.009554915466360975,-0.03919584016820158,-0.02903300333031504,-0.010189780939740425,0.021214471079569037,-0.011661322505215142,-0.009194219589677149,0.0006093204354147147,-0.024908983250865272,0.009353447407326073,-0.02787517120004058,-0.006418211807999898,0.024976768794567224,-0.012097094425599711,-0.011966336543085043,-0.01890213578846543,-0.013804005607116684,-0.018202893125971037,-0.011427390191606383,-0.012631692371268561,-0.0030338565054112534,-0.007274684839237817,-0.012705829347978797,-0.01622277262776656,-0.00860912393006391,-0.013743193285296308,-0.011495214592008326,-0.016562388874106226,-0.0012885075764445166,-0.0013843135647048739,0.005849952721684832,-0.030121491648258975,-0.011735794400072564,-0.008356101524776342,-0.008008772243317345,-0.018093456217207232,0.002806702627973239,-0.029813670822107913,-0.013148828082175105,0.005436396632327136,-0.010745845906621889,-0.01882136305116111,-0.003958696714249062,-0.01271581503315857,-0.026722914133828848,0.002060254428084371,-0.01995817218703461,-0.0040860384596272895,0.00013102371883025841,0.006975157194151444,-0.013115406697485798,-0.005597261829129514,-0.01148938327768757,0.00756476860031223,0.002011923645672594,-0.0021902057010059588,-0.0006282206892211512,-0.018629409586762326,0.002495624562225504,-0.005567641243046954,-0.039778246905078155,0.008927660212454638,-0.010964254859935905,-0.009477285020725888,-0.016945038726045688,-0.0026148822778074288,-0.014972855233641414,-0.014637668791808311,-0.026841029445811352,0.013338529727919634,-0.011284871783450555,-0.02563285735441581,0.02139022477004044,0.0010541170364201987,-0.021806771059403658
2024-02-05,-0.009938681971715723,0.004748998484349953,0.018724484022660404,-0.011983014936838223,-0.0019053569765346133,0.026871140936380863,-0.021559401551736742,-0.006386130244790664,0.0011397382377369958,0.0011397150245438404,0.005271230560059883,-0.02237609326003919,0.01035143499499124,0.007121212934140203,0.004479537239733073,-0.006885403206264755,-0.013448992091862972,-0.0037222181432145654,-0.0007562429742901723,-0.002963084803121002,-0.013591803677173286,-0.0033051184902115303,-0.0067930447479839905,0.03204477915897189,0.01756991421851198,0.0042474744549006425,0.00048782369460889543,0.01662050548606433,0.0029518458146922137,0.010023435088811993,-0.013888139452418378,0.022153597308435913,0.00028922368917289575,-0.004975520924931125,0.0007831673752991352,0.023335346135009625,0.00489000916586378,-0.002664461605733283,-0.0008288613374077825,0.015462057335839585,0.013407352133461233,0.0009067807748480714,-0.02062922922288,0.005397278240723785,0.009402198585984647,0.013473167326855768,0.019048691620895827,0.027075770170630162,0.022166239509525593,-0.00484805540359803,0.0039969313325302356,-0.004864978827960097,-0.00047954288067907124,0.015256188573841326,-0.013662374142220443,0.009343042082467098,-0.010842544154394397,0.005961405506055884,-0.0052846138411386,-0.004295257482053286,0.0020985526982033563,0.01258676191358828,-0.012226077318803949,0.009645699422734067,0.0035738684336977756,-0.004980321535369171,0.004609669852123875,0.012436276470818936,0.025182210027512163,-0.0049353998862197955,0.015344330682681415,0.0025803989308691086,0.0077083883263873235,-0.00955050248090643,0.007768899114233739,-0.00819685695985179,0.0019717063969216207,0.00041577658366254155,-0.006541691939939853,-0.002716877260066148
2024-02-06,0.02440870457171018,-0.015924161232539077,0.011609545321220613,-0.006836358287171381,-0.01057613658805052,-0.006808643608798449,0.013002346892236626,-0.015119584537654227,0.02956572914695193,0.01715156368999488,0.0006387100516634296,0.0009795492205562336,0.0022760011518493154,-0.009356368273363764,0.009767889197253968,-0.012291592143596524,0.016660389768693662,-0.009048479816431879,0.009392797928842652,-0.00517025895918232,-0.00924570540176336,-0.02392402730039977,-0.003325602567979997,-0.008344024477158343,0.015275989329610593,-0.01246845293590819,0.014451436416926408,-0.020697493276469026,-0.010680499319752304,0.0034216000969484878,0.008826071070012083,-0.004711229497257077,-0.016397421657456973,0.005061942248088309,-0.004491856800765498,0.0012022879605403207,-0.007598001287314415,-0.014031283505077471,-0.00462351564139884,0.016763292142236617,-0.003972934700171319,-0.019371443872720287,0.0071291878351896635,-0.02799615158742843,-0.012637467250778214,0.008331161528572346,-0.0029704575372901864,-0.010598132106398227,0.027684093442656363,-0.004941560880553663,-0.006868813321932485,0.0038880809015200265,-0.006341454249634474,-0.009844701722073477,-0.0007452510958133483,-0.027592016497047178,0.009137575225953709,0.01994882768173315,-0.02394412499575198,0.01271458612285227,-0.004714155600423379,-0.0179608006102112,0.005472843359466727,0.004372722200561661,0.004559317882489844,-0.014435862381507333,-0.0030690536125275785,-0.0019859935099836674,0.0017198738152366861,0.0027205077963877375,-0.017626212608173833,-0.0033025243597119168,0.0007064242755729945,-0.0031098706781765317,0.012745437785643252,-0.012208913388278932,-0.010902616226017106,-0.024183143509551586,0.0011223027364032881,-0.015265119172397399
2024-02-07,-0.021415954870313357,-0.009054391594455216,-0.020222562624338372,-0.011150516541114722,-0.003896452624329496,-0.022611352479780855,-0.007527580478969164,0.0026792504483240075,-0.017105537216566484,0.0005362420712465427,-0.024726438045246622,0.01569349884263753,-0.006023827166107489,-0.020453173467254643,-4.114961808868861e-05,-0.0228568647115708,-0.03051670495098669,-0.02208472912459939,-0.02670233657386186,-0.022869986990904,-0.0013710140426196268,-0.004651337573062988,-0.02143514375164189,0.003228623808456217,-0.024754232578790357,0.003047592368352262,-0.023589498771824997,-0.0031569499552509773,-0.019087937058698917,-0.011387780453365966,-0.009280955233148758,-0.022164801514807098,-0.012518907332326247,-0.019883580505820078,-0.02697038503607957,-0.02981721929677137,-0.011583178831749552,0.007815768485323017,-0.02345112747316027,-0.005755740360782165,0.003041077199223974,-0.017814063700675918,-0.02101476373489937,-0.004205957067500053,-0.0015936016481458357,-0.0014031641942165284,-0.02669973464176751,0.0115065758928831,-0.009770124508385571,-0.013177697679595443,-0.00898197424031454,0.007336702298623909,0.019719764023093337,-0.009541450219368884,-0.02169049294123869,-0.01077397563659651,-0.004009273133039833,-0.018775517962989263,-0.027536164793710526,0.011194888960683175,0.0041347471790953005,-0.009548370646976254,0.005174508374367814,-0.011929144912526867,-0.025436695271689687,0.0030684150545654248,-0.013937926919098656,0.02165811052380522,-0.030695995728583766,-0.008131991000594752,-0.02706662095891662,-0.0032176668792557282,0.003832760192051964,-0.017691623032058443,0.00918755780098503,-0.025789748641362853,-0.0039038280602614345,-0.006163406889696498,-0.007904651079568815,0.0008327942294522467
2024-02-08,0.020448689184774264,0.015489155910425156,-0.007223079946432252,-0.0031881624685762546,0.00858310053849545,0.02549675223615249,0.011998385436242119,-0.0010389260557428282,-0.01613152336162576,-0.0074786215049572925,0.008698463061997872,0.0005536852422634107,0.011505487858907388,0.02157492585428046,0.003974342078302395,-0.022000942740762402,0.01097562180266647,0.011606192577380008,0.014215021254818817,-0.002728441761508703,0.025132608169299034,-0.016765120059395205,0.002159347914140467,-0.020723758692037703,0.005130771401744049,0.016933806232896302,-1.5120269456081123e-05,-0.005288303026092382,0.005275577189209133,0.02576297964663826,0.012750421745087273,-0.0011452030895643555,-0.0028600136352841567,-0.012619811373130152,-0.0018244468877242322,0.0018168980537744059,0.0467085834656146,-0.00010305911507468325,0.002429081688689749,-0.006635948282146805,0.004362513965303086,0.03243884755628094,0.0015507402103642964,-0.014927343991282501,0.022192020854942672,0.015662623631703215,0.015655605383261398,-0.0076515134269679996,-0.002780952850221497,0.009298985100467652,0.005845558231029322,-0.0016130540986103578,0.003836161686417639,0.014710001492207974,-0.008757317209095391,0.013980697956023075,0.02488017351259454,0.02340748863544545,-0.005915492633907622,0.004863860437197093,0.0072557539375106474,0.0010160755946140437,0.02243893775163326,0.007990244465708724,0.01955196826528869,0.026835313860296237,0.019896500863096262,-0.003140081079607249,-0.008082533239834497,-0.01856326357743332,-0.009388152558759442,0.01674860290319241,0.012248850968428773,0.01765655090136478,0.012201113481478024,0.0012935385745026528,0.004759137310914801,0.013621168101591013,0.028168298882523257,0.00011645357294787174
2024-02-09,-0.030438117766026437,-0.029501640803679903,-0.012815916375299193,-0.011147507151103677,-0.017907843626282345,-0.0030413107701967694,-0.021083138106002486,-0.0015136609911722086,0.0019884927830114627,-0.021734764182620752,-0.014460718552916824,-0.018811523241492746,0.003969943830049059,-0.0007327212719863939,-0.010539580992856411,-0.0063319896868841985,-0.014147944705993823,0.003347840721482846,-0.02155208892476005,-0.03055802627453595,0.006593423514589975,-0.009069955459020096,-0.004092140643612402,-0.005560721484537251,-0.02441482825401902,-0.01758408753115186,-0.0008690249269130146,-0.019917905942546027,-0.007929801702276982,-0.02455289119299748,0.003557097398597558,-0.03102297021769668,-0.004026078033149826,-0.015351505667383232,-0.004474281519485677,-0.0022672384123830058,-0.0006969943256284654,0.0011638983623646244,0.008572055894231852,-0.05575658487936952,-0.011968939843592704,-0.013885324078822838,-0.0015126006362499392,0.00239631808279386,-0.0216104159880089,-0.013717576252901296,-0.024661735034387483,-0.0037560391325913815,0.005932752373923107,-0.017707304389078075,-0.011713003822570083,-0.018730396375762924,-0.021022323921190324,0.0008177606655753091,0.0018369532405189647,-0.02444255327292701,0.0029722045280548646,-0.020721641718954797,-0.003925077815222526,-0.01762786388562103,-0.0018683808520464382,-0.01583073322365494,-0.0414066777103772,-0.012088631716338437,-0.011043278346463896,-0.017315774356653504,-0.01949076631439069,0.006583056305366539,-0.0032943641223798395,-0.023832225564901766,-0.03083570372552944,-0.022090241240696085,-0.009693817031286037,-0.005704508830509917,-0.024298631517548748,-0.013633944939497374,-0.012984432789596071,0.003798291084047896,0.00031572020848887744,-0.009428968011618483
2024-02-12,0.010784870365059868,0.023188205754107186,0.013852620154125764,0.004591838587636709,0.010330880472846788,-0.0009586462897009057,0.013965290897386864,-0.025890123123625673,-0.029903827957360296,0.009823489703233391,0.004852289476020063,0.020512534667305446,-0.003460948356911793,-0.015863357809079354,-0.003434506135137009,-0.019703515972898756,-0.00827600257233772,0.013796408116890537,-0.001738396398916875,0.006224633396915994,-0.005660231789283387,-0.004076508121127164,0.004787162103260056,0.008289406663252926,-0.010049968125318635,0.005553214085610163,0.02518919216672015,0.003736637088975982,0.011788494584315915,-0.0014699959676979743,0.0022556016966432707,0.0123195318894244,0.009615417197966833,0.011312426186828643,-0.009196433947755232,0.007111126259036875,0.01785097433739348,-0.010570877319228022,0.007711844077347922,0.01350085128798635,0.013112550987241674,-0.0019294543327559727,-5.6143070447613706e-05,0.017138437310260195,-0.001664296839640608,-0.008228499664284683,-0.003628581570118969,0.01579688059775875,-0.011774773171704892,0.008112455998667365,0.006077010972819979,0.033572320692158264,0.031361968169512276,-0.009866084271439817,0.009598608987291061,-0.004194128436536308,0.010198714743360059,-0.00914700256960336,0.006709311274556597,0.035532984505194036,-0.0059462121695691705,0.011926552004236502,0.00983171510342102,0.01746236652972552,0.009141682672142253,0.006665973614524059,0.013463783651436821,0.03722943667583685,0.005874072835101974,0.006872233486586119,0.00681130717032946,-0.0115481230373011,-0.004517202321526066,-0.006684363760498204,0.010844014054045264,0.00944950010005097,0.0027423735679462428,0.007541035172593458,-0.006727875738668428,0.0007915014947860936
2024-02-13,0.010754194616370807,-0.008146117731789644,0.00453977788180718,-0.031400465443804815,0.0009223125242237367,-0.0016202698532842411,-0.0045058095483639475,-0.023771122143970057,-0.006370015700146296,-0.023697395344806926,-0.009860389754395925,0.01247313919683713,-0.006992810356553432,-0.014028212067236616,-0.025278887586756123,-0.019334804270532288,-0.002043478655341329,-0.0022257576663731026,0.002124242500297575,-0.002821789401082256,0.011475218595263887,0.007455835705854222,0.0004159032704534986,0.021459097940550727,0.007376488372700524,-0.008783777315123862,-0.004555499232136708,-0.01665821627932778,-0.013755428465257348,-0.018446348371902954,0.02361364671854157,-0.020511512964762352,0.010877355968825919,-0.00835951642705476,-0.004447191084851025,-0.007879678156554472,-0.0013088487773497066,-0.026208617844473144,-0.007697630848428158,-0.0011952742149042832,0.008452949953608435,-0.02213762619944635,0.003584347372313632,-0.02334914744371753,-0.03702619826378874,-0.021897483755024785,-0.030889805427036163,0.009006369799828735,0.0034935193690573034,-0.03016325807307948,0.00548461981112204,-0.000273318540324384,0.005950634797284179,-1.2127091443798403e-05,-0.003915047538663239,-0.02108511261792443,0.006668119959390121,-0.009049745574910563,-0.029080221065994068,-0.017715436813943768,-0.0017838421910544393,-0.021369826356843074,-0.012602980528363004,-0.019441529755049602,-0.019535283969832423,0.004348902664517772,2.2718026312174358e-05,-0.01793202968099588,0.009276484030251483,0.01562393767711731,-0.022607137861855798,0.005563596728142217,0.012246084339496687,0.001241890458411084,0.01403701551590039,0.01714337152461544,0.007263446737313608,0.008195009190586773,-0.013326800745397889,-0.015259855845213752
2024-02-14,0.02331058970974852,0.0066104266000015606,0.02235891921571153,0.004059407599359425,0.036465941660504146,0.023017339594482066,0.010387952810155091,-0.007160621842451921,-0.005281405013242162,0.019903547909164054,0.02145013840799804,-0.00620910404630956,0.026321303983452518,0.020530728246127262,0.02568366841537852,0.017522466900246506,0.022286858384239383,0.014504188611888163,0.008560744700774654,0.00717918491458203,0.006790034539793654,0.01280892635309522,0.0025651944304625023,0.005555016952583832,0.02373283050644305,0.0004194431096711023,0.004054617627444286,-0.007216513395894471,0.013687626276701365,0.02847218734384898,0.00964887315800736,-0.0013636354128738638,0.01195346421644776,0.009182557824606814,-0.0003390130389352578,0.016645362946353187,0.01066726945795538,0.014471591644058212,0.00340871297564734,0.01750174765685563,0.03051297295363399,0.009715837586637677,0.004925270937372699,0.01602006591276105,0.01652099557487644,0.019449652566781998,0.022287732428836197,-0.009247157042714078,0.01321727844333307,0.015478328771727614,0.022124608993173693,0.01004179353762678,0.0029163766388272967,0.028947684034037535,0.02169563271822776,0.023556341260391803,0.028555286258971586,0.003072079544863918,-0.005238368531561453,0.015401039885474704,0.014605525469500039,-0.0022668323588681816,0.007694752710198717,0.01766212777465851,-0.013877400298483045,0.019348663380368655,-0.01387819039231443,0.005778414446651851,0.010063534108545961,0.007453144438089282,0.01188489468836998,0.030767728372525394,0.00609774858952253,0.0143358227463262,0.007245423071218654,0.007522263516704006,0.007975210176787356,-0.0008767877976871615,0.0074692271008934595,0.029954063428215966
2024-02-15,0.008287873606003394,-0.002108117567239424,0.026458956438760634,-0.014350698974491666,0.009107901060400034,-0.006336071343995926,0.02476664218526776,-0.013780056667125916,0.005482111113237504,0.014354409830366746,0.01826759665085493,0.005217561085457374,-0.018000447258780118,0.01587830676243793,0.000921029586200159,-0.004916860312386927,-0.011340530684572223,-0.010589926199677288,-0.008711508525761951,0.008501553387499639,0.005780309553111073,0.003463453454091131,-0.004957942409836572,-0.009724323296750919,-0.024898351466880082,-6.20041345397327e-05,0.00279296838627346,-0.012195282391844232,0.012988807645575817,0.0079261049649292,0.010777736385938253,0.014554403526704549,-0.008094114830184209,0.01906822951637471,0.004495663783364872,0.015469735862191827,0.016768974426999043,-0.000612741909311109,0.008970565230233013,0.0008576539221551893,0.004420516224707238,0.00370667185996064,0.007829225627291705,-0.006125170162232078,0.012691735485525064,1.3444173933580689e-05,0.006005180088125599,-0.0003859692777906428,0.012503997624940894,-0.019955701062295234,0.018207139061746147,0.02028555469970148,0.007353653451773043,0.01961406660713838,-0.0015459979756973522,-0.01682859433890237,0.01177234436354562,0.004106502574998554,0.01272105724657385,-0.019460513083508272,0.01112798921897857,-0.002283583141417035,0.02639045009137666,0.0010530143469552273,0.005603086038248219,-0.01536691885866151,0.018049310153431294,0.005624531245418229,0.020008261902627777,0.023117315862894464,0.025845862653690425,-0.0026019142949559025,0.006396552295397207,0.003469660985826712,-0.005515230301954069,0.007955278544385479,-0.005262727109157836,0.016477695740684077,-0.001217948721364234,-0.006244919856709583
2024-02-16,-0.00506181426022408,0.036053967592811584,0.004725848819374769,0.00042240550840758973,0.0005425757496478789,0.009094261745399798,0.001962238018212376,0.003489799201235706,0.0077237610795897705,0.015415041491400605,0.029237475520561947,0.011274860212829703,0.029638581938538053,0.009493553372129282,0.010716660456346772,-0.006693466406990119,0.002245250908230071,0.014569979989987023,0.01025897175993623,0.01904893537074296,0.00580618785503595,-0.002731950356489989,-2.5965282635450823e-05,0.030020156803066925,0.012874630578999367,0.002675568523338459,0.03517328029794193,-0.0023172712501373497,-0.011855954206180568,-0.0036413887683618834,0.00919571790918716,0.004365774349942405,0.012655853670029488,0.038038210139259544,0.009386526850187402,0.003646291337545856,-0.0017667397901931902,0.008555796839675027,0.0452427387498725,-0.011193302285002373,-0.01911137791664253,0.0013179835250846927,-0.000862170664855914,0.006702345664789906,0.019864374604965908,0.010452047688107376,0.021813792779772953,0.006031612576826563,0.0007334728140924096,0.01630373267083539,-0.004029325838773667,0.02959929555210195,0.0021088530980036806,0.0011616093155251833,-0.00040224940307582134,0.0067770371656351155,0.011977862353960754,0.015484858807877717,0.014196644914895551,-0.0059678228125718685,0.007477948337549907,0.029873566736548098,0.0074074162268044945,0.016256293842979705,0.004843801503574213,0.011587784590835532,0.026621439596423685,-0.028912526985359177,0.01267809614628067,-0.001040009319720864,0.013722637485620946,0.010760355502509662,0.021348136133531592,0.01515709826973919,0.019224488664385142,-0.013025499107603606,-0.009434967078901816,0.00974928670397136,0.022128107656934046,0.018972409815005097
2024-02-19,-0.012604623839549224,-0.03733752328155211,-0.01953191830935611,-0.027867671609032918,-0.02631582887723199,-0.03491217894268224,-0.03586308867612045,-0.022408076501545773,-0.03320555836909245,-0.018612531315671102,-0.03284178859550404,-0.032251348407327546,-0.027211493915298805,-0.01856679620399541,-0.014212169871146256,-0.009578518739901887,-0.0380647283892476,-0.023819678763344305,-0.019223430203288407,-0.03301079707097394,-0.020640639913786125,-0.03157712894569655,-0.044832106862488584,-0.01127465805562005,-0.03528111847212121,-0.007734960838378602,-0.040613741336736904,-0.012278377887065723,-0.02291014804708634,0.0020480699506167377,-0.03506477202157221,-0.005169719342105023,-0.005501173002948062,-0.029229667027056115,-0.0031944247656281715,-0.03543015166878599,-0.015976659501733763,-0.03175822738417332,-0.023508844094802063,-0.005312583438039182,-0.0191104251078154,-0.03925829958007622,-0.020961520861589807,-0.029776305609470612,-0.02090646770004222,-0.014187636187232549,-0.01886248275441702,-0.0039674062149262345,-0.011249997540245017,-0.05077136659318749,-0.0180135383809422,-0.011446204000950639,0.0061238692846201405,-0.047743546784054555,-0.015376770024146788,-0.007307616405391322,-0.021238353927850208,-0.04692179169890939,-0.021769195770258577,-0.01726321810888067,-0.013207164238922958,-0.048053856310358425,-0.006766692638050643,-0.001731264862117346,-0.01552435848989929,-0.03623241488238532,-0.0003941211702576733,-0.022239133829364842,-0.014200678238476885,-0.022185904451732522,-0.009923062527170165,-0.01688771452989091,-0.011904591933271442,-0.024447790495253235,-0.03363395214057191,-0.03675418813152586,-0.007735313296603723,-0.02064352109025267,-0.01941894957195137,-0.0005770340524950124
2024-02-20,-0.006969180217193083,0.01000854574420006,-0.017110786214251543,0.019118991904884374,0.02173819644975819,0.008254965522085322,0.00757678142326615,-0.004181633810744036,0.008969752775670324,-0.004032273588380352,0.011817225297670484,-0.02230781919767803,-0.01966420630485547,0.013063551686014772,-0.014393240448554539,-0.003599168998614035,-0.026268351705548868,0.004422868530772555,-0.014077655068957258,-0.014692265607518008,-0.014173261638149439,-0.011965010267538434,-0.007989226556122941,-0.008874217820232205,-0.020611910996950256,0.00875446654489556,-0.013287642373238583,-0.0028926548061203707,0.008021115642079413,-0.010216041498145426,0.004009599447792811,-0.016081976037119312,0.004505871376792958,-0.015504850084148886,0.0002240265080539509,-0.022891351637021863,-0.0140864270727275,-0.013875050040435391,-0.005336480530604815,-0.004563942664723035,-0.0022399176051037034,0.003908496825983271,-0.006359141322624117,0.013511008427755938,-0.021231826611337736,-0.004486881908201014,-0.00648610110593813,0.0010178548675191783,0.0007645155583486376,-0.0011212272575587844,-0.0030599275209686775,-0.0018322258919549264,-0.0024650326803459946,-0.002122621215103569,-0.0063311474006100005,-0.011565987301975611,0.0004087207893461271,0.008673075798274303,-0.02332390884439195,0.008620948210462191,-0.005582940920643884,-0.0032670749905756215,0.005109934233821843,0.008096501819329475,-0.009302535459107409,0.013712888208621774,-0.0030797087261131614,-0.015216651214324297,-0.014695112128380823,0.005957601984351883,-0.006848594197653959,-0.026099695770433903,0.012613910259328431,0.013662569720765972,0.00444425979012306,-0.006607828166241581,0.0038750493865321676,-0.01978121254956718,-0.02303039958636316,-0.0059678199112978315
2024-02-21,0.0012938012436653657,0.006508454831245867,-0.031644299069263394,0.0016532785547852746,-0.02996091912187864,0.0002621411541471833,-0.03731631921055607,0.014842595238076762,0.007278491689277621,0.011082166858017373,-0.002653418599478795,0.00955977544599914,0.00831574719204775,-0.022194404873184685,-0.03410186039980663,0.011864379888586345,-0.004540527307488544,0.002492420980145804,0.004693522312791711,0.016429215789372106,0.003315906582675527,0.009245141411019007,-0.006754301255664205,-0.00862621676079073,0.012396981533939751,-0.017335876456620825,0.012160505128466554,-0.005535549854660079,0.005257260175518663,-0.005971232584875228,-0.028941044840997,0.005762618516031738,0.008903732195411986,-0.003912242722250188,0.006926775103583659,0.003699007482383006,-0.011135426258030753,0.00012093763057533478,-0.012061028996907343,-0.0033571859988891935,0.0043792500138719525,0.0008078953210473249,-0.009822744134517575,-0.015938431148362953,-0.0008382375207819856,-0.01028568060988009,-0.006036274385656973,0.0013626817101466062,0.004613683473500805,0.017118403161247325,-0.0030756396599103198,-0.006783457383670104,-0.002547913804924991,0.0025236946749377393,-0.003358684812856231,-0.0040858031555959205,0.031942397695008264,-0.00783573918082931,-0.006768703467866387,-0.00037225881578231853,0.004887634165783406,0.003336247496396335,0.009853651320235291,0.01193852132768383,0.004212448736724015,0.01960213013087204,-0.004138825285455958,-0.012513691378942678,0.015673922110103617,-0.0035419431361404605,-0.023248218432465082,0.023803355577483695,0.008833148942772776,0.014389544264311285,-0.020296572381477824,0.01737489555486319,-0.021580323358046397,0.01676773216505604,-0.019028736412272575,-0.013259692083296975
2024-02-22,0.019843021455918694,-0.012478756669065678,0.0055807379791117965,-0.004937211674712641,0.02419325294091495,0.006944012984587845,0.0026801198319466577,-0.020990783244384994,0.00289616847634701,0.02777553009826849,0.02441165143778131,0.021434305709472003,0.027902311345559216,0.015898529831563698,-0.0018844189182764298,-0.0048165531289294,-0.011561903910326297,0.0156845706019427,0.006366946875297377,0.0063966764792109925,0.01581007289000854,-0.00105347460843086,-0.0015890667678717105,0.013537826960452935,-0.01533868480295279,0.0016507012713514388,0.010795787369755219,-0.0073667004116072365,0.006407447913643522,-0.0032011391947646736,-0.009903961853384264,0.03193301402791231,-0.007858684864675634,0.015402482542314858,0.005085223571709356,-0.0032956090855905383,0.012076422954880959,-0.01683086407189955,0.021841020569763125,-0.005827792446277856,-0.013889299951288412,-0.0005835700969566999,-0.016959549400130235,0.0014619652368640683,0.011686461163194987,0.006355145837091419,-0.004024185593904876,0.018918327488548266,-0.004132085735918,0.01703550781315045,-0.022720252865364665,0.008196286492870642,0.0050687520036882296,0.01205761363010875,-0.021025542335975082,0.005033254189012676,0.00379291206070141,0.0168510566514242,0.016243152350461372,-0.014924667107662888,0.00870880084826876,0.0046478912718994556,0.02079624783801463,-0.00252673252583866,0.0172265981669099,0.0002478092624440126,-0.0042304853703223864,-0.01787024828045496,0.015136779479728375,-0.006294376404592185,0.00015028145159002996,0.012220291492826146,0.0030156496837680435,-0.014873104106195729,-0.0032838713011976257,0.017220631250634055,0.011816174061950596,0.009511234382857357,-0.01182823376546969,0.00652023688579616
2024-02-23,0.007854376714404407,0.0007791734377288143,0.011390780043937548,0.020233878878708603,0.006237356114864765,0.010499592466513472,0.012059285690733019,-0.006088712361118185,0.007367479609615663,0.011197491602561704,0.014191692987405368,0.02607796688793002,0.01939583460107329,-0.0010707381817609725,0.021046167725607308,0.002479496704998512,0.0028059853224385502,0.027422143322076774,0.015998122912546504,0.009139345094085156,0.008985286674950996,0.020389836896510135,0.033457279146647256,0.02470251331926012,0.0226754978038329,0.014385170848412976,-0.004733435013312122,0.006590062467740466,0.026006214870442367,0.003593241655420969,0.004253968439513601,0.010447434557767858,-0.00043668372216166575,-0.012618718026337116,0.011689526074278225,0.019402229550475936,0.01844556522367725,0.03167458106428498,0.027154066018353983,0.01613146627536117,0.02181433843067698,-0.013569797495764773,-0.0076627464240568936,0.019607726206863324,0.03316100478167118,-0.010745661120425923,-0.0033733373821832092,0.018944963294014565,0.009623420998215827,0.010993508145327912,0.0070039227022548915,-0.00018943138657250523,0.009068042667744237,0.006336120564001117,-0.006466409661837012,-0.005536350745056881,0.006975212192296335,0.03071669164617494,2.7479953837139873e-05,0.012309593235023744,0.014747440962602254,-0.004037885565809203,0.008509587655152065,0.007033384721354775,0.01686776357853876,0.0024290828690677153,0.024358833448444576,0.0028981050177050048,0.0013320314076307738,0.035467262578456026,0.016646236359876054,0.0022979043734474534,0.026670410730398296,-0.010209680282356545,0.017908957844121894,-0.012029640815462365,-0.012177030309075057,0.0006556515334205414,-3.377954262859251e-05,0.03281266859742899
2024-02-26,-0.02095464266763422,-0.019579533808029882,-0.018227605500435437,-0.016905339587587644,-0.0072766629735299205,-0.011862267105950876,-0.0017690405065688471,-0.010643290836641232,-0.008237739280426242,0.001748044662966788,-0.016577881106639096,-0.024045708666012834,-0.019214199633546356,-0.029913753246467792,-0.007461257958232813,0.006292006272647794,-0.0188563570235655,-0.004206850051172135,0.0018528302542108674,0.00022453170816223722,-0.00086090058995026,-0.015313716817438417,-0.01871904018403354,-0.0225931297109967,-0.011580507825899446,-0.005897880550228693,-0.03484093245156064,-0.008082503592396794,-0.026527904986965088,-0.005339960973872454,-0.012142783921223387,-0.010691405197188223,-0.004424180714247241,-0.007335967434976862,-0.02037260151976205,-0.0009413021691036388,-0.015826650629877186,-0.028754649345831426,-0.011417614043888136,-0.020557134972377364,-0.028540269801768513,-0.02413479166480035,-0.013988736941830704,-0.029342894260368,-0.016667831148381683,-0.04275029547563422,-1.746081161332555e-05,-0.009579103887058705,-0.01869193430619057,0.0020458682628668595,-0.02984648120236063,-0.02877536783779238,-0.015481671529264284,-0.025150563682889763,-0.014445521672811563,-0.006465957853504705,-0.002445035988501848,-0.0029317309413528485,0.0009986370805079477,-0.023619434799301335,-0.005467712600578368,-0.02537374927748185,-0.019314903611886168,-0.02594013164846716,0.004774799264560144,0.0034975474904947405,0.011102841073215922,-0.004720661006097564,-0.003538039413593844,-0.02526918248983289,0.000658862237412414,-0.008051268575443768,-0.02677080606637791,-0.008201862879039241,-0.031944460093847715,-0.009170631139418817,0.0011925777406813168,-0.02131906490786067,-0.023313310580911094,0.01365579649659386
2024-02-27,0.015196525606690653,0.014353474708383197,-0.0005846251711026955,0.010701568982304057,0.011029143179638231,-0.0015934209321298621,-0.015210704751381289,-0.009263889650402386,0.012272774700584722,0.019278864090604125,0.013027557938649084,-0.0033000088156569926,0.02621409466966173,0.008291336742261766,0.00675597539906154,0.0011235393569138984,0.021803123772039898,0.005960782586023099,-0.004009477463436974,0.010318401385060134,0.016196715279107952,0.0012026818690869367,0.004041265800285843,-0.011441039052663336,0.007459215417570232,0.02101612862261048,-0.003994185384382885,0.01044161693210794,-0.0035899213138983832,0.005019983002831928,0.011378324770859427,0.01878823542974695,-0.010871789344686002,0.018562526900663658,-0.0033643571591260094,0.0007958667251527406,-0.019618886023221864,-0.01784429409647281,0.010086052706482261,0.015643301800934182,0.013772441526252122,0.02468107128139578,-0.0390467762721599,-0.020605949625796958,-0.018314392259544007,0.013847024104488527,0.01122858511336412,-0.002091181211593453,0.023223183884359455,0.0026962596260467686,0.011381475654093375,0.01741620704399142,-0.01780979992884135,0.010107175296294416,0.011402251491764853,-0.015908092282835323,-0.006660887619001526,0.0046390782710979414,-0.0015616859562438295,0.006165470014685414,0.02017584547354385,0.0023696260875105627,0.005848611712945621,0.02593821573198717,0.016355385128121784,-0.0012948530025271108,0.0034691049953703666,-0.007505172367100403,-0.0025014695044274153,-0.0101463286771549,0.008375997991930206,0.016112681345620064,0.016578925334653705,0.015899695814196133,0.004459549311513802,0.01613897684731557,-0.006760399536834996,-0.007099081889877931,0.009414694236355488,-0.0024411552545530357
2024-02-28,-0.02394006079841393,-0.00853103234026313,-0.024820324490612496,0.010105709151097795,-0.017627559520226557,-0.03183949069314369,0.0006552921041392042,-0.00029764492537779036,-0.008056361945112573,0.011883580305708016,0.013292511710007112,0.012092556168600613,-0.005539604418118742,0.019747605564836446,-0.0046463942196679625,-0.018663227336677964,-0.03394398112712619,-0.00030235518579000385,-0.0070842418078091145,-0.00024932263632100474,-0.0017027509859836691,-0.011455930084294042,-0.025217650085847115,-0.017817095987635964,-0.01902968900387858,-0.003045930714151196,-0.013212584328862931,0.022747528767446918,-0.0034205894476568507,0.000159634194883072,-0.010768967907896105,-0.003975747271654315,-0.01121923630797357,-0.00890240815655672,0.018550874004808995,0.012715255114838774,-0.007331385484230804,-0.015388546039906473,-0.02408023024028469,-0.002979106846300787,-0.017279874419110487,-0.005074104503891749,0.022616280220837573,-0.0009768724185509978,-0.01837124820041338,-0.019982998197025766,-0.013428064037585294,0.0003570162393328547,-0.023730410906564928,-0.01120614183055711,0.018647395486026237,-0.00797492656386107,-0.00941668092111468,0.004611924501307312,0.009357487476768735,0.0040150223125147285,-0.03219077879758936,0.006064359581231497,-0.0065275176166047395,-0.007651375118114913,-0.0242545523863067,-0.010539435512920156,-0.006510038173069039,-0.015742398327035383,-0.016720130744145873,-0.02945506904140933,0.007672634029647861,-0.007138631879128247,-0.004969011757888983,-0.013551472670546658,-0.009440660178922375,-0.013779300710937971,-0.027351838719222164,-0.007035434856571545,0.016597362071166792,-0.02182663731122587,-0.022487903622062204,0.005237656302087824,-0.012532925239168201,-0.0016380610400659765
2024-02-29,0.019388133288178476,-0.00769640099055368,-0.017393677632556236,-0.012570639947177524,0.012920826199887134,-0.023716391771443943,-0.010211289303934244,-0.010699529421870878,-0.024819306803319154,-0.014184291658549671,0.007927721900026202,-0.015399062609291497,-0.023597229290221563,-0.002510449054337529,-0.023804697824086597,0.010001961792055286,-0.01315969369007102,-0.011403610601552839,-0.006753536051412257,0.006266768773661162,-0.00750443618511977,-0.03178488824043863,-0.009166928870955547,0.001705723500473942,-0.021590865134066994,-0.008163167434500136,-0.005094282247535003,-0.01301414664327056,0.0031401606483106763,-0.010350728213983735,0.021484824478605658,0.005885614212171431,-0.007843255116658019,0.014652364741990036,-0.0016670627233780744,0.000309325865740727,0.005471078462739085,-0.0003253830627673068,0.00881306664277334,-0.0027914704001822297,-0.0027368273603459664,0.017068432617723353,0.013296482954729277,-0.018274357529516692,-0.0019690249236818318,-0.0030480085466480134,-0.01953911768993026,0.014482162234084814,-0.01675559221736636,0.006391011213861644,-0.022075863007443672,-0.005955215259478343,-0.00393233507809594,0.008451096523161417,0.0034442817213527037,0.003544369189828707,-0.005010583568200649,-0.010321593455330708,-0.015211561602809082,0.006706201076867251,-0.012120448465208948,-0.0028853387016410806,-0.012432142461095351,-0.0048030131944155055,0.0001502542173090612,-0.006778349646831787,-0.028399086557426765,0.0068463872958315405,-0.005248631802110472,0.021367773070268256,0.007001653782553645,0.0054480378850427814,-0.031117370230869437,-0.009168477772289711,0.0020724191497093975,-0.0028600580497022353,-0.020498067333981684,-0.01688809593214009,0.002241477268586412,-0.007157272314614021
2024-03-01,-0.04405538533161735,0.00982029443292479,-0.004046056598700617,-0.001418339033926604,0.010281367005480987,-0.020989359397197975,-0.011526933796660123,-0.01584063687127136,-0.008960872492487625,0.0025639660307550886,-0.011089978345447454,-0.022842380401779584,-0.01997834839107033,-0.004765841893056496,-0.016191177874983753,-0.025304321535110925,-0.01582254364174359,-0.022019514905505626,-0.011637889138557587,-0.015568527163434574,-0.0038541311017258996,-0.008814226060899866,-0.008117188190921363,-0.025039498716635585,-0.009290937697318882,-0.008128207822526058,0.005881750630274079,-0.018831109993232897,-0.029498773246321573,0.008540906529401525,-0.027002190743383038,-0.0239388702042139,-0.010930899258471502,0.001384203175914242,0.004411003192749589,-0.041232612034147596,-0.016115285953370334,-0.015748046833231822,-0.025011995883766514,-0.02330066745678066,-0.007434383018080784,0.0005458909994937346,-0.012109552129020365,-0.014849028334205587,-0.022294278638225966,0.005110188736625831,-0.023173885479925615,-0.02182321644918127,0.00201642845069068,-0.002874545599938893,-0.021846509452196006,-0.01676777603941603,-0.008182539522324568,-0.03187621781518239,-0.030611536336454696,-0.016243787142036684,-0.008266210918222956,0.006138882791844005,0.021392467580307564,-0.009369073179957353,-0.009488102409438655,-0.002687406021247847,-0.006965899708513241,-0.019652848990659173,-0.015747899518929093,-0.006209478972699704,0.017640371246441272,-0.01654988827529108,-0.007160665679100104,-0.026630358641087138,-0.03416542010933746,-0.016085597142470834,-0.001294192399010869,-0.009718990693043062,-0.00477894334240006,-0.0010957989615188839,0.00588902272938342,-0.01601564615460481,-0.010602611140709166,-0.015068273986431215
2024-03-04,0.015179886777967411,0.017594184913384207,0.03895148026727753,0.038298397413370086,0.0014902905299643658,0.028861047331652272,0.044753248522688346,0.033725770053192064,0.01579490085992842,0.031998936876490226,0.027222037592052627,0.020734075819672876,0.04216136219591345,0.02916338470023165,0.05252568362201405,0.015762978432567014,0.031009991390125648,0.03820660427313423,-0.003427837407035981,0.029618452727603387,0.0006435047455233545,-0.00015169421069091346,0.024596952564674833,0.043439897773214456,0.022601389154579956,0.016722148760791894,0.03236448519016397,0.03368118525981424,0.03433533070057266,-0.0021457069771251835,0.028924257468799595,0.04769612728567571,0.030554354202255628,0.03448055325969944,0.04313360716463626,0.016985614696178895,0.025586903654868806,0.006705785049678609,0.028779984644704257,0.015393845047915104,0.025627284518110298,0.05289575534408275,0.024343653193410152,0.03396128897661301,0.04379123570417752,0.010157629200648041,0.027784832607190706,0.026516503792491427,0.01659112225582957,0.04383826408891471,0.014484955516396348,0.022962233014075514,0.036716631611915206,0.01971337994518869,0.011475341332470478,0.024930487602528705,0.031782796299484474,0.011790299056604874,0.044020078681016636,0.02364650486748654,0.032531508630686365,0.015420233172421086,0.022849890280278933,0.024072256817640296,0.0341752522129489,0.04519019958444552,0.035480100549361425,0.026795020424825063,0.0191025938702198,0.0344035332626271,0.025243658265427578,0.038788976319998496,0.02362883813208874,0.012552059277790194,0.03704911884713182,0.012140076766385585,0.050990256773448,0.02249964225965441,0.0382321528238783,0.005584387771928358
2024-03-05,0.02912770761107388,-0.006576537308031392,-0.017848685449415973,0.0053555723469542755,-0.01718024517703445,0.0004937709172829394,0.007480171395385236,-0.016210918093648774,-2.3720034951452834e-05,0.007047961457008131,0.021841932045298287,-0.006661345905611373,0.0208009376150988,0.01050369521112481,0.006035355624150909,-0.0018523382677361703,-0.007105490391576208,0.005617174643331646,-0.0011549012137380132,-7.710705656257394e-05,0.01290540255425228,0.008504745141738561,0.01295618045706708,-0.0016534892709421586,-0.005711650446748986,-0.009921724269091024,0.023567408809373306,0.0012912272767239554,0.020972455729114985,0.01587024658966171,-0.005436552277775798,0.031327661664277,0.017030768108323935,0.014383807646040227,0.017808542128542847,0.014316756381272912,0.008877919433836399,-0.014992734759788164,0.013217165153625265,-0.012806184219045396,-0.00726902018702436,-0.0071414511432911065,0.0012533577819326168,-0.0015774050786414575,-0.01541466089111713,-0.010614086291769569,0.013163807513413372,-0.011447579279491653,-0.0030565423734710065,0.008070701211388892,-0.0148666272207362,-0.0040655015524204,0.008169769100448667,0.010430711049833811,0.02701029465622031,0.01384255510980091,0.026151027211139193,0.029944998837204615,0.01368982966612402,-0.00686270507392306,0.006325295365782588,-0.002068976369479409,0.01727663434703396,-0.015083326135585481,0.002961267753587726,0.007052404878488874,0.012039915122562653,0.0007794081180797856,-0.006287353297917124,-0.0005602796101602534,0.0008399281262905893,-0.004916901260233773,0.024821856067959013,-0.01745788049478067,0.008742337756582416,0.010102373232399835,0.01787169636510447,0.0005168468706876323,0.011447573145614438,0.019390419388249043
2024-03-06,-0.0012237203502421777,0.014545668016994674,0.011102395827350522,0.0008651425744044022,0.019352613513900652,-0.015081067600927476,0.01098821152731758,-0.011355692899291083,0.011331868325143869,0.029417901928767334,-0.0017093509444443735,0.005189792607008384,0.02247950029981235,0.0003734119663566925,-0.02841287898130475,0.01522120495276471,-0.012127504421131207,-0.000792567578660884,-0.016886409746616808,0.020980338458001943,0.008993900559803996,-0.004286072239740197,0.008686589688704137,0.010626607096407096,0.01698186337905746,0.0074867245594873524,0.013852011921372337,-0.0046570667044541535,0.005401125133149607,0.015114340796490322,0.004015972356892009,-0.016173034417697726,-0.004499003816017722,-0.01140698857165553,0.011781393053341908,0.010050911112669505,0.014305041956835005,-0.00896550844188694,-0.010369560451494241,-0.004672663416381541,-0.00561697821697755,-0.0011308278200519812,0.008363009371696642,-0.0018113230595801185,-0.00911129961004429,0.013333959557302382,-0.009836145888259923,0.025927085424355126,0.031406752424586126,-0.005551998840568712,-0.03341096514677327,0.005313936367329842,0.008817410671432782,0.0013730732360818514,0.012609045616635294,0.010196693957392571,-0.01370666913560893,-0.010557290757928939,-0.008906204676440883,-0.0011340977472013088,-0.0014321298947003068,0.0011470330818931051,-0.011851999502109006,0.0333555703437382,-0.005975592620602133,-0.01208118140797027,-0.001488524755132338,-0.004257989824971943,1.5304577503334922e-05,0.004080701430313897,0.0034015562598947065,-0.0031749867472562945,0.0058751053239373165,0.0004911375294507129,-0.010425688127181903,0.021338348261448398,0.008979837976215824,-0.011250074774699999,-0.005940937773886723,0.004399511127803868
2024-03-07,0.011254026635565462,-0.01678070151765651,-0.012390001338016914,-0.024064327406681203,0.007940025151351508,-0.01202329809297771,-0.01185546652890599,-0.025230402045501796,-0.003270059818877556,-0.017583579542601223,-0.009659613224482687,0.000511418788215966,0.014891230470541715,-0.019391739101538234,-0.009870755315273833,-0.0012037284587001903,0.007882130979977668,0.0030169033982407516,0.015332397336958877,-0.010465226927991213,-0.003960952448819421,-0.014830852329072126,-0.009277963724786394,0.0021661621009251503,0.025551737294119695,-0.005762530229262357,0.019111768826955297,0.003165173911344908,-0.029637579131476553,0.0015782883844393655,-0.022382959867981573,0.005070514358151068,-0.006098116921782701,-0.008058383590717672,-0.013670420194002917,-0.006796664497765578,0.022325417259803346,0.021476458239390817,-0.010873642922449557,-0.0035036287736183057,0.012606802445928872,-0.00692282466607693,-0.01055516410077335,-0.0018691703554301001,-0.008519909343621098,-0.002200259807687884,0.010085742855887082,0.001253517115285551,-0.0068464841847981645,-0.007916001076067901,0.004396113897140743,-0.014747587447595092,0.0021807864002805735,0.0009491960057549029,0.013107529949020553,-0.004660182986300765,-0.00890208655619487,-0.0033576029724292737,-0.008580153804345082,-0.024864650882258497,-0.01896532367586623,-0.0020642834735834946,-0.013976653784921416,0.015710885088495132,-0.005859268112167932,-0.027504406998136784,0.0129241703141437,-0.012988296247806435,0.0009555061591243227,-0.019680556692877042,0.015113622402751029,-0.005450282664005051,-0.024244139256265534,-0.009254114227510307,0.002908480256991847,-0.02006284051460096,-0.01983693534142131,-0.010312250412366128,0.023799075106285133,0.013933338864230685
2024-03-08,0.020874099196556944,0.020238556009919514,0.009445378671673832,0.0037022680823451124,0.0058115192779788615,0.02238918798533108,-0.016662009733449563,-0.0035910530993492427,0.019890831979048576,0.014805376322703394,0.021108759654680977,-0.019864469916256164,0.007566482254385326,0.014085200596836794,-0.017224370720401262,0.005670854859960373,0.02022501129235958,0.002693405639830761,0.015137427969582524,0.0038783957373327745,0.007219151046210341,-0.012150104872732078,-0.011180351499006633,-0.00713152373171371,0.0015298003143624003,-0.005864147726990322,0.019176155020396025,0.024491552427033096,0.010792285684468182,0.015388762689188372,-0.0016496586391247044,0.017332468667813874,-0.008839551335069513,-0.020442578702701684,-0.004127718789034451,0.0021377728389285894,0.0056730416229833335,0.020726081912732064,-0.004295812698361317,-0.00966001725266558,0.0024837346487084698,0.01936270694497623,0.008156443086323857,0.004361206450526456,0.015796902925050288,0.03525649106476826,0.0027822022924939554,-0.009058831021858949,-0.006272976541582096,0.025691250458061088,0.019323738627801457,0.014945528759820501,0.009739973621742034,0.006443334347817977,0.005210756635841013,0.013947014472650003,0.006403876033543039,0.002350885045020394,0.008413735707920388,0.007920188961444164,0.01699815966043835,0.022954526372383134,-0.00041730732047778885,0.0035739563365849883,0.006474953272941415,-0.02544519834077908,0.002716009195764899,0.00614641692048873,0.004577436532713762,-0.009511765713375588,0.011995861107470673,-0.009605757993632192,0.00918470906562072,0.0026168898253792557,0.016453761233626556,-0.01024129286298093,-0.004168480605448229,0.026072199891069427,-0.008140033071225416,-0.017858443298840187
2024-03-11,0.0003868777834644657,-0.004346921257655782,-0.007346989960444512,0.003903483565427659,-0.011345914378349465,-0.016041957670624718,0.001538203964702149,-0.0095300090602033,-0.01209283086518399,0.031378605479912454,0.009133100886007751,0.01432269418247907,-0.004798334823431395,-0.013625431431652367,-0.020700117878789632,-0.0036750826051758375,-0.025967411250208215,-0.02804021783526166,-0.005741066432717017,-0.009994353360830361,-0.008205046420923113,0.0004809949387500432,-0.014618995412889049,0.004843456536899835,-0.002199432589193487,-0.006198689174296601,-0.01500609529458,0.020115019460967186,0.014523065353264517,-0.008772122190388342,0.007236936010480498,0.004917524253208349,0.009314966016684103,-0.011542181225980329,0.016776159735278767,-0.02471130033589811,-0.029777826442606587,-0.009791501293616948,-0.014631450807172805,0.004795301427093342,-0.022443334756482598,-0.0011629899746493648,-0.007490034744177259,0.011087948476723553,-0.023593127826633278,0.012258820618998835,0.008630200883148479,-0.00236486816630186,0.004681917843361513,0.006018149959595142,-0.0005811714124165879,0.005186540543122024,-0.009360174121276616,0.005671831386367174,-0.011413296989741636,-0.006181006045578179,0.007568272192593741,-0.018088347516467214,0.015792083561302673,-0.009013150714613996,0.0020996013078713287,-0.004244901483838381,0.0001485005001361098,-0.006781010079181744,0.003465990950930608,-0.008698702718919316,0.03108748405584074,-0.01458146405956123,0.006541947439850103,-0.017420521313702836,-0.019822842434701764,0.006229325948761234,-0.04233529270027986,-0.01725222053625799,-0.012329200560065012,0.0011165008102451126,-0.00867658303289552,-0.02594421271165445,-0.009575571608785933,-0.004940585134934011
2024-03-12,0.004606328522224423,-0.019928992901082306,0.0014319243347350645,0.005468771971715915,1.2914304765209751e-05,0.012089058074744056,0.006064994812726692,0.015360057993495626,0.012780665677193135,-0.01440481077684975,0.0032338253910248237,0.010848888497392808,-0.008444696402925906,0.0005699255392343045,0.029488710487888613,0.0015872237203483279,0.012106979498086414,0.015468515826159547,0.016830588532277625,0.019413006576146634,-0.000945266282325902,0.005559225820796187,0.00042654568235238463,0.007926507949889541,-0.0010750503207240653,0.00014644617228761142,-0.015005278560878521,0.012343883810668331,-0.01067214821688209,0.007515660724868015,-0.0055102538950089885,-0.007616767720792136,-0.010312706392849761,0.013520602432811286,-0.015349759942881725,0.00147655760000882,0.0034521978262660228,-0.0007930221049770401,-0.005598918910326169,-0.00032683039885794164,-0.009421023530834667,-0.013483875757667494,0.000981719485988482,-0.018819441885135187,-0.004925896238806173,0.014960974716319748,0.0027302530633615796,0.010002043103427886,-0.0011657575580915,-0.0033847755738705756,-0.00040008253289163095,0.01626796843579251,0.0056356843277313075,0.010887612646294348,0.01513178636179591,0.015880497162125362,-0.00808865226296672,-0.006077405072697765,0.00885810282703411,0.006789602449415656,0.009550552259033389,0.006353102922066036,0.005605712708046754,0.019351994598475118,-0.014395611220063541,-0.0036084073364300168,0.013955061501110443,0.0022336285494450768,-0.0005156633148940938,0.00022124643921206041,0.006682351808537815,0.006454472865607329,-0.007340316095132545,0.009385872330263745,-0.005434340364369595,0.008876442090739267,0.001213134265274886,0.00794240572959323,0.012174098885657066,0.030926816488232416
2024-03-13,-0.010499124812190376,-0.004653724860692066,0.0007933784038319522,0.0046464024709890386,-0.01914360420118615,-0.0011408230134935058,0.027154769187869736,-0.010217443767452688,0.010623064997793176,-0.0021175739798902854,0.004513961382414087,0.004577744111600539,-0.009533259947573959,0.006772426855029346,0.023238105538691503,-6.5363469913897e-05,0.0018381761282368285,0.007635075044157985,0.02168267446279466,0.0055425003053641946,-0.009824676799334502,0.0020157236900990904,0.011841454116811197,-0.009828148353160173,-0.01217445452682478,-0.0012566985982709064,0.005790944934455387,-0.0013825511225514942,0.010304086898457495,0.01773341112697259,0.010217318972080901,0.014074898945579069,0.0034930060586957925,0.024243411403016904,-0.007874855425337174,-0.01133355205142914,-0.019140833106641043,0.012329442346850884,0.018084810797569247,0.012962298430597914,0.024160622518572712,-0.0010403770519527194,0.007349330284252586,-0.01655514679260143,-0.015561594511981346,0.0205851054895328,0.00608402911526679,0.0021546539265287212,-0.0052332947191475535,-0.003494188406532002,-0.0003905229935585626,0.02669264163447132,0.015692768618641297,0.0020388085764197336,0.01929979786788799,0.01669076091651288,-0.001667832568822439,-0.013592920963763029,0.01919306021176688,-0.0049435000869693605,-0.02088048032308101,0.016015413196659604,0.0005846471957673951,0.016899596162417627,-0.011331243878564167,-0.0020938796941733216,0.001812318941786352,0.023627183718122176,-0.012312357386295724,0.0076429345561676775,-0.02964967112632025,0.003205425825021997,-0.026152454754015387,0.019798566534042633,0.005640451595621097,0.028429546224927292,-0.010597318614138033,0.01088519506103543,-0.00696466764533624,-0.0007741842068963451
2024-03-14,0.00223924881747423,0.0012061912670635732,-0.0012240425668684444,-0.013930859535478655,0.01710430306748091,0.0016332412583700347,-0.017414382443107553,-0.007086655465483309,-0.008889954820191389,0.010927028475014863,-0.03027323782718532,-0.005344074942150114,0.012982091423347894,0.0009587730730062161,-0.022181882476912163,-0.005525480536376309,-0.004624737786415903,0.015430525690802988,-0.0034390546496526394,0.0013618706052896815,-0.013956633606623017,-0.025595681751481362,0.0019817171198692725,-0.020969516794423413,0.007945050285428572,-0.006456491874093667,0.023404471422414447,-0.015726765983190467,-0.006536781499519865,-0.026059210665639723,0.023641282143844138,-0.019972283334960463,0.002190708056961293,0.01018237880383496,0.0012023205156178971,0.0027853710632578976,-0.011625316103534549,0.007499134576400441,-3.3453885033804835e-05,-0.027818363591894033,-0.012282350828687118,0.016650419224750676,0.0008391299019405562,-0.023769035345290693,-0.014815612554393686,-0.014972384607057868,-0.000592713633679713,-0.010539817760923404,0.001284877853116653,0.016396249838265223,-0.007826570062480219,-0.009168980266239475,0.0010946266822975895,0.0010083066023792238,-0.00800915872999626,-0.019235732361611073,-0.0031236636047187356,-0.003397956928821541,-0.0227299396520955,0.007724846087605352,0.010362296301674326,0.02003876398436493,-0.0011912267921611397,-0.0013483688704282563,-0.008028708403669243,0.0028567528280620414,-0.02136044377186193,0.010475355416713628,-0.01014249590193577,0.008427203533661744,0.009369039935926603,-0.003889606873665729,0.0027991442241885505,-0.005286022188943671,-0.020859275920034698,-0.026182662073052206,-0.018110675524605935,-0.011997655491688982,0.008776665037501158,0.0023771390891288158
2024-03-15,0.0032303865809832737,0.011380229740121438,-0.002500594113140143,0.007443875870133403,-0.011309549704054015,0.004975850311823359,0.0038019644579477276,-0.006463477103726918,0.009624997694432692,-0.003500161678807929,-0.016131386572976983,-0.0017669347856876585,0.01520735152888445,-0.012613201962502103,0.007092229545161279,-0.002292515228777303,-0.005301881695094218,-0.005223162145884535,0.000961136216707857,0.0019844194994408293,0.017036039298848626,0.014563638344129557,0.015752678405228905,0.010035392291685005,0.0007379690975284603,0.006792515786411242,0.014743657870916773,0.0101928270832556,0.007039947225417753,0.018162639483970674,0.005321927356093519,0.013047154626438063,0.01618365578364454,0.02746291047807825,0.0006470102432748204,0.007073323359037381,0.01823034517839537,0.010943047077195088,0.003791411536876363,0.03668190936254467,0.01319162269098613,-0.0002816315244989877,1.917796256176163e-06,0.014047735842661918,0.012204911306974606,0.0037378991093485717,0.00850876916821928,0.01411259517976387,0.0010790512755550097,0.0050529254838585546,-0.0026376787255021263,0.024199092638414733,-0.0033407793604361413,0.02242955975545209,0.01956123389035242,0.004830141392491724,0.020807815035164455,0.010762417133860787,0.0018420063822801574,0.01493547321932625,0.002416943381773875,0.0020773948055585016,0.0001622993984943576,0.013436178579760556,0.007460027037846342,0.016506027197425187,0.027208022038852028,0.013978695844223305,0.02091094090208288,0.0102481931612625,-0.0010201814465390837,0.011907289640142732,0.006005790037881367,0.022781464521967942,0.00043169127241332074,0.006953554419517866,0.009301241330498144,0.014702030662172015,0.004279846789774989,0.002944363752599837
2024-03-18,-0.014163487790968135,-0.009808250167463946,0.02089720564716295,-0.01095854346701403,0.010248466981974803,-0.0002592843922208754,-0.013608891380515058,0.016203737828392524,0.007873584459164102,-0.0027989993407784705,-0.017502423396633545,-0.007843685931057057,0.0046339271050323694,0.009365442319024864,-0.0042777688372487585,0.008445080657870922,-0.010735546264196972,0.008787626223901703,0.0011285844880709215,-0.008937468859147127,0.016232039253305696,0.0009925881874494678,-0.025900476826644696,0.006056313964040313,0.027794270241169712,-0.013084314998946188,-0.0014132620405301064,-0.010006087041949129,-0.004058603279357372,-0.007550277132016467,-0.0013827058781334832,-0.019545085339493205,0.009822513230439037,-0.005974433075568528,0.021644417784463514,0.003906131704559862,-0.016244528387805955,0.008931162067259007,0.006037691146534598,-0.01498575449933716,-0.013413772110108566,-0.008671855926639018,-0.028587939270962943,-0.007549674462008621,0.003349204047488303,0.002126682639675388,0.0020347423433303737,0.00161472198940709,0.002980919404195723,-0.027075327005096156,0.006858558643949972,-0.007479191033061791,-0.00904286916695187,-0.01006152132401731,-0.01616104432198887,-0.004489711455256947,0.0004270642739452315,-0.012717362376367048,0.010242824068949852,-0.0183800146025318,-0.008070004364878924,0.00745677146395308,-0.018038702261859035,-0.025839261592730516,-0.007233366880283716,-0.0002714360222012364,0.006762384811203895,-0.012165998321323764,-0.0034771823316419315,0.01436572399341576,-0.01743665276562633,0.00229885839320152,0.0109640487845121,-0.010671245570264621,-0.011306449448734435,-0.006114141900823116,-0.022793257503126295,-0.017117084348803366,-0.013063684049855872,-0.014363002131639664
2024-03-19,-0.01776366367362158,-0.014093549795858867,0.009529752293894318,-0.007031979385620937,-0.0027470336847715197,-0.02829230261740358,-0.035893837947368806,-0.013567767547669767,-0.003437522596364104,0.00908083583182136,-0.0030920437088174384,0.0018143891825147876,-0.018629895776211783,-0.009124500950645188,-0.029253296766638303,-0.0173909047322928,0.0016701994615444596,-0.016620115096436742,-0.014899154815237325,-0.02672617238454899,0.0031777570668839253,-0.003105877575053711,-0.01328542023409037,-0.012043596515053273,-0.03031568901880575,-0.02056174836667521,0.0023442444504878073,-0.011733477256441499,-0.007899850008494726,-0.0017029501985732255,-0.016041219643042292,0.004983191121933428,-0.030582251295070494,-0.0036915041006513136,0.0011610450676102268,-0.011642681516006115,-0.03784724013249569,-0.0062580702725542475,-0.02183002614855392,0.007181245854009182,-0.02311243886141011,-0.006205472958393932,-0.012457875901416485,-0.03734865300854992,-0.009920206320644479,-0.0026787084297595154,-0.016997883520987873,-0.008689776594810909,-0.005361798529389418,-0.005615264368550635,-0.01609257162328194,0.004975478474099354,-0.013665266367834078,-0.005391587158396517,0.007082013433626733,-0.022800439520921794,-0.006663023198157728,-0.019800219709341704,-0.02005690706457859,0.0026600288327396707,-0.005612109209218768,-0.011800478274654858,-0.01577765654732363,-0.012196392676075404,-0.0321137085425067,0.002900994763602229,0.0005037112182446407,-0.036515271097920604,-0.0037133325050202493,-0.005264773809250795,-0.011192217273312386,-0.0042610991343589415,0.0008262190074130576,-0.011617971749243382,-0.0029612360173696035,-0.01994985833574389,0.021292738375554468,0.012993649889181794,-0.022987836980614483,-0.010290670511679506
2024-03-20,-0.006491378628039342,0.025368425214823055,0.01022131355219865,0.007474841471380512,0.015638901158134193,-0.004294812113026014,-0.0043584734136157335,-0.00858456793347434,0.016112330761033754,0.0002903303387406988,-0.006953252011566728,0.01712964072959952,-0.022705294326608227,0.00586678212283798,0.005230534532455727,0.006611263892313487,-0.011625558748328867,0.018863562400086756,-0.02267398485826637,0.0010605999729382245,0.0017894089666035179,0.02173746560759006,-0.0003508539835820058,0.018515506974478475,0.009206017706698483,0.040561130609728754,-0.0013773100721733832,0.004808869289995203,0.020493278547838677,0.014277986042232413,0.011344936541973159,0.008366576367294112,0.003565215225887416,-0.00885875628599312,-0.01201410958162889,0.012023771290119516,-0.009800956543970615,0.010543209927777379,3.280395512361657e-05,0.016458781845831844,0.009936768875947261,0.0015154428921035894,0.01554372973705355,0.01499252498081654,0.007014661585119581,0.01359636785821206,-0.006977183154592429,-0.005019664045073102,-0.008098152127564255,-0.01606957774485698,-0.011046365227010444,0.0018263310623438493,0.003936136671453569,0.01282139913719566,-0.01736634669308416,-0.010741938806464206,8.239523030071673e-06,0.009308521328657223,0.012075147990519675,-0.012070475897055835,0.025976248692421516,5.920556920881691e-05,0.01866876762379799,0.009696972782755994,-0.011204555360218206,4.484422669874706e-05,-0.0239922921782168,-0.007840069859441558,0.002763537017711296,-0.003834704275207438,-0.014075224637890835,-0.005073493549846106,-0.006808345710891681,-0.0020341564196088013,0.006930114675591555,-0.01519032423642572,0.014278422626087197,0.0015571503375464762,0.0057941712788534445,-0.0034972718395378894
2024-03-21,0.004974394467063488,-0.006966446769955292,0.05213520239800088,0.01702397606265444,0.007140153404427273,0.01708555699351063,0.005253669055513633,-0.014212809800035309,-0.005182240181595237,0.03097152484726972,0.015205249216082477,0.018491773923071452,0.020258598785190565,0.007363050905286987,0.005723577214252771,-0.007942491298924981,0.010191543136368227,0.023318584756302635,0.028462694706405153,-0.010045817323266211,0.004695610765020738,-0.0033309289889621244,0.024891661934682334,0.0013904994800439088,0.012478803466115216,0.012590078699045942,0.009178170538175613,0.030923389197206424,0.02646580915532734,0.012161490851168803,-0.004084989866080293,-0.0007507396974520521,0.011931864581779967,0.007849437438823718,0.006464696569148625,0.006851469151781723,0.005013753375631901,-0.01166575086163048,-0.009449092241505823,0.0033419685830593368,0.00800875559210463,0.022308251561417348,0.03399625943602287,-0.009720959569210135,0.0013653141061509139,-0.012128138556164878,0.03031241334945317,5.018001838601226e-05,-0.012495730680790547,0.01335198234103735,0.004960225702953508,0.01706327694544823,0.0010991366007805734,0.0037473080393592264,-0.013563353164762922,-0.005927396589603615,0.005445613970497666,0.016536571860200827,0.040401300492587264,-0.031942839483906325,0.018373809493087347,0.0013011881289859712,0.002323269557956185,-0.011227478966199165,0.0015739155288968989,-0.008628013872672789,0.029993352934398018,0.0006650563164255748,0.031249009186259155,0.022306890152444293,0.01732960599199386,0.03258387486734549,0.0008677858272432299,0.02094751518245091,-0.0023418560354224183,0.012056081745594825,0.01616076016276106,0.01885249766067594,0.00030134363221928986,0.003714175321433176
2024-03-22,-0.012763880126421127,-0.015868813157412363,-0.013089156515630872,-0.009900528159153371,-0.003803328698792937,-0.002602759015483725,0.0015353350900575054,-0.014119049479443039,0.0029258391024930127,-0.007118370302546372,-0.015546016939817149,-0.01623755860209629,-0.0030822082874822528,-0.0041683308389143595,-0.004962405429447369,-0.002921764572341879,0.004570488584020637,0.0016820745371564812,-0.007912069146230886,-0.014737717724550185,-0.016778728311169347,-0.009134271526114856,-0.027907519836555802,0.0036945787300912553,-0.008451848471211387,-0.022698123971813568,0.0022745990090347126,-0.01962411347965686,-0.008115095068263294,-0.025695954836222768,-0.016040452874871432,-0.0018577736179472247,-0.00973072212439747,-0.0031213211513811774,-0.007602870435626232,-0.015813863862829687,-0.017201809703423415,-0.030274711431717297,-0.0068150850713987465,-0.013441792446531022,-0.012017068140711452,-0.015461086551639941,0.007428926569431,-0.006541929002168897,-0.006402388389251104,-0.02371929555048902,-0.006299086439039837,-0.021550260443527994,-0.007914834928329211,0.006935083215347124,-0.019025691065680916,-0.019975029784576975,0.0025407211773921714,-0.0007336097371245017,-0.016976856218770566,-0.020404722500172646,0.012510141278603264,0.009032884458493269,-0.015538027017528239,-0.013450576604475151,-0.004486944076123909,-0.00268352637572253,-0.01360241240242289,-0.01492068374220849,0.03465387509872195,0.004718456707415334,-0.0024152629887917642,-0.01744586792239508,-0.003045783389685929,-0.017667550110209505,-0.016271929188104203,-0.02396942691239252,-0.013439061091258309,-0.00731743433654836,-0.02374427157892491,-0.033718133384887154,-0.01802639843778047,-0.013160688056273833,-0.02728801850452277,-0.03400536446850656
2024-03-25,0.006507027573709129,0.025407934959136947,0.023635000688985688,0.016214989313320306,0.000376531644290027,0.024678179332466847,0.026856392868709594,0.008065653024605442,0.028831181151389544,0.015654662471851554,0.02894728645868471,0.04016694118133941,-0.004550507562673514,0.033505069369072354,0.03450864433771451,0.023049381669276614,0.0019400181297405082,0.01225793016814486,0.007666503367174741,0.042549598107937875,0.02726503520347541,0.015214439621964719,0.021775993465941598,0.001068094343177374,0.01590874746367668,0.03989032134839194,-0.004427634456426178,0.006707153966214602,0.007822792854017654,0.019400425291375197,0.02469915662641116,0.011847262407099898,0.026844780850912218,0.020455709258626584,0.03298284202317562,0.026859050949106317,0.010369512573885457,0.03107490282394043,0.04872203984608253,-0.0019397886856061045,0.02853613685703971,0.007058317183170546,0.03548807201259703,0.010066712016730255,0.02353848081759799,0.027514544221524523,0.027776036333924465,0.02479901158531161,0.02118374291480056,0.025041181447792955,0.006595458352123985,0.013889938849063067,0.021016274718969566,0.0057069817577824755,-0.006490868711975194,0.011373398752340096,0.007020174285596478,0.029991668965341292,0.02156939257689322,0.036782707052429135,0.029153624604694145,0.030244391223497438,0.00805985577543638,0.021399143133846443,0.04559489882647423,0.016901506161054073,0.028913879927037853,0.01795296579466473,-0.019439729313443066,0.017773738961852407,0.04346964263999982,0.017300572862099173,0.02563133064047186,0.034479669667109594,0.01355684885776269,0.014733242375875255,0.004315596147767489,0.005212451019662577,0.028132452649087154,-0.005486395505670753
2024-03-26,-0.04133454672912673,-0.0025726470806145905,-0.019696284404837457,-0.016643738514373094,0.0027017601181439123,-0.006401016977185783,-0.023601349124908355,-0.003730831811319125,0.004826238061598733,0.005806902155013952,0.001937174741677039,-0.009987919996490152,-0.014967984063022953,0.0037061445362864317,0.014364227759732347,-0.011481825481014063,-0.018208020410582414,0.015185602903282509,-0.013273251936882585,-0.013544829864763366,-0.015925464839925334,0.00012430162721065782,-0.009702005509417086,-0.01609022378546335,-0.012764609751712388,-0.007736720807681115,-0.018305672194797548,-0.0033452219286016042,-0.009978544671909808,-0.001635122585925514,0.0054456675603339055,-0.02654340445565384,-0.03041177833549663,-0.017227756487689472,-0.01196987307810938,-0.009563341736753378,-0.019137869036890243,-0.0085485761310655,-0.019474571851984642,-0.027926286259899496,-0.027018742503676807,-0.0012861004397441362,-0.031706159238416694,0.0006655431090354987,-0.009800333194785535,-0.017421872080277668,-0.01205040849541336,-0.01984593277180843,0.010714621988602409,-0.01183701155082182,-0.024600496336328867,0.022946303201600377,-0.008526834527146684,0.0024873764008879855,-0.003856110831327351,-0.008024746090476802,-0.0017185099972566332,0.0031558479142701785,-0.023707480450014203,-0.009410195193683217,-0.00854966433223337,-0.009155880194315753,0.009123700347839294,0.00819247572336355,-0.03960504447347526,0.0026591742941184686,-0.007793988806188622,0.00020018814968797167,-0.0026475104724657007,-0.013144999448873401,0.010070117458628286,-0.04313096029197533,-0.032518409386136655,-0.019015302833420726,-0.00924272079853085,-0.015710237267033356,-0.008416008544266579,-0.01506602917433035,-0.021983172335362428,-0.003336875938595634
2024-03-27,0.00874280420295218,0.027273008243736012,0.009662168441924416,-0.0010199438222140544,-0.0021472264362899767,-0.014552173643844748,0.013616964692872494,0.0022382264589679386,0.0005401758459113218,0.0017578106697967704,-0.005528250588292516,-0.023516508191139575,0.0014731273421973905,0.005623488905912956,0.009362294933618948,0.0013577095221337517,0.003957426212328111,-0.007063211162123054,0.028490507271266393,0.01733635215593516,-0.008638718396363907,0.025650181070880573,0.011359021161355037,-0.01779931166681364,0.016068887455253596,-0.0038289344678480745,0.0005557546606004262,0.0019437740961496075,0.005219057487958879,0.0052464618919827,0.01777269899362502,0.021950960697370223,-0.0004194892064172057,-0.018089182086269424,0.0005658855808340548,-0.007568256525222297,-0.0028650731107122533,-0.0076822931014808166,0.012686496656188805,-0.016581780674499863,-0.011099391568943314,0.02090837229159032,-0.011073639298912055,-0.011329718869314288,0.021957097146754753,0.0077483690660384175,-0.007480952838155272,-0.011029445117900685,0.03461745797969473,0.009435185867161475,0.009830764118626587,0.01287635665492705,-0.00043571356175969985,0.011156519405611177,0.011605499871020221,-0.00657312794412041,0.0044410535678374085,0.01987051119188472,-0.009058224033002956,-0.0026455876922153376,-0.0027643701566706716,0.018812420086310393,0.01923640917426071,-0.017717548492526235,-0.000761305682863624,-0.009750654869254487,0.011975533513431034,0.0036602501110688424,0.013779401741741897,0.032180900645022444,-0.018876506099852385,-0.024021923528860373,0.002576252084176678,0.005821755660286109,-0.004259500363261175,0.004135669443837305,0.005861159053900397,-0.007426068205907601,0.010892779788595895,0.008447068947694052
2024-03-28,0.03260118788732971,0.003629610573039177,0.021941953583647176,0.012431185281576093,0.03672366461278272,0.028468053142158247,0.019578449836302855,0.017399421686326386,0.02553300672122448,0.023547796391295624,0.035276614085111506,-0.009864998719844878,0.03630976965068761,0.04401085513185511,0.005567191538696047,0.008253038529133885,0.041296156057395596,0.012351267843214607,0.011440793891597712,-0.012896314115666007,0.015505481508685574,0.005347798560966486,0.029096250582322923,0.022258835225859735,0.05121128771853952,0.031925905683540166,0.03025406080343218,0.02121920761649083,0.01572656231845511,0.007906184934866056,0.03386567489010117,0.04878165105532679,0.04653531439085863,0.003352551776682927,0.014605174630488025,0.01786254666960144,0.011262657075574577,0.009997460215300234,0.023886358427730146,0.010704172015212685,0.05192059464147722,0.04386744427137701,0.05093982297316912,0.008446115199026771,0.04195330440627844,0.017313435955554964,0.0330059563958541,0.02879694752470505,0.018055381885190742,0.027423328606384315,0.026754779369903586,0.012405945372401203,0.008580650510875705,0.02447691983911555,0.023546362165382473,0.030140184871184243,0.05706783022649055,0.037647572023899484,0.02238811853365885,-0.0055396495888802395,0.03426548966405278,0.03707349363179932,-0.008873917449899005,0.01818187800173799,0.010686574784597582,0.02185541557232953,0.044453614233850365,0.004020188574496022,0.015997982840879933,0.020136260118355353,0.03000742470749288,0.030190683691277767,0.04009707891614657,0.021140770536411772,0.01886826661218773,-0.019693158242905764,0.005001832925748349,0.01567046748588487,0.04364081278770896,0.027741600704965293
2024-03-29,0.011497551022565241,-0.007020558094454059,0.0019833338704727185,-0.032521284350959495,-0.013450643662119142,0.010865908921221207,-0.007285077103033605,-0.004528590635030848,-0.030330481540899668,-0.0042278848618216985,-0.012326332021756488,-0.03716128398236482,0.008947155363793228,-0.006607242093431715,-0.01034237436756313,0.004115971223562919,-0.01979205773315592,-0.026917091824300885,-0.016448950710918495,0.0009710257385922016,-0.01073925899832474,-0.0035193977491585525,0.0026268347462523253,-0.006057777025479158,-0.017580025724714177,-0.004730787021200625,-0.011125737370808561,-0.012497983763008988,-0.008880873463652664,-0.00201267622498526,0.002185999689633183,-0.013538375223255236,-0.013539991016825216,-0.0033719728252652233,-0.011014569411045996,-0.012828155517338666,-0.015646441612701886,-0.003961474517477386,-0.0053976674847123155,-0.008817369502578975,-0.007454338185715726,-0.020549666154431084,-0.027875215745623648,-0.03721785247200084,0.011382084623783742,0.01994411836072577,0.004804318130689246,-0.012247355249153798,0.0039141442933449296,-0.020976055341989888,-0.018056579103378274,0.005407616772185271,-0.005930250841615494,-0.005983689753519888,-0.008943560683080921,-0.015655579624671435,0.008635345351090668,0.00287803718754389,-0.030196379439740177,-0.0031051650238674167,-0.0002381534444611034,-0.01158956414928291,-0.012259102315822737,0.0004105265959315303,-0.008690739253488334,-0.005603833094665977,-0.0039830636675181365,-0.02444477313033912,0.0015589939249785636,-0.009570755358520627,0.0004728050741382335,-0.03449621440164716,0.013057133883745293,-0.011532136019615438,-0.006591276612796277,-0.02932499733323294,-0.002194535273842999,-0.016899727165048412,0.0021723864584154307,-0.009800527506159099
2024-04-01,-0.021686922636152347,-0.025577796255967462,-0.02361548936972979,-0.00534946322629694,-0.017062085956021343,-0.004602546411101416,-0.017851674615610345,-0.006101944991422669,-0.0069477379422776455,-0.014035766248719697,0.0015060453602318991,-0.004379863330518234,-0.004380992686877788,-0.003497315658061029,-0.018929857188496067,-0.02065804349736919,-0.01593946674335759,-0.023489771119342882,-0.014457755116338284,-0.00564248467578053,0.004307989457432893,-0.040188255534600335,-0.012387102710437378,-0.004417258332883756,-0.02447662192688687,-0.006898301805594337,-0.004100817992221255,-0.014200345203943294,-0.015596946190588167,-0.017586170589921343,-0.027613719545273707,-0.012932424492142115,-0.03907807554222087,-0.008008427906201146,0.0009344381944399911,-0.004771905505371592,-0.014837864965558781,0.007140993812538612,-0.04502678868874253,-0.020127290262847243,-0.04241499152080681,-0.013375606503597726,-0.018343460860536627,-0.028834395671037197,-0.0294536402581074,-0.0018979291899955354,-0.015021398170215305,-0.020257116791828875,-0.010906631070257525,-0.024631861479615602,-0.0019523071341826627,-0.031639593981354894,0.013064928639653578,0.016812920104383042,-0.015170854738567791,0.0013961365063965905,-0.025802178706466377,-0.011533719928111925,-0.03629717036088148,-0.020659294778272698,0.001958320944621817,0.01700782071101485,-0.011032848669175983,-0.025772799351477707,-0.015277806822385876,-0.03255566019507503,-0.022909915370506247,-0.0166580075029971,-0.001406667481736893,-0.019290282376242186,-0.016879739407638115,-0.012393794403775391,-0.00971195469010455,-0.030468600846446103,-0.016188436669344677,-0.009986268197806679,-0.004986311116429346,-0.001692941344391088,-0.008586328810378113,-0.014235842766678502
2024-04-02,0.030029709523834165,0.013774695401497446,0.02611312399862552,5.9187115749540636e-05,-0.004396312634899995,0.009931835588497279,0.012998577503536059,0.013207251159571599,-0.005444279795220518,-0.007331445564728785,0.00044967461840419824,0.012396277071279629,-0.0027452144283430045,0.018062873882878347,-0.004579322819924184,0.0010283077932165957,0.006320170576490553,0.004637070175578817,0.015374166550004623,0.030714947949985572,0.014425976028972288,0.007001545025441738,0.005678216632533131,0.016403238163666015,0.04485039958158738,-0.007006540534918967,0.030289018981498834,0.01638055072700912,0.00521726329668837,0.009498776615596614,-0.010472171082920867,0.022262563195208994,0.005689562279786118,0.004105098050764889,0.008602122085619723,0.013115300115180561,0.00803192855256013,0.014658139092222761,0.009810592629078439,0.0071111536179644585,0.022485050913383854,-0.010425428290598827,0.013082601151159784,0.0013489900026956558,0.00416807004275372,-0.007822282306421798,-0.005639660612541314,0.007428482594694112,0.013861378519328204,0.006328055797789753,0.008683483706212513,0.011508029133259469,0.004985223313595494,0.004001553018216586,0.025531499482274782,0.02146322705702227,0.01087568104644844,0.0012443219093570693,-0.0007889236311352885,0.02173380125790594,0.01285379436689727,-0.005923069193603308,0.00718854230455678,-0.0073497763325068525,0.014767687853892058,0.0002060164682874592,0.005736425648189213,0.007896951667631871,0.012384536726909945,0.017361074659696853,0.01960967717506349,0.027141378454182522,0.020653974524483164,-0.00917089772994175,0.027457922745572558,0.0305409935725918,-0.002394402259986014,-0.001569531541739274,0.026458193779902044,0.023357442935141345
2024-04-03,0.016658400362915438,0.0016357174236739276,-0.007356529281824606,0.003405046551254929,0.028002125409841212,0.0115794189594886,0.0007664354429801562,0.028086056658223345,0.024836384325343977,0.011430155010800601,-0.0036921087456238556,0.0019181956691187042,0.034958975723585126,0.006910258153962395,-0.014778372382108421,0.007084990106149426,0.027738592855505433,0.016327356304833538,0.024974615106448016,0.021794088379189863,0.0023862214553267234,-0.0006731370166738835,0.007585535213362941,0.02113130407595177,0.012292605404274145,0.025149554072567398,0.0059891775756226685,0.019420310402943397,0.018075792475596486,0.005494006616102558,0.0066784531525255954,0.021407689517520784,0.025687307394695418,0.016524508338910365,0.02150941795874394,0.03868666928998325,0.029476344068516076,0.0012818443486907593,0.0204527385337204,0.01902966594758326,0.03292864664760156,0.026569495393466605,0.015096109679416827,-0.011708832825722581,0.009868222950270636,0.016515049896212365,0.02209702685997654,-0.0014191442061606864,0.005219835897325168,0.026624022125287514,0.0071139617232182945,0.01381426063636579,0.01944743026414946,0.017600601755176207,0.019126370812142024,0.004077515360458084,0.0148402799708337,0.03188916641992122,0.011488826495240068,0.015228915198426495,0.0025884136611289184,0.005010170318067379,0.01378495049476936,0.014494207372268217,0.023680020821914952,-0.006774815408397486,-0.0031275047287134348,0.02087575996483603,0.019365459952846217,0.014402894037780348,0.019936581028707916,0.02175082983895648,0.01015482623589377,0.01937765515534023,0.01809622853719147,0.010639178225689081,0.018556145628235078,0.004513498396356613,0.004897888703535364,0.01180978815983668
2024-04-04,-0.006749869102165946,0.009403553920161279,-0.016763767047200596,-0.001929855755058189,-0.0031839616904945954,0.009001874527562664,-3.640609794547042e-05,-0.010861769810350731,-0.019049063326360565,-0.033916123054233416,-0.01125996074841277,-0.0103258787597116,-0.012144085593789631,-0.012282937637579726,-0.01068948094642781,-0.01436776498269711,-0.029363387558630202,0.0006037726798137936,-0.012064455273917687,-0.016909216126462068,0.012215731241060632,-0.013480341149784993,-0.027343588253779482,-0.010901319765756166,0.010996305163224928,-0.0004977139592819216,-0.021076919689257734,0.020228671586019535,-0.008488829793270255,-0.006059518476596636,-0.026364671800083655,-0.01885595932108807,-0.006971548415518371,0.0001847464243260443,-0.0404163493481287,-0.017554300697806353,-0.011100130210238804,-0.031226006399532796,-0.04243288743958293,-0.0035841802975056097,-0.015257740806698708,-0.015285207802204978,-0.016699422960044168,-0.007909742944741817,-0.008348023516919347,-0.0031939244670098985,-0.016751828570437173,-0.004358881407824011,-0.001353352758778981,0.007938782160837349,-0.009926735581050963,-0.010565119367400577,0.0054455344859380035,-0.02249821337535131,-0.022676703680635145,-0.00847039018748601,-0.004661949876158143,-0.018567527171151094,-0.010138082424055738,-0.010053202760022147,-0.016380141580408507,-0.010631710434844947,-0.007336299606849905,0.0038152750321846784,-0.0006336521318376243,-0.0027672966937393115,-0.02148789727132542,-0.009536832496602792,-0.012374898248502202,-0.030710604670803422,-0.03239805491847757,-0.04509555768484695,-0.019212619108878275,-0.016654066000360977,-0.012783396692820944,-0.011963603438985261,0.005902562537215054,-0.0048280273735114764,-0.05915423756393491,-0.025224103807083745
2024-04-05,-0.0161228296967039,-0.015335848921805104,-0.016844622234961144,-0.020457605591017655,-0.0006790153246906388,-0.014740338021964882,-0.02488969325087982,-0.014645660275476828,-0.012779772356586073,0.01739235531279678,-0.01667078840646735,0.0065144988290070085,0.00539985678117867,-0.01733604817909393,-0.008434669316521579,-0.01566534850216786,-0.04041254084242982,-0.00611109289157782,-0.009875625189519652,-0.010648432501447678,0.007205418235541808,-0.0067638632346514,-0.03704905151525854,-0.010051122874112743,-0.009932435310285547,-0.0013904784560467773,-0.007319384164234678,0.003138569010989957,0.0014726843074051275,-0.027208287201650805,-0.013639636318764027,-0.014216625959234635,0.007235219147689117,-0.004421079925190958,-0.006075578556508994,0.004952134253539739,-0.009802552019297351,-0.021079936148114944,-0.013769127915250227,0.0020407620089874156,0.013306219372163555,0.005899248978737556,-0.020940571747220152,0.00454717640062394,0.0028041923905885568,-0.02379845395334939,-0.016971691507970264,-0.00476758464316568,-0.02558392828302384,-0.01369338801819333,-0.01328660633430607,0.00833017032167177,-0.009761873436191549,-0.01667019093033899,-0.014932840568250554,0.011546567293762033,-0.002465573003090091,-0.026350206797466483,-0.011095712072847564,-0.008682484518069791,-0.025609985322229398,-0.01093634406852544,0.008082507270390471,0.0055439286406957925,-0.016390915668089586,0.002343347000265979,-0.003952071243269101,-0.004777871581541356,0.008311397229276048,-0.024291422041020146,0.004923738112728728,0.003773280817829813,-0.008195139030124105,-0.011853255590270086,-0.03525853379376822,-0.010023224155809184,-0.00667791537474294,-0.017356848092127827,-0.021943580414669567,0.0021352073385444443
2024-04-08,-0.01767544480291684,-0.0102442525686318,-0.014785603767984745,-0.02005434111494441,0.015578412061195718,-0.022937646167152576,-0.031170038889925727,0.01997984718103005,-0.008194756035698768,-0.02135180433839534,0.00814477776455755,-0.015139524944395934,-0.006539619453554603,-0.0125913780526294,0.001869365847817763,0.00312169637481198,0.014878999154667026,0.008082365130575149,9.832062927979997e-05,0.00923605807021584,0.011654550442074415,-0.0173472578697183,0.006276460963305382,0.0300227271792347,-0.0062338446947354615,-0.007294592482438288,-0.031034703371477464,-0.0006425823467075915,0.007240118165958533,-0.005880567874257981,0.0012046332283224496,0.00795273057610088,-0.010775165685895424,-0.019949094769897563,0.006557839010112267,-0.0003920860710251413,-0.007174035277336416,-0.005810107878467171,-0.008035055291644786,0.0076350928842406855,0.006654029830154655,-0.005278480662612968,-0.007165754176987123,-0.019908401066414904,0.006858640303426911,0.02290027267808139,-0.002495132305311641,-0.01582289588616981,0.02094831738152178,0.009858822349246635,0.015984281962854428,-0.009980008573877597,-0.004248431661278135,-0.014974117228039879,-0.007793006909177069,-0.0010328204751831795,-0.0035047245856832283,-0.00819685298860782,0.002462315174060056,-0.008797324119991486,-0.016690670888488746,-0.021022858203636693,-0.004257303787023993,0.0008078336566053693,-0.019245912718808926,-0.011659367133868684,0.004278939600473417,0.004251621812597236,0.004819723695571425,0.0004878022728673822,0.0035252953909627547,-0.022712257548907454,-0.0028101482963829682,-0.0005373455423545075,-0.013478455157053844,0.002569764880454536,-0.02066924738697297,0.006877515393374589,-0.001266314775011014,-0.016526796121433783
2024-04-09,-0.011659942619597368,-0.004754987404428833,-0.014362643632114775,0.011976844745161789,-0.011526545908411331,0.0035499720383002217,0.00936849129259892,0.0021456579990258794,-0.003905613848919686,-0.013702012901249278,0.004560679301133028,0.008181366404146488,-0.01747668005210344,-0.00847030701442316,-0.014782887210039022,5.7097957217293153e-05,0.02228589803753782,0.004638253790558719,-0.005598326747456837,-0.007339344711006342,-0.0014114193625377486,-0.019939454604069252,-0.006358754922337667,0.025470770108532596,-0.006488576571071652,-0.035322815679211576,0.01141074505216893,-0.0143158767818677,-0.007399401406399471,0.01126071868349492,0.0018541594423226952,0.014654209096683395,0.007663192947192067,-0.0023998324172310346,0.0035385303712376845,-0.02815829813424109,0.011439021168760196,-0.040260775741791634,-0.009374959815511359,-0.0016854734789408421,0.008748929076024562,-0.041069209315940235,-0.023164066821342456,-0.0028813488690312868,0.008441016083667062,-0.0032328989057060897,-0.01586789557734735,-0.00719078437640142,0.014718718195705447,0.011665506104486113,-0.008781084296913317,-0.005274950583628648,-0.014184756916707925,0.0010545795381835816,-0.001978488753681875,0.006919293124928402,-0.008078285968710741,0.0018353430667133516,-0.021463733154930435,-0.03642013126279538,0.004171187305627742,0.006544493073988635,0.011731352574148375,-0.014650405727010722,0.012370638274879147,-0.011187523790055685,0.0054125403746736935,-0.006909839391019472,-0.011275061138295982,-0.0104321786126455,-0.0036555156748429374,-0.0036270835932122663,-0.003724660378937355,0.006371332330209507,-0.00036518121596507483,-0.03011508492831335,-0.015673512277642965,0.007669567632923433,-0.015571824897482569,-0.0167206243317142
2024-04-10,-0.01179896851418969,-0.014639882256107559,0.011546541384143207,0.0035395808817257493,-0.019091593118729117,-0.005524613655128367,-0.003614903668396098,0.0028732272202586645,-0.009858159291528355,-0.024614504503577637,0.007310305688276115,0.010840837865545471,0.017607409626726342,0.016313701579480467,-0.007465975551158566,0.0062101047130840225,0.01388269750775967,-0.012263280014297377,0.00611636666424669,0.0024379434385067623,0.00021875684358462605,-0.0025671380691701232,0.019033027149598702,0.012157016173644584,0.017175592945570667,0.014265113921211891,-0.0019689781539155068,0.005394111463614248,0.008905666827498843,-0.008920005391770482,0.01586829083419601,-0.006896508582719488,-0.018931773459442896,-0.006491274442670006,-0.00046417573916797406,0.01210843796866801,-0.028067254767001823,0.005342787479224701,0.005476489227983952,0.016522560335665345,-0.001179735632893887,0.002251101735648348,0.0037389798350097024,0.007882652292259928,-0.007043781753531727,0.031970586666901425,-0.0012755162164992417,-0.0012552711360182623,0.0162150366760608,-0.008456172788140062,0.025348801541646863,0.011407593297223581,0.00706805236241974,0.00425963541602223,0.004149992352462715,-0.0031201108459135455,0.01652676630164201,-0.01962063590972814,0.016561544915406033,0.012823221203864432,0.028541232000332716,0.015570303654489153,-0.010930831571208922,0.003039681856845753,0.026576229200889527,-0.0024506690987792846,-0.0009849619938750356,0.019179142552494824,0.0012676572632404183,-0.0023179918685317744,-0.013857229828913067,0.007085759428764456,-0.012855172215583953,0.009971381606929532,0.011559554191618391,-0.0048779358016831096,0.015830214734771808,0.00047807224321770527,-0.00453663711227562,-0.017400469719411872
2024-04-11,-0.009418659584472536,0.0052786820682897,-0.0004693333763329207,-0.008048449175936912,-0.00030229194655157204,0.03239734344532231,0.014151841111991565,0.01964466589177343,-0.0024959104432046623,0.01148820823883266,-0.005557113292521482,-0.03534277276409398,-0.00940064499610135,0.025518327004847255,0.0032889861572409614,0.012892647657380504,-0.010371464207930187,0.0014102258408976959,7.005439348417575e-05,-0.032237293693133835,0.021340408500150086,0.014517118696447107,-0.007960647314823238,0.015398329406246945,-0.01464341313394119,0.0018209868322859122,0.0008827226048620665,-0.010801146888162316,0.018951567807955743,0.0070686620167365365,-0.0142099560889286,0.0024340941104842805,-0.004195005324834345,-0.0017189554761396278,0.01165317070713987,-0.01672963484711524,0.0069317014182566986,0.0008726907164805483,0.0024004465770539746,0.0030192824966498257,0.02598642970777278,0.010254739508957103,0.02096385929870477,-0.00812359960260206,-0.007598105193026275,-0.0015867334731940793,0.007079344644846538,0.023230680743779767,0.002356815500309555,0.021421903988266825,-0.015530038954541563,-0.002057750757749579,0.0013348434687628636,0.0031388551258521268,-0.0016059700157773056,-0.008498450795786115,0.005412215445668855,0.004256815762744002,0.01092936554884544,-0.007000580501267294,0.0045100415508949705,0.010013638086874256,-0.005487298957133712,-0.009582824299092546,0.0036434431519551036,-0.016289245677705788,-0.005760196003409119,-0.025713459851790965,-0.004696769600302318,0.009521078877841541,-0.014415751890741747,-0.0038265116227422288,0.0071537422878331855,0.003834367601704181,0.006696449380784628,-0.023227655255132918,0.007418054213777316,0.004178344104847158,0.019433102752720834,-0.0026267853827623582
2024-04-12,-0.004107666204722929,-0.021835359259323547,-0.028641369072816253,-0.020723307714081797,-0.0488054626450303,-0.023597793871680352,-0.0011883462651083986,-0.008422069190916178,0.001491676851582328,-0.0011332979973074503,-0.03013196933781006,-0.003748142262872853,-0.03310896683161437,-0.02367839176561927,-0.012304513907899025,-0.005787970853614231,-0.00830958702787572,0.006244781807334718,-0.0022890915076528226,-0.00850657398834876,-0.01405114801570801,0.004615793942467647,-0.020951175309827173,-0.006183821500857463,-0.029729432449137838,-0.015342171777380856,0.005160646331732317,0.0027573998159338368,-0.01392138655692013,0.0012731513486599205,-0.03144379525569195,-0.005081420760132729,-0.009953705892059607,-0.002500382888141122,-0.01716116189896411,-0.028233969078912017,0.0024843261158426083,-0.012594460610179683,0.006705383129619501,-0.012340867634111484,-0.022704303003476825,-0.03487824653404692,-0.039539403537786864,-0.006000519038670285,-0.02242211307084789,0.0009793296563793772,-0.025630605440304134,-0.0021607211602749825,-0.010640902331450893,-0.01758255083115054,-0.01379980265297322,0.0012741016922429866,-0.007996304125418446,0.010174178883233574,-0.028386079592193143,-0.023106959390232492,-0.018139921926775795,-0.011770953562533822,-0.0409113530036178,-0.02316855963342174,-0.01108563411319527,-0.01406312521943617,-0.03295003277765446,-0.0006680100392585219,-0.014283392211597773,-0.031999684694607775,-0.021770197652817215,-0.04496523341107986,-0.024812794522585127,0.009164219803418083,-0.0036503307401126953,-0.012701936161722832,-0.002668660170745067,-0.03141719580691463,-0.0045967698118848516,-0.006976446706506146,-0.013375959721522144,-0.007362092587646587,-0.014672705453177106,-0.009579305201995724
2024-04-15,0.03142762843513117,0.022810575037422606,0.019429996483875524,0.008926409100438557,0.024499848083319523,0.027443246890570275,-0.002250383180241386,0.011781177978245867,-0.006151665327580984,0.018535495398206495,0.015730831617101707,-0.005071025362321516,0.0296136577434212,0.02267308873545965,0.0011749071366137388,0.016306880999948894,0.014253548891519568,0.011805344863679967,0.03146992676556111,0.014507538234790299,0.01165968241531871,0.03627460653313587,0.011649410638467885,0.012876445616373033,-0.008162158273498454,0.04122793126938009,0.010241751376776477,0.026568514583548933,0.0029091440764648178,0.004908730537833555,0.017601083693086213,0.04456901697366264,0.005317980952014682,0.03315811271116501,0.015451237573612457,0.015677488585113815,0.00034664220212115605,0.009269397653459481,0.022011312930772135,0.02232299191010435,0.02133380410023141,0.01772655149135667,0.020171019688050917,0.026795811459733556,0.030695272158016686,-0.007088328969081557,0.012849411472774401,0.00530458720057934,0.014048300557153153,0.009234308932413234,0.026348755545462,0.02144780895699923,-0.010154841361065379,-0.00048289677806728337,0.009010432755463493,0.0034015595735609663,0.0193319962129524,0.003844553175535387,0.030113308298163347,0.008738743511625803,0.0030083706073170038,-0.008597662878995747,0.014206781258913089,0.03303446332764985,0.024103198259291823,0.022605750128560257,0.02153683839977932,0.008191579476677707,-0.0016727996240436544,0.0008299081715379686,0.019495237284423275,0.0025988333159978148,0.01075695968342286,0.0037893146114910785,0.023073363026041262,-0.0029560778128301345,-0.01360753630214844,0.011750852752931269,0.014018492307323459,0.020551019631419285
2024-04-16,0.003802124246038152,-0.007357317530558736,-0.002089853981290241,-0.0004635805699672174,0.010971706175992317,-0.028760424499675176,-0.01333398923302958,-0.016663811364276686,-0.012676092210666732,-0.01917631363997255,-0.022432002366836366,-0.019464046183392897,-0.024091726499150375,-0.02773158862867376,-0.029715876401563913,0.01341623203594412,-0.023729563401986543,0.0031867984764212282,0.0034778535703555886,-0.008595928552228297,-0.02406546500398875,-0.005707903424321554,0.0007780933569502078,-0.002896149982511056,-0.003143200426194089,-0.004351765698726267,-0.0035592817134226587,0.0010227242880952395,-0.022124315660558124,-0.016952010769771552,-0.02408671156778374,0.002090582526451626,-0.009557818634164682,-0.026440604094702475,-0.03879695029260322,-0.010332859645997979,-0.016791912980999826,-0.024398007306916047,-0.008032403174055291,-0.00110111804607862,0.0001867288616897323,0.0035926207374055285,-0.00927586023535692,0.00810892510568746,-0.0202052959559333,-0.012508222493019864,-0.005361423963364258,-0.0018690365428429053,-0.02433744688396003,-0.00025549181289198294,-0.001805188692750627,-0.02676506973578309,-0.010305422002989562,-0.018109910183198987,0.017950119331592018,-0.00893459379466309,-0.01906759930698171,-0.01782353609972493,-0.0005425630093282563,-0.0050852696196604045,-0.011988690947650904,-0.00794799217704065,-0.006329821847022549,0.007923112200621783,-0.01669935325187078,-0.021712414524379768,-0.015386648506570353,-0.009304204620664062,-0.009247480675186569,-0.015680811697077666,-0.006890821139712826,-0.02064470950492129,-0.02874014180612097,-0.032479271065000495,-0.003017972042586999,-0.03511787397450234,-0.008792263493626667,-0.010177410181837487,-0.003722077954492883,-0.006178984725314111
2024-04-17,0.008174547817004774,-0.011178407188215283,-0.007333676352571972,0.020926004624857837,0.0034999084352216516,-0.010713573129672808,-0.006199570976620883,0.02355010422623895,-0.006798895798763299,0.003488270340512757,0.0011265803173305133,0.016395260465800626,0.010630824892638741,0.008921702889216555,0.004045528945995381,0.005922792477887006,0.04751632952648323,0.04517669234121352,0.005622194541348689,-0.00046066802420610415,-0.002207252803590315,0.011388056900774565,-0.006862870502717434,0.010592869522558581,0.011343851453172231,-0.015484238863250191,0.004492361249298395,-0.002212327619597285,0.01282690494803947,-0.001301116814577887,-0.013962390215607185,-0.004167590704122922,0.01163105238924451,-0.021075806177100635,0.0068542054748873885,-0.005354066983877302,0.0077464740871707885,0.023121633234015122,0.019512112735737552,-0.0019526661830091148,0.01948463570389245,0.01123208797065802,0.0011272351203328143,0.0438629168888135,0.008675213568792913,-0.005019415748507761,0.008352829959374686,0.007125025454673939,0.012258256317331755,0.004046724696950046,0.004368952571360213,0.0017379583597225629,0.0011175058356595624,0.024621591960869747,0.008223748292931321,0.002920970554118803,0.024481584693474112,0.015412065638615621,-0.0037504227096134607,-0.009954853313809981,-0.019908370432379165,0.01127764359139109,0.03714830880509691,-0.0015608701937090822,-0.02109477210648812,0.01816784001903021,0.004246314857427839,0.0001855751049793593,-0.017649379464369747,0.020078722881727133,0.005903460159412045,0.01487840038314421,0.008802493512003684,0.025202845982859705,0.0025121844031588355,-0.005319389225439416,0.003950874145150564,0.0030584022166078293,-0.007627669964206242,-0.009877220417630913
2024-04-18,-0.022300822616482936,-0.009548645314462898,-0.02636031218995015,-0.014795265844500543,-0.015923000070040962,-0.006443646162376186,-0.0001792873016469923,-0.013591122594919063,-0.027623016442254202,-0.031413190427928096,-0.003337050200787622,-0.04113651817753766,-0.04086951829904216,-0.0069574494839944705,-0.03240899888884061,-0.034348213466111374,-0.033076636047070854,-0.02280717145310107,-0.027673658678837164,-0.0403850476458803,-0.014467744840454856,-0.02750518407204796,-0.0193520964335477,-0.0148498507545749,-0.028966051114121157,-0.02350516897433367,-0.006885726862517167,-0.01270280639869807,-0.05156283732157474,-0.03433301701063713,-0.018299454350768584,-0.025676324205530197,-0.0273862805302503,-0.02819523880336692,-0.026611244388181,-0.012214716937703679,-0.033874681994875595,-0.021356798510669,-0.029007009455494257,-0.010046399307134368,-0.012630177321353356,-0.027913630259640287,-0.018933378905769804,-0.04383273120957823,-0.007079353052771057,-0.03887894564241513,-0.038546169989578424,-0.007589411318180077,-0.02996881983291147,-0.015374298236053378,0.001772173775872207,-0.011998076713097983,-0.02523529577105301,-0.020458148661208375,-0.02974124781688319,-0.02086621413399806,-0.0023733160761706673,-0.02452553196365163,-0.01848833937267568,-0.022757354072689334,-0.020759357741805845,-0.010122808955527744,-0.03883867439101878,-0.011788256554927847,-0.014162638102121986,-0.00894121424003922,-0.001454542716033843,-0.03297630466576776,-0.026743762134049984,-0.026458945479773337,-0.015783949455115652,-0.040262458223043855,-0.016056791719768794,-0.0179294837990482,-0.02574874237106694,-0.0137376182787777,-0.032464748454240994,-0.0010809590671265017,-0.019138129223507716,-0.02067663914904539
2024-04-19,-0.02410404070461089,-0.019731504908419545,-6.86755405309757e-05,-0.007962209127127536,-0.03462202164550971,-0.01313879297256083,0.0251377256400514,-0.004980943488886037,-0.01078182622547581,0.011917319966193333,0.0053344922205002775,0.017943209013783826,-0.01029934669645204,0.00867223886650247,-0.00225354792899352,-0.019829959056529664,-0.01004166073255899,-0.015177540636718308,-0.005556645892134303,-0.010154498223318067,-0.016757767411334848,-0.006468595867444441,-0.011713169696438186,0.0051109565794200205,-0.004207726776159376,-0.03337926849984167,-0.021962093668030605,-0.006509329399167248,-0.026851056270655753,-0.0025885377292609183,0.019423200895279404,-0.022830720260166956,-0.020433564853954166,-0.014050104075064934,-0.01591047745869327,-0.026255355895968856,-0.01910754655811488,-0.020845456575451737,-0.01810511678422142,-0.007260319473166013,-0.024604831158060995,-0.008879958317939507,-0.007625338731772012,0.015151878268527173,-0.014956163217094252,-0.0015807455711576539,-0.005498386440041406,-0.002967663503669106,0.011154277810345113,-0.0299794362915951,-0.0035950910410674558,-0.001758932407457098,0.0008919566919802051,0.004882623217722778,-0.013090992552821331,-0.011290567848419655,-0.025571137334190423,-0.00025395056822756154,-0.014147379231270237,-0.014150671040273273,-0.0033414281645682796,0.0068798240905578265,0.019280529110434215,-0.005263478149102321,-0.00036524276242277855,-0.01051815629835266,-0.012169772967437872,-0.0030769422037073145,0.0013561291492106536,-0.010601992950548915,-0.004904915763006106,-0.038554560981950765,0.002020336038018349,-0.008694171951427132,0.011471694938980832,0.004050021573555829,-0.0243242257176387,0.002122102013418789,0.026811015523207214,-0.02631342563245167
2024-04-22,-0.008237482355953982,-0.032099508996088696,0.006702544218333587,-0.004613102686331442,0.005765143107413544,-0.029685976573791743,-0.010401092961303239,-0.038750935786312425,-0.016842634833659345,-0.004915703665315376,-0.021956192601156783,0.0128182241969096,-0.017081557453315778,-0.016666719851766695,-0.020298215382212034,0.007569670566922523,-0.034320155694183556,-0.006824789927839086,-0.008792414536824,0.017938395819023976,-0.012163520068671172,-0.013042356018690068,-0.015219022644289665,-0.01420356520175468,-0.0010137662953770693,-0.012175401863124463,-0.019521858910712796,-0.007251834287773413,-0.002243309435294335,0.00027989922677611016,0.014973999279547186,-0.022087135815479747,-0.009248541705235388,-0.006844184532501084,0.00040706204298742756,0.004054644272688164,-0.02456878183768139,-0.030725606162205217,-0.005346150310823484,-0.02536761324389962,-0.020260606294420044,-0.017962086903794937,-0.029641127970265913,-0.00826235363004788,-0.012509377951583788,-0.014534890944940324,-0.023965780666879297,0.006476060333425878,0.007764654786512886,0.008871858308752555,-0.020392727224903612,0.003187981988727368,0.019900894504857394,-0.004715033578161794,-0.0014287825502383674,-0.017411176902330565,-0.00985651134115655,0.009903759610467988,-0.02766763388455288,-0.003099875054567388,0.003558842630689441,-0.01712311356707704,0.00048619840610954635,-0.007824167719070626,0.003557229806393657,-0.014244913275996033,-0.01426132556869819,0.0007375767614424809,-0.006378905282388533,-0.008434489200925904,-0.0007917813222006508,-0.012282342663382559,-0.011214908414904136,-0.022289527999201666,-0.005516323677795243,-0.014663134095791801,0.0009083165275101,-0.01249875204937857,-0.013234808500130407,-0.019745899035274322
2024-04-23,0.029641272764685613,0.01781137553062555,0.015112621695719454,0.024916740674585276,0.010530779185194641,0.022311957430830313,0.03504403546576461,0.012900867181462628,0.02377736654080088,-0.008160807536717263,0.022320319615902376,0.000244568509559704,0.022508867335599314,0.01197238290119567,0.01562765509210245,0.001815345135368766,0.019159953723942635,-0.012506983251443865,0.02635475432483065,0.017167198958035656,0.01017040597857748,-0.01115376732142481,0.016630078303483262,0.0057112196722763405,-3.7694296599125043e-06,0.020252267151411957,0.011610944295247332,0.049757322215296315,0.018463398954465433,0.007906312716719287,0.03683977611389118,0.017455400234215154,0.02978029100807395,0.032953771561839276,0.018610414775805568,0.01727696404673691,0.03388610625304005,0.0259960889275952,0.050356207563843056,0.028917744085461987,0.025427400205950218,0.02193362264009801,0.01706716735948258,0.012896049496325647,0.021662644805965428,0.02942868212674163,0.037001658137148244,0.007814654876299,0.013409407451142288,0.029471282534877137,0.007407503084167764,0.008610681866538818,0.0050466274576404895,0.01145470273233887,0.02990740237729108,0.018822551702263796,0.021746041748174648,0.033641527722496796,0.01058900616803015,0.006169880459604831,0.014796500346862695,0.009947959041305276,0.020566688172946004,0.039147336025418505,0.014806644834048557,0.012082787892351864,0.027437477332075105,0.02474774802861687,0.038941613496536416,0.030717519817474608,0.018114277886994132,0.019934382418725603,0.01390276169945975,0.013845134244911116,0.026686207089065862,0.014513046429917098,0.013335096908296809,0.021388727281953436,0.03527343863362926,0.02448485014956469
2024-04-24,0.0022558529622005268,0.0015419390377894768,-0.028227210152579382,-0.01520603036620042,-0.004323181266037056,-0.005486395654223871,0.01223539738843939,0.003314587003062713,-0.02226477194284314,0.007013630998341368,-0.010639604322220851,-0.005554420129006713,0.023801943069915513,0.02261694339349387,0.00648516999948189,-0.0018926934181850744,-0.0006793509499318021,-0.02937817979749225,-0.030561109043344022,0.005250139923568601,-0.00839424405000407,-0.012653428646548462,0.01257437684938451,0.0026713030785340246,-0.008854416850827163,0.0030421651754048355,-0.003832316966376516,0.00956489297715775,-0.019653868602309582,0.0011478463994183292,0.016412159991783852,-0.027084327461590826,-0.002085510505702293,-0.0019716583810370425,-0.03057398813008879,-0.014046512952237987,0.018935655036051754,-0.028711773293242097,0.007581554305365826,-0.014140747483369796,0.014040508789195709,0.030670986872612323,-0.024690566542815512,-0.013030283990620319,0.007036896655791231,0.011076470190883064,0.00561791812123797,-0.017025561393629773,-0.0198386368821154,0.0004087418192165687,-0.020094723739805483,-0.008514442972296985,-0.017189700740919855,-0.017383776278726327,-0.013422289876314782,0.006346097248918052,-0.0006904947801712382,-0.0014780436072384551,-0.036274957454995024,-0.005572645006612531,-0.0028660310133449274,0.009725507657219957,-0.001126900850800431,-0.010210090496095645,-0.009369225401668721,-0.007634036808461838,-0.022898321090248065,-0.01532863971471418,-0.005541702927105506,-0.0104039826178986,-0.007415473981721392,0.00902820318363497,-0.023728018183520917,0.0009214967727967724,-0.02206455169546723,-0.01597833471300328,0.008918621340711606,0.004630352887627212,0.002382309919434095,0.011374850977766218
2024-04-25,0.028597562197020525,0.01991710892059697,0.00436067627680715,0.014750436904902065,-0.00995633099268558,0.0013136421163812417,0.0019676106953610147,0.008853927556883773,-0.008406261627988364,-0.009553433009918828,-0.001748254748122398,0.008296736988595597,0.02199394118318805,0.007993847593225153,0.005356810262493544,0.007040053450304404,0.03813896033019806,0.014467032619386267,-0.009726799195839526,0.009225064928801487,0.00540505113213768,0.005123093616557028,-0.006054288688620401,0.009286765409443561,0.003998096650016704,0.00414205369096448,0.007136763479482543,0.010382631416371725,0.0030711243578210694,0.001706658444307156,-0.0042039336020375,0.016458216620662207,0.010680617797719102,0.00025544703443489136,-0.022328502886041473,0.014552468275729957,-0.008803736509134236,-0.007493223085582264,0.009335626251470991,-0.01231298757404825,-0.0013329268970866765,0.019715100459767543,0.008061400286974049,-0.0015721365394324913,-0.00015950454056927032,-0.0008051054845082482,-0.0022714221133157122,0.0025101297828047254,0.005917912044985983,0.019545446492623894,0.008416751169085118,0.002333441047069234,-0.003123471345657453,0.01663496630622075,0.013656216129155897,0.008163453586031688,0.014026543166044632,-0.01833558746356331,-0.005629106721087212,-0.013813510723276627,0.006172418587709115,-0.007552143133224251,0.035811731311294684,0.016040301876540115,0.011716897103786537,0.0034000674278330057,-0.0025479873133540843,0.004605551041427224,0.0280868506074908,0.017937938063742387,0.007920040565206893,0.005884556507240962,-0.016360181149069536,0.004573565728905137,-0.0021760033557111044,-0.0002269675133310294,0.0025535953582519655,0.009128117658053842,-0.007339451420708447,0.017570367349935438
2024-04-26,0.027171844128858993,0.007957119103617983,0.012315172657057132,-0.0062177933375374755,-0.0015373329411312447,0.026708262573447765,0.01126048483415496,-0.0028322261317675302,0.01080376832383408,0.01609986385919125,-0.0043565436711680994,-0.010013663448282212,-0.006340716050282047,0.01477389433008674,0.012514108326998433,0.004048431168698019,0.0002579111703077657,-0.014455504369223214,0.020337610743322625,0.007276042861578351,0.011896721446937823,0.01416401454831771,-0.007899709418692507,-0.005210307295801997,0.0028982384922372796,0.01582256346161815,0.0017106729596040628,0.0014867633005459357,0.0071132570477386685,0.0014843096855002985,-0.005584565059609163,0.0006471509580251362,0.01597760934574549,0.022808840069636994,0.043676871710605546,0.01864269014402074,0.022679237720981047,0.008178780341461453,0.013348440827944752,0.017573931144388624,0.011434816207537207,0.011943046004669519,0.017610977133858695,0.027380673243662605,0.006176341102567002,0.028584023008263692,0.01046300828662137,-0.008383337160508647,0.0025023999310350943,0.014726759354241984,0.0026571831468174666,0.022264718239347725,0.021831477219162145,-0.006431413718968116,0.006992267016380056,0.0010683977687599956,0.013055628577028609,0.021035225684698698,0.013301090717028612,0.011356482215520604,0.006735919286815173,0.027426917793499456,0.006182739280004908,-0.01616621150417727,0.016197384586856736,-0.010278461605121811,-0.008093653650171924,0.02241591832912693,0.030966069605437456,0.009738317770954947,0.006677977587870398,0.0054902801105515125,0.005185715110542922,0.0003644028743934394,-0.0038641756036877674,0.016468017217493434,0.00925238319802706,-0.01058506863659383,-0.0018026586805755882,-0.005569948407143966
2024-04-29,0.0331844282797458,0.0008426790443089556,0.013426374851488952,0.008242635954892597,0.004804487149888614,0.002281213527461767,0.015093844606651138,-0.0024774796997770457,0.008811714244464374,0.0056791144389757905,9.372313521909155e-05,0.015865820442728627,0.008943813961887495,0.0032529684519305505,0.023528487536692788,0.009322078185041022,0.012391365135943149,-0.0041451640477018405,0.0073043211968846795,0.013273368132175917,0.00222672420608478,0.002388001537483893,0.026041642050552122,0.02327094001967272,0.004103945105494859,-0.012970235828853548,0.02450193802021227,-0.019625191183562048,0.007690663842154486,0.024571283492806267,0.0030834186312733783,0.017577286168252503,-0.011690710929762115,0.0015559420468301772,0.022028228239677882,0.004753823640638207,-0.02492492435029858,0.0012871052550996994,-0.007119615793597612,0.004107816391442436,-0.006145786487495272,-0.024558219788209726,0.001749684296473127,-0.007672315197534755,0.0075732497115181905,-0.0018840201400457625,0.016261025562501037,0.015136153166903994,0.017889857325541096,0.007743432629347376,0.016644631163762955,0.0015971028485382822,-0.00729727433555113,0.013546482538562358,0.012004732576650533,0.008530489071772278,0.0020043446551571606,0.003670909672745668,0.0030647616475372244,0.003204202874764048,-0.005380127710780789,0.02124636071472803,0.013842474497899878,-0.027425488227967337,0.01743574135236374,0.021372899326434935,0.00745379431892214,-0.0017975142899127488,0.01879984225665471,0.02293254152761451,-0.007675369204680876,0.018681924829611507,0.0155552485560301,-0.0022977978727564147,0.00035357192460791845,0.010900373785703467,0.028356046319716187,0.023550875399021634,0.021972367917553116,0.004694361577189323
2024-04-30,-0.00513461742848802,-0.009266094296807078,-0.013055783586941325,-0.01703708883036171,0.007626252176226598,-0.019072283805330447,0.008338695261684946,-0.005995760604830884,-0.00024331281131697788,-0.017177883835716223,-0.02881884856532651,0.0072196200081838715,0.00883833114780404,-0.006932148980063244,0.022213719926085104,0.019772191841818644,0.0008969038358688161,-0.02587424247990368,-0.024345179131624727,-0.007194793044282109,0.01067795328763633,0.01827434025892207,0.0012227885621574328,0.009014450563799192,0.008887332388526112,-0.028933702894264123,-0.015484271101295487,-0.004161699047603954,0.004105341185008481,-0.014076955098290708,0.00712739742266451,0.008458869242275256,-0.0018550202904417602,-0.0006581819490579285,-0.004831331330324806,-0.005170222148241555,-0.0058937592839352435,-0.012140022804133049,-0.005535082644396443,0.0028972976654643833,-0.0304269284064042,-0.024288855156866143,-0.017627463600325015,-0.029801831315927684,-0.003257471495409523,-0.030215017388117583,0.002110147966638656,-0.0036458480095045557,-0.002582478703627733,0.004260946639732876,0.0018096779765821892,-0.023667429639269953,-0.013712505337138033,-0.01186571906583032,0.032191871448772176,-0.02211798866560077,-0.00817424665032098,0.005057807917031599,-0.010135557667839674,-0.012464571445832219,0.014945754648439346,-0.023409535477462082,0.0045536059052743785,-0.007527430204158801,-0.0030451238544654553,0.005916465141256937,-0.01761776874022465,-0.011384466585665736,0.011330461396104066,-0.022494302132106368,0.006171006078540714,-0.007670964344288123,0.0062679186883880965,-0.009793024173748825,-0.015729620214520106,-0.00678467376330743,0.012863876894631626,-0.007045604468761929,-0.008903799906940204,0.013482846196653549
2024-05-01,-0.0038973085062829413,-0.010300525194939783,-0.009322963799093236,0.009860935979244593,0.0063433319723008716,-0.021454442192172178,-0.012115728809825088,0.013932381915855966,0.0031794095564688656,-0.036371293788945644,-0.003006924577716736,-0.004757091446596166,0.0077497562636998085,0.009534180609626958,-0.010692438885459305,0.034737358225414204,-0.024171419017812754,-0.008791636029502307,-0.004694816538060458,0.006623078890229875,0.007454457361817288,0.00432844061526565,0.003845635721936815,0.006268756826704168,-0.005011289969101501,-0.020865986550165493,-0.00818711646405793,-0.0035960607558798117,-0.020702951846213118,0.0006431833139719997,-0.01434547948191306,0.009742582590021014,0.0028322326179277698,-0.021080246340289356,-0.016430084602877253,-0.011217342205736103,-0.01104189941913315,0.007016981891867577,-0.003791844610656756,-0.006014459797535415,0.006204227853952894,0.010281385049860014,-0.01073668376535618,-0.004238641408016135,-0.012382211390429207,-0.001791193746063166,-3.090408346586096e-05,0.007036674922450554,-0.0006608192914230419,-0.021701547034487227,-0.022343316599754286,-0.0016374882832520025,-0.018650126139194374,-0.006502621006371094,-0.021814040148297246,-0.0033116798433192323,-0.006805726711067557,-0.036114978146104704,-0.01612782811292942,0.001291733375863404,0.014795987900392084,0.008448260309030174,-0.003003555587969954,0.008118158214259825,0.008604675431069627,-0.017780471119757616,-0.02357271800177463,-0.012875409453400469,-0.008100752401686617,-0.004198948368640517,-0.020670123171072828,0.0074624532470475005,-0.005495519931472832,-0.017254349701627928,0.007850239148950788,0.009830094205787187,0.00044735803828866447,0.006585229623327004,-0.0060243795531601954,0.00011439136841912998
2024-05-02,0.0032044007086221645,-0.006285075445986242,0.001844210049619737,-0.0025526849519491,-0.002366715380203893,-0.0029196044779263505,0.010502963044419306,0.014310459050776148,0.013136958917997977,-0.003450419976070952,0.01266080964176041,0.00621885379680055,-0.0015681395382131855,0.010238711406891653,-0.025219929573283374,0.027847127383903443,0.008710358436177987,-0.007249167362068757,0.011957763266655111,-0.0147541217437983,0.008223385870757544,0.013457488446410778,0.008277680304034689,0.005493509166182363,0.004142027208200871,0.0211686351069613,0.0066497943878151555,0.007541672632088467,-0.003903325886401919,0.009772691122736035,-0.003011296309587237,-0.008598633869496594,0.0019092917729092718,0.0043727835034321,0.01075643085001152,-0.023596815935561455,0.019553054354148645,0.03311801956811979,0.003902682224591005,0.0006657639355454412,0.0010656075523993482,-0.011486993607265461,-0.0023633285335061117,-0.02087175698350294,0.004154753773447843,0.04812244894727951,0.009972234381069398,0.001524689132209777,-0.01746697394762057,0.0007020880456523135,0.013372958512409858,0.0008068085394040221,0.012253416825668918,0.025665058322794296,0.008509393174985672,0.014848093368714874,0.004030781941525132,-0.00571071622290365,0.008790135583804249,0.012294304510692727,-0.014075524939752438,0.019638529847811278,0.010183659243404742,-0.009052444964773579,0.006584042666170107,0.010011547537014599,-0.0019039452007288938,0.016801195575080925,0.02131942618579341,0.0020876519395585146,-0.007286392987189982,0.014966490090174082,0.011396935140298391,-0.0035720783630853277,-0.004743220750239183,-0.01675264306730477,0.005392544397268951,-0.00016686355862049768,-0.011878567650661014,0.009077231662752918
2024-05-03,0.01655727407723129,-0.015759370514964344,-0.0012037869355261486,-0.004889267261494081,0.007351540375421697,0.010044549387082864,-0.005251632679125089,-0.0001863131248657614,-0.0032734766032040024,0.012231938282005115,-0.008138042888941752,0.00710529563895187,0.01887642958837596,0.009961267716026359,-0.013634936208956111,0.006991771646299778,0.005112582210214641,-0.006013268335195441,0.011498590623271004,0.005855082158376616,0.013977338682116534,0.0053951787067705575,0.007602491254801177,-0.004623304857831364,-0.00689055697893479,0.0076316000487632145,0.014227847161838874,0.00019240749943971172,0.003213064528566059,0.004871157507028926,0.01011445872151965,0.010607137272706662,0.017926948013488195,0.013822014093364532,0.013675915945730067,0.0053737216788955445,0.014885073907494944,-0.01695463321374831,0.003400402098850646,0.009180734502154305,-0.008673458329266352,-0.004157136203212437,0.0033507994848803947,-0.01671644054970077,0.026163961043431307,-0.017455457925322982,-0.013498405962505497,0.009425643726143941,0.018001119049972886,0.012402911217651427,0.01500324779883415,0.003727104702771675,0.007872891180848555,-0.00802306031055932,0.004409420398932294,0.022849880027589076,-0.016239149098715953,0.007592629704069475,0.004324642558276919,0.026146471305226394,0.02173336566737709,0.005456436465070791,0.014603334146470309,-0.0008576258098216957,0.01803055219047567,-0.016458645975060655,-0.005658845668289065,0.00032243802221347816,0.034469156341580376,-0.01041506039532081,0.009841627372720414,0.007376304056695714,-0.01507117289000975,0.00043927490020793415,0.009249769209875046,-0.005203050799230934,0.01568704627484693,0.007102075035358158,0.003336104095320761,0.014952096388417994
2024-05-06,-0.009209924583925607,-0.0019410552315146032,2.9946634977216086e-05,0.012391012703828119,0.004290651837248235,0.020631261172082867,0.01426425954487013,0.006123748118670769,0.02048270856617416,0.020270960255194138,0.0037056163246307946,0.011420005773851877,0.014674380170961806,0.04580257466367238,0.018029862023227514,0.0025371220614556315,0.028908743200000905,0.024892496539345818,0.025283398159507323,-0.004727309724341704,0.007383288274828511,-0.0014916227503843828,0.02969865420608911,0.01258262290890949,-0.015586374841731329,0.031175203468815284,0.024857363204703192,0.0024522396436916904,0.01988520643134365,0.016967798877558497,0.004478037647487932,0.04475882474040367,0.026140307557414172,0.007443199157648614,0.004757909636468901,0.01301934476441924,0.00771575035473196,0.014448484707736554,0.008496838379476141,0.02603906336290568,0.01289250266297608,0.011783822694270349,0.026741444823147727,0.014514191468453718,0.028885645958787065,0.0022259822780639447,0.03307514117671372,0.01796210390399698,0.012139625226058087,0.030113720379374542,-0.008810350276984066,0.02976695273915727,0.036717502440067454,-0.009809613183612483,0.019009598870889134,0.004231521908736345,0.014092760400317062,0.023528100437855283,0.024124566083951117,0.006830699100107007,0.0019822483996140023,0.031528217652551586,-0.015073951261452157,0.013929176499028733,0.018679838440030936,0.020649282571717692,0.036496747209224654,-0.006985217497354992,0.009493612456496082,0.01085075575628975,0.015137518070444389,0.029307594720046067,0.04582735571615241,0.026273170706808464,0.03179610374219912,0.02268091114296114,0.030799324414779207,-0.005087228935811346,0.024421444366202742,-0.0016276457165490602
2024-05-07,0.003289494549611447,-0.026112090809762813,-0.01285873626660256,-0.011885498754202153,-0.026756753285699524,-0.05095167956355444,-0.021441596472090856,-0.02071321788486355,-0.021172825849874743,-0.033545234266501155,-0.008562603964573152,-0.014807623648959253,-0.00702545721291271,-0.024417088906184645,-0.006213053255432881,-0.02569249429181537,-0.0006919320674954807,-0.023521167763068444,-0.01688603337414637,-0.012755243868379638,-0.019595498108360757,-0.03157023313109511,-0.014067025450472104,-0.02937661897245567,-0.0019385801844000149,-0.036586266660090766,-0.00495813572733159,-0.026677068295485912,-0.004419918109423649,-0.007678511279654793,-0.03988039739176589,-0.011211369619396623,-0.015736958252414005,-0.02279062436837967,-0.012583584689401328,-0.02427238872904469,-0.03852978675825897,-0.021898222296705024,-0.02235031866212259,-0.01944132798996926,-0.030453191608688257,-0.018369927550990785,-0.00833622753378154,-0.02917667542872992,-0.03153966513034234,-0.027658299758567803,-0.023981152767167824,-0.00044556355622531706,-0.014541364683399467,-0.03313323027240046,-0.003357069803319226,-0.007520595778574038,-0.007584069759474926,-0.008179469668641894,-0.002768970970071725,-0.009199945314362964,-0.01903039647745058,-0.0396133265635497,-0.01785949238221265,-0.005853899357301809,0.006507349803630328,-0.0071048297072010946,-0.013637335961982801,0.0005702854732829304,-0.028090398110431326,-0.01131861047065559,0.004379497271769117,-0.0018458417770319587,-0.01913449576786409,-0.034641542377976106,-0.0064438048093126005,-0.01408570891986272,-0.025718567580724848,-0.031733130524905506,-0.00661449021076056,-0.023326783342519048,-0.002263110116709141,-0.00028170789146391567,-0.017302781281809183,0.007531760303353084
2024-05-08,0.0184285911821884,0.017667856461830077,0.020965935391674392,0.024158293237167144,-0.004507441283041834,0.008488924079443853,-0.0035244651801976425,-0.011552923951844646,0.008281963413363406,0.020627476124224515,0.003859352774424281,0.015136168983853181,0.0022455857664828785,0.0002115220254303267,0.009172656356675954,-0.0034731146337546575,0.011209017111598725,0.0021204987941686616,-0.000492109832429804,0.0022154519146789457,0.02459320874229453,0.011354405259020867,-0.0007489806254764916,0.005271348748482727,0.020223915807776112,0.016586332212488113,0.01693738477408406,0.016456802431573138,0.018581837560796573,-0.011336669965868865,0.004681367908291689,-0.005043825672032031,0.035176255587036,0.01270430695805109,0.022940225772987956,0.019173793495556594,-0.0010896227209194979,0.023990504998754714,0.005999342345235192,0.022906449437707206,0.00227901310141178,0.02275523083174274,0.007999187936842211,0.01512894840533687,-0.0023409628208417004,-0.010452714752329282,-0.007816919155271718,0.02588237340773014,-0.004319694905866672,0.009312647992009525,0.003466808226739883,0.021845031486476905,0.022790658267684005,0.024431542667566974,-0.013467283014499636,-0.006374777250863137,0.000170890917056115,0.02474919313916514,0.014716661555439735,0.023871070257494915,-0.008158817590238985,-0.002338017677750104,0.008997280720004459,-0.0015077223323557995,0.02458164124736778,-0.004286801639310967,0.033502811008995645,0.006153663659540483,-0.016033827071117064,0.03559919041944991,-0.0078816525759815,0.020760487450072987,0.003870628997951017,-0.0032152414442344936,0.005132843593568446,0.022311214014072527,0.010519402591540161,-0.010249911160111374,0.014596900213903303,0.0051456694871959965
2024-05-09,0.016168343790544604,-0.016297210115777692,-0.02020063500127886,-0.013582153323674118,0.024598582680461403,0.004110335112199167,0.04257702945941574,-0.011960742130374158,-0.006562401069572971,-0.016300889043368592,0.01540274692539475,0.01096855846176201,0.01664602066230762,0.005161672445571596,0.030877285663164375,-0.014046614568635365,0.021523372111772875,0.009049823722642885,-0.003896755507322731,0.004172227311438662,0.004151804291560904,0.009592713559947157,0.02911530124175911,0.008446796545051172,0.021449862608703036,0.0034222097207298875,-0.006852436996657475,0.006810883336569595,-0.0025360982201437475,0.002975039831493838,0.017582419035698352,0.003300531507342882,-0.012630554871506406,0.0052029015575041585,-0.013232516298836056,-0.0051118263951253785,0.014815875716634019,0.00018401507094192935,-0.013561319428936541,-0.007274840374119382,0.0011809291255848462,0.0010876844725014171,-0.00031754797707147803,0.02469875285318534,-0.023265854124734114,-0.004687669865961593,-0.013777865696437356,-0.008073276213650834,0.01674810558304263,0.039383459193655705,0.011484538060539376,0.006182778653923813,0.022077732302551382,-0.007612668710961416,0.018756638928315306,0.0007995200014479309,0.019978600622542184,0.0034487285263366213,0.008126200542707924,0.0008892077961818448,0.012982223379428337,0.0013887343894471423,0.017944578744036946,-0.0012535717277155417,0.003226179966599934,-0.0042497040587129616,0.0003274180988921153,-0.0006967587185293632,0.012048748493364259,-0.01245725676193166,0.030447774399754657,-0.01099479851811867,0.023035274935934644,-0.009655245688127695,0.02635187742187113,0.01389327694970741,-0.0004315385612048261,0.004013628764517645,0.01817656796655466,0.015174742937838036
2024-05-10,0.007332433988964257,0.034387620039111264,0.0174072128440019,-0.006093956931264459,0.019271004804355018,0.012915670503742309,0.021438168175487205,0.021024299854917553,0.024135460690840937,0.011346201155182182,0.008460288137218198,0.00663015774615971,0.021871218608688257,0.016179454551960206,0.014866539901121845,0.006156923042075056,-0.002684736548358345,0.008644623664915073,0.005722448783718,0.018243493379355144,0.005848021099597204,0.036991277136861206,-0.004116189549694945,0.011697520825670157,0.008324502633437035,0.023381455499826335,0.01924447669864251,0.00808330775799171,0.02683470131445308,-0.002131168507340372,0.030046004764741376,0.004615988426264079,0.0014804731303883507,0.019916642313734134,0.025055859187766746,0.016738956541681272,0.033794250370113084,0.008680341420356709,0.029215024176729772,0.002533320126339153,0.014771142667730053,0.028750624646787352,0.01089795157549299,0.006483111558296861,0.03219561157020456,0.016806884181552694,0.03684249269865902,0.012710195763771628,0.014467480722955423,0.04205798587683393,0.023457595345345236,0.02579362237494099,0.03063426705285413,0.02413510062665481,0.01586197819883926,0.03288762682142897,0.012377805993496707,0.021255040786411234,0.016039778660393966,0.014486520683288293,0.020781948547667,-0.0025479372862204884,0.04006431329280569,0.010294972014538394,0.014936174532688178,0.03695107478297387,0.003036092159188793,0.016237080493116073,0.005186682931724966,0.019131428217273413,0.033492108893373645,0.030686552324378044,-0.0012157653861135957,0.0009097701622940713,-0.008412172324394472,0.02521916001927909,-0.01039263213390105,0.011288070962639724,0.010960286353165826,-0.0075695186206800776
2024-05-13,0.019088935189910138,0.019451617369245854,0.03319880477721833,0.024456730026220928,0.010365111938216251,0.006482818290480474,0.041344398778921,0.004789020158878464,0.016816082886238565,0.03576501640796406,0.012226170327707436,0.021487975853837226,0.03376831567448139,0.02785530177859801,0.013891185412391394,0.0014180022125060109,0.03534242546255976,0.00912915423775686,0.01993475990090993,0.008239554690371352,0.031136456505613967,0.03769303870730009,0.03283552337699399,0.02387788995687712,0.011732880836349269,-0.00265804786540752,0.014990785120780621,0.0067609264900816216,0.02848563265068756,0.03228478967288833,-0.007152842752901668,0.025365291372724925,0.030867153231152435,0.027530437752813358,0.03844995040055432,0.015680437837837614,0.029679488543457484,0.01535761808948615,0.04904413874140402,0.012157881220214727,0.031212455844540694,0.020181853496612903,0.022139124472436097,0.030995171356445177,0.023670554138528328,0.008132627765199971,0.018942168131818628,0.03500927685811702,0.019714863667696744,0.04150213253961531,0.025290816032539576,0.02865482967524343,0.01562848059368142,0.030390087518443257,0.02899939571714943,0.037458413687508116,0.01868086885373246,0.027477265642193764,0.04287745237918767,0.008968637937439199,0.01597648064943391,0.02570475076379974,0.020435316830007738,0.012315639013666047,0.019043557336049767,0.01957240598106937,0.03394906652594855,0.014592611540635375,0.03575759103424605,0.0026607172174139583,0.031640981047591304,0.024212789973186245,0.02359296294716816,0.039769286612369156,0.02551209467486089,0.008667174948521802,0.026644428849305287,-0.0010500970482657732,0.02382904522303988,0.002738191907769045
2024-05-14,-0.02514777002304744,-0.011371673610955556,0.0016776176544785045,-0.004593851612401469,0.010782754747776813,-0.004742251155472879,-0.008969843724242059,0.005260499619926083,0.010835792238724488,0.0017862500683255313,-0.006896749952511655,0.003111584721266423,-0.007089240765506611,0.010548502909474584,-0.0077582074495354675,7.081777864853056e-05,-0.0022041481708153154,0.01632336926476196,0.001722356449373073,-0.032670396131091906,0.017186173631049205,0.012069352908918949,0.01940938820285821,0.015833205075951002,-0.010744242233840212,-0.010149716076416323,-0.01712499955181852,-0.0037229267809379516,-0.025907781003752062,0.006286130957983829,0.003039159977867977,-0.006363266804375006,0.022634146884078127,0.00892773434984375,-0.04166303582316655,0.002282967751250771,-0.007809556957014636,-0.0010196834761025684,0.012925920415255017,0.003115205230980012,-0.003914227672144035,-0.01630488287629173,-0.0028517783607779432,-0.01155709649696365,0.0026450556804376068,0.005935810143085874,0.028687142889598886,-0.006464811334786875,-0.00783829986858823,0.004336434815265761,-0.013938145743736762,-0.016044992702346637,-0.018372415086902263,0.020872495837674213,-0.004890831726149293,0.0019623858935679515,-0.011014720998618171,0.004938246532933123,0.0005037116388648859,0.0005696501573508135,-0.009771163683187893,0.0034086405800333288,0.0027144544474912193,0.004145151458885899,0.012057806335782094,-0.005394577209997652,0.0014215675740401569,-0.015410712832411709,0.0029612583357075165,-0.009076640524742148,0.04370699914416974,0.012461158936641462,-0.01192238516799065,-0.0025309742386665874,-0.004315486260064408,-0.004159442485746593,-0.01272334065758932,-0.023976312078812966,0.02056993130765958,0.0017467490334695684
2024-05-15,0.012148029463509158,-0.006035496894622591,0.013656532472420567,0.007784313282478119,0.0028033923007518375,-0.013379884011819958,-0.0012069841042419067,0.008122191443235206,0.00234369951749602,0.03187921295999534,0.008374065350091437,0.029698058054480732,-0.0038334844663832903,-0.012575289745102027,-0.007397057508709483,-0.010535520378152913,-0.001692414516808096,0.010708948390361218,0.0072591012652086185,0.00016602919327869496,0.006733412048706941,-0.010926303473495467,-0.0029561541157874624,-0.007158533227871463,-0.0059421279691287635,0.018049640765005835,-0.000915224297214759,0.011040719064759688,-0.00436526992372836,0.0019210433034636922,0.0038929360479713704,0.013090728596904225,-0.002094221937007418,-0.0043134306146849245,0.0025881086693953803,-0.01129720541147422,0.013693141108107917,-0.0008637140980495845,-0.016382749826241313,-0.006869223666431498,0.01224855870222701,-0.003088278706471964,0.011378479280647297,0.027236632164392566,0.017276329956212685,0.00575553487834085,-0.0007109791800553537,-0.010373518173215154,0.013843396483646452,0.016046844701746457,0.023418893541170736,0.01080250069124335,0.005845596884098547,0.014525529950999259,0.010409025056190527,-0.024430824756173333,0.018009505515132036,0.018351960073211576,-0.000491448591443215,0.00964230334019365,0.01705680769529379,0.015454818132379583,0.006315366896530752,0.003163130945219224,0.011496251372933808,0.01521982274722445,0.03218202175268921,0.021889629199792572,0.012531006720043703,-0.007371405497620281,0.006839507227247282,-0.002397092835562791,-0.0005032362183592504,-0.0028629395607507593,0.006492138527830137,0.007162769204184321,0.023329477900292547,-0.0027364550097653006,0.00454554344308727,0.009645325940795048
2024-05-16,-0.001152880128387458,-0.004648395976103993,0.016024267939645474,-0.032514681728525494,0.0215232299977454,-0.04085773400660015,0.009813614423786872,0.005583713639197152,-0.002817721842831774,0.012525830776945291,-0.0006369063793032799,0.006340983880408874,-0.007308049760900017,-0.014662831634806663,0.013015908323278404,0.003475981384268991,0.004128543196726003,-0.0033001240811928925,0.0002890616497660803,-0.006873268642602249,0.003698310336835233,-0.030597378392542646,-0.01200757179016683,-0.014896168492243213,0.00613197919022699,0.006716839829906133,0.012494788911598007,0.003253583426060618,0.012602242743281903,-0.005986193377606587,-0.015438215371842482,-0.030102828881940488,-0.013652348332059003,0.003054083411818318,0.02100810640461878,0.009713814815587586,-0.010601351046796059,-0.012197489094641967,0.0032471432379295668,0.0066213586511565435,-0.00815944113502206,-0.016130615108957413,0.01270055548848542,-0.014297695208874231,0.008038108792601568,-0.024184613793499114,-0.0358413755497322,-0.0045409978635847685,-0.006532477972709962,-0.014188688160112713,0.014666165358570573,-0.019212889521046436,0.007604970512971395,-0.0074623037104955825,-0.001335496284680879,-0.007598537446428948,-0.01877330817415173,-0.007315402751777511,0.008688209251334166,-0.011437793281699252,-0.023876954585579282,-0.022288971251476553,-0.010293463807462447,-0.025294174044980897,-0.014918713265583361,0.015393009614993708,0.010945398172984032,0.007773377410965527,0.005253515888213608,-0.043287207063961435,0.007757713543822947,-0.021544371984248436,-0.015646101438157724,-0.008484354132539406,0.001007647785154166,-0.01156320823249979,-0.009630012745296138,-0.003634330757495835,0.018486169862874116,-0.007146288248127656
2024-05-17,0.017695592253448737,0.00048443733504002036,0.025198334213099253,0.023857566302877317,0.013561962289940381,0.008988064691414973,-0.004758047432128151,0.0029941115040261514,0.0037387603524037874,0.009576384890589946,-0.00826151766408253,0.037234044750797515,0.027548551733708387,0.025167967166344406,-0.002806710225768951,-0.00014535391310308617,0.005387913412350436,0.006435326328576714,0.004908944683309633,0.01154447140497826,-0.012057766925250051,0.019595299840914036,-0.002712967012698164,0.02646610591540418,0.009374590801651667,-0.02621045160993154,0.018445171824966744,0.018969615651516752,0.001566541206550632,0.04134769481578773,0.0027473519099947006,-0.0026336180461367324,0.026146149443139054,0.00584199642418284,0.011186091581625198,0.01005746798928711,0.006010465703957624,0.000513720580834813,-0.0007068322414227114,-0.006911898939890993,0.02159934325499307,0.005341952500684432,0.03162714414035815,0.035957740978469155,-0.0026021167114777706,0.018487600149526825,0.0021632352011918413,0.005490755579813996,0.02078663223936323,0.0011892086023050229,0.013503109443243417,0.01735031592440353,0.007174971874379631,0.005293349126662688,-0.009692568477310247,-0.022057670906266133,0.013400960835981619,0.005012040899870229,0.01643488753993337,0.03327591938140299,0.016833912405269446,0.03056069540410812,0.01224037950484975,0.023447982915398406,0.024483762500135106,-0.009825769163305846,0.02128289821537925,0.022148745004743148,0.011985257013265829,0.04481644302511616,0.0027551945631274456,0.013806232858773955,0.0061466532340020965,-0.00017609443211668457,0.01014450550335346,0.0033921254605073312,0.013322600828415722,0.037498918473240495,0.00027724408544945486,0.007873685713064913
2024-05-20,-3.2900886359207154e-05,-0.008151378206703218,0.010796337552517682,-0.0019425803672912826,-0.0008811475057296098,-0.006685194285194087,-0.010068921764064098,0.007590207620179644,0.03146466686603638,0.00569450140856266,0.01521625353817968,-0.004566780794447993,0.005402187868147704,-0.005296476745956473,0.003899562497596605,-0.020564603304791127,-0.0006706435327296714,0.006569341641505689,0.0005223657225281227,0.010395206307971935,0.02042530640004127,0.010265206023305969,0.021238023653780018,-0.012348558244594477,0.018255807612448844,0.010727731283544067,-0.009250182946667088,0.014511895417210395,0.018249518580287387,0.004046500766267791,0.019006493270843024,0.011177561050416404,0.02049195706075336,0.01782707626250514,-0.004466773816918667,-0.013746858657308814,0.0002462674119859641,0.01556898776622026,0.0037017243236603676,0.01185413061010684,0.0018295521884237175,-0.006951331192613264,0.015465548203538113,0.018774216294634903,0.011204602651332114,0.007628239425735765,0.0204436846549887,0.013468241073738983,0.022807160598326593,0.02308785879807869,0.0010984123473456115,0.0007772910137038239,0.011319604705826339,0.007795368197457403,-0.0016175407844588232,0.014528462716723773,0.011645702802194721,0.006285895850898111,-0.002844930413344547,0.006516654057035139,0.005713503276486141,0.0037708313275217724,-0.003582171889280999,0.0016452355866541871,0.003190007779071565,0.02274329666190493,0.006516161437595738,-0.014936961904485789,0.012445685645200138,0.02855473223408159,0.0060749733957395375,0.00750957621422875,-0.012013175602420743,0.009128735288268418,0.0019465707702269203,-0.019051375033740214,-0.00023531258275743747,0.025495401022863812,0.02080335895678603,0.022164346394319794
2024-05-21,-0.006728259258083563,-0.02581349921131526,-0.0045578913804228995,0.020919009177218166,-0.01036769755336743,-0.022966200398038178,-0.018297544045502774,-0.002513524189075889,-0.03187269013405368,0.006368576268540715,-0.013043955518126218,-0.009024330499867941,0.009242438092770732,-0.006624561508019673,-0.005840690572255037,-0.009921856261566588,0.005624434355963007,-0.0007785052945111282,-0.02642880306964467,-0.0035431807367217838,0.010950410401843455,0.026730349879979937,-0.004250340455219569,0.000258387636176291,-0.0058132098070823104,0.003216766901397771,0.007772494629614433,0.016557093229106024,0.009765220507365361,0.014104543659231937,-0.036457595123368526,-0.024277257100727298,-0.015228062279611624,0.005441317319789546,-0.020692937144609583,-0.013741559434317298,0.00447074841324892,0.010506468641155758,-0.004208144086839501,-0.0026335528339284046,-0.009748758079920197,-0.008208315806782157,0.011483246230986361,-0.006046682242861661,-0.011180836255223573,-0.004509853940433884,0.006166006125797147,-0.02643595898179258,-0.017521380391499794,-0.013385575358966194,-0.003358613245274377,-0.013744216756611269,-0.012126881325379639,-0.016917958869093343,0.007402787457414186,-0.010866364265994048,-0.0027127164874508856,-0.0038590791356632507,-0.023869387160532902,0.0023604676034169048,-0.002881001370584644,0.0030916391501471297,-0.010167928854953889,-0.01756932448685539,-0.002476107209922393,-0.006707612251974245,0.014077361161943532,0.0060680485336176895,-0.011392578209473266,-0.0007396542962353513,-0.010192120635012647,-0.01893104871605899,-0.017850465995299804,-0.004655637902003959,0.009717708364864814,-0.0022239689478724765,0.005790587699007855,-0.018361418245796714,-0.04922452176395277,-0.02213945430956232
2024-05-22,0.024717333779077175,0.002314309186131282,0.005542731580006614,0.006314716308501124,0.0030388143431802454,0.0011105119054818108,0.012103862762108737,0.014976813161001516,0.03533569367895498,0.022823634566176813,0.0063081014052651435,-0.0020595887829892704,-0.010946964609100853,0.0072834629876136914,0.012540267450486219,0.008730399545093361,-0.004416612427912695,-0.000820956086121866,0.00103007770816794,0.004871853166976978,0.009502234143723346,0.010204313202436028,0.011894626141157189,0.007001695651021681,-0.0021713355483379843,0.004644768856576698,0.01297305059484731,0.001071630494127711,-0.001682588644104836,-0.012291252731788641,0.007615730142620011,-0.010938453867094609,0.0037958617944883616,-0.010895015942615218,0.023642450987484395,0.007958923775393256,0.014340406027629347,-0.005706733276390118,-0.009904814136025682,0.03470372379361981,0.008417199267430151,-0.014636872416695682,0.006717416345759662,-0.01126910587457754,0.012694417762981282,-0.00511619037154008,0.001308916051921137,0.016696006930243007,0.008938330869989115,0.0010359369929354694,-0.002713576927489811,0.0005621007063363465,-0.020283634128468384,0.011308517326965615,0.00384085592604535,0.006527949847063023,-0.004609658123142832,0.011292499586009782,0.014658131659317187,-0.013996815812913491,-0.025001225203160518,0.00884021814626756,0.018927364546702182,0.0046338118492451445,0.003860973736698343,0.007754970745990849,0.0007742856219722129,-0.008100966379607288,0.015249075039305608,0.012729900245245214,0.02569003389719946,0.01317733203354297,0.013723485002312425,0.00035333842824182646,0.00860334234968823,-0.0028137356459285003,0.01827408400715042,0.005883401016257785,0.018274369198785136,0.024667149612825387
2024-05-23,0.02430052397082666,0.002266455355587556,0.006939399806132443,-0.011036134585532424,0.0054068238582622215,0.0066961799066142065,0.006053301699484803,-0.02420107278541481,-0.0029322196896667593,-0.029688008465194888,0.0002146346128671006,-0.018073142511173368,0.006013504310355858,0.028565787001674805,0.020529014485163054,-0.017122807651782673,0.014647249618465256,0.005271185440816037,0.009404653055693676,-0.006614856597840576,0.012781263051805722,-0.00855588489768907,-0.01469159926424531,-0.015457767151682886,0.005102024562145084,-0.005660926487137013,0.012507370495301408,-0.0019834690270911144,-0.005388469840120503,0.002891176195395736,-0.029671840539348432,-0.001200395324044064,0.0036368054392910665,-0.007650773025167156,0.013382526285773123,-0.010455415528574857,0.0023722011653243527,-0.0026907166967523027,-0.013467194705433914,-0.012756198770016004,-0.021224543587801424,0.0010829247448809328,0.0035911637011651933,0.00021659911332801412,-0.008775998894542851,-0.01132176224953865,0.012053701238242995,-0.03591927752483533,0.0031728072942317047,0.01450384799873001,-0.003143266235623372,0.008676478038257615,0.004221969191440394,0.015881622288166225,0.013773982279618614,-0.012091447122465555,2.0451810324898e-05,-0.0073270676341507975,-0.007161524402556478,0.00043705486779667835,0.00031221384765658207,-0.0077705669063020885,0.022106461825885677,-0.0020047335359853757,-0.03119347940405702,0.0065576198171632205,-0.007557223607316307,0.0066886842974931285,0.011842476638332808,0.015197052012011159,0.014753019449356228,0.006210938343591418,-0.02588774725370567,-0.018093057419588,0.013484940254885894,-0.02236820642942642,-0.002769693688100381,0.01131428314206118,0.03817053327945161,-0.004810013027504247
2024-05-24,-0.008399359521845232,-0.030436672196416905,-0.00013229322970244577,-0.007671133479916569,0.004066773200303764,-0.002624795545478676,0.008567914229773614,-0.018260403999391866,0.0019312644272288047,-0.01162061516984127,-0.01698733259930258,-0.0126409164411346,-0.009258587031963922,-0.006454359806127923,-0.0159383484005535,0.008246644886353866,0.0006218684170824842,0.01077122718135647,0.017511457111614892,-0.01315137514556353,0.008206250864288478,-0.013779753044326798,0.0013460361409708228,0.00262971860573071,-0.00896388495611046,0.006319618625954799,-0.01264640962583927,-0.006109350049372432,-0.0021715130460912653,-0.0019549729749071213,-0.016939550098836666,-0.01579439146516333,-0.014564317665915797,0.0007965231405377025,0.017802818772820445,-0.024634397942601423,-0.021610562292189092,0.010827376106251311,0.007615652443028209,-0.004967942908121817,-0.004233957546493071,0.0013916775796145612,-0.0006587651887040103,-0.0077786746311638115,0.007142575845784021,-0.026912050097540115,0.012264525497235723,-0.022273073121089653,0.010623499639707237,-0.006036200805317416,-0.004723342798888917,-0.021766742539567546,0.002273434478577443,-0.0023104120866590926,-0.00147194909614563,-0.018288756953300074,0.003249881410541531,-0.00861314910756535,-0.008109049166223794,0.007892071124932499,-0.001691579266017173,0.022351892128686678,0.001003546468701804,0.022000589509370217,-0.003098175810686111,0.005024223917409815,-0.0032518361762285276,-6.898155773608569e-05,0.00544981909914565,-0.008432246776820933,-0.01070129034786321,-0.013933889966970831,-0.0037249460833715534,-0.006271431156081928,-0.001154960645739622,0.0017011206496476442,-0.0016261753923244044,0.004915238550771899,-0.0004382235802835462,-0.01615630201325988
2024-05-27,-0.004040383378446531,0.007564035729919984,0.014309340271804149,0.008746044109897622,-0.0012219344408759764,0.002432221822581502,0.018701185600307955,0.008153645306800891,-0.01068488639589647,-0.016729499476117557,0.020020691787876143,0.008245281894731117,-0.004505131838578397,-0.00766903139917665,0.026046042076590687,0.023476867710928686,-0.00028675352978107995,-0.010395556244191834,0.01679476709341475,0.018580951840391716,0.0082881141512012,-0.0344677747844672,0.0028320597254022912,0.015401469680777852,-0.001326982959716942,-0.007487388220235849,-0.013504843256464958,0.008890964955230443,-0.008038774958444463,0.0016168045066662943,-0.015324161424498765,-0.0013174190827508134,-0.009705289507667397,-0.010990731160217291,-0.015377633794220816,0.0228343880593428,0.005778355105669594,-0.019773964139487225,0.009348826386491569,-0.004340580853762914,0.01669618851200245,-0.004390808119835641,-0.0051643275499847615,-0.008943196922276006,0.02427994511409882,-0.015755024530961073,-0.004628218396733159,-0.0083436213251878,-0.013659474440619114,0.00631149648423682,0.02442792289443781,0.015255158284832284,-0.014166675950285822,0.0064616381781280215,-0.0018628573842744743,-0.00525705635536921,0.003957522104394313,-0.0088342598592738,0.019314271880694123,0.0121598413253979,-0.005470836940668409,-0.002457276691791732,-0.030144433033551882,-0.0015317948390007625,0.014226502831743036,0.01707218213493825,-0.007082836466485644,0.005263838662163568,0.009186156448563278,0.008842927715214532,-0.011112101640578317,0.020647096262836666,0.003689702815164642,0.00377855982369245,0.004393798190617065,0.0050417331683305835,0.021284862976130664,-0.01510052255002379,-0.010860944519880516,-0.0008161903718174116
2024-05-28,0.03114489584524384,0.021931166638687175,0.0010202082947402573,0.008586756577116144,-0.005392439948648196,0.0030410291023789966,0.0007487195493106717,-0.006850778936172606,0.003102999870551302,0.007234147050520583,0.023877165459811535,0.0064731635066690085,0.005950514283664877,0.01094207449134216,-0.004365675809996776,0.00197092221775289,0.015786599445664528,0.011794027158226625,0.02501868377140873,0.017624399039978957,0.0028464112292589,0.004578436310931272,0.0027479526211788632,0.015833958999553033,0.006521518538090955,0.0024133453526910182,-0.00031739654429330244,0.005276739326560495,0.010125029224877301,-0.017117063584982526,-0.0006547690332769553,-0.0026338762833423538,0.015165789980946032,0.015175528695202976,0.02605202081317879,0.0034377404761145886,0.011997901800460392,0.0012641806269009705,0.005295122515823466,0.008871240937284319,-0.010242036270801192,-0.0006529394842837884,-0.005040309333850612,0.028904599795214127,0.013042593794921595,-0.014815970192006703,-0.009687608540005858,0.007540522756001472,-0.005151168145270064,0.012430367611744684,0.03047262719771194,0.00018242852125812184,0.00959830077150582,-0.004926340774416456,0.022246054146107194,-0.017043729189437664,-0.00927467227527986,0.0061759916442113184,0.02562226446031965,0.00619524835611691,-0.00621265110366059,-0.021764852046308212,0.00946086071803354,-0.015849474927642777,0.033070316489726886,0.003486520179660346,0.00891359995418197,0.004484469413643004,-0.008294426226979913,-0.0027734253300587867,0.010598581450741877,0.013595974505969562,0.005256763347097865,0.0016264722683388198,0.010498753077485897,-0.0002234760332762986,0.0231621811653867,-0.00936670534098491,-0.0027174678932673406,0.006801874747693997
2024-05-29,0.0038739777747205835,0.02013189196656992,0.019719083122442374,-0.009799373406219301,0.016661819284383716,0.00642459259378992,0.020687708380151822,-0.004738196366218065,0.012459895988569602,0.011996382486767283,0.0007332265579065734,0.020903399058651472,0.00695925998454509,0.011263081768782577,-0.024336227992540236,-0.009032993941087766,-0.0020460189056592075,0.016869972047816706,-0.010392870247163668,-0.008804041314728762,0.006309516723820031,0.013172450672846968,0.013341952119437717,0.011055855748381208,0.003915518664615386,-0.010184781745604611,0.033456568861278596,0.010475879649548764,0.005016473479531955,-0.0021500761825533742,0.001891283806452447,0.0031554174514779884,0.005864214940743004,-0.006386254303952794,0.025037058063657393,-0.0038461748394542504,0.0008195422738571613,0.01810084219272022,0.008255725003356617,0.022244096698821273,-0.013310201714149027,0.0022649482706506873,0.013840951617031102,0.009276708846491654,0.003241149277975752,0.00907462231469099,0.014229107699596531,-0.004496250367070897,0.017872119802033258,-0.00575383849791064,0.015608459979708219,-0.018799164810306045,-0.011276235166490546,-0.002314584784859813,-0.015075839286206498,0.0025443706215370304,0.022289010734443795,-0.0010776915312010996,0.01619831488417129,0.02312933988546336,0.008728191691602296,0.0067807611857180865,-0.009496082680558229,0.007784677433738285,0.02015839175315442,-0.008299105110913491,0.016550613753612435,-0.01623199900186045,0.008943668036036334,0.003566941194549534,0.008861809238754624,-0.017077481814957777,0.007818084307006154,0.010950477899207403,0.01955318751589221,-0.003591611667994384,-0.02481412225553748,0.021701140075866533,-0.00753013856165311,0.016170240264295845
2024-05-30,-0.017604001313239203,-0.013790835597218467,-0.008484088414810565,-0.02563236136478345,-0.015890299049345875,0.007551889479911337,0.006715635307984302,-0.019949132566430702,-0.013086790191430619,-0.023472017310472243,-0.011657726936617036,-0.014707823045231733,0.014765120585125718,-0.004117645617522354,-0.000328859716399583,-0.004924464430843443,-0.013733300032121924,0.009310987688837744,0.0011744957336465457,-0.0035480592285422096,0.003056811217505322,0.020111829234648698,-0.03110830144776458,-0.02545866871675198,-0.011684674688828027,0.012581874680731454,-0.004623763167079769,0.0015863413439686077,-0.006289776456522072,-0.011583153590138002,0.006715833156902343,-0.016798381541946763,0.005197984939885641,-0.013730059946477594,0.011437769613877404,0.00280414621349214,-0.007001983901260594,-0.019700836976780448,-0.011648299753216905,-0.01421541133361353,0.0054260865119104525,-0.002573810751844812,0.0033953981321612143,-0.016388446885117952,-0.006642549102540578,-0.005739298389310336,0.026712663889928014,0.0035009822310046543,0.002219519600381429,0.0067344336445516965,0.011402515434217312,-0.02476451532885777,-0.030410162721501398,0.0002449768904021414,-0.004948503202464174,-0.021490946942239332,0.001085329637416461,-0.026611222783383837,0.0062007543910209345,0.010882433191645873,-0.016046844588389807,0.017602134241082985,0.009894314286027306,-0.011528188337629966,-0.009269267442283905,0.0006405131387221397,-0.00385312810461813,-0.0011215470259323531,0.020623605058543035,-0.013083676685752443,-0.0039531327251553705,-0.009113211373951428,-0.023972386822563245,0.008227134761561339,-0.012238719092198654,0.00039471121683256477,-0.0029104659158013463,0.008390828596514487,-0.02256601914339615,-0.03275633563764514
2024-05-31,0.005673404672399476,0.001261525180732383,0.011906808354377466,0.037504020390712385,-0.00976726840338562,-0.00869911446636896,0.008509330134667384,-0.02303806162504254,-0.011939844658319827,0.014832949670633262,-0.004787236624858528,-0.004581275152716162,-0.027388541123788305,0.0057266912747465665,0.023220019480526342,-0.031184478303181124,-0.0014667152543589882,0.017935220422312867,0.0025350264739334395,0.0010097807291833852,0.010957092897123478,0.01890366724307021,0.009829557841604148,-0.019930337323531243,-0.009383027574722404,0.008498842398885894,-0.01368230341089128,0.004286774469589204,-0.01823738563706674,0.0196197364253791,-0.009473809712944932,0.02247349246418041,-0.0208267828929166,-0.017745269930632655,0.015705910971135162,-0.013994570503594,-0.002400192753058446,-0.00044504492768822216,-0.009369142348548246,-0.036421772662021956,-0.012636477232805548,0.012927007761650657,-0.00439602674502145,-0.0048046890825591045,-0.00013433808966959587,-0.024497574522952356,-0.0007101809981020814,0.009342830966950773,-0.013498425557732724,0.008039782685703066,-0.006031632291373818,-0.006784602042057292,-0.005760244599581818,-0.01844180879555835,0.024555242745032978,0.001932819994624249,0.007878039030073532,0.003560177861312832,-0.01930564531445986,-0.009905855985344138,0.0002726804212677906,0.006432111226822107,0.00501908039995478,-0.019825009130268013,0.005232226869269844,0.0027662516236206204,-0.003859764384606104,-0.0021399823808926767,-0.0021532945752760152,-0.004571584844758839,0.01549030130059141,0.0034524241849070263,0.0003512590682606606,-0.0012675869740388698,-0.007462767559332732,-0.00612781089035784,0.0038050844182633105,-0.016662998151495276,0.009991224170742514,-0.003718891023396279
2024-06-03,-0.002330081573943839,-0.01386230364412231,-0.009916413355354467,-0.01829244436674731,-0.030292164789546917,-0.028003505591263387,0.0021156901052970948,0.009141246152902405,-0.00524935025796064,0.0051535497537072775,-0.010988506404221832,-0.01928659572010367,-0.01254743565871138,-0.022767004424295696,0.020617822831535168,-0.011164688976640077,-0.010920229617988738,-0.02385545404577391,0.0015334274471008116,-0.028172443413894258,-0.029472443091476834,-0.03764767959273485,-0.02074559251623185,-0.007735373619946798,-0.005615843316598037,-0.030094401841230425,-0.013699344950756805,-0.010533312698856042,-0.017095299282397017,-0.04885067196569759,0.008281084614974985,-0.007336032025607187,-0.008686620989817961,-0.00030618830512610384,0.0006684892711680511,-0.03241494262410334,-0.004628858631716816,-0.02852852270845946,-0.022964477313198388,-0.006737303982981129,-0.017338767380735674,-0.006238317150941265,-0.010646512399118485,-0.0005649842440859087,-0.018062677222821545,-0.006190556932659918,-0.011769717845697206,0.0040096895263194866,0.0018060003226971198,-0.01735881187866354,0.009479029109298282,-0.023373491331931326,-0.013978681562599193,-0.010334526659405211,0.007037660458906108,-0.026047295009877746,-0.02395164302745912,-0.022941710363798724,-0.012737472762399803,-0.018992791501413264,-0.0118549247537171,-0.001549199091227929,0.0014766266740594593,-0.007252877045725155,-4.1007448188171494e-05,-0.021471826608487628,-0.022414292381535198,-0.017591347529028988,-0.010671236433103113,-0.004908258273768982,0.00570758016997195,-0.00020878153092750672,-0.02036070431434346,-0.02056420892575939,-0.00039365545469098075,-0.009397550624784302,-0.022031858188074304,-0.006170541317588872,-0.02529168375675229,-0.003241989055821218
2024-06-04,-0.009478634450837211,0.011826463860124224,0.0019961870789577943,0.014139613457671701,-0.005826480812403901,-0.021944731344209746,-0.007006487131224999,-0.010044053324906314,0.0038969909287832217,-0.0018601820267951405,0.017348171383596067,-0.006069942244686944,-0.004694815686369321,-0.011800040971051652,0.006579501112423646,0.007273587027771573,-0.017140305423472498,0.028513038646976456,0.012143386527605354,-0.0018627157978105598,-0.021977379032877938,-0.0004706029104172315,-0.004751047462267033,0.0006097359423818454,0.012724708781199412,0.009866967236921991,0.02849491849771851,-0.011194566010945485,0.016510162141241208,-0.015383683985001315,0.0071461860841890565,0.005969981388271293,0.013479618309506437,0.012805045401213,-0.012277835535612434,-0.013006556664331589,0.005943979603390388,-0.024126066873738396,0.005708635244368556,0.008230673585600212,-0.015009712075481314,0.011194680475918463,0.00990474817547015,-0.009405874426810444,0.01036577979954256,-0.005385003759453609,-0.02182305979341935,0.019600482564015496,0.0060076037515264654,0.02113210336336683,-0.007121284855106639,0.0023683069310834618,0.006055083186131704,0.010667606713856874,-0.008366758169549226,0.012321375582025885,-0.0053770126353205015,0.0181918260607504,-0.02642287064196621,0.01758592292925973,-0.0062409649198321305,-0.019540267236755574,0.02288855744669125,-0.0008416716473507889,0.0047120713769920166,0.011102981783490548,0.008747566530938514,0.010542912061798353,0.006033387178781657,-0.010482926011265221,0.004526723445177299,0.03303809382161341,0.013295413348624397,-0.0012421599586581733,-0.0024818560996848972,0.0031626539131828432,-0.008638898594068658,0.011419776941964912,-0.008330947620667556,0.01074372548089278
2024-06-05,0.04074653530379279,-0.009642115179025926,-0.0050516189682329035,0.005685341321800321,0.015948246707806615,-0.01082071620914783,0.006832259679755405,0.0027114609968088,-0.007197721189955958,-0.008248022476810793,0.01394848232680453,-0.006815945441691884,-0.016529167948232573,-0.004532655713570037,0.017517259795299188,-0.02965674153818946,0.006879010871439452,0.0025892947134056373,-0.0010460778899279953,-0.01941426420983798,-0.0010609336979629088,-0.008624963535614084,0.022761262775938807,-0.016483455378282667,0.014312640486994446,-0.01602062412049836,0.008355295125190496,-0.005713879685864598,-0.002526315351864622,0.016153472836191254,-0.008222916102632283,-0.02144262313230274,-0.0028220815637276537,-0.0029049611652646728,0.01037842601540906,-0.022427071546737856,0.00033100424232961143,-0.015192982044151301,-0.02429799102068544,0.016829996505450015,0.005093776225769237,-0.018089425768831796,-0.005975447134521461,-0.010148138704946847,-0.007298058902055297,0.006742934642880599,0.019385004360091346,0.00902275222881464,-0.007364665153681305,-0.00990405575259485,-0.007753666055818128,0.006849047613223176,0.009777456266551215,-0.011768201976129612,0.003587317595700867,0.005451378575373863,0.00942798799969442,-0.011593011147679662,0.010407689910352158,0.006972963750454848,0.004460776825645156,0.011726850644317218,0.011405902678222366,0.027004171934216982,0.009589603774902825,-0.00031404487622967506,-0.01699070906721929,0.007502686271005804,0.0018329548507649042,0.00035962257623849305,-0.018135580805951873,-0.012952263249805704,0.0031945836637006023,-0.01864650696486399,0.008548346905004795,0.004982232773917929,0.014628518364524052,-0.0019191955505120065,0.019065699494452314,0.027600254615649144
2024-06-06,-0.011855972657132608,-0.012583191806028933,-0.014995968676887166,-0.020355882279591564,-0.023988175105560637,-0.016951325714099616,0.0018793862457511853,-0.011442070164540966,-0.01470181908923196,0.0026127652345294735,-0.007263837108454024,0.0219532071448334,0.0015939163054804507,-0.005819029025111514,-0.009735754403931682,-0.004457211635536222,-0.0237773631090665,-0.009159418113004292,-0.012111944466473337,-0.0035605261579467664,-0.0007248248775609039,-0.009229823093601083,0.008919585075986742,0.0027088872435703376,0.01018560375816698,0.0006824069331252819,-0.006433541278446059,-0.0010874590298697896,-0.0022670849732244194,0.0034346948482359453,-0.0055775639799063945,-0.014240112960997295,0.008416864562323996,-0.0005063526723395849,-0.0014568661574955542,-0.011895825967539254,-0.006211608013670936,-0.0202270661942373,-0.00865617422200723,-0.013504527820050283,-0.004297014664194363,-0.02792835280677141,0.007225223905227188,-0.019188802168725847,-0.023718670612447125,-0.01867450990062302,-0.02053703528969964,-0.022299926147358824,-0.00011986103520167466,0.0014154800589659799,-0.015235353334028343,-0.040230438424192494,-0.02126751679688958,-0.003587360365787668,-0.01616593933245749,-0.018812514799398144,-0.024728088510603898,-0.014230694966274517,-0.016784197147134472,-0.013193929566515161,-0.010876274204332759,-0.0264134126886792,0.007464814071751109,-0.0140716225407135,0.0011032312345519123,-0.009424545343146191,-0.007361220636894416,-0.013747036004344359,-0.004586280046671732,-0.021292532049516394,-0.0064402017405586955,-0.013872349341793405,-0.021643044658723704,-0.006025197780203627,-0.0056283174773794405,0.011092148293847009,-0.003567208920869181,-0.013831755225193988,-0.02782177307733469,-0.019522564421331667
2024-06-07,-0.005194905582225516,-0.016223431133359695,-0.03060976667203618,-0.01541721232181476,-0.01487711232025754,-0.011368974385314137,0.0061661634842664036,0.00450830420445738,-0.020395446065609047,-0.013655880102829008,-0.010806220667418598,-0.008021932166208029,-0.018765888497625848,-0.0095637009559564,-0.015264430810487981,-0.025088519187434734,-0.0131245147680667,-0.0064300147416296825,0.01630199035099474,-0.009224602776349676,-0.019712395748600772,0.008646091549422308,-0.013086520205388625,-0.013353278440438375,-0.01172144114567819,-0.011914214566396306,-0.009176393854985528,-0.025347100818060644,-0.017951687131428383,-0.027053601570606038,-0.013526534574579224,-0.01217442103593944,-0.014325233752781035,-0.010398731838059718,-0.0045917649918535385,-0.015061340014951767,-0.01585596663786417,-0.011411298316457718,-0.02169702567112691,-0.005855459487383624,0.009592187759300977,-0.013115764870944057,0.002192547673161952,-0.02217334332016955,-0.021913761805778774,-0.017563603569574635,-0.014139038650626013,0.004586192924847416,-0.010578272150846191,-0.00012824007351357365,-5.2670214534397404e-05,-0.020853179790195565,-0.014666119923363394,-0.020116910894800652,-0.01580601985360866,-0.012329070763893198,0.008268901659179746,-0.0028407193670875568,-0.015199058622871808,-0.011422478738808113,-0.002264780131078007,-0.0025480304648334952,-0.00947048389481352,-0.022843903818784112,-0.026077521214128305,-0.013512621653468707,0.010483351613664753,0.006921573926279869,-0.02042657797379496,-0.0018545505070923663,-0.020647279457923162,-0.00014634100539189215,-0.03871530376558746,-0.022314675239249637,-0.015946011314116697,-0.02809086731157516,-0.011255884791528255,-0.021621602742445917,-0.024125950744094703,-0.006040801781939719
2024-06-10,-0.011068477914807622,-0.0032182538837241224,0.01180806238170209,0.013366144212143348,0.019829956054265026,0.018974842054251567,-0.013169443933140864,0.006032535664689669,0.021976573382431964,0.020260389562290367,-0.007475922020366101,0.013403683074069576,-0.0007844822266252806,0.0015255864879936201,0.004664840406424858,0.010627523968663339,0.0002654678096414443,-0.010192353015873987,0.00036896922799659754,0.008177243353985036,-0.018529817469374075,-0.00013519745142415336,-0.009338164907005057,0.0018452697378614344,-0.002228276911087587,-0.01276400498309924,-0.00026689329916144977,-0.00046899138612389434,0.012445398941758229,-0.013241238428166553,-0.00151907062869029,-0.004261672001582367,0.010146015897871242,0.02168420786179548,0.021069313290198663,0.0320367956282136,-0.027080904604292293,-0.003811939845225404,0.012894508642899472,-0.0074856622141740384,0.020446590772140612,0.01284845817000859,0.00829242277403247,0.001373940718234129,0.020728836877773958,0.014096730749612044,0.0031416515332635597,-0.02013641098906712,-0.009498566267048108,-0.019343333806567106,0.015701821596755358,0.02111184300974958,0.0019313918110716406,0.0036115384128609027,-0.005093728239947332,0.023511015087961978,0.004579468207432263,0.004261160600936354,0.005960918588859788,0.006224445396287879,0.012717161114990858,-0.005206491846067545,-0.012655141614202937,-0.017258832270108312,-0.005286093110174057,0.015504071487621377,0.009492963454906389,0.017452273269471852,-0.02725620400933677,0.012070532349349163,-0.00402115317884492,0.007143511544752717,-0.0006066662065604207,0.00636597884758171,0.005119741754565327,0.01679836866481802,0.019337089634353925,-0.012726803848335229,0.004846240707422213,-0.004885453405246849
2024-06-11,0.011070102608061579,0.009155079470213427,0.021274337414963932,-0.009093509000730832,0.015537794820429541,0.015058628841175656,0.024252830888688466,-0.0003514819879142702,0.0156986986234812,-0.005904778695901045,0.0005666927636657267,0.01077008345902968,0.0009353699572023314,0.01711509136405606,-0.016993541431877007,0.005612334839366908,0.010638016840753365,-0.000703029443603927,0.01838637853528687,0.010381720364369547,0.0055444530822536565,0.0034266341355868105,0.01302009146255653,0.009077623754248785,0.008788649621820962,0.014486620124978089,0.000419137654391534,0.005151700594758838,0.03482252788925912,0.007583331450115525,0.0015969071462837107,0.009887612999650443,0.005594717666608393,0.0031254468998391733,0.0195394724744889,0.012467432951677961,-0.011517505810564769,0.027620969094935263,0.01002558904236401,-0.002174745510677001,0.014470511998653422,0.02665410268443841,0.020722695118788194,0.008231863724956509,0.016390553128892423,0.009251358106449411,-0.002814393027503838,-0.002418379314911765,-0.010447534241591802,0.033889490868254574,0.0007971242862038347,0.010368513394257753,0.01948207267831079,0.008764582200197397,0.012626804021243231,0.0012676939633534867,0.01574319540348013,-0.003692329447166183,0.007952990551825447,0.014714564673315104,0.006123116030540199,0.01924184618258156,-0.0015951574904095097,0.023420447661700698,0.027875781768111826,0.003213634340520477,0.025665305670196606,0.006363142249279464,-0.0023989725263274843,0.028732566292478542,-0.004159384457747269,0.007808792916380937,-0.0004257056023471671,0.01959261780209385,0.0116799680219543,0.0021249545326573506,0.012433865064338058,0.02803194826741391,0.025383710888088662,0.026073420108237818
2024-06-12,-0.02087228495321165,0.005930314254077299,-0.009048486258473602,-0.02452698896880558,-0.019131850806252015,-0.01414141863784166,-0.0252215318405481,0.013887703775708976,-0.025748065258290674,-0.006506413375532742,-0.014975962350477845,0.0038616641766669067,-0.015111283730934873,-0.008431348513316514,-0.0007894341709578862,-0.020617091064129088,-0.0020923868705228447,-0.006780615388051423,-0.031549838546223626,-0.014222594941937165,0.011397548136578282,-0.0010318523275058208,-0.015555338798854422,-0.011098281508658301,-0.006047632118429062,0.0008898373610475218,0.022686927605622652,0.0006799499700048985,-0.0016251715348442487,0.0017922878982147266,-0.016277395967588204,-0.003458756766071972,-0.014782778064058758,-0.011965490843249047,0.006941397230741663,0.00939643493040759,-0.00760202540129077,0.014190207130981373,-0.0004861981628568983,0.005832937982649345,-0.015674218812308467,-0.02925762335616373,-0.014673325051476924,-0.002423487772853347,-0.026326743224154747,-0.006525349810157723,-0.0052816120085235965,-0.02173361806867504,-0.00417555234207235,-0.0010436420659123008,-0.01657662343961506,-0.0019380413037984572,0.011630210584255523,-0.008525434527474897,-0.02247777685653198,-0.029925170041499614,-0.0015028139768925568,-0.012151216027452989,0.005780391868045649,-0.010321770331919486,-0.017288387014113435,-8.640149257912923e-05,7.666041258614156e-05,-0.0028378714986078525,-0.01270038915507766,0.011976414109377088,0.00435723598509824,-0.013538656231581021,-0.014414434525436719,-0.007737614953860251,-0.023213172100430182,-0.017464558415916938,0.0048308064380162,-0.016430582614127984,-0.007660986648079814,-0.006640647762194942,-0.007998245940590532,-0.0014377097384979222,-0.012645224008895731,6.0766340389087e-05
2024-06-13,-0.014758505752658867,-0.014768944428417658,0.027970769990415267,0.003809878712944358,0.009228727592888519,-0.013361371375397071,0.010793800444032865,-0.020181299820915898,-0.005826173884572838,-0.015037618660211964,0.0018282007775100506,-0.005704911845760685,0.012668728183835264,-0.004300897361843928,0.0010862079943052745,-0.006588108792471528,0.013491887508988722,0.017095932383614256,-0.005111934447990076,-0.008164547319924238,0.006798860740207751,0.005339246188778231,0.026192004928964126,-0.01139361835982862,0.002724331346909487,-0.001626578903542611,0.0015734810656105637,-0.0018654726117264503,3.3201441255858305e-05,-0.015032288682824323,0.03320262757524323,0.011357012133119878,0.01656683574211013,-0.010248690072609016,-0.0031551712089662193,0.015834841150698328,-0.005384143150824697,0.02549061954893183,0.006858888258744327,0.015133556503995619,-0.025560774578225504,-0.009438818098894772,0.02256192604672822,-0.003611288699938533,0.006138095081725635,-0.000705802550850082,-0.009436671842072503,-0.012569013821766062,0.01347215304155577,-0.024180420182635737,0.0007241053421715186,0.003209025739054683,-0.004381307458784919,0.005072363897125705,0.019751633251049887,0.00020716306214307433,0.0052222559459018875,-0.012222332559174796,0.0040905482598855136,-0.005594654111581728,0.014273307751265797,0.018917558834909802,0.010701178652460525,-0.0160087343749062,-0.029365425949090907,-0.0025453135736791437,0.015132255933689474,-0.011003356381085095,0.005476103798612882,-0.014161889151487686,0.008357896313914794,-0.02506206946839238,0.004679854124695028,-0.011053034153418038,0.008982979885331234,-0.001223591191581114,0.015287288851261193,0.010387369277352974,0.002400653280610828,0.015863452215544627
2024-06-14,-0.0051923785419229485,-0.036783813438712155,-0.02303977608371615,-0.0230415310798649,-0.024570546564561868,-0.01652195391087775,-0.02624247384708699,0.00018872122451892254,-0.014102222214673433,0.009622591592662757,-0.006887242873949201,-0.0325503519160942,-0.008977738747110652,-0.012005604410972402,-0.03556706136609911,-0.010152465419392643,-0.011771395769074273,-0.013024967652538435,-0.027124345661857334,0.003932115654690628,-0.008327801898334035,-0.0017470674494246517,-0.01753827255565394,-0.00969891915020676,0.0014604496204715708,-0.01074127484724563,-0.003784366470368965,-0.002847249339928061,-0.016431700700973828,0.009469858674429541,-0.0012850601210326312,0.0057032836527700715,-0.016196264288614662,-0.03013437014000847,-0.015367310139747346,-0.015464704191758993,0.005022409726872781,-0.03836015790251977,0.004577711787490526,0.00044741195885708313,0.00010154319198176377,0.006652219113352231,0.008400675477462777,-0.004805870754306993,-0.010671631228959878,-0.003702773189287971,-0.012854941217740043,-0.0004821492606007353,0.0030685081461160656,-0.020785899934964637,-0.003551515809778522,-0.020229167156549193,-0.011964081337988382,-0.0024685664675743397,-0.03669131024171432,-0.03068051626762642,-0.005306796918536187,-0.034307873293327226,-0.011734395690963455,-0.013318111674886345,-0.007271041604397049,0.0033467124980112156,-0.030537032410648014,0.015143214203387746,-0.009395984866722693,-0.0033508420962032864,0.005404384088838995,-0.0019195247334108925,-0.013849182208102601,-0.013558088870721168,-0.01415220492933109,0.0023070079962345218,0.011255441832623038,-0.0027597119637680157,-0.03985975419191596,0.012669684334650148,-0.008580253736543274,0.002134351980697873,-0.013694361902397603,-0.023413144117335857
2024-06-17,-0.017563025597730965,-0.004804238118057266,0.006944840914855233,-0.009922837901326071,0.011866052352520156,0.0021660993393443967,0.009546162945508294,0.010927519937393982,0.0043393158076392435,-0.005676172719638228,0.00041941456353110796,-0.0026363878395730157,-0.008064732908877947,-0.003964600637994094,0.011473012961673067,0.025641490320066424,0.007218257796156724,0.006514787194143267,-0.00029694129074473883,-0.0009150328463503775,-0.011544038951639985,0.019688348870718346,0.00612501983869646,0.012288649224836547,0.003094355380985865,-0.01767217913357032,-0.004389051705526614,0.007890033294442649,0.005117632767233477,0.00775517274039792,0.010704976731117529,-0.005328392189042569,0.01721993658176151,0.02608118395131926,0.018480536377137632,0.0006247293647777068,0.017077945702310277,0.013833972814409613,0.00445620916553243,0.01096686074317209,0.02094582156564259,-0.023125373392759503,-0.01961601320239676,-0.01281027732055122,-0.003291020329586096,0.012355417780888379,0.02300164854520419,-0.009915654851885506,0.020149959282458343,-0.0020919995381048283,0.011754246575866807,0.0005052156224171988,-0.016134225865397252,0.02003356170901139,-0.009510385662390701,-0.011472450389417448,0.018847379687098046,0.011657558937712075,0.021851286747530396,0.020275659748486944,0.009127764306431994,-0.006215616103677836,-0.014500146878655345,-0.007868641679835172,0.02618011061738327,0.007485682735411987,0.0019296186366080954,0.010318092845967308,0.007941646813622754,0.010725659017635988,0.013807541844508938,-0.006852142188120314,0.033802025176227865,-0.02580955325139055,-0.006750045050962545,-0.007230751113664083,-0.005800860464700633,0.0038605286015684797,0.018172922442879096,0.008507285135644933
2024-06-18,0.002866955104355297,0.034300953302492554,0.010238771289509762,0.005211488203737054,0.0003369216156539241,-0.005126692768110732,0.010955583031464083,0.014765286089656849,0.027241064254380158,0.015311967916781709,0.01251520383773779,-0.0020981657042113255,-0.007780128770026783,0.003409063253033749,0.0030261317300807646,0.025349512660439347,0.003305343461702459,0.014681175453377103,0.025608588924092433,0.013104897097084655,0.0192020337141853,0.02670540117630776,-0.0007120605075734768,-0.008470908311414813,0.006318769744566774,0.012098205688369685,0.029488298168758115,0.002808093980243692,0.03975231244767562,0.026816025046103392,0.02102845697592937,0.033468833543357335,-0.0048745589299239245,0.00939858091336681,0.0014980974116506948,0.0024707853157049566,-0.005717311359663758,-0.0021847073024850953,0.009642928985878119,-0.012083596465524418,0.0016209630174381872,0.0034921583517220148,0.008237819205645844,-0.014995275559998198,0.027699037786410353,0.02350949804847261,0.0032344734435551335,0.012354859860909001,0.020373083010436374,0.03799930554125316,0.007964722221985614,-0.007053447629111865,0.03480518830418479,-0.0044974513180923645,0.01775587202762338,0.010863853690391508,0.0005324379109208624,0.012278884079666883,0.020719982593515273,0.0023510730521177177,-0.002826353544403923,0.011608640072201928,0.0027068816355611206,0.00910989459367604,0.012841192253976758,0.012095477106519719,0.01290257821497175,-0.00789208664046552,0.01594512596065031,0.0136681310057584,0.01922887216505313,0.018323725673984357,0.025551206067269426,0.022310161959288293,0.016797718445943157,0.0036283942235145394,0.031576158410220094,0.025854300987392706,0.03213121341151942,0.01245385872323023
2024-06-19,-0.007469630270384624,-0.01555477958144562,-0.004993357881778619,-0.007193531128272591,-0.011003237084813162,-0.014772826061898704,-0.011974617119076107,0.0011470256838279867,-0.0031824942658345966,-0.02001718202120533,-0.0116405353889139,-0.020832969931551915,-0.017705593324900196,-0.017558525721223933,-0.030336749965235388,-0.013820804140183307,0.003180551463402851,-0.013104918606793052,0.0020052635295564458,-0.006654747885447252,-0.014817663278710199,0.005758383382783509,0.0040528514234291005,-0.026663047085934678,-0.001345500084111207,-0.009289470496954447,-0.024792257805905313,-0.011449758112498034,-0.014798185003634851,0.0017879666161253428,-0.0076750319550509035,-0.01784248067746048,-0.008625475192743669,-0.019943329710210463,-0.015027116242460349,0.014541787575267041,-0.031523839599669694,0.0022674427860767277,-0.02954402887591414,-0.008138947534259332,-0.014577983039032523,-0.021941702625811188,-0.011597113391895841,-0.02103463242844829,-0.00501222816542484,0.0009649737792616908,-0.0007139225683492137,0.00946740043982856,-0.017249946821273416,-0.02091399769595449,-0.017763761167503667,0.009452898200448645,-0.015474778984080366,-0.0018172301328596343,-0.028200337993694754,-0.014704192533332721,-0.012894628617680044,-0.016673560085231826,-0.016183041954689597,-0.025352923511479747,0.010529711732018738,-0.0031315149869143807,0.010749093345126734,-0.0016232457578031342,-0.004323231685801282,-0.015147263897655304,-0.010711569749007409,-0.004883987101397853,-0.007985591872231211,0.011593655769575814,-0.017110111058911442,-0.012207528899088207,-0.021877742276952376,-0.008094211334657087,-0.019502629519897802,-0.008534695415161993,0.011224553136336761,-0.008918666403291404,-0.02751557539639609,0.006122319809701297
2024-06-20,-0.010812742286820855,0.001709963727073811,0.0008945611692413105,-0.0026082867567097682,-0.002144985465080568,-0.023610705276303587,-0.008791908546882611,0.007448416098179228,-0.010332076010555052,-0.01921982054086306,-0.029039236693466832,-0.007664478168790475,-0.019290246842813698,0.0019952851450045286,-0.003765551286872072,-0.006707187227771682,-0.00901172936501343,-0.008310278827502869,-0.004983722265707596,-0.02127515258320454,-0.0015099266698031747,-0.016399250621527733,-0.006654413690875778,-0.024875937602199617,-0.025131290099706795,-0.01612284927145867,-0.009668147202328444,0.008027288704200393,-0.05071656999651926,0.011024030597944753,-0.02045723524004585,-0.006156044629620599,-0.0015102796387074131,-0.01578821648594981,-0.004967646259906015,-0.016944787829322638,-0.013749039657819276,-0.029030056469491035,-0.017102100331871692,0.0025949743982777163,0.008348801954657398,-0.018063937908144735,-0.01630600850198989,-0.025396199774234414,-0.00229346899746327,-0.011292846599911702,-0.014632826174142357,-0.016647269265291184,-6.226200943458896e-05,-0.012479225972778419,-0.0031529664016481064,-0.009168458159925699,0.001775237884803233,-0.005437318315294422,-0.016121310948019475,-0.01607888061613793,-0.0310272410870015,-0.0063215773426785835,-0.02262501901166554,-0.002533020523958521,-0.02234772331416599,-0.018512389904159137,-0.023273054351618267,0.007421494411605587,-0.005237531215574735,-0.0025174148971968116,-0.030152162361933098,-0.010818035882203841,-0.0008116554156695158,-0.005167619802348812,-0.016254301681121245,-0.020428053379269135,-0.019502895296311138,0.0029728108943076065,-0.03393166131695098,-0.0039482892593522695,-0.037671747624547364,-0.0022915629945559277,-0.021783062007643444,0.001896299779484592
2024-06-21,-0.014990648417832531,-9.646181729929069e-05,0.007959422456057543,-0.0030611088553487635,-0.02343002486015597,-0.01520877990635292,-0.012975691484548132,0.010643336867947897,-0.004888795375959936,0.006222932636085119,0.021582451639428665,-0.022924260849690486,-0.001562907565586962,-0.009032778106103215,0.003629113519194064,-0.0018902645527663624,-0.0022018997595487427,-0.018266056217871772,-0.007678911755255145,0.002718470022523404,-0.021940219757734074,-0.017850926441127818,-0.0012199354665196247,0.0024145266621890165,-0.009073385217067641,-0.005944340662497324,-0.0020731541254465522,-0.0027003023851975157,-0.013585268353271373,-0.022556749236169356,0.007986894562802077,0.008789559297517423,-0.022339190416117247,-0.017517508309795114,0.02474675653241827,0.007723508190248515,0.010305166281733044,-0.01542365568652472,0.00643619243697758,-0.0073568966874253995,-0.015983600457785484,-0.00033331410660139603,-0.01079647382053698,-0.004405102964900287,-0.009933768817126987,-0.03259325916037668,-0.0247143587629761,0.004107622480501905,-0.010277066210154805,0.005440226487000176,0.004328030011051674,-0.00035948873372452714,0.015288442500992962,0.0008032994341295487,-0.0020756428794755097,0.007533732855290146,0.00172785140293889,-0.004671123897541792,0.006150247393520596,-0.006048018968606534,0.005644604296770422,-0.006852382677971989,0.003181608679785633,-0.0038681895144384152,-0.028566678601111166,0.001292049415528856,0.02828097262959809,-0.010256458545892853,-0.004161391898291551,-0.0011613337159057414,0.0007826962502971492,0.011490044564969187,-0.008109149739901497,-0.010181295060348953,-0.010081763767610897,0.007661961599693403,0.007199961437210959,0.0005991340129636097,-0.0026776793955372675,-0.001288176311367561
2024-06-24,0.013128246821538389,0.021445575791666657,0.002885698773213246,-0.006199625780696192,-0.01126218002518294,0.004946813507572662,-0.009139055082143074,-0.007238310871838819,-0.009731374155192039,0.0208357531129906,0.013964797061354485,0.0212187752008728,-0.0007747744984939169,0.008426069139486365,0.013570420913325375,0.003634169526050583,-0.009418227886382236,0.0006326472233685997,0.009755874767948012,0.0015200632106388725,-0.004027978242798494,0.016999843894075183,0.00915536379102934,-0.0009060868799461228,0.007622096374165332,0.014302588408061336,-0.006024200080082335,-0.019354981389912467,0.006968583446823129,0.0068916629279802254,0.018875957577045844,0.00709589554449697,-0.016079931499903465,0.006367264648594873,0.01255362274321064,0.0006285573780690033,0.012736533002019303,-0.01941989656527779,0.02395087202927859,-0.008621215185735259,-0.020846236694040593,-0.006226610283011677,0.012956676035693969,0.012687598400776563,0.006006904373434616,-0.028563965411823797,-0.007190785791970495,-0.00534920626776449,-0.005825485769462788,-0.01322912300127077,0.0018552320428697252,0.015164454759572161,0.0034694179883750335,0.012271059286727466,0.001079676878444603,0.016201777216824368,0.01827340958510109,0.005935433704340411,0.006715147348379132,0.0187928704619578,0.01696953318364874,-0.00622245254630543,-7.977633080778019e-05,0.00333194636245681,-0.015861251623128274,0.007390166411019451,0.005442299658793863,-0.01095059388276278,-0.0005388036845226938,0.0025230140736318997,0.001754877005897145,0.0034070270914157343,0.005911971286358366,0.019568881573363076,0.00021000638986743477,0.0020829763729576303,0.00615246417382059,0.018972866047066727,0.016820512568701564,-0.012517043552553224
2024-06-25,-0.03106366759587438,-0.002751140756869894,-0.005947706143581675,0.008883245052082576,0.006357519011781944,-0.01697241298001318,-0.009199731122601947,0.006239715465149268,-0.021506447568619413,-0.015657598159263413,-0.008638500218799458,-0.014485731818235564,-0.00672266511219643,-0.011113337826440247,-0.01659926912176586,0.007081765971716284,-0.0009352116548858053,-0.004030321449389416,-0.011132780507390262,-0.0030657923865821356,-0.011811061870215713,-0.008447014805408468,-0.0018003074315482157,0.0013467190505074174,0.005289424350055904,-0.010060701336910824,-0.001165644344921014,-0.0026579188218565745,0.003617384254616683,-0.02369854662547151,0.008332342599684316,-0.0008561438587913941,-0.013624265604820255,-0.01179950119643236,0.012056841079331035,-0.0034053851864101143,-0.007447426720573669,-0.008290825680171017,0.0011888319374113755,0.005618756079734883,-0.03591635869024033,-0.014418759047752586,0.024509080579162883,0.009224188968879598,-0.0003058756650800142,-0.00691926679332597,0.006502102936818861,-0.000352652010331256,-0.029993476301194304,-0.01884881345829736,-0.02274153117231869,-0.007938599740232321,0.01515326224021755,-0.015867256824115612,0.005803189407486437,-0.02292222704691113,-0.010888500373510177,-0.03691143123874732,-0.021945879373926586,0.002137025003930631,-0.015688291018798015,-0.007564157993472929,-0.005742135133755134,-0.028453983575032593,-0.018726365028065437,-0.01532095862048971,-0.0025667478066076794,-0.038670635438723566,0.0006965989113488814,-0.02321836155606013,-0.0018266855730216976,-0.0065420360161897815,-0.0007216818485619551,0.0032862499594774105,-0.006622210382761434,-0.002398559838878782,-0.04021457196233244,-0.016872761255559844,-0.02096284075000239,-0.0059428403210494305
2024-06-26,-0.009792569889230955,-0.014646495965426679,-0.011792885409751572,0.02451722971002613,-0.0003452419971710866,-0.004875870757101366,-0.009140690026152263,-0.003481648159339414,-0.0019189281815291965,-0.012482404391776484,0.0074100933560332215,-0.01234528332777653,-0.004635648419976608,-0.019579365810212614,-0.0028670713268507527,0.0008086928560791977,-0.004776074369800112,-0.013641022520678336,-0.026876456117662643,-0.005787755947225436,-0.0058597294350890465,-0.03663216044828128,-0.004742671055954078,-0.010477950902849191,-0.024122619102146248,-0.00920701600669847,0.0050507172056373055,0.012749653647446397,-0.02512465464782594,0.016215394387471792,0.0013030561598792864,0.0007325056443483937,-0.00912098833776754,-0.014969238365051974,-0.0324184984231343,0.015457351756480326,-0.008573670113938897,-0.011752014613223106,0.0033829474830619575,-0.0038335057292978062,-0.022867874147532535,-0.013666883197474779,-0.019762970241812183,-0.0093647475781906,0.005782453120783217,-0.002830014460024912,3.022904802813496e-05,0.009386118129649896,0.00285965958591759,-0.004359868796819601,-0.005881219747558909,0.000842362475757066,-0.009433878183308802,-0.01795535187478773,-0.010455536899884422,-0.0032468274954488554,-0.006124244525059309,-0.021064109496575417,-0.01615443487197636,-0.0037937756167045703,0.002837202811419288,-0.008644338739924484,-0.011963847666827686,-0.01664887395138623,-0.022711772427196658,-0.027797349713137215,-0.008589458201742093,-0.013684487350169664,-0.021901359685986502,-0.0377572795307373,-0.017258130475915737,-0.029005511477493674,-0.02711783474861532,-0.0016814117685528176,-0.015313111864610169,-0.005974991081080132,0.0004167269100998905,-0.012997841808484241,-0.02601092257503367,0.003063220764545081
2024-06-27,0.018422561464143734,0.00386877189430662,0.013411158719106763,0.002007953676952547,0.02912052092133643,0.00027276010964108564,0.004077019330300363,-0.004550210811870875,-0.0017549200061456605,0.01834327559207904,0.03488597176891371,-0.0006515294101638557,-0.017546218662132733,0.008328362790829769,-0.024818855003810102,0.0020619502740652387,0.010050427695035103,-0.007102671531197084,0.018980636870186664,0.005140307635361401,-0.011019356437598916,-0.005471046589286361,0.008198406474850917,0.01885316388436629,0.0016262149225502887,0.007451367178607722,0.007479544751507512,0.010330180448758322,0.011263053329184886,0.009338612984878028,0.0011576517896989338,-0.001979971306396171,0.0050189954121537825,0.011520921252567179,0.023137254344192504,0.015322452229878058,0.01687270933722592,0.0005918954431887542,0.022919380518752912,0.008328858155969484,0.026947936396459274,0.022440615776427274,-0.0045561249351132455,-0.007306651677008577,0.030563501360429506,0.0118656115917832,0.011227702326971286,0.0303507473055859,-0.01976963907847428,0.00046825738694429575,0.021283568202191808,0.004169348910748671,0.022088097475786706,0.027662563138439226,0.014456406653092915,-0.01694327952351616,0.029400140816693995,0.013069645754070163,0.012115679537578508,-0.014440854819695328,0.012589984064026947,-0.013619241589286455,-0.0026300385545731993,-0.014249948179156358,0.0052988514545970825,0.007698714099525616,0.005477425763312794,0.0023042950937613616,0.017008340880196048,0.005407724866749346,0.037703657090251225,0.0018504341305667507,0.005000035607459481,0.0258785800407818,0.008893422028230487,0.013539097139857795,-0.001892788053126905,-0.0038463692627536726,0.013070056565034072,-0.004870774610730236
2024-06-28,-0.0255757996413458,-0.04406802475255607,0.00878399798899313,0.0017116501364873036,-0.0028084581684956677,-0.025310334082049434,-0.03438203191960467,-0.01121583237165175,-0.013399356795674298,-0.041200619564714144,-0.025903285765044935,-0.010430895310371172,-0.007684922862128609,-0.017503857866500973,-0.04357721220528976,-0.016006637240502927,-0.02268736676710672,-0.034636470363302876,-0.005838404444661153,-0.014976744371940277,-0.03440465984444597,-0.015532526502418799,-0.0014540197012860665,-0.0069495184416297415,-0.009706622128336877,-0.021061767409838013,-0.016940312326633365,-0.02145767616541547,-0.03956086622079946,-0.011034112633725997,-0.006219644994453805,-0.02861638937945671,-0.007133172809378467,-0.005437509142552683,-0.0010433245494629352,-0.01844738590383921,0.009926224864313368,0.0019424544654124114,-0.03089716744267916,-0.016082740629535432,-0.011632795989103377,-0.033667784636407176,0.0010348028100798518,0.003489762207284492,-0.019146768561937404,-0.017042002283026887,-0.006401009581337339,0.0017504888430368293,-0.00930731339717546,-0.02616989433290532,-0.012297431781040431,-0.0020518657237392586,-0.006690219291267162,-0.013687543950926553,-0.023143513165911705,-0.018952795462142742,-0.013205794377342872,-0.02621040954524908,-0.0017997362374785513,0.006886003405442642,-0.000463901589064215,0.0047155508084899145,-0.022618595988160003,-0.009978736622940961,-0.0004413482069203119,0.00030351714104959876,-0.036459486423186555,-0.010669253696376817,-0.004810992614151332,-0.0432504861199246,-0.008658605593894864,-0.0426692602575922,-0.022832386171592146,-0.023412630326411346,-0.01681033239982615,-0.007507618392842367,-0.03219977788287459,-0.0073557012113201585,-0.010948189742954731,-0.012363830995824297
2024-07-01,-0.011926301431028989,-0.00417634242829956,-0.013644896714755345,-0.009042048399604131,0.0027016583656604438,-0.02801548268994903,-0.010862848592326724,-0.023982548706722118,-0.03744127464563794,-0.022152635837984987,-0.011911893859895157,-0.011035800486088234,-0.024565258413457976,0.0024799964414435535,-0.01214099912401416,-0.01606700816301898,-0.031025068230169962,-0.018544038701727952,-0.0229220680242241,-0.027602105462453737,-0.015789772369039196,-0.017057817069832185,-0.008619644145611631,0.010053644942664272,-0.02034993882547003,-0.025770377830017406,-0.017399401994189947,0.010537968964873981,0.010089860929922674,-0.009245970609948376,0.007971664750907565,-0.00460384565799998,-0.021367068039408965,-0.010563666971811046,0.0030496299398586803,-0.0036353939141438307,-0.02842862705855101,-0.02180989049436864,-0.015882480099765922,-0.01803984902232335,-0.038372802732259625,-0.03655730895642463,-0.01735326009731067,-0.025693106151728005,-0.002333976108514199,0.001032209801281516,-0.0188541330898315,-0.005981033978717345,-0.026718672367897333,0.00805631499727445,-0.004933439599838759,-0.001817395290325768,-0.008754827837584807,0.00020798907690668458,0.0038960635323917487,-0.03261004065850452,-0.017919431892136697,-0.012734426731013809,-0.026939058502724277,-0.012965379924539451,-0.021878753877826125,0.0015158317686269109,-0.02130650878184867,7.89026072712043e-05,-0.031235547327121437,-0.023838176951754893,-0.02600987071338812,0.006249457688183004,-0.006543271294854812,-0.01731948667720745,-0.0012050165772221778,0.007852462628309603,-0.030250195783218796,0.004604336213582555,-0.01511341093014095,-0.008096323093917538,-0.017079199925913478,-0.006760669111037232,-0.00830792599738947,-0.0034357006266558295
2024-07-02,-0.009371483694996933,0.023862367346020513,0.022787551896074263,0.013519577393631351,0.010528877873244455,-0.023023134867037654,-0.0063560441518018315,0.02494104758252092,0.01607811614805176,0.008937095691728658,-0.006381513877877143,0.004773916120981521,0.002293266386577051,0.010024853024048213,-0.00021413321916841912,-0.0119870787403775,0.0046818003375827776,-0.010847791675328603,0.0171134639984152,0.012787413958026949,0.012841668237582884,0.006267915169202464,0.010216672735011867,-0.005850415111550832,-0.00463601022781302,-0.0026629472123993253,-0.00736940822717151,0.0053151473244876565,-0.012667365914616733,-0.01759901786550096,-0.017992363116736108,-0.0072522636990658045,0.006031927209633002,0.006974625822954982,0.0051518713992699736,-7.625682392704185e-05,-0.008141014922804689,0.0015945365116162343,0.005893397431210411,0.008832287540200323,-0.00017839838303281876,0.011832105083198055,-0.018733016053492972,0.008164040707210404,-0.010102064399065235,-0.0015557578676549564,-0.006063329407421737,-0.013274301091728096,-0.011386751757511355,0.012505184887569933,-0.00679216912386779,0.005273939831820556,-0.001558062963200455,-0.017648125137128053,-0.019027571897626515,0.004115017929138996,-0.005473989359118912,0.012698906786821399,-0.006370288114917095,-0.029676885013166968,0.005839971585471002,0.005314509642740378,-0.005756725199015188,0.0037101193756907736,-0.00732000891907419,0.0051873203264223185,0.0034903449590788184,0.0034926364164763694,0.0022471598935784503,-0.019190481051190915,-0.014517464062358931,0.016466994464457686,0.0013082261316860787,0.004654373229564291,0.017736803824217596,0.022646994641481115,2.202979252511521e-05,-0.011666174026617866,0.002747938680325818,-0.00317144359387485
2024-07-03,0.01568931983915689,0.013618048376874447,0.03331231746279479,0.019636589383982037,0.017002984898078024,0.012361673595694017,0.026810136176180988,-0.007599979693272923,0.027714076940585797,0.015134904752132545,0.002695647653346898,0.01133607342615027,0.003970431014684264,0.02027807456787326,0.02535955802958352,0.019555672975665187,0.027458358988537088,0.014651489364521885,-0.005604377602687853,0.0058688572317194265,0.02024823093493702,-0.008620883464031497,0.0030670648326839214,0.037366869252348896,0.023433773548458665,-0.025908129500311773,0.0015092853416311582,0.01625781900313295,0.004715516690360452,0.016291326068552506,-0.006943663237952114,0.022437160301028124,0.013515281905216928,0.025608548201063508,0.004469289569071753,0.001436088394056633,0.01911235949661343,-0.004663872948542392,0.026651072378276908,0.005855249528329295,0.020006912791365357,0.015445790818818013,0.01738923378942784,-0.0004775918357557557,0.029711086274587767,0.009712581877512283,0.024423871857612484,0.009267120777780928,0.005052648805031445,0.0007241556810972842,0.010212989516886432,0.008220967891006296,0.009393517984771137,0.007936941469054808,-0.0006577219844204479,0.0192081745565587,0.048360890491569365,0.010024360409986287,0.02840258127533642,0.04726115126695508,0.03684454103517697,0.025811415871734827,0.01868956303737528,0.003619628053669466,0.02804144141878518,-0.0012213838269591873,0.044398936616405774,0.026598358983956807,-0.0044876814986025484,0.013527304963553552,0.02270398361111697,0.01188324647266789,0.016923806488931572,-0.0028545095049413733,0.022314854631856233,0.004950615899774994,0.024981069714807583,0.0056046127403162616,0.011754540049633087,-0.004860940446700133
2024-07-04,-0.0005582215497752931,-0.01661138697899086,-0.010570897816653787,-0.017074011704713246,-0.00034786826797329447,-0.0025815676454760093,0.004305898348494725,-0.013750446780870198,-0.002673429027152587,-0.009214996629635529,0.006474509604955722,-0.010033454830328418,-0.01792580214613205,-0.00472312529589279,-0.015002478194988093,-0.015747279365158625,0.017451606128261254,-0.018178215284672762,-0.00276746161357767,-0.001018987251612268,-0.011022585083291342,-0.0008795085704668693,-0.01099557793263628,-0.00626499379491214,-0.005395102688358504,0.01047151200931425,0.010050441938492296,-0.008907969308113979,-0.001915732686882742,-0.01249227550540458,-0.009754792235647104,0.002075281690310877,0.00824796239950366,-0.015898455081843597,0.0067412798852283864,-0.019091989239347015,0.006355258228072048,0.0037281160478253627,-0.006310921372454111,-0.00831334573619924,0.0007994967127587317,-0.011848200097626988,0.013791046966322605,0.015480439010397487,-0.0039521445493112565,0.0012273536688039762,-0.001811851442128574,-0.002065187199647129,-0.001413894388925743,-0.020435456065935994,0.02550487861354478,0.027080670048412477,0.013848463723004474,0.01455785959152353,-0.00719997502948307,-0.03623146253809957,-0.005991503549758312,-0.018545255696325973,0.0023014447890940364,-0.011349554427937262,0.00466475564428641,0.012449645923769743,-0.0241817708460282,-0.018570778012809836,-0.015053788883546264,-0.03556604320089615,0.006659092617495893,-0.014656019522308224,0.001257051782044449,-0.020151518652176233,-0.01357227426651372,-0.008044008318705475,-0.0006715434654311556,-0.007917587429063002,-0.002167289654717718,0.008430447755840684,0.002778000839692441,-0.006902623543567823,-0.00514396402799658,-0.003168002305347365
2024-07-05,-0.013266114757907541,-0.025598777904056784,-0.00620638215879557,-0.013604666962084577,-0.0068529364588857875,-0.021159977090291576,-0.022310560899445366,-0.017837355884985362,-0.011437335863049746,-0.014132001807790503,-0.02599327838938196,-0.028978932937813538,-0.01238793639776507,0.008035990079446689,-0.014549073441380438,-0.0021921291018882883,-0.015406220173389766,-0.02285176723671764,-0.021456370791332998,0.0006575540092327754,-0.013845390317058396,0.000540133979284551,-0.009705702944280267,0.0005737767071425674,-0.027255178288422083,-0.010035614449866698,-0.012387597533720502,-0.022477717929345054,-0.02611721468696969,0.024468881635103298,0.004218155456910235,0.003011351204045963,0.000360614284557784,0.0010937525172579725,-0.025451171833700617,-0.007822879409114903,-0.02112299574935764,-0.011583467254477692,-0.009836804992290012,-0.018932150967811923,0.009867836252720405,-0.020517051063553702,-0.022454378858633755,-0.00884426578410205,-0.014810883608294799,-0.007318395004561993,-0.016647049315728166,0.004050921709845286,-0.02089160246429793,-0.025597742990529963,-0.023462502786721552,-0.015977400390967903,-0.00986194838445184,-0.011872943700781936,-0.01322361414704594,0.0021084796140691366,-0.008006172854455252,-0.007221011699532723,-0.02241141358881136,-0.00765877506015542,-0.01917210870780738,-0.00485764729721753,0.0030872451701813566,-0.0014314595751455375,-0.0015700046944688052,-0.017146314805188564,-0.022154930917162717,-0.000954275464360407,-0.033269274818821366,0.006538945890069125,-0.00684895065408255,-0.0036479548052957174,-0.032211250416806926,-0.023140865206627285,-0.011117263347065053,-0.009155435743486158,-0.016305423943983183,0.0010774304982020437,-0.016813795332277535,-0.00905994173104488
2024-07-08,0.03693256680073493,-0.0005010978107052155,-0.03128874646217302,-0.010959300813080353,-0.02080914533691712,-0.007205391460786182,0.001638374195333951,-0.017315136262721353,0.02338170172100945,0.00220489042138121,0.0076917340854896375,-0.01630038123362888,-0.005997880239435094,0.0026458797774778628,-0.004552296836077057,0.004828503726187459,-0.002624482436293568,-0.0018004685213200717,0.015520662294132626,0.010721435700138776,0.018102166084682667,0.020359015253933088,0.0017405400561557793,0.004889565787603089,-0.0005711805308456323,0.014260657168158379,0.024354959885070977,0.005010286130406518,0.01837867438092619,-0.008306231654251858,0.0013330546911537863,0.011707388969784606,0.01020251364520721,-0.014370494042381514,0.023364295026871578,-0.006325529541301627,-0.01112931657257061,-0.006508558051008466,0.009722046481649236,-0.00522633158076386,0.016804630557738346,0.015912920219311177,-0.001190240259324051,-0.00830229610204054,0.027284132384651053,0.004318471191331248,0.023585107720997,0.007393146929943377,0.014643534828489457,-0.007093124370390672,-0.0014326816241125786,0.00320258361515746,-0.016855612219971745,-0.003734177650425788,0.0031117262418843823,-0.010786497849249713,-0.012270285763082034,0.01836042160384491,0.005656856069180959,0.021406385452138785,0.007336324944413164,0.007217293771958911,0.0035438809249220085,-0.008185952450089965,0.023661473607092025,0.01352210219962036,0.004629066605663329,0.0019399839191319174,0.00564127041700012,0.0016774857115028513,0.0034509998579629326,-0.007154259951606676,0.006721220770316488,0.006420230137243274,-0.02999482600476129,-0.014154460664316165,0.017356522783916882,-0.008163757334151108,0.019002806414992156,-0.009847733146512888
2024-07-09,0.02739473478341519,0.012038351204002058,0.007801176291292273,0.02758317861524006,-0.0020276863993737857,0.01780369716491876,0.008282956481317801,0.017283635303565026,-0.004645951778470082,0.02003631026204699,0.0011806438758099973,0.009335823302437358,0.01628575255160644,-0.010678069106426755,0.006536040053221429,0.018350891802746433,0.01593312923095956,0.008493167980050516,0.020254621882605347,0.007496697001174966,0.0177074394555369,0.007933640517667952,0.02951257675291886,0.017205071069638096,0.015988772359469227,-0.007504958215839018,0.0045548190880959185,0.03457345483006549,0.03164727983463952,-0.0027386643759381205,0.011311885793561634,-0.008532831502641749,0.022419362348986727,-0.0013370992326785357,0.0038299051840289876,0.024268677929548454,0.006520195593778452,0.0059137569850867735,0.026963654432477783,0.019472336351075765,0.005648512564711968,0.0009977816212117761,0.0018687138194384378,0.008183586886010787,-0.007681079003026383,0.015526107254599672,-0.0041769356021852215,0.006174662237657412,0.01184804218916158,-0.002537046803673738,0.0026820169807657075,0.02203733322135413,0.010106581814640218,-0.0064724066026290075,0.018895654201820742,0.003313070687455273,0.020538268799005856,0.016618582740838536,0.007921474565826894,0.007360574597984016,0.005481282705978735,0.0007255477527117879,0.0017052989761951517,0.02689501746077652,0.01448788886114103,0.002847657127452415,0.010622187554423571,0.026299199869447114,0.00038424703216150685,0.013918389204427128,0.012015802895252526,-0.015278895127905548,-0.004732857007288193,0.0015348633692487592,-0.0029919309189959343,-0.001003162610517288,0.005592947075725872,0.013400130595308334,0.0028010361125963036,0.01772483932583107
2024-07-10,0.03210537717356475,0.003914779159862739,0.016448174852884353,0.02909291413118802,0.005258652630622914,0.0004518570725443871,-0.009506507374812222,0.01010899008496191,0.004660394288513753,-0.029383283501598075,0.03365473420248271,0.0463350102829483,0.011952795534586072,0.0499734264140867,0.010499570812027351,0.021730515104611967,0.025789116072844277,0.001609105518510134,0.0006094416587034447,0.019071863104116175,-0.00027359475870112476,-0.0047690563687779915,8.484388799115047e-05,0.019726917461045594,0.016800330183295145,-0.007598403571821285,0.023208040539256902,0.02631834025001966,0.0066433995794110585,0.0063459893629056316,0.00966450875719107,0.013727835324591669,0.004466250958782518,0.00694207576881954,0.014602728885651924,0.01920859611564791,-0.002848910503935792,0.025605536675209824,0.01591378915395863,0.02455031629456632,0.024516826126900156,0.020995503650243885,0.016025945381945416,0.006157035353126915,0.02915169903159589,0.012208037576571294,0.01894277312398255,0.002092670279072315,0.019242112208867873,-0.013018044747743096,0.026366326016190947,0.018110060738152918,0.02391799005961212,0.003984798899874948,0.005821243480825928,0.0189279586687925,0.02341056513953818,0.008774760839005509,0.008898724612749091,0.015535081544030325,0.015285013840872004,-0.0019949991846531442,0.0005967012916068583,0.004131576118716448,0.011316223260997006,0.003058376224398024,0.020271167599484264,0.014602508366574904,0.01133772941660275,0.029223199597872847,-0.0017903843561932146,0.006188459377621143,0.002597368541379142,0.008281720847943702,0.02170210718712835,0.019942445386370543,0.037258754700600145,0.0061548690744876785,0.01337787727350133,0.016706492945296744
2024-07-11,0.001150816328581509,0.005597285347167496,0.01759134888613315,0.015474820467753985,0.023862085927900463,0.01724887172005225,0.013646142674000546,-0.0035461321795672374,0.043012160471128075,-0.015611155389687034,0.005367367112103087,0.016912273024635514,0.008285445618682882,0.0005888773825094961,0.011115945995624096,0.013784717301974603,-0.007352802902362395,0.007589493889966858,0.007080038704219967,0.01451536202972575,0.005646462608046571,-0.014881257941259727,0.015537466140555463,-0.010002917521591489,0.010689204057959381,0.028369055491011475,0.0005686680797279469,-0.004749901170264805,0.006959409331890057,-0.007988332580922868,0.00880936101841785,-0.0018670519809817088,-0.008547471777285107,-0.0369597933791681,-0.006695659171553035,0.00772446710253501,0.01619980206863369,0.0038163933466536194,0.01549528372232764,0.013182617988781958,-0.0038170432817387426,-0.02433171047415292,0.004972854753847884,-0.011448066003776422,0.007145357374946021,-0.004316864494261241,0.031694514398997106,0.020403907800688965,0.009763397344791733,-0.010069314116948468,-0.011545895501392931,0.02953826550978179,0.0021781118993284545,0.0009358063880642326,-0.004108677740320363,0.024723808200851228,-0.006933606636666595,-0.005926346359682368,0.011713105887125791,0.01742505647491223,0.0012377219681007799,-0.0018760492630335518,-0.0016424959971252616,0.003182291394852422,0.01061318665732832,0.016493599427505716,0.007291517191400681,-0.009805528127217177,0.025012729199120624,0.006503285760893344,0.01215425064754083,0.028663067092380756,0.022162289901398714,-0.014823177191383579,0.004650602326479072,-0.012091463673834915,0.003995328936095976,-0.00024217728647226268,-0.013460359641513306,0.0035455906428288387
2024-07-12,-0.0025611730018996145,0.01899176462149194,0.03278686832498434,0.022242635306927286,0.006724195404393697,0.02210046612926157,0.000682405829334101,-0.007085730691091048,-0.007856292788207353,0.017603143199332046,0.03227406513439849,0.006928700408405895,0.018873864418113454,0.005398291223141207,0.013872863986272927,-0.01614290481028592,0.018128422494364756,0.01935848113717279,0.002263953678593499,0.023271525592677908,-0.025642117596728218,0.008925850628969285,0.016715962005806967,0.004073040500223665,-0.01814678705797194,0.006975548525932145,0.003016636095158072,0.02391187601364886,-0.010284392640627851,0.010643350349196695,-0.014831149511039114,0.006432444869118922,-0.009985612384161268,0.003421870853672466,0.0060134070983443545,0.0014768414336757563,0.012557573029103,0.02100754288423821,0.007493227356813521,0.0018875447463868676,0.01641519172904966,-0.0033423614686071664,0.018514488005228424,0.005975917951563688,0.037207942868209797,0.0027656578287018323,-0.006699555924557456,0.0031665573981902277,-0.0012974165488632032,0.00674682464272626,0.011118724187769873,0.006318388937062002,0.025999429042640354,0.027596871777234275,0.0028370364421853606,0.002488230365891155,0.003831039651060909,0.011637534947323358,-0.0076626383462209055,0.02358455582150564,0.022051387133747824,0.00826182656654226,-0.0045373119436698485,-0.012393295005885974,0.009122414370196888,0.028077297897415,-0.019393409082984155,0.005122630377370475,-0.01107667312481614,0.008145260585388444,-0.00021118997145248754,0.022311704953216285,0.003225262193417515,0.013776534656430708,0.004976294145747222,0.009190127918253306,0.011980608710535474,0.03509303311213577,0.004507657362536666,0.006025584850565965
2024-07-15,0.021088840681179697,-0.010560693815397263,-0.007940902503636165,0.0030064806472909983,0.008979038560869977,0.00030991394935153335,0.003518794573016516,0.002138991593675938,0.0038528988027107317,-0.018817576329575224,0.017211622236941726,0.015952265853419644,0.021802251135567285,-0.007518864540268271,0.023206046077100334,0.004048270292122652,-0.016182156557782466,0.009486557511096288,0.02103554963556916,0.0005238244992145326,-0.011018823519232591,-0.028271725942388484,-0.015454288635882073,0.0006203204963489192,0.01477066641375929,-0.00016275108096946772,0.011747905686684029,0.0018925151315088316,0.0021319563006020736,0.011540761622857072,0.0059411328060470356,0.014481133302858046,0.018868473334003634,-0.018371069607232816,-0.0033684181600639254,0.01693523572611093,-0.0028183026536581814,0.0006258396419888831,-0.0077282915542260765,0.0025336094212270828,-0.0027548608208289097,0.01706250514241414,0.010789179276723227,0.012684623425572736,-0.015663871021048843,-0.005014778524459434,-0.008875705044282638,0.014995471415621775,-0.004607008411598071,0.0013277114397649255,-0.011809637103782413,-0.005953302458661289,-0.017077211995916934,0.0024662939904409567,-0.015144322116186482,0.006685562381038391,-0.012207625211403544,-0.021978181672979748,0.0008696646299506516,0.024890057693326972,-0.015003027256188448,0.0006595456789516567,0.0044789262548278015,0.009093411662974324,-0.0042372996684145875,-0.016337238857604793,0.00902749094050773,0.017061458326739224,-0.0038150977886429347,0.008841268009176662,-8.387154217833273e-05,0.030157163984380467,-0.008463957736787209,0.008558168161215001,-0.0040593492627919985,0.0013353834315062924,0.014262625349018527,0.013633389927888954,-0.013957144623742973,0.00914725105730674
2024-07-16,0.016027752411995742,0.011028750931262547,-0.011789704480732988,0.00587141488838532,0.0023350687934149982,-0.005627457131384744,-0.01609378788561366,0.0063451591229442845,0.025502836473726767,0.004656341556916917,-0.019043707762436204,-0.006121966571051619,0.008988120334884,0.003949367837375841,0.0003273471728171872,0.010623671616603485,0.0232172380259427,0.011138788245434966,-0.0022536551707014046,0.004942469318255427,0.002294031444747442,-0.026626277474742218,0.021744701233493077,0.002677328416529973,-0.010552250066129492,0.003590440781568751,-0.004080971964526878,0.03271874724363166,-0.0024218875969318526,0.0010799220865249128,0.005358544138978566,-0.001360529873185772,0.001779925704685319,0.006992921694640655,0.009585032406942357,-0.005357385817290172,-0.011100713457431204,-0.03661408924545639,-0.010926801229916527,0.007041122425876964,0.014154296985938557,0.013144864308582593,-0.007493085816875741,0.004645528018860152,0.0071782069099608084,-0.0058880960567469845,-0.006014002592850506,0.021900184163907054,0.011654241894375318,-0.008681654692661394,-0.005101427167268475,0.029346640659780154,0.0023120152353572126,0.012957266118289797,-0.01820651446044607,0.0108603623978389,0.009577434222318076,0.019554829782470043,0.018268633722275253,0.0035670602196977014,0.002336954218296678,-0.004384241805020677,0.005197257664866187,-0.013388146562609973,-0.021407998804854098,0.008037024895465015,0.0025281913784617025,0.010990383072780998,-0.0062328767675355595,0.01095232078554246,0.0032773012928444005,0.0009303678140641942,0.0001280658352721866,-0.01754224076289671,0.029776449119461763,0.005163459408473641,0.004958403373153955,0.00071376740852327,-0.0027105392849242375,0.007656025598091234
2024-07-17,-0.015166955632940637,0.019224603322613755,0.00873730371912873,0.02899285813898079,0.02337736574130094,0.012455660210403494,0.025503814466481797,0.04261667606325542,-0.002535870746248446,0.0018152714521037948,-0.009783395600491043,0.02107104850638936,0.02455469820146655,0.003088872700452541,0.004264117458000398,0.04494860388173545,0.016057358388645963,0.005257656648481486,0.014368874861838327,0.021953383752900183,-0.0066985882876203495,0.00950755083718247,0.004964625155583913,0.040405235884204554,0.005670016453584382,0.027830014405903634,0.024304283291040236,0.03580427848927167,0.012681324070803085,0.011409485030323,0.030081265137239015,0.008658753048007374,0.018746242706484985,0.02206053591649377,0.011951239994002737,0.024435654045183032,0.037276696781884666,0.03155855111907771,-0.007218631545829501,0.03594933859482499,-0.005247775816708494,0.020387573032637815,-0.006854430860964517,0.005917641263385422,0.04754518808754917,0.02121159910691872,-0.014757315782429108,0.009432338229297073,-0.00533321928220315,0.0025249767651815136,0.0009651478025717811,0.0025758710759702028,0.011264968728200469,0.006773440403901857,-0.008145398515816572,0.03471306541230805,-0.004933594453368112,0.01664656297606584,0.018409943060958556,0.01082654200909356,0.012690554843331505,0.02220020019853614,-0.0030475357223558467,0.030075130381253923,0.010270885005241303,0.022436695080422675,-0.004002855740022191,0.013735470653596198,0.008433355818854871,0.03321616271244672,0.012837775727712301,0.01993580799011311,-0.007334235424194988,-0.004446059435347628,0.01922225049144785,0.02377952883622579,0.037312454707042905,0.009765405882934279,-0.01248336452421172,0.025602604409256366
2024-07-18,0.005870372725187493,-0.0005332996047978794,0.011297456234764141,-0.0003049006373470162,0.0051835437411325205,-0.012873902394464759,0.006267664294413484,-0.021700269189246085,-0.014090601524619457,0.005062936703189828,-0.0031387754768568824,-0.009636277088595347,-0.0005537379982360326,0.0042394003964188074,-0.01844935597933145,-0.0078511444677003,0.010379105117101696,0.006865993756034422,0.029000157607844565,0.001459023497451137,0.01740143280262769,-0.012192791892393489,-0.0012789328279614106,-0.018046288116993575,-0.01089121225042537,0.0250670735852047,-0.016834649781313937,0.007288720570680145,0.00430551161927842,0.011949522212106893,-0.003807203597985045,0.012029790055710081,0.00144928070800612,0.011227257363715354,-0.019030364153304096,-0.017931916159541282,-0.006307324537732665,0.009925247288946167,-0.015648308406188735,-0.026124834763457238,-6.559699017710487e-05,-0.00798545009551744,0.006369086322576111,-0.007750271024419362,0.004549587146378868,-0.01379574285925268,-0.00764071629956111,-0.009538448459308683,0.009420990185266119,-0.003413899889429437,0.0032157870771904414,-0.016370166757092595,0.005621853067616162,0.010913853634247154,-0.003460555199056087,-0.014083770310703812,-0.009272084147589291,0.00027729644860305033,0.01009563995423175,-0.0086694146527853,0.012464057138829525,0.0019345350151595197,-0.014159137957260464,0.014638607767515792,-0.009577240422942696,-0.006806177382807037,-0.0005802226487753494,0.00894670443850812,0.009124940137560609,0.010424850508148568,0.005117937771871174,-0.00033085027831566494,0.0016059634059031954,0.009689849610844974,-0.0006528082471658142,-0.014392147269459936,0.007942707951107159,-0.009164411519895093,-0.0003531296924796577,-0.013885607106356756
2024-07-19,-0.009875940360936683,0.005291529325136727,0.005038790607797428,0.017953768243482694,-0.009489199402511164,0.005616417903972503,-0.016596041932520192,-0.00018736736387358873,-0.015441538080132891,-0.012300461268400703,0.00747847894452033,-0.017460871915034797,0.008886362949004977,0.001086149163096179,-0.014261420100360564,-0.0013198908509114609,0.0075826247516737316,0.020000877813649495,-0.014225467149468918,-0.006077165071872464,0.00942853248573982,-0.0029245364415647845,-0.003248924711024291,-0.02841364332852654,0.0035790531964397902,-0.003627004976087863,0.003681480206437802,0.004099104666946559,-0.018499013717824645,-0.009863761421313193,0.007618125808342199,-0.008491641860943333,0.022749587597469256,0.010129052112074571,0.005408906997826069,0.002111011710436108,-0.007070806902171364,-0.004977640874686524,-0.01170753289972153,0.023526806128090712,-0.001920129396170838,0.010817643147921222,-0.0020774636999860616,-0.01644771803124521,-0.013739861951525304,-0.0009518339250284574,-0.010405922387595305,-0.0010080211974458726,-0.004636913660284576,-0.02391047816531668,0.010386018443301477,0.00044411309476539334,-0.0077662930804722795,0.0020165597251790798,0.0007390043850961925,0.002588798770216676,-0.00018110416625323803,0.010531539655476605,0.011136281748027462,-0.008786811685231113,-0.011368719674550509,-0.0033848711589362437,0.013939296451836914,-0.003269126425973752,-0.01400606828320607,0.009181212594749199,-0.00340632736879527,0.0290436392780832,-0.0013522812310184868,-0.023551183630628903,-0.01020059922935646,-0.006064626736570844,-0.004202489162663031,0.00811974314482452,0.009476401606443021,0.016790332802758837,0.002578336066722122,0.004559310259364012,-0.022640270322573187,-0.0010024346866724146
2024-07-22,0.02360970844919842,0.014453741045347435,0.01961032135231067,-0.008527030524302894,0.01138794923545942,0.003685759843750018,0.008604001093219741,0.020804354014552988,0.02342533265349188,0.0046241993877499995,0.002193119282864895,0.010738909406672442,0.009405429255482494,0.018974313757244343,0.010529854387937314,0.016494438071287393,0.011243060049559031,0.017476709570767565,0.0163833591825097,-0.010252366742311102,-0.0026629633802677417,-0.006147592904769303,-0.006386844242710646,0.019310186010266274,0.029746846275027466,0.003906197631254181,0.012289356058796422,0.0019461940072132257,0.01432032829318239,-0.0004053335800740668,0.0017861869560067832,0.0257791016034032,0.013123109202139162,0.0023706237155942935,0.013313504037842733,0.005199240366856742,0.014743027604851635,0.017677088475742907,-0.0117867648331989,-0.0062181616351390055,0.006654856467018074,0.014414135717911052,0.019956708192843436,0.03246604098683247,0.018766499089577244,0.0061925402270226705,-0.012560345064922285,0.009032887564667772,0.015016977922845643,0.006446814857446935,0.009018361235805704,0.013497191045251279,0.012509790073556116,0.02566027974652449,-0.009333113614427622,0.014114948072854499,0.010136275713009811,0.0050904975074589544,0.014699668701225885,0.023026385063692655,0.021486670071945862,-0.0063159575300021,0.0017206655313600776,-0.013879902478370825,0.010755053173087236,0.020253993653672205,0.008264303596102456,0.0007185438744037381,0.031298172059769286,0.015158273272856806,0.014091499992788397,0.0264344686661784,0.013353716828287433,0.018252479256410537,0.012953200780194086,0.0057074014451272154,0.014961108154142418,0.018895512556113252,-0.000478641597225486,0.017312796339792054
2024-07-23,-0.0022580464057438514,0.01039595734952164,-0.02767908054065784,0.009124331637781341,-0.0168391650389285,0.013202658041684088,-9.496101824463471e-05,0.0008209452028595915,0.009768544525349233,-1.555122148344263e-05,-0.011992146786669185,0.004927495624138981,-0.01029116261899778,-0.020080265659718988,-0.005739820257881402,-0.004493194634538797,-0.013724482907228925,0.009463523129467286,-0.00995571631181254,0.0130224463089006,0.0019125792358092352,-0.003353328094194954,0.002298262972778956,-0.016889047374087605,0.0015449669730250373,0.014871058396603853,0.019953560657986313,-0.003943297726830997,0.008279745248702066,-0.004167700559629447,0.00689022865712516,0.005263637384659617,-0.009617770232774717,0.005471309436626234,-0.0028577655083589643,0.004835456493132097,-0.017756623676430116,-0.0013409023303176358,-0.0019608311298371754,0.002461652435578413,0.01518738690530147,-0.0021513287712271612,-0.0040240917496226075,0.007663839126630994,-0.011696356494764184,-0.021487040362775496,-0.0004286335040572187,-0.0009760889137685384,-0.00010679388964657689,0.008382206942486458,-0.0024621616600690238,-0.0011543611033248266,0.017252106900177915,-0.008499393594608894,0.021096384798746,0.010011797711060071,0.006938587895945414,-0.011039194753053917,-0.02081119196008917,0.007353595149912794,-0.0016442974278604245,-0.00865056456324776,0.0068018041495061425,0.0009441788701029164,-0.005292927941011269,0.0007719330267792436,-0.008675780636448251,0.011662909378698967,0.00046848767220602117,0.0016233666849652883,0.014941250427822551,-0.016725545001189664,0.027463855445259484,-0.012960367530967992,-0.022424988196433623,0.0014550258586307897,-0.006891523647340714,0.022710559025265864,-0.010279179768843084,-0.006449969703554796
2024-07-24,0.015399443084354765,0.03772420237931898,0.03486686468861593,0.0212666657135859,0.0010862583222781674,0.004527910640869524,0.007857528553609371,-0.007854755062992665,-0.00155914515286454,-0.0072511894629151315,0.021194758987094026,0.005861669296096541,0.03292185170020037,0.026358666336367128,0.015933462982735392,0.02505837490618025,0.012062364111158127,0.015433114357138188,0.004454226777347277,0.028659805960176837,0.034924705170201104,0.01773598659044773,0.03547706530393614,0.02078393777689806,0.023597104073643578,0.015027612990792805,0.016337274530391875,0.011804304729144243,0.029152843238104575,0.00639857152533729,0.01736981170856418,0.035988367916316655,0.004156421995112031,0.025294197292014174,0.033088254224140516,0.010265855499226517,0.017908882733467288,0.012789530791518053,0.022779116736787224,0.005760610180416502,0.024491766527006333,0.012826220697088525,0.005453901451714866,0.028525800668394528,0.008783790227052153,0.02041346327160049,0.0331817966999071,0.02807177081977933,0.0227540522588991,0.01294747483075093,0.01699851398861827,0.024141156480722684,0.01533783802831181,0.026974998502448853,-0.00475704773240556,0.019120025842911156,0.02827835827169292,0.014712042012879439,0.020283135175534307,0.04188350694040569,0.012446044303004028,0.019584829131668105,-0.0070412240580393914,0.018729548719354474,0.023705577386772814,0.022100479067370254,0.0409385472647269,0.02136518389683096,0.015680799231501088,0.03543789940279517,0.013545377987676174,0.0304436921810445,0.04585993086635592,0.03812396070575663,0.039472132528840784,0.018846673309080814,0.007383197445345635,0.016672943392267832,0.047483826901107376,0.015407007499483094
2024-07-25,0.03302196803956538,0.010371497875220697,0.026194204143939304,0.021885308670825637,0.0045743864277658745,0.0009594993830989544,0.01285600607474182,0.025316513240117154,0.032364638818564606,0.010059231245270566,0.0076050755876179345,0.004397794542761771,0.03185001396537479,0.008251037498603921,-0.00028103225388075026,0.011337928163714166,0.009919841609942482,0.033332321776329554,0.024559070271008433,0.015190279431309055,0.032348955129122024,0.016486538807919303,0.017457733169083056,0.009562393678806997,0.012523962186191987,-0.00037907828624476544,0.03505592802495468,0.005316598525784016,0.0004175836319567569,0.024060818826123976,0.014585222912954636,-0.0008269823889344996,0.0010638770444122217,0.0030912444792504587,-0.0005813598471292557,0.010711803484928336,0.027835110722281897,0.014352239250883523,0.0005567337390917949,0.008756025985624322,0.021016262281294752,0.020329720954963205,0.023417757675567242,0.020035544207310574,0.004733858647664291,-0.003472764612075324,0.019025196447058322,0.00774186095582371,0.014164520117039704,0.03146448896977826,0.030275188124927212,-0.0015777411589893223,0.008738729269127356,-0.0024536280855989648,0.019615149652533945,0.02159627848939832,0.032352232431346196,0.014619229229553984,0.014455330438345331,0.005334234800635933,0.021626730881260242,0.016260150935284268,0.002470205622338772,-0.009724861629685807,0.015000577101379189,0.0028845469565592485,0.01518092998632524,0.014776103641210736,-0.0021583978813270177,0.0036966085553540706,0.018433232242084232,0.050262473616592154,0.005979385871010939,0.022319135467450974,0.002669469562871781,0.026767349429017956,0.01129404177520376,0.012071924766036817,0.01313768574450772,0.010886266990264631
2024-07-26,0.015586757630591641,-0.01558059821623705,-0.01252289421926647,-0.0023065589127663566,-0.0041057349574640375,-0.00772256377268678,-0.0055327237508864015,0.016187683396325224,0.004900491053683507,-0.011213598004191742,-0.005101617593036836,0.003977961988739287,-0.006287802585661268,-0.022638219804718335,0.012584593452235046,-0.01861374568902555,0.01986714192041207,-0.005509759914387865,0.014222423022484016,-0.012251333840783453,0.0029128866828852197,-0.019611921995864354,-0.0009765015268719639,-0.012517056731150845,-0.0005067030733369509,0.019264828972947647,0.00300285653671308,0.002603608404879632,-0.007404922916831472,-0.013086536533726824,0.022877485836778753,-0.021945950257242195,0.01118586804836123,0.00046124206511239177,-0.010881516029756642,0.00217792921256469,-0.00352258394181862,-0.003359791455009106,-0.01166529441561509,-0.016621366927958358,-0.01583307368192078,0.0005002348266435639,-0.01101975602560354,-0.0019683608179813534,-0.019476705870048128,-0.01552700834212068,-0.013137406764888573,0.02375844346310439,-0.008622136992943273,-0.01729790106003657,0.01003845315412687,0.018907144770554718,-0.02380602151519326,-0.013266513234409928,0.022597928731824816,-0.0036677473969195813,0.002023042370950018,-0.0076015604612404124,-0.0017590391250811837,-0.0058637417743877315,-0.010492036834832404,-0.013069332027710419,-0.001889586419460356,0.0019828763303206985,0.005521429796830748,-0.005852870959857644,-0.018106035437978056,-0.013847832423618166,-0.00792753044227032,-0.02367863129267149,0.004022942965082794,0.0059264817815872116,0.02021502732129777,-0.021351226767366123,-0.012265939210149842,-0.011772648156947584,0.007780154851966154,0.007273481778008845,-0.0034679707583599854,0.004852085295886077
2024-07-29,0.027206703661147684,0.0005085433321943599,0.02064416937380019,0.013027466172990394,0.003911083154684122,-0.0031424162663626753,0.006657950353998595,0.018554909079528045,0.019057895775811868,0.01870532504774419,0.0037805810929811834,0.025721018205315794,0.005542957653367982,-0.012623671399809282,-0.015609751002021922,-0.0019450971461078977,0.010072590713256247,-0.006756510626388827,-0.013863617120450127,0.013819339611461041,0.015797354263484432,0.013252187895382624,0.031595533350512406,-0.016634572095504032,0.0227253717433965,0.006502744061650016,0.02518782551535247,0.019742704774215955,0.014405774444531519,0.04300432068526361,0.028502967025176854,0.0016536629312392925,0.002604283551224445,-0.012606143170602472,0.006223463310638321,0.008992452238926106,0.011516211303992874,0.018849729221533756,0.03138765036568258,0.010651758293937864,0.008588989748015165,0.020268994503217605,0.01440090926008598,0.03211968443978471,-0.004283042243653074,0.007824511202414765,0.022074808386377258,0.025320070735085794,0.006236998196785864,0.01250405221272667,-0.013871067588858909,0.0045887704417114815,0.024269050996581158,0.010710546160775533,0.008163048041680008,-0.008526319325584602,0.010173738659197962,0.005628898489334048,0.013302207924187237,0.027946594250866565,0.005533431247513192,0.0197843105930664,0.020202513409131564,-0.003239667329464133,0.021526082831014454,0.022120957148157268,-0.003362768344415743,0.031483551154994086,0.03672773929500777,0.021091254979824656,0.011643396766909517,-0.001698074274305677,0.039902134404440695,0.013760506127312198,0.029208347293016156,0.030329649029798494,0.033961594270503374,0.003639042076755295,0.006264658353578936,-0.005207735700877842
2024-07-30,0.006657359837111906,-0.005865376232907246,0.01130148933815752,-0.008630278533984936,0.019571650859574307,0.022676974656516167,0.010405741045922923,0.005787934522060948,0.019301964329463357,-0.002308597177880567,-0.0006348618001884559,0.013433026565758455,-0.021306260127409687,0.005444657903616076,0.016875697541767605,-0.012119993768073732,0.01858970723438676,0.01423631850567442,0.0075496132862370256,-0.003319352401635972,0.0016321815368299565,-0.00015290422240439344,0.00530601913505669,-0.00649937463668493,0.0005138441911260779,0.0071373814203201,0.012979954811877638,0.024417788503651196,0.012107744518346874,-0.01060304347981555,0.007452608583739092,0.009261436920982805,0.02186517815729197,0.0065756610348193445,0.04385547606970825,0.011416582301562363,-0.0019412165432438231,-0.01575708014246782,0.013748146948919937,-0.007617334365744334,-0.009140179258805094,0.006923433038453292,0.03275617759728458,0.005488744287913595,-0.0030855675277243417,-0.008112831174248969,0.028520078653186957,-0.007727396326659581,0.006961937207945428,0.016203542085289752,-0.010343219327522623,-0.0018976871682725195,0.0008068431812674518,-0.005837132150961371,-0.0024652395460324737,0.024204625835005465,0.025929015924857406,-0.009958839241989797,0.0049658601353476575,0.02154864680969042,8.061430089109905e-06,-0.010544053734468099,0.016743983131168688,0.0003944753104848232,-0.0053773704891685,0.001568101261394018,0.005836791693759105,-0.0007947095892822716,-0.010177139003584558,0.010537875518926043,-0.005697278433275739,-0.022901568836128594,0.01692786335884886,0.009809653115735052,0.0020277030335311783,0.016877481708794287,0.0026422298479899416,0.005571189287822448,0.0020715415447473584,0.0005837174036040739
2024-07-31,0.00565454094572756,0.01679967523938953,0.00047735163439706005,0.002382611990347945,0.007787286826947269,-0.004648929690173073,0.006456595531896576,-0.001471560370117071,0.01158851310354924,0.009717086598035975,0.01901361665796611,0.015687744506923295,-0.013031712714503086,0.017270359694473374,0.022151534573107312,0.001925186929686747,0.00832425436038719,0.006517049980894394,0.019199492549921586,0.0050539604788325705,0.02039809153297533,0.01608257360909965,-0.014962203459195179,0.007205678277278176,-0.0015977071340929688,0.0077489065849688605,-0.006221466613719324,-0.014774821350898103,0.0032115894339419535,0.03345044085828466,-0.018485873850653325,-0.010800678905942445,0.003398034384555555,0.02546768153471239,0.013068334873528053,-0.01721886957023055,-0.010787483123959803,-0.0009329771642968693,0.003263898847234682,0.012657817046246956,0.017717293678842255,0.001056074339816633,0.015438521018540374,0.010038009824172274,0.025152331946415023,0.021873113929984103,-0.014629590264308797,0.02739311569502608,0.009924596612386438,0.01960244312796933,0.014692656551568583,-0.0005166564778003864,0.0086531841600264,0.014229078275423251,-0.018640017837554538,0.008665887524538677,-0.0011032731902574258,0.013859997319054903,0.030111730854126287,-0.015400514306795784,-0.027724031238159724,0.004618506297807279,-0.005732186086030981,-0.002450943059643699,0.020775311235797136,0.0004052493448011051,0.014552944557986572,-0.00018196561555391868,0.01211313726578507,0.02108434708556432,0.018490201871982234,-0.011986894174473465,0.014923599700312009,0.009232827771866674,0.003098899112064084,-8.526756342134537e-05,0.005647498868835225,0.012613987162503703,0.007853911334359014,0.014110335751879992
2024-08-01,0.036548407574694665,0.021433177481059155,0.010719795238361765,0.004438931793730034,0.01111850523986658,0.018601916602431295,0.025331807703626114,0.004069530138800715,0.0011623396979930888,0.009377352890435803,0.014638556478297766,0.002465846430621208,0.004332151841926403,-0.0090529625056508,0.0012115276813601562,0.015673366046091573,0.01310560054199974,0.015287615441583436,0.008331050992912502,-0.007804886453917314,0.006009732734028734,0.01481424991488331,0.013888286295677852,-0.013404551356867146,0.026652314039882698,-0.0008219895652192277,0.002186283940566556,0.029609076148630703,-0.009586156019688439,-0.00289278022957401,0.03054384795338115,0.028859037483332503,0.053514192679687565,0.008266705727711553,0.016515850057465767,0.02333781044153243,-0.002773413209254942,0.005999038433217649,0.004645615189644273,-0.0015055154178109462,0.005148953558460064,0.01945729859996047,0.006237022832748543,0.01550521242411573,0.014734170843273546,0.009688590444587067,0.029512216866048033,-0.0004505241358097375,0.017244596187632577,0.02188315101888292,0.004737653820470963,0.028490774465053777,0.0025747009285372706,0.020982973324364516,0.016129008536307027,0.007013524954939852,0.03834022612326063,-0.0013119839988748553,0.016481316848035953,-0.008066464439428964,0.013706362721792226,0.00011845031760189962,5.1361990803451205e-05,0.013930934285888454,0.019972591508663345,0.016590539013017935,0.011289144718910932,-0.0043366657677390355,0.020334024920854843,0.021815897614039945,0.008234406022267148,0.027119230630136132,0.038709041640684456,0.027741098065132835,0.0180691901028953,0.000719366340437717,-0.0013351273590685546,0.014273724100209087,0.005523183787902062,0.020557492342436277
2024-08-02,-0.015235262601522363,0.017683234293006077,-0.001224793053363293,-0.010702952574880124,-6.711344637586503e-05,-0.013674358316052496,-0.019341871134983722,0.005643889126391179,-0.009713640111358583,0.012080299774707912,0.011128033921766256,-0.0001630085186863028,-0.003953697967928339,-0.010027468801585282,-0.01563816855421504,-0.0004622027300420252,0.00438562835419921,0.01013847825420549,0.023471899178125522,0.001381744685879354,0.01831065528992734,-0.002919374745494015,-0.005396541592539741,0.026081138260604833,0.007887192141227059,0.0052423840051126595,0.014613527276991879,0.005866751719044246,0.02185835283115944,-0.006045925955845011,-0.024056829082458316,-0.0062123466208248304,-0.009471012064744377,-0.0033384174522923336,-0.009156642361975229,0.012857953991423636,0.005020449812873977,0.019585684854742328,-0.0034317922706564507,0.008864974497528492,-0.004497701484088104,-0.004430212755516977,-0.003355518947276188,0.014903902925699956,0.006906043377739881,0.004988438385152219,-0.015874463733963694,0.01647977490037785,-0.006449448336370884,0.0015001273035684794,0.001860582040214635,0.005047035268988018,0.012959230100615629,-0.0008152247774604027,-0.01006665826005002,-0.017760955389635555,0.015235704830405861,-0.015082316310922167,-0.010634672454757233,0.0075899566379432045,-0.003699340857605935,0.003209106222502147,-0.009759346929714039,-0.02176269847629135,-0.02210582078367131,-0.0186157794412857,0.0335281904109397,-0.011232248942874185,-0.008217380238738083,0.008867573407194816,0.0014058597756223049,-0.014292192243241828,-0.011063820316500664,0.0011270902162988624,-0.0022217316800699936,0.009255701558383856,0.033494795964352043,-0.008532695869362263,-0.017055277820185316,0.004913511018593665
2024-08-05,-0.038937836933799305,-0.0012589019157401623,-0.022059950910175773,0.015773628854775113,-0.01042530171499203,-0.010658272943529142,-0.0075735272699684626,0.00424716881939797,0.0009976045551849059,0.0032538503835808264,-0.022452286715711565,-0.0021159011778250593,0.010084683617721081,-0.01783657740513749,-0.009517689968680031,0.008251539273407691,-0.023738833964943674,0.005273016694829429,-0.0008900338503308016,-0.019396951259132423,0.004334323650835562,-0.010887287028255706,-0.011960650043102004,0.007160614206871009,-0.01962829773513152,0.0002734504367207951,-0.00673072515161089,0.002305240049741637,0.012273716527341005,-0.001471169358593101,-0.0026393196068479523,-0.010001761993022745,-0.0005554400238141025,0.0026765860678185675,-0.019838949835416456,-0.008751293212562683,-0.01389917403349731,-0.004230117130572864,-0.007930331726067961,0.0054931361469921485,-0.011523581674125413,-0.0018270206150076541,-0.003974996306090932,0.0008959672419108361,-0.0018083103379482625,-0.021185504800521372,0.004961023709664329,0.011522520189720518,0.010503458180275663,-0.01391971749778523,-0.015527188182487646,-0.01582160219072027,-0.025295986310645568,0.0020772984974223602,-0.021408007526152965,0.00550166594463786,-0.02618108495617183,-0.023883850569685686,-0.015792693335441973,0.0017508318826659152,-0.023481079638109983,-0.014587521570297215,-0.023027599832702757,0.008818064949485394,-0.008240186700121306,-0.002207322210743629,0.001254805659953515,-0.005370814538922102,0.003733141162990343,0.009445289113024613,-0.006263219724603896,-0.02396804850266065,-0.0024058467809735086,-0.011948548355352617,-0.014408296422709747,-0.011520643323540098,0.0017182876419300722,-0.010024016186636767,-0.009031289917646955,0.007995531827255648
2024-08-06,-0.008430163261701804,-0.0018269646738813556,0.006708270807331677,0.010162963686454671,0.014751529853186927,0.009614602913299006,-0.02314960651429626,-0.011455268719176298,0.003125617613823759,0.0018258954447526073,-0.009029970320130969,0.0021698174173804654,-0.022537233321115253,0.0009146814189111684,0.007297143860086119,-0.02162382077664798,-0.004450188373789414,-0.00040748370316666914,-0.0168019939227963,-0.022964651790601157,-0.006934357300875937,-0.0012763768036980734,-0.007228711082142405,-0.008323196928824815,-6.689305267284368e-05,-0.021012283168163715,0.008803206867982099,0.01968625546079217,-0.010376636305692116,0.01031137097404811,0.005600632817332167,0.026324675065917676,-0.03428529106727356,0.0029824530164939377,-0.03579215292762829,-0.01994634362680684,-0.012055265007616608,-0.011702297475643806,0.007942685234923611,0.019276643026014312,0.0005716318648593087,0.025288533238566117,-0.01958691804109779,-0.019616866446133644,-0.023697542336721316,0.0061834775136761005,0.0090741203317653,-0.020772504750199303,-0.014431708865628173,-0.0063929037394582534,-0.013098619047099094,-0.014263289154886507,-0.012036915730728622,-0.017598582160618333,0.007662612096948738,0.016005588584882623,-0.023017045478180467,-0.0013794491203983025,0.00044481012369096753,-0.01747827563879906,-0.03001830417895536,-0.007985312879977427,-0.012250625485794107,-0.007243539985962012,0.0023413767024225134,0.010510438947118051,0.0262214835834189,-0.0012006926005006515,-0.010744505934378772,-0.023323693087696613,-2.1011627474990836e-05,-0.001832413448743464,-0.0058142378688438015,-0.0013369038223449664,-0.027862479400275936,-0.03039978477724642,0.004814529551474782,-0.030552679495168947,-0.023224444038308544,-0.015481022138455055
2024-08-07,0.008207387474799733,0.02397947621133024,-0.007282953630875593,-0.0030948857059611553,0.014418768239330328,-0.011478044887563507,0.012619411260905322,0.006109936873051859,-0.004899415433642805,-0.005837706473412886,-0.0016661536383583671,-0.0013444762151499515,-0.003950337154597657,0.006271388800683815,0.011657204391483884,-0.017752179398105306,0.0029910695405345965,-0.013171757173099756,0.011995511892178092,0.004029901901038851,-0.004226297606223048,0.01926223622155847,-0.010046051024528567,0.0031930678503793086,-0.00207278256136255,0.019100014464083798,-0.016398950780496725,0.005836775166399826,-0.004096285554869634,0.0013292865223602241,0.01965804643171133,0.00905623783306792,0.004576690587417702,0.0028026567514287835,-0.0038754697777572964,-0.013000207950910109,0.0004949423766324756,0.036072249160413225,0.012656175705755736,-0.008941552794837075,-0.017595668898731872,-0.016572032560848278,-0.014796915494012287,0.0062749812943452155,0.017071385078376626,-0.007117122362559038,-0.0012129034006604605,0.011669661042692915,0.0015596475256765222,0.005020394848574131,-0.010160439796200058,0.0021354204890489024,-0.0013122630894055244,0.0023995834821500623,-0.014818051842139336,0.001137104665548727,0.008787147551392635,-0.012241527236002987,-7.240648543210132e-05,0.014113159474572378,0.0012022269226587721,-0.0023286670044492565,-0.011848752414808114,0.008908193366594472,0.01344305348071946,0.018175287949921615,-0.02316048502593314,0.0223647193505674,0.011161694000620477,0.0055577313867755255,0.016478879684778628,0.0028759166697675575,0.006805141824117964,-0.017231950732829144,-0.008881479586913675,0.011291543372769374,-0.0031691463768164945,-0.006863729822135704,-1.7355197989656936e-06,0.0022131108191233042
2024-08-08,-0.005538654479191541,-0.0010595141217698157,-0.022080204211714395,-0.022618962406526236,-0.0042680811655807956,-0.028585378364647918,-0.009563501762586527,-0.0011051831596732356,0.0021556150326424196,-0.022886489269567233,-0.013135413708623433,-0.0196567273279891,-0.037566268158208155,-0.012489487129831982,-0.015789113857106143,-0.020265069725180437,-0.019758680767339554,-0.014112676600611652,-0.018741590509533283,-0.008692617004622996,-0.01687545469118851,-0.0037930841270940874,-0.008669453685974817,-0.013854394743326065,-0.03559706725539466,-0.012156407455350593,-0.006020671526040043,-0.0022824432721486043,-0.020695233112775425,-0.02840210125865336,0.00190092131574098,-0.03363732315456868,-0.040812854978890756,-0.013555621015974616,-0.015923247756742833,-0.006956443256862628,-0.007149381269827108,-0.023689762779368663,-0.03291942304072863,-0.022976135223280014,-0.014579314328039248,-0.009411894287060237,-0.018888945240478378,-0.01474318342400644,-0.02561894912217521,0.004049225144702004,-0.014872635310503328,-0.033883681677349925,-0.021974088176628902,-0.021974268278153103,-0.01810922335699136,-0.031193507104768557,-0.01893079161693066,-0.02104052631822985,-0.008311518724928151,-0.02710735603801946,-0.007849808651467982,-0.01950546084438993,-0.03081712639446034,-0.0439345997642136,-0.014686684907613162,-0.020542944252325963,-0.03202110754353359,-0.014999351906372171,-0.02782745282878761,0.0024430382354301786,-0.026109695252700786,0.004487104839168525,-0.01651423941312615,-0.016964372708047265,-0.010932054568230645,-0.01717072896628074,-0.013408825421206175,-0.026249462945939737,0.015839357644957777,-0.028200922279291954,-0.029333100984447552,-0.011160661818203146,-0.007849242046656565,-0.03155965977816213
2024-08-09,0.017373762165556667,-0.015655069901630923,0.002549235883880868,-7.876926961743885e-06,0.022161838741004455,-0.0005730325110821317,0.009689368991971096,0.006270643592185734,0.015213741631069559,-0.010715640893397407,-0.008854358466124533,-0.00012821404231436965,0.011469326649308623,-0.00118268477935828,-0.011465997640917882,0.013662838333572494,0.007168726640736785,0.002103127147560941,-0.000645907105357519,-0.009443662710249615,0.00048370615870628204,-0.02192862950073084,0.01847038229179189,0.02829336719261267,0.021567883706746175,-0.005907297732144983,0.0036410958546260084,0.008232796760480816,0.0015905424069561263,-0.012663460856191092,-0.0001297752292577477,-0.0076994583957575025,-0.006396359858719726,0.021232409412177577,-0.004361967190088131,-0.016282967397726018,0.0012874301977134177,0.015913049660811352,0.010230039018959832,0.005710082003800066,-0.02772843039862856,-0.011204422487780794,0.0008540771512814491,0.015530627686981107,-0.006532386405901446,0.005687068795904654,0.009926097394675095,0.0019424069070682931,-0.007179045810267622,-0.0003846158229702866,0.020539382705216293,-0.030975450700805655,-0.007145948171185704,-0.0091549584462449,0.0004320905135280829,0.01394160952785317,0.00976423853381587,-0.003102635184954493,-0.006447438782736785,0.0019804201603422405,0.006729938499786575,0.012549319778020516,0.005485000139552064,-0.013885018523554329,0.013435103614120907,-0.0019005602607231966,0.004421998468978403,0.02663577346504792,-0.0059102148916115,-0.007305672483487427,-0.008782143730208063,0.02281913999399441,-0.02594999627470642,-0.000529784076477832,0.005298961919389407,-0.005398003471044314,-0.01979313641154466,-0.021036529025191267,0.0013210588386428513,0.01116286690120648
2024-08-12,-0.0004746579623742032,-0.010480859288592388,0.009809358609896448,0.016836437463682255,-0.007115546039497548,-0.010157907861005188,0.00949057761456043,-0.0070895325846793795,-0.00042655145944674264,0.009264137942189776,-0.022296737234206037,0.00471612157429625,0.003393173359377593,-0.006805875067509023,-0.015558305194446106,-0.009899099989342845,-0.025836273176365835,-0.018933302637054072,0.009988856504091372,-0.0077889394697565765,-0.014974060406531414,0.0011975759900172025,-0.010501662546398744,-0.011639860881396033,0.00949744059335825,0.022617523510994705,0.005229588418173973,-0.014838373844712222,-0.003326877783846891,0.01173772697423033,-0.007016390733559577,-0.008355475550825713,-0.0033190175411425813,0.013469819579682407,-0.02190885034641236,0.002918537192637568,-0.023359723975357235,0.015011059616154229,-0.0010754305943545882,-0.010542900501115882,0.004670128613630087,-0.010311900467666352,-0.01685316677532578,0.023755531326894695,-0.0014745134976483123,0.00388539599426967,0.00986738431437223,0.015050286879748881,-0.0039706091704984296,0.021825511605301603,0.005480433034241786,0.02276863410457133,-0.005099397307493363,-0.005471145940130694,-0.001127747055685419,-0.013726434034803132,0.013484041420157463,-0.009823827558156313,-0.01091183610137451,-0.017816090952137167,-0.00692779321811946,-0.025988204379638554,-0.008801488836321565,-0.02905850543472889,-0.01547993921142303,-0.011579346275041666,-0.005718099802984296,0.0068930627901965,-9.931636631129202e-05,0.007844343757350413,0.006126044810695932,0.001511547327028474,-0.004695045947508025,0.012241953833513494,-0.0017549618766196198,-0.012020861014579555,0.0035992262922888906,0.006140690617440347,-0.010168283264087075,0.01118021772909799
2024-08-13,0.0090372513605404,0.001921203840488708,0.0007305476734221737,-0.011816872738489251,0.0377403972877941,0.01219822560980525,0.011713962279827586,2.4590734654149696e-06,0.01478292166446925,0.00986775619033633,0.013664967983102136,0.0021611206355651585,-0.0008579983545057689,0.019702999517730482,0.024557889096471885,0.01318042613157738,0.005169161063982644,0.00045805170638275883,0.012147934745610173,-0.006056828458048195,-0.0076147554452837985,0.006860919688987346,0.004253605087697022,0.013747297860079315,0.019663271883070765,0.014889984568517102,0.008295984555738226,0.009568415052502676,0.004187933003879129,0.0061804563850414405,0.004038983919438005,0.01767208679441704,0.005149670436119233,-0.010627904531279956,0.01281854430489844,-0.006493496757156288,0.004309557118572066,0.001357723727545928,0.004265495328024153,0.0150032588198625,0.013792855754170733,0.005365178668434215,-0.0008826387477797598,-0.005356002173206375,0.02801167388269416,0.017785469473984242,0.01800375166147097,0.01040164298189485,-0.0009256012162420632,-0.004636697235591845,0.02657949344968591,0.005507606272153666,0.00738365161681976,-0.012595429202440483,0.01688186268981204,0.024433864907122904,0.0009416312511891329,0.010395127129560923,0.011875552057803503,-0.0004064214103669441,-0.013709976170327346,0.014206356510239649,-0.0023322531995811475,0.003485514532902005,-0.001632788877671573,0.007642604226638155,0.023287931149419336,0.005839782641022715,0.010326378570619962,0.01341526654695495,0.00302293968876539,0.025931384254442073,0.005033948537733874,0.010265136846092785,0.03927316639712558,0.0013840664335313152,0.0024191891254594835,0.02021785240936466,-0.016643813707144014,0.0011822036911614247
2024-08-14,-0.006894979874911231,-0.03401182101207627,0.00027171804160821926,0.008902716121708662,-0.016120197253050004,-0.007687957034118404,0.023505680315063823,-0.004961147386465469,0.01600584993291442,-0.007061118796010296,0.01068105365794466,-0.002324517068217748,-0.0047077943784327,-0.016866496820164882,0.011631490907212818,-0.008724769556588218,-0.009020243161606474,0.0011207447666774684,-0.0225939968448448,0.0021839388382730515,-0.0011686777276125968,-0.014082313120881495,0.00619646889210205,-0.0005234173615959563,-0.013022545669411936,-0.019227098889335787,0.006415295889056528,-0.01085281454327538,-0.010351216000219345,0.006229866853651392,-0.004371781016936358,-0.008743710912870703,-0.026212626266559617,-0.025222141320544383,-0.01737678405602317,-0.007126231457689657,-0.008043689051233071,-0.010160609049116233,0.0055364518449096956,-0.0018985705433931734,-0.01707882369406178,-0.006597041702873604,-0.005123765984712412,0.00043872488037883964,-0.00849326753021836,-0.01661609185116146,0.002740881178162121,0.025018690201387167,0.00897403344737316,-0.0017674837596895181,0.003517349041662457,-0.003174279620113699,0.010400345232117584,-0.016829252828991084,-0.010874843891154104,-0.0061465798995992945,0.006052878162535129,-0.008132170484118942,-0.003971078076975582,-0.012510819814428694,-0.03415194686300372,-0.004034162806103022,0.002861090763204732,0.007646310222275398,-0.004392450798004918,-0.0012781527166687186,-0.026310683722493438,0.0010213352846526079,0.0011369398094557741,0.003997449682906067,0.00019748839755950355,0.006207407603426877,-0.008925567858089942,-0.021303616249793676,0.004265265540868335,-0.0002837878368984752,-0.006703054770153453,0.003230072314868755,-0.0009214104041563847,-0.0042750689251402135
2024-08-15,-0.0017031748518289164,0.018092059709237183,0.008754788442366147,-0.005081328702153835,-0.005641224189911244,-0.010766521183665955,0.008372758042161628,-2.342799419208577e-06,-0.016348441457594228,-0.02357733569764301,0.0070673471317841035,-0.01577088984928284,-4.586006592739917e-05,0.025695958262786176,0.027134613675723375,0.0026581976992978915,0.013436099360482488,0.007725748797802877,0.01654629928772752,0.0015404227775445596,0.016002419915242753,0.016711459444893013,0.009478635682269709,-0.008240427100435476,-0.012062708338591407,0.01886667172651455,0.027555433094564527,0.01636201297377935,-0.0013282775319039557,0.019395800221644336,0.0048069705878398955,0.005253699627196331,0.005472175115163888,-0.0018457221721746133,0.011514914125104268,0.012020322956625812,-0.009551136541334474,-0.011100056315584556,0.027568723911836644,0.016741870842254303,0.03059921473646565,0.005958521888808311,0.016495914838851194,0.009624218513304344,0.0068704885856057645,0.018075993712974303,-0.00030207423685958516,0.002755177689003224,0.010343719630427736,-0.007719685401209363,-0.008646153550121282,0.002072674739844154,-0.0038137707004678727,-0.01186109930690877,0.01237325465510156,0.026215196016720937,0.01601218298128003,0.01418368286166385,-0.013243597845344209,0.006678780215721583,0.015609611813140353,-0.00438826432610449,0.007233663285397323,0.015057121040110115,0.010591346990867903,-0.00702533657635181,-0.010890242189852281,0.004875068917582441,0.004150965607236247,0.026761048892619342,-0.003350458646239859,-0.011327746348787717,0.02366753937942235,-0.005092903279209025,0.021538177635810885,0.003032280280552007,0.022341697782872257,-0.005121921737400484,0.018818506275494397,-0.005657400663824475
2024-08-16,0.014081236148413886,-0.015119849938305308,-0.018307966278226083,-0.00048133824612404263,-0.002066848801702357,0.004294178659393929,-0.0017700482027006477,0.023730439649118563,0.010001811717209683,-0.021452784152801437,-0.0054302625959407064,0.0005128377781854569,-0.002070825861319879,0.004734183017962925,0.003626355848828426,-0.02021583860984864,-0.013274906722157951,0.003943727247356218,-0.01089260789495246,0.0024287620244757605,-0.00939647283426128,-0.008411059181366304,-0.008506697251127177,0.00838835091691618,-0.00034232302815387014,0.021566106000764047,-0.02264926176517051,-0.01624475439951436,0.005442021228825316,-0.012598903731007869,0.01603921685058856,-0.004947516812505395,-4.902207750570164e-05,-0.004150126063716822,-0.006749325793954834,0.00777061297642349,-0.028242570191407558,-0.025719359613883733,0.012649005390569928,0.015891213433951903,1.4723000107816006e-06,0.009005927715418471,0.0204502555487877,0.01517531214043843,-0.025653819508269202,0.005232667819746775,-0.0076479935050072015,-0.0010256468373859907,0.0015465270096177153,-0.005033681135840368,0.014940884142655859,-0.017655425298437676,0.021280713965088505,0.0012521209718865968,-0.0023124493767569896,-0.013081391575728463,0.020135282566767058,-0.02741913231896288,0.008829726896765972,0.0049037873875033885,0.019658161118855717,-0.007415809550043912,0.030492330727185213,0.02036321583554142,0.010602840568952818,0.0034187559536840635,0.013004109763564869,-0.004721005722922203,0.01894762049686706,0.014771563847167823,-0.00012402365202807044,0.007867895434657324,-0.014375227464074599,-0.022202426456713765,-0.007350285490394683,-0.016324061172937884,0.01203435006452886,0.006306259887694771,0.01098953595372934,-0.005203079206012507
2024-08-19,0.024837401479400716,0.0286863405527953,0.014704191035816997,0.01719727971655207,-0.000390023426901577,0.00012761193173705006,-0.0017927630871594396,-0.002529159146542786,0.01955200354560174,0.0212885009406098,-0.0030553122697221675,-0.007972726076689881,0.0010570446313219553,0.013555559676364575,0.012779228535116314,0.018410804635605,-0.00016570574097447485,-0.009550822489303485,0.01611424349954868,-0.005459989404581058,0.002890906230813299,0.017902523884907574,-0.01598157629802147,0.013557901300200466,-0.005378144102538496,0.01555036854700956,0.027162600511378594,0.0036232668882925203,0.0007680696289906999,-0.0015650803979678782,0.0015646473287667766,0.024829911408656077,0.017844038815770062,0.022382904074050646,-0.009914511967750443,0.01945462378130102,0.005108131727512065,0.01598054294811138,0.0016585753720885317,-0.012376496592928778,-0.010159048526560336,0.008027001386481034,0.02320741426356683,0.00801631389051506,0.006427254333484072,0.01473919804304413,-0.017247780552600425,0.00259366109523593,0.019986367048407096,0.034890903196793596,0.022833422082409207,-0.00418220278252813,0.01657335439556783,0.003528970309193169,0.0011284298297544754,-0.006396110573539383,0.0347628057632717,-0.007047913935022453,0.009368822920554154,0.0036978421925530696,6.90858026701443e-05,0.020133762582847263,0.002142800684314398,0.021190307029375705,0.01600318727647049,0.010719765748413185,0.024705161057809878,0.008169886578262705,0.002641814562769966,0.024145296893159918,-0.0058485427466408915,0.01718837410319799,0.03935148190104368,0.00029643261095205035,0.02757689425976817,-0.0012867525211401887,0.002996862537324064,-0.0037789023523053756,0.02464286208918918,0.015790400880566872
2024-08-20,-0.012387622810071622,0.00833050010236617,0.011246196288761721,0.013956028826817096,0.030513261645709184,0.004206632093772153,0.018545269492596533,-0.021939487989445512,0.026800338702999457,-0.014729423202667825,-0.0028356328328712358,0.009609436836596253,0.01854570266465122,0.0002098827807511805,0.032979384330361836,0.008292691713720936,0.026808451684716385,-0.008098335911265334,0.043091397318453434,0.007951472474264237,0.009529844774569422,0.01652265643828805,0.012577400261376165,0.02524868585029568,0.013834562725082664,-0.0010878177650562567,0.007541582798363485,-0.0008449110672289501,0.008454564743709975,-0.019182811405879976,-0.005060522833602168,0.01606557921289564,0.012438408138359724,0.020095427625835507,0.0191539601378828,0.01471163320232143,0.0021645086680614333,0.01863869429332622,0.009987274109607387,0.009827005781873002,-0.014622847718798158,0.00693521357917851,0.007601604718009307,0.01520817188225283,0.010374381183463722,-0.010367801868986372,0.02497655135270853,0.013015745196696921,0.02515345264573357,-0.02205011052891167,0.004734396417710247,0.021477999184834742,-0.007563853717544198,0.02249199766276988,0.02603545653646044,0.01900160235665594,0.001260748037047241,-0.0055898474104029115,0.010161247370934798,0.016934198194208747,0.03552408585721242,0.017180569329965804,0.00260836064215577,0.02496393257856812,0.03469662255314444,0.0095634715589697,0.017039936086763914,0.017331517953633725,-0.026096535094405376,0.016466689067665727,0.012258350519745406,0.002291176438716706,0.015558809050559322,0.00669296388160344,0.014942687634027119,0.011206362504918986,0.01603371772920975,0.014019676163795635,0.014091421540119815,-0.0006701170980963986
2024-08-21,0.018131446663578084,0.01075181946931653,0.01191394861602337,0.0037224569445439555,0.006962370319882742,-0.006644785770268816,0.008889215963346506,-0.025586480182002106,0.0026334141814898186,0.0001489695415162345,-0.0040942312168339235,0.0015951325454735097,0.0006901023771471093,0.0037957187034408143,0.009642797052506822,0.017552689515160667,-0.02105600882553675,0.0028638616843097804,0.002242524388965498,-0.022188235655632757,0.0029115177746170933,-0.0063652945589553886,0.010957551075423613,0.009727959400397659,-0.0178925943998432,0.02398251526024268,-0.011640892000026899,-0.020706013186626415,-0.016335411037064124,-0.011415848908139821,-0.004082773796926118,0.006572000487130084,-0.018448881326694824,0.004155810855899337,-0.01575399977953935,0.0025855561596605054,-0.015486826200396205,-0.0029909251744644374,-0.005202603366458889,-0.00696335168135458,-0.012258904418368381,0.004994951428157851,0.025518647577146725,0.0025495579838117908,0.003056938788037736,0.002936242913692471,-0.0134538416793654,0.001464957327920588,-0.018147936295743964,0.025935115990634937,0.009466882574563509,-0.018130160682197957,-0.012792830580208194,-0.01781255610077881,0.004777000039804763,-0.004638191866896459,-0.012897310705481599,-0.007085713211460433,-0.001912133824433484,0.009664437204863706,0.001120437072104563,-0.01693721351837875,0.002007847187108282,-0.01771022459132635,-0.006705837707990305,-0.001377803871747641,-0.005182757456126669,-0.021026998164326044,-0.008186097053667752,0.000551735990523097,-0.004806823266517223,0.008283349285754645,-0.028102818511079587,-0.005756180628082946,0.0005320897950728293,0.006483606381315979,0.012543596699096032,0.005438356251757388,0.011432198432526032,0.013525355169348639
2024-08-22,-0.011507283524987078,-0.013919587674936703,0.0019268017839190786,0.015656862434215366,0.019144888038165667,0.016770843176913738,0.007039044441601067,0.012032963214649191,0.003155692381157687,0.025752812063553777,0.017096580113951633,0.029656212686243494,0.03335864290815411,0.015409093922268514,0.02129553291521804,0.005205490704365403,0.012864142496455722,0.021427836376840745,0.027241727647424555,0.017679021682077512,0.010650854586403902,0.01210598906649302,0.02684571281443328,0.010056097161799279,0.012761675590506992,0.006525850118653472,0.012020210012096867,0.0004879367144907552,0.019033933525300653,0.0019211245915169688,0.006257204414117098,0.014597521991044292,0.009566550662879867,0.005897266501955319,0.005898301372091566,0.011258570624568424,0.0006412452000481451,0.0015447253477939883,0.020758444108705715,0.01160249352120093,0.006483080771416313,0.019680484503568074,0.012313003460774085,0.019222550337997777,0.010838705548967674,0.012774708241278382,0.009363149711846522,0.009705888410615978,0.008994229028902644,0.008618123942972932,-0.002901430990324516,0.006421551749999194,0.017369551719518178,0.015264512235183856,0.0087454784561845,0.015542306407722441,-0.007860737009396363,0.01959312627572394,0.009578733210432342,-0.002656989758729032,-0.00043841562590659494,-0.004985191512610338,0.030135614116608193,0.023882604364563603,0.011880396585932314,0.021288459548902447,0.007632580094758976,-0.0051524728775617645,0.0038238114639431624,0.003733164574370425,0.004051557774846908,0.004966004224957622,0.004408827725275046,0.016901711895604375,-0.005546351829257126,-0.02839483797269105,0.01983335147977975,0.002546569641914782,0.010058596599455792,-0.013172426858671028
2024-08-23,0.009845927127207763,0.0215263344860726,0.008846382015414897,0.0040866148374223855,0.010944549503241686,0.024501732159669935,-0.0019491682916682289,0.014699186210915318,-0.0027682904064958314,0.02826798589957518,0.008635600327882301,0.008346180298459559,0.003878335600475576,0.006468279826430213,0.010932458912619361,0.0018220472071522305,0.03677096750134161,0.017700630483152582,0.0017305815307453063,0.0006628842869905605,0.007110126605869882,0.010825517316273838,0.0022583879255776845,0.005382960517748851,0.023054346855112914,0.017712036386202654,-0.00017200055397116956,-0.014567613872626615,0.0032079586797963827,-0.016584241103025085,-0.007709050233765663,-0.024116722161270497,0.03496769915786534,-0.01944038055362257,0.034330397373844704,-0.009584810863459492,0.01787129785079309,0.0015508173407776079,0.01864308847586016,0.012716155279942918,0.0015761036367560877,0.025709709426470197,-0.0074745737179667555,0.00903012683445343,0.029543508016376476,0.010265684969649809,0.004978276305733307,0.00455371324075308,0.017225191865673357,0.017738118506113492,0.014995856626138688,0.004171698852316617,0.013232648886211552,-0.019601034256734675,0.010079195636363253,-0.0014770089360409046,0.012544647893882642,0.012430381226045346,0.01976066670708181,-0.005037402827003618,0.007665543360200767,-0.011399548352070573,0.009784537074774509,-0.016460723611007304,0.003968789762759857,0.014088047802595077,0.006958660225449984,0.01000430219053735,-0.00514732284068251,0.016959657228900644,-0.009928406559234838,0.0037283460526725113,0.010476095075171605,0.006215640934265319,0.00980180237530948,0.008161318994597478,-0.008564963415186864,-0.01616731946521782,0.0066294320169247994,0.0027486599333385814
2024-08-26,-0.008159732402020378,-0.02971113074432903,0.014543658006480161,-0.0025004169595922807,0.007191355436963401,-0.006562751111567797,-0.02299540419987831,-0.020085722115439533,0.007589444242827814,0.00942952947428519,-0.006613923042083605,0.0025321924000126003,-0.031537448667315685,-0.025074610460162176,0.0014492907595153206,-0.0025537621395198577,-0.005296755531316647,0.012693482274804461,-0.020946232698072255,-0.006316089973151213,-0.0039851871180141794,-0.011634169538667236,0.0068318534841456885,-0.008990322998550505,-0.029445764004669455,-0.004388732533425674,0.004126441537035281,-0.024280388147956182,0.006603069845566564,-0.006025343680895785,-0.01771037497017116,-0.004313658993450408,-0.013404772772735222,-0.0036581415354588064,0.00655455717208398,0.025257062502105094,0.00306920565902447,-0.016566670766978386,-0.025476858990221667,-0.000587040398013136,-0.005561753038096565,-0.04132536629761155,-0.010176150914373638,-0.022046818751386497,0.023061861637469268,-0.017628194916184458,-0.004503532085860284,-0.006346486473188431,0.005713456272812681,0.008582262060052033,0.001178471872157704,-0.014510675332257385,-0.008391851889718803,-0.014062675534850569,0.026407372005699106,-0.008863551751507727,0.005751358218570087,-0.004715670128968225,-0.025994012193615086,0.012874098142656942,-0.013662364433838128,-0.007152620401833553,0.0038878396706087358,-0.022402995683879937,-0.0012191172603601016,-0.00067061355591477,0.019690244428553758,-0.023888856227209286,0.007304673882958543,0.00857792745854033,-0.013789127765254622,-0.0021759527528219104,0.01726802914683488,0.01278892898289777,-0.01634675431069142,-0.004124528126214744,0.02330796044515724,-0.017278915806176676,0.01258955977970722,0.010370374485297968
2024-08-27,0.03922890237078652,-0.006065487411101914,0.00794475224534212,0.020231327870823025,0.01836753496960459,-0.019272436691157212,0.027735511153807287,-0.0024464442088891576,0.0030173251962567864,0.022761491021605917,0.005586359969657892,0.03448289102923596,0.011660927667208245,0.004236744501493212,0.0016393839112187323,-0.008748709753610237,0.025602677379053654,0.01716594646215066,0.017233647686371888,0.01762130889191905,0.027582417773585104,-0.0024042248686980787,0.02020709809543163,0.01897848355971357,0.015527764133070407,-0.0007651107071256847,0.006912602892752447,-0.004338538611908254,0.02287133391669838,0.0056209107801057446,0.004216880588156402,0.014588993447414749,0.03642148336915668,0.007905350466490593,0.02286175775858883,0.023660417190485408,0.006762295512569806,0.017250804820055962,0.01296191460418022,0.012502933480724836,0.012386997636126431,-0.01024161396347006,-0.015508122399678666,-0.0021915270384988226,0.018901460864054292,-0.004100828401998742,-0.0037036883007899764,0.008714136027521269,0.007228671659454983,0.01982116685076477,0.02396881973388991,0.02235552457757068,0.02012012738368183,-0.00925135485984644,0.004810415926393414,0.009302732607070775,0.022387896258560833,0.007370080119398796,0.016225964709286174,0.008014611586539395,0.028023955917424008,-0.010532983038852152,0.005959366318115596,0.005794204465884674,0.007781228849623968,-0.00228485687482692,0.0017982346209024346,0.016192830594579474,-0.0008143670595495891,-0.006815440113218637,-0.006677690642823096,0.010674522369370054,-0.000641090592992985,-2.2407481750546902e-05,0.016011860005130177,0.01727637441031911,0.03439186184249867,-0.0016380532418637317,0.015299161369143045,0.0107613006180606
2024-08-28,0.002192231508470083,-0.0065193124518963695,0.012325794839039315,0.01791679542196998,-0.0015811123974166681,0.009593873688167286,0.018278298924564347,0.023736958722446768,0.002456659200864823,0.0051159466107227,0.01929433639730123,0.010873853858574924,-0.004016201170098115,0.014018306226344226,0.010818588304008206,0.006552880160986584,0.00830032033162609,-0.013531393537375116,0.011659347088695676,0.005037156027107662,0.007275763447449221,0.003103842383052357,-0.0042786899045026295,0.026627712810002993,0.010600660631224128,-0.02906888773512038,0.024937313399639047,-0.005565346372877623,-0.00793769113822513,0.010112065978292065,0.013276581781827126,0.007802096889026833,-0.012682629955544918,0.006179233813013418,0.0036773679957584973,0.008097153018068595,-0.003911920304027403,-0.0005196850255229559,-0.009407981657507464,0.011622863784420488,-0.0036235365553005053,-0.01359788460384486,0.0008263804067596293,0.009659907525241405,0.009295946584722792,0.015256166422478968,-0.00010439916082985792,-0.00603369167600107,-0.005281522910660664,0.013280606146261748,0.016069789223565462,0.015925643313225896,0.0061596078744280205,0.0153941220909878,0.0009486120323226783,-0.005997173787950428,0.028694209711297276,-0.01506945110649523,-0.0063034820128943445,0.015563057372797073,0.00654999566748877,0.03517222042430233,0.0043126115394090505,0.0032538285977281975,0.019257734248265407,0.031203102943393325,0.015626636344416016,-0.006701566303038087,0.026583421773996235,0.013656935769086555,0.004067188337787592,-0.02125871552249504,-0.0021648792008133163,-0.009900485259497539,0.0033192245167287214,0.0196772850086038,-0.02036487845042504,-0.01586177459249135,0.01920048125228145,0.009497839302659423
2024-08-29,0.006782212854533215,0.02045374760305756,0.007214932291423984,-0.006535758297934805,-0.012228546381200486,0.008776775441966561,0.010804087214567621,-4.3527209818037746e-05,0.017589117174314963,0.021303747483903145,-0.008964141814337762,0.021057950409195662,0.0022159570777535815,0.0013561703257583026,0.015270142882188645,0.004942234739729198,-0.014391754078634463,0.004500001790041782,-0.0008336191294334942,0.0016384825640253153,0.009234472429760445,-0.002802707180889097,0.024125399553790006,0.014090829316061352,0.014743892619692668,0.004388954285670255,0.026576883820139178,0.016252861770817476,-0.011957022677577337,0.0031653290353100727,0.03672958935337637,0.03423335293302814,0.01125507606967225,0.02493265792454925,0.005511866863142069,0.019345094607299104,-0.009735789782521327,-0.010053182705145575,0.037048962954665615,0.017255385648783973,-0.001482618024785472,0.021730158663258496,0.016362465846559766,-0.013035742248647167,0.009565423170906535,0.016745602047317974,0.03150417579018745,0.006620474935777343,-0.015686567933010535,0.0015564662513008962,0.0005376308552912223,-2.487529421256983e-05,0.004921295286772869,0.010248029773554369,0.03032363519428196,-0.013020454281621168,-0.018603567669146538,0.007521747525919065,-0.0045544546969767934,-0.0014179849889066325,-0.01779621642553751,0.026214427064019486,0.0292796523478401,0.008411065628901341,0.030865367872800576,0.04180906666797904,0.008275912012084396,0.00993513430691606,-0.01435173043826701,0.0019060608448287063,0.026437497824305593,0.021113266646721696,0.006477059794231009,0.015778232210605685,0.02187412623258926,0.01909855214004068,0.0008156237653684215,0.0019125942182834053,0.011424206554741259,-0.0002149335168553628
2024-08-30,0.007701431875319579,0.015366627777857715,0.007711239782431252,0.02304116015499678,-0.006319243000948802,0.03176640512433521,-0.003846673594000011,-0.0033722616499420313,-0.00556736216511545,-0.02481888504493827,0.009967621174531515,0.008976423789587002,0.006514982468817402,0.010366461274391177,-0.0016665759263615595,0.008766863231982672,0.027741973292797192,0.012972729620178557,0.02157672857682183,0.012887486920172223,-0.006312379734929983,0.04033360647117118,0.018974760850362225,0.00916233916995838,0.019863154702369233,0.010716099183431098,-0.00991397237739264,0.007720320192087815,0.0016576682681672074,0.024664174184426325,-0.0011801564551004867,0.013282967441290544,0.034980739315648254,0.006320697699020408,0.011998892048788123,0.01666092078659937,-0.0005248263989082574,0.012951510453347064,0.0014897920491245057,-0.009693208756256084,0.009058632453124011,-0.0055360599122307,0.006584346251468297,0.02161591915349218,0.025262089124987366,0.006109432166513017,0.005671507112868627,-0.00013930312656024787,-0.0016999732659451882,0.005989767527111948,-0.023090303110089163,0.016078123708249376,-0.005636746282974114,0.005975956866043429,-0.020027260573378627,-0.007759673173087248,0.02090770875290751,0.008494348970077845,-0.0004902708235185655,0.006766249281321128,-0.00959687594903694,-0.012814706454937305,0.0116442861741707,0.01469752135008948,0.00944142470285144,0.018477317976267855,-0.01233634006311208,0.0151695950455791,-0.009184933933642905,0.0067658505242018,-0.011660841009209322,0.01919886823982632,0.023337550314258892,-9.821907409980667e-05,9.949378544561087e-05,0.02153962215758968,0.0013888346693313027,0.007650600372763883,-0.021187137243325476,0.02063927634676531
2024-09-02,-0.023650189366322454,-0.001557224341491758,-0.01786289815952022,-0.0031577533411411554,-0.010483729955716989,-0.007404968994040179,-0.027215828117108286,-0.009484949705787098,-0.031151843290525658,-0.0050629113044642704,0.0029549935076436298,-0.005225181667033016,-0.014740310581013508,-0.009617899575420792,0.005648181000929044,0.021483885644536054,-0.014541826867431294,0.001616310945929106,-0.005807761136423002,-0.01015730723950594,-0.012723703113292538,0.008434436224554427,-0.02689951094053141,-0.03797203279163151,-0.012547420438549225,0.006608830289871507,0.007062040883448479,-0.0005090584372151423,0.015351187021475941,0.021084876693892245,-0.00480216425873276,-0.011516927150089768,-0.030578386376133294,-0.007661668352632621,0.018342566800413105,0.004898015440400973,0.008938093265263427,0.0030173568783161777,-0.008765485779490663,-0.0007124616013017724,-0.00033114495417047203,-0.01019328654958623,0.007229538498801312,-0.016477871305176514,-0.00430134110978245,-0.0030953367112267123,-0.001887272846283696,-0.0013920433551113283,-0.008228797895298972,-0.01622608371079475,-0.018653618140628936,0.015002672507993642,0.0039655207601436045,0.0018484929138828012,0.010558598749769277,-0.00655786411632173,0.007239527180122166,-0.015198087555568725,-0.01544176586503064,-0.022225546386449198,-0.009748460723243327,-0.02122229830693256,-0.0032985122502154763,-0.014570276458709543,-0.015024579743605007,-2.0117107543205295e-06,0.00365248020558015,-0.028482769186519305,0.006589520352530341,-0.006376728285287242,-0.029078591789990692,-0.03183132165720126,0.0031696210264994633,-0.0027442428977405113,0.010779460287899644,0.01940314498366269,-0.009344016925716011,0.018160346085098637,-0.012607078058204466,-0.012491580649850053
2024-09-03,-0.0007444036575193179,-0.01619124468822607,-0.020145160010182496,-0.03022138124701277,-0.021362643284304,-0.016503108126456147,-0.01737570542273223,0.011469602249812721,-0.0047807151600289585,-0.004052261253022563,0.00792526565648349,0.005979826291386643,-0.00628019318469813,0.009176756796061435,-0.010919730341158848,0.007268827466585135,0.0002924057323075019,-0.02529713404797079,0.03147690792647615,-0.020009985074000473,-0.01681450202523317,-0.003238913048595817,0.013928513476884192,-0.02377567885668164,-0.001782539317312067,-0.0026530608418049205,0.009612111932533179,-0.02161717675398765,-0.01377797073952797,-0.009090645480443568,-0.00582531760510726,-0.010719255516765742,-0.009341202898984853,0.004352232265668031,0.02752825542496641,-0.012655511642958864,-0.0180355713333473,-0.009967184502013622,-0.019601553999820318,-0.007708986790772761,-0.019690885479351966,0.013180897829425293,0.002440687705796186,-0.018545377014944766,-0.008781037263766951,0.012448637625684003,-0.019638657718977524,-0.0015100375672772426,0.012017914191517305,-0.014198436668378762,-0.008685568543998207,-0.006086502230567507,-0.015572877476769496,-0.005564413659891981,-0.003996269766776788,-0.013527749756607161,-0.003279041524517597,0.0264369258574003,-0.015791599764695134,-0.02655612358787136,0.013010356605505221,-0.00846204079909771,-0.009196587395947926,-0.017872988758278942,0.007749901582467623,0.009843917242998282,0.004118125746681222,-0.014480218472057734,-0.01684481655942962,-0.0045352042913826265,-0.0015933743377519773,-0.014050387220719739,0.00892008943283777,0.01801984071667006,0.011722703719983933,-0.0067178568948188366,0.000987379261789897,0.020515068216534416,-0.016942074266622784,0.011020405593057041
2024-09-04,-0.005920972844475018,0.022241018772518238,0.010657091109379381,0.017984873770645175,-0.006097529636424919,0.012560434023790657,0.017499872914388995,0.013373296531006735,0.01028857865646618,0.02076443180751611,0.006517463096779381,0.0045211955150585015,0.008828353257935136,-0.0010902974328047127,0.008539490105818675,0.00373643235466498,0.0006285870136748545,0.014330962563125984,-0.001859348990057031,0.02231194178529536,0.024716918491121204,-0.013637483108836036,0.00836406253323395,0.010283696854031422,0.0117689286083249,0.014673963643352265,-0.0009752739046637393,0.019851839940342286,0.019311636749205094,0.028279699798752847,0.003532858811845262,-0.0015139346262785947,0.025181489171167727,0.019345290733622584,-0.0020447345879305726,0.0039120999473733434,-0.005249613648124854,0.011228507068312101,0.011020355124435692,-0.012069865879149632,-0.008617851044332813,0.016673336625528303,0.014099495157059315,-0.009425510757495193,0.004523493099321676,0.019483496019939164,0.033905748225773094,0.009393749483460275,0.003532924001333924,0.025314146501546862,-0.00010555974714945415,-0.009396939762387778,0.0063551653423424784,0.023744842181227875,0.020265666825158186,0.0005915724261414956,-0.015709055889702495,0.015317581874213363,0.009964972436406622,0.020548695299686226,0.031903361923850015,0.033457887323286806,0.010855664671140939,0.010508856401003762,-0.004359322781345921,0.029673363658692532,0.022876620564133893,-0.015643155066174794,0.013710683843026003,0.020290259913742063,0.0294767920350871,0.016441881101930116,0.011243242902364973,0.021209392185864068,0.001870499016417419,-0.004438696771539021,0.0065941393079950615,0.006288867211732203,0.013606344314100044,0.04379663413639442
2024-09-05,0.0014527169001224381,-0.0201033368397478,-0.013958033951927226,0.009101955927809408,-0.0014563424047469064,0.004273999629504104,-0.01547421524389071,-0.007764741579867977,-0.007617931635902639,0.0001500375148763694,-0.002625739803982028,-0.001145872184664061,0.005100969954007422,-0.007513579083615492,0.006870853692229017,-0.006826174004722354,0.01193369760279212,-0.019326371224805544,-0.012686874015459865,-0.011233315173791569,-0.013857049877420025,-0.022261848747467013,-0.003996413802231091,0.013382581425784367,-0.0007169269112098043,-0.008056856909872913,-0.008794751497115744,0.008894841388226708,-0.017558159232971965,-0.019941688174628734,-0.00038287305130351573,-5.129096586871731e-06,-0.017477788414543033,-0.017484420847290325,-0.005398248520263074,0.01094312371984274,-0.02291686019851851,0.0003021259511785737,0.009964867664312607,0.017126525210088582,-0.02146054231363911,-0.025781219895975274,-0.014265502949467601,-0.024546252299828215,0.011867669537540041,-0.0004489767829204275,-0.0009920773585250192,0.0006968156487096094,0.009560959099314313,-0.04072483318131241,-0.0008284511304894136,-0.003015721554845076,0.006539390460348863,-0.023447727194700802,-0.0013269943728045806,-0.019106561102657835,0.010299049510474313,-0.009655206489628311,-0.007967364302850005,-0.0029977113157644295,-0.016561282862621988,0.010158770207499139,0.016002418511689265,-0.021503762219824522,0.00914094854770936,0.009392174924938247,-0.014853096913016017,-0.01789890385216847,-0.012815000926608998,0.0029573300588114264,0.020328972232530135,-0.012292484661305423,0.0022315456558360614,-0.0039631229176124196,-0.012039849867695991,-0.011685917532035801,-0.0012871537154591514,-0.004657445163610494,-0.011122888919887046,-0.008962926409984041
2024-09-06,-0.016160535575330343,-0.017469043427277897,0.004950392201617065,-0.026574892900889203,0.000150274995359672,-0.012498232696550975,-0.019842380693763144,0.021311320098844705,-0.012485945499226988,-0.030795391529887674,-0.016060820320588982,-0.0019269706835833532,-0.019385282386657078,-0.007792910393267278,-0.018576930076969447,-0.014353435844548635,-0.029957322881368834,-0.024372742080026752,-0.011006797726617907,-0.006301805695782817,-0.030174826298295855,-0.021389267628901316,-0.00042379052696306027,-0.029716178173283467,-0.02736451925151289,-0.03537722069144811,-0.026115754064242706,-0.017265918319229846,-0.015489022625605631,-0.014911867120644445,-0.005980731127653771,-0.031812129541505654,-0.033434727939430434,-0.03534289395924796,-0.011375352534118218,-0.025575599596921277,-0.0002612086232156065,0.009266227768896558,-0.01234416483250261,-0.03576116514719497,-0.020021609737544133,-0.018842783032508754,-0.016973416325522687,-0.04720497592451009,-0.03639242633624045,-0.02671813540220476,-0.02233946187861184,-0.008790203068900614,-0.009412994901895216,-0.024939384868478354,-0.016715478164957998,-0.014598491693026657,-0.027519849493881546,-0.005133180456110762,0.002188583192301167,-0.02918770619019168,-0.027998128290214586,-0.01911008421394884,-0.008248903785349588,-0.02046851159431865,-0.004796217513749458,0.0030295745720352475,-0.03338623797049486,-0.006601533474147284,-0.019806733958736025,-0.02476676318950982,-0.02269803308902699,-0.006633146455178729,-0.02485706489625447,-0.0034846694740780504,-0.030240744439005592,-0.016903088511761432,-0.015695725483359166,-0.02572513833964074,-0.03825817365164211,-0.007435935817778318,-0.028732453405373278,-0.03189309433249523,-0.02049206732231454,-0.01892167715929865
2024-09-09,-0.0016240084585357336,0.013832645956061772,-0.011299328346526142,0.007805395664667088,-0.002311904988002016,0.002469637567696418,-0.03412869617374545,0.000562322849546831,0.0061286106451927435,0.002330010507239454,-0.020371534484186167,-0.015605010789994926,0.006328173935696176,0.0013132327796529484,-0.002777928154122907,0.016124865758766455,0.0017417953596553072,0.005962772521367454,-0.01382321943747645,0.003584874758210531,-0.014171455343149307,0.008082538024592637,0.0008336383211005743,0.010974058163996858,0.0021065733556798363,-0.011109259756836716,0.011118423175692647,-0.0012063695305670856,-0.0218830750598654,-0.0029163553459295383,-0.008489948790122005,0.013697149279789506,-0.02343561624463079,0.00334935897100617,-0.005749090881281659,-0.020206872776610683,-0.0007268126359124896,-0.00013833667235303297,-0.0030519607007597864,-0.005443536356981867,0.003327616828678495,0.007750708480382133,-0.01405605011868033,-0.017327345503240825,-0.0211934694786504,-0.010774046670991723,-0.017715653025550573,0.00559700370435846,0.006517495395522552,0.007104919736037614,0.003529036705776282,-0.015619308584492356,-0.021329811168686062,-0.011438602249816352,0.004810661162457125,-0.021634902872888852,0.01094519580083135,-0.013841978775284272,-0.004833055826209703,0.007531280611085725,-0.0060914592072082475,0.0032372090698450083,-0.019042234775570748,0.010108047885530188,0.004919436849114882,0.027090429869115834,-0.009129746104089538,0.02491152244785525,-0.02031473669951374,0.004432164243315026,-0.014826504478487868,0.001524106947895361,-0.015115339907501132,0.013854660720076177,0.008684469808453027,-0.002858748451397576,0.001910493112302983,-0.010416202664178992,-0.024439591365111816,0.014427966623603518
2024-09-10,0.01650059328746684,0.030313633996568112,0.024039867872107674,-0.012767536208186615,0.005948864985240219,0.031080506498461474,6.11302364535559e-05,0.0034253878211514596,0.0003988789439829544,0.02469766071275852,0.014826925505410194,0.014404312629439607,0.015480411042415139,0.021706308726549575,-0.0038646476324752663,0.015354978988496096,0.019644076666628492,0.015405305985884507,0.021404556194399182,0.009953455210118492,0.018350556707222035,0.010128604274921574,0.02394697049447616,-0.023966192456966816,0.018164449551822726,0.007436824583507403,0.042862843881942655,0.009942060373702606,0.025196569485093093,-0.005800274478381818,-0.003856911265555257,0.008911623777391381,0.024026523853539827,0.009079342759911548,0.032175165511736235,0.012403395410692413,0.04181610714996954,0.009604661688946603,0.026707133514101214,0.009827698902618196,0.014078621980720567,0.008520647792848005,0.02200457376371536,0.001967428761211495,0.013578756209889298,-0.0002403722131396977,0.020826810452935336,7.296953975664561e-05,0.02141481903391709,0.023133299600215672,0.028423917624351508,0.0011491965716129869,0.03118258832436046,0.023784813862524075,-0.010096319228251284,0.0031608430033453734,0.015083674574868932,0.016396919254708858,0.042728967941569496,-0.002054567059570799,0.012651830960166147,0.01124090166095068,0.0037796224548966558,0.023936880566319946,0.014528472212893159,0.021326205702023066,0.026625045798293,0.011211216771491696,0.023853465589229635,0.02609432853413687,0.010889409375147128,0.003511687618526473,0.014165454295110335,0.018121246092080136,0.011399689964511087,0.009053756731691787,0.007618199721623112,0.01086505238364533,0.011317400138434536,0.019047192279943174
2024-09-11,0.019498285670042116,0.021610332401631658,0.02695083258749032,0.031024200504430163,0.008985242695465833,0.0159152057112156,0.0172844836076389,0.01875513329453923,0.02357661445585501,0.008290579117015263,0.03911348978206076,0.02558036205527854,0.028540393859112882,0.0038113003656127537,-0.0004714456352852437,-0.009815219489157657,0.008175356296440244,0.019148674455755126,0.001009456302452652,0.015854483921896177,0.00920841769711498,0.02126742310876524,0.00034869898958287283,0.017688845419814372,0.004294893634489887,0.0018693070209200944,-0.0003670711943672116,-0.0019777517043690334,0.019525332994307722,0.008469536837783353,-0.006875921186928605,0.00991553321920827,-0.006123873757739578,-0.00040149119575454834,0.014541579859210221,0.007182471976113631,0.009130662697376349,0.006070072202880358,0.02053566728677359,-0.005568560728532419,0.001708229565909259,0.0007755157578604645,0.02747731142253991,0.03498437130026976,0.03041557616207697,0.010366155831853602,0.016733235034015744,0.01172914824069454,0.007530692548177003,0.019817684660589162,-0.00663059215330763,0.020872808960604762,0.024735582775265663,0.005736492183294382,-0.005024761627101148,0.0043081103983084595,0.026857971735643624,0.011794084447753709,0.0031918107198529704,0.016839871099431265,0.010782481517151866,0.002373686602872004,0.015835319513307917,0.01234538139747849,0.014817029097528734,0.027759689947269253,0.012783851289897848,-0.004951815168268604,0.021170242212692203,0.032973244785529814,0.01776878719126756,0.02039560667490224,0.0039717322926269595,-0.010143467697142229,0.015048928901764519,-0.0020752329799975065,0.009293654356175067,0.01150002595839009,0.021359932985618828,0.020980068862643322
2024-09-12,-0.012621820819291585,0.02475543701833524,0.0053854975939768915,0.008486699037554965,0.0033921483280979266,0.006347646954608725,-0.0005410664575562323,0.01098243478373522,0.012157721774416158,0.020728767298967183,0.001941533163399465,0.04195007896074207,0.011316791178055265,0.00816359883881598,0.020382385250705258,-0.004936935089649631,-0.005853470886072888,0.013002170398665504,-0.022381576227897607,0.009474603776048581,0.00840597508196454,0.02477028094908129,0.006617572257683934,0.024643233323288917,-0.008960235205049542,0.013772255727724557,0.017190859330652845,0.03201312584573036,0.00017768171636504178,0.01945246894424757,0.027420502264655706,0.002473538954313353,0.016455687952125375,0.003457395177361206,0.0032931971691507085,0.032507600511067956,-0.008477192443266455,0.011990753410594444,3.8899860572169306e-05,0.03717992779175415,0.0012846541059777891,0.015114537154727306,0.015958562478232324,0.011593171467066583,-0.0006941652097532261,0.015801738286777164,0.021706210555026667,2.6234929301739707e-05,0.0020757079167825973,0.01549348185524805,0.013364583176733235,0.012475904300120345,-0.006153187714633908,-0.0073360547801804895,-0.00514161189443032,0.015248582330883723,0.007027889399474345,0.011501677030313804,0.0054813592779835996,0.015839184589551088,0.011062671204038541,-0.0034671238919719224,-0.018881377226511842,0.0010470611210045269,-0.003962067663537328,-0.005030779827302531,0.0047949505259316004,-0.0030749598426515843,0.024558349755471606,0.006219518806705212,0.0026137383135970286,0.03509297335160095,0.017041893122370012,0.011158034429391728,-0.001956509716994923,0.00947559161152575,0.01723233930347564,0.0037754484036888504,0.013957801209443057,0.012054207081025248
2024-09-13,0.005092107667785603,-0.008242485948138421,0.011632981364961933,-0.010064502721002868,0.020857675042206217,0.0002620241601984843,0.004536115854517693,0.0008214998523146679,0.001757999716179787,0.007444208742600702,0.017088885249270127,-0.01974457229542934,0.0026009673479737996,-0.0012754649915185012,0.019085368588829744,-0.00936137971545328,-0.005778517213739653,0.018568919335580872,-0.010588794363406253,-0.01695410074373786,0.028549512749484644,-0.027951372187189186,-0.003017140284460289,0.005691505072984302,-0.0003992773763837592,-0.005420770922799503,-0.024276715861811612,-0.002615501229875173,-0.00769629259623993,-0.004841596235694587,-0.0029601331270417124,-0.0077860341171745815,-0.010852692810877845,0.01292884570038747,0.02183335414579115,-0.011473515174505986,0.020453832339624986,-0.017913674711465988,0.01563896747290167,0.001137937175778746,-0.024573949472928482,-0.012937072504805034,-0.012392457122388283,-0.0024465782473034148,0.006750182082248887,-0.007746597144879799,-0.010579730327052258,-0.026621473791880425,-0.010609798286626636,-0.004064610900641693,0.011920451533559317,-0.003891056119961075,-0.0026814219466784004,0.014853338362001953,0.00973625109622202,-0.006452270825033564,-0.026727812955119418,-0.012807951079639139,-0.006763861397185725,-0.008810434366150009,0.009093952535084892,0.0005073256666922868,-0.023956467436236667,-0.004681878618253165,-0.0016868535717085393,0.014798762429286119,-0.026257229319566755,-0.015386521055639955,0.007486303199701073,-0.016148637176727577,0.008696494584457452,-0.0018201872855429179,0.0042092132808574986,0.026838346084763393,-0.01156235110433202,-0.009597127902285308,0.015918311700830894,0.01953171730054114,0.011843652422566865,0.010723520569412923
2024-09-16,-0.006606909220472013,-0.001561725778692004,-0.003210488618889414,-0.01203261344622124,0.0011485831631907132,0.001902564307260894,0.00023488876159688315,0.01484528137226627,0.0034527656596522035,-0.0016358552433624243,-0.0093619499329732,0.004328392696550997,-0.004410465896944716,-0.003394991001451541,-0.00047181829695539966,0.00433995819836318,-0.004042361386625254,-0.017742704336517066,-0.00015425907379071238,0.011229383364135308,0.009675306245588494,-0.013738611161645597,0.00221350068461938,-0.019262695070858683,-0.011321544735583815,-0.007335677678021316,0.007216993854510103,0.014650251530840739,-0.007967507949326453,0.004351874259965724,-0.0008130243790257807,0.0031534428943073315,-0.011030170396360374,-0.019015163867606356,0.01222493565970967,0.009581944397136305,0.010042291017782963,0.009265410703228965,-0.002606921530779748,0.0010456800038287787,-0.012353208940583452,0.0010566265038458728,0.019738079126829584,0.014379528487904646,0.005652310355828058,-0.01077471883488077,-0.003132441377722779,0.004868643571512935,0.01206451538571308,-0.0030935101315221233,0.00013026012765734072,-0.005871248704341513,0.002689231435163112,0.006791470041960961,0.01122298864374218,0.0004422836268946133,-0.016985670583938607,0.007968927409602639,0.008062421062913635,-0.001784862273682959,0.018066495151066318,0.015438742356881289,0.006594857922592132,-0.003045051480064615,-0.010274449918875822,-0.007065384580193641,-0.024844511494195174,0.009001139260036494,0.002226524304538025,-0.004647397224629601,-0.005117563093828775,0.009852942078667411,-0.015067437357685573,0.0018871778616546663,-0.0026274325406112353,0.013798238146043959,-0.008688402629820017,0.014100866586872015,0.0001019021435295993,0.0035362079360075583
2024-09-17,-0.00695529726725776,0.01872305632417584,0.006745006676947277,-0.008783106826398284,0.032343613772719555,0.033462905837971735,-0.018614548950887846,-0.0037093303980163805,-0.01626986434889869,-0.002310166063141845,-0.01244954304630564,-3.6342770248633076e-05,-0.018113303505026292,0.025139211816960577,-0.008369698649302985,0.01078863611405147,0.020263213301915495,0.03617019770904747,0.010430946782866643,0.0017213928525848508,-0.013447841718927322,0.011833788239780678,-0.005656126430748021,0.0025919166320852987,0.008489670864819285,0.004597716145198397,-0.01081937079214803,0.014302835493944486,0.012976680334897524,0.01459490018752247,0.002020802124670149,0.010845788949551948,0.007625250027946681,0.026444024633680736,0.007627611169612577,0.009247503225646202,0.0005350474196857231,0.00765304755269162,0.003142425212846757,0.0009222662154484965,-0.011206914350933666,0.020827144289211414,-0.001767066198587998,-0.00945550492328091,-0.003216702644371922,0.013061941301061124,0.0006714506461101702,0.0035660603603915723,0.0023741088495104036,0.025952040121164713,0.0033163613586784818,0.004431063257381022,-0.0217825850234496,-0.007916266534727497,-0.011429822353126805,-0.008617955982307945,0.005741691459813523,0.01974161036492087,-0.01680230832321041,0.005485114758067509,-0.007742472230829122,0.003580330338787868,0.02623163924370831,-0.0006145372943979115,0.00223572990154479,-0.0066657288826426206,0.015393127552558412,-0.014735780523895212,-0.017239568340562072,-0.004000647952008636,-0.006503758372186084,0.015686940346762216,0.016324604869903607,-0.0034322971015996687,0.015083376116073202,-0.01705772486731961,-0.020881171119170684,0.028173648264926285,0.023781009631582913,-0.009964649720878009
2024-09-18,-0.006018451693501464,0.010263177141669742,0.016546343691963932,-0.004890133452743732,-0.010601518893803319,0.026653837549940607,0.006577289762685769,-0.0028233976483525557,-0.004128276051145066,0.006770152744929012,-0.003820684720956929,0.009640083362507547,0.014650804249666185,0.03424011282932851,-0.009336509281026546,-0.005679287036481001,0.011916321144256914,0.020195694214986057,0.008074562278295717,-0.003982945297823752,-0.026122913055751228,0.021739528031264308,-0.013150065379283078,0.0035411957828167064,0.0016840658806759551,0.01801119975423631,0.00647618774883262,0.00047102769177434826,0.0018247309022288566,0.005387609253737402,0.02101131318156641,0.06148728367386714,-0.003502136306017275,-0.0008701045117210831,0.002304338254379897,0.003098305773118003,0.003111579614909295,0.023433720638463877,-0.013402344337983726,0.014345983379750378,-0.016030621939874787,0.012636319835608175,0.002964415860336399,-0.015437023837987235,0.0053384735694363885,0.005638232551649245,0.020877091821216383,0.010059965132764175,0.0037715853686666814,-0.00018222460871968656,0.00940493478633844,0.02267363422770831,-0.020768017664661225,-0.003044104968884201,0.01745296062140693,-0.01052519944950933,0.011584262290978366,0.014380690590324045,0.007446261166203459,0.008514112702825824,-0.02391640777408543,0.01687902657002053,0.022829779642341803,0.003248117612412178,0.01720529583112944,0.03411743248735925,0.010634926533600842,-0.017487262297204886,-0.027791658241249535,0.015602357392371329,-0.011894848928539278,0.013967967824362628,0.020256021597648083,-0.0011589002810767687,-0.006826290409736828,0.009221473957257413,-0.0038443473926153453,0.021347153265024513,0.0031530719116924953,0.006601141257324
2024-09-19,-0.01404118114180555,-0.029984458414003955,-0.008996429612588196,-0.0031345026723162625,-0.02774840457708228,-0.03887883341900786,-0.018226779716626805,-0.02742217863449667,-0.03737010444729935,-0.013857863768593269,-0.008782713342652482,-0.03340502411068928,0.00015825595287303346,0.004338538740408543,-0.005568730602040089,0.0009438323835997652,-0.019423344162675594,-0.021010005434101277,-0.024032949303781685,-0.02314860342454251,-0.006755752631865635,-0.023534469692231927,-0.012105231445903298,-0.004617073859702472,-0.009117204166853826,-0.011251525389226861,-0.009631220734505161,-0.030708521124699968,-0.03655266775541218,-0.029802746608199284,-0.017249213685428075,-0.027551963325647806,-0.017235803109630514,0.0003686511573619891,-0.0015564918045324286,-0.024845978035629195,-0.02814829920205455,-0.020220183604497562,-0.0034253758066596987,0.008026545720916215,-0.03055003126703043,-0.012006012601766525,-0.017148242247964293,-0.02977999438020721,-0.017164138646379546,-0.011934890872463636,-0.018951970555061273,-0.00537485103098034,-0.00775836418847197,-0.020714160483592182,-0.010659813762795425,-0.022460924924423534,-0.01991031063291235,-0.00036562425259940856,-0.015173247498836577,-0.008120049715042611,0.0002833902543656133,-0.024694028009261876,-0.010832669351409772,-0.032847804826653296,-0.03270793072123078,-0.04058608799353404,-0.01001207782935111,-0.022948889651592332,-0.026987162925023563,-0.020277507461671056,-0.010994164759539245,-0.025526742628040743,-0.008248934784252848,-0.03866532141848315,-0.03384120602455397,-0.02324552663654622,0.0029403210960510483,-0.03435998697619349,-0.0014918533462386016,-0.021890057022562116,-0.004975297292611473,-0.0009430112406081104,-0.03537954552645671,-0.020761163806109317
2024-09-20,-0.00423835369661843,0.006105740824941841,-0.004578938411965983,0.0006511460197968204,-0.004452259362568007,0.0006205605265184443,-0.003703920027061238,-0.018069976500319076,0.0006226255603994264,0.013682898778900752,-0.0034875378430620904,-0.00048012588825792693,0.01748653091715929,-0.010497923447372631,-0.0023870180609068176,0.005272672581988742,-0.026693626171433456,-0.010225377178080093,0.006025699127302823,-0.02524144947445267,-0.008574108414163764,0.004696683861300845,-0.012469352476111844,-0.019049532337699716,-0.016106862982419277,-0.0030944163325183098,0.011562758759490078,-0.00670621620525892,-0.025430531446958844,-0.01736796991306694,-0.009911404126230091,0.007408194430172695,-0.012071968830252649,-0.01570060752785772,-0.00302253993682426,-0.001956165101827779,-0.01774293827777343,-0.0014599692211686704,0.008201467171247114,-0.00825178101827237,0.002497517431648076,-0.007790887106202477,-0.005849664327216818,-0.007872620085943962,0.003284282718344609,-0.02035049646332355,-0.011849406714376093,0.0027296114944878594,-0.0011175912219260793,0.01816027166748518,0.008364063405065241,0.0014563279417332117,0.024539892533400755,-0.031470524143500225,-0.0022211531770473594,-0.00628631607522317,-0.030342188247725273,0.0027829917031364634,-0.016209559547936174,-0.02086004817041516,-0.00113805769723557,-0.016513455515477924,0.008522203349994005,-0.004409875196890991,-0.005030640327120391,0.016621524781980743,0.014180050507278124,-0.007975111183445169,-0.015796917870212035,-0.008226195203570878,-0.0044490743926702565,-0.008412266864517822,0.009225772721871837,-0.016231023715627898,-0.005271018645134606,-0.007748465126216285,-0.01676209846767007,-0.017736284101296608,-0.016109128694711997,0.005918986159041718
2024-09-23,0.008648539617085876,-0.016267850240293626,-0.021596007480486484,0.0011446439930910607,0.004736322623751888,0.00662537986952408,-0.013030137535133005,0.020965405768148815,0.001303231950308478,-0.0006045009020401938,-0.003483734883711282,-4.5763393273161746e-05,-0.012917332081721179,-0.012876701384765205,0.024296826972121176,-0.006204254053265903,0.01988235032288925,-0.008388573955997541,0.03100420681005479,0.012103510050763154,-0.0014700396887954317,-0.006709232241580776,-0.003215740299106013,0.01710508216843727,-0.006427003877157347,0.021223588085313,-0.004351291138680355,0.02216143001104692,-0.003716532619538547,0.002290440257047815,0.012920603859020741,0.008688754100418028,-0.002527956146698619,-0.01396548153056221,-0.004373640102804657,-0.017152910519500644,-0.010814526829924648,0.001728660410071027,-0.014754842692886495,-0.007732406030449191,0.0016309853955348147,-0.018256117341945217,-0.02404916478773634,-0.015677709691696413,-0.014712534703253125,0.02411400369304911,0.0098109859862088,0.0032778062364731426,0.001035150808385708,-0.013967031399631465,-0.004004792113205722,0.0014161968999475113,0.00540734460362605,-0.010155865843248308,0.0016465692683970972,0.014103941730366654,-0.0014826012838570902,-0.01479348625998211,0.007342044895384208,0.0059303447156320195,-0.010913613585480073,-0.014282694085775835,-0.015315922746349391,0.00031040827736251867,-0.002117942638692915,0.00948024112815859,-0.0013977610492151584,0.023821422829073013,0.004839961535824966,-0.006854841598214521,0.003929267250197769,0.022097789503014435,0.016056638792440694,-0.009090317035739443,-0.013847726593499303,-0.0020873614465935636,0.028717164625123266,0.0016552651951144983,0.01764632314739423,5.5620324912041864e-05
2024-09-24,0.00021812111300435316,-0.0010038736388196029,-0.014509886668578772,8.838137934594117e-05,-0.009542072057698065,0.014275161314421438,0.011973787215172898,0.011524435984487671,-0.0035579277525078818,0.009306050663726653,-0.01246192797520947,0.006308590402577819,0.0020457923328295476,0.0025279652765551512,0.014004588422753358,-0.015840451432127447,0.0013264750973880513,0.005141777890209455,-0.02508792373200045,-0.014483663687782467,-0.0068796354882033565,-0.01402996176695648,-0.005177972862351034,0.013911899925399594,0.008295578726300363,-0.010881476130217019,0.004063007909390024,0.0068087282062083395,-0.01440160066645791,0.00413322914556052,0.0015139878729819132,-0.0065734817519235034,0.001162580025075036,0.0017386435033821144,-0.012002668676969865,-0.006416548389843476,-0.028397618876144094,-0.005737366453606687,-0.023936118167379245,-0.009305801855694459,-0.014737485478854125,-0.005063412130098019,-0.016068387439852228,-0.01671182099608843,-0.0006291238814190596,-0.0046779254490089935,0.0020717686957609843,-0.01906800684100958,-0.004211853239609613,0.0037020597051485773,-0.004048300943953687,-0.008724525146895042,-0.016689344291791742,-0.0142179992887834,-0.007009089252050337,-0.017810664686145658,-0.008549560205544279,-0.012703306936884018,-0.0118507965611803,-0.005048585419109111,-0.01624638823401474,-0.008938623590129608,-0.016613185529032157,-0.005857419955740253,0.01171706405321234,-0.0007830563219827346,-0.02464237381888134,-0.030044469987830637,0.026157621936423188,0.008422145219353982,-0.0006352637909379348,0.00436429621167523,-0.002116901400940642,-0.005287871938649629,-0.01579698965797129,-0.009549658095993929,-0.0010843028494781708,-0.0033688182209906667,-0.003081751067903392,-0.02562225166635343
2024-09-25,0.010126675009060723,-0.0004370490461268516,-0.023304014866956824,-0.011905143204789585,-0.030069451192879508,0.012300521891758733,0.01546828124218695,-0.00801565625101711,-0.00014915214838978987,0.002813188802884138,0.006081979240438816,0.012943053207088362,0.0017468630514528242,0.0036514724828817626,-0.00040162976844596357,-0.015090023011297735,0.009013613497137798,-0.011738989422737333,-5.765663600566882e-05,-0.012110626948558207,-0.029237573680778693,-0.000654915713350899,0.008620255955747181,-0.023709666407341082,-0.009670612903117387,-0.00031257169187049686,-0.007846582885976103,-0.0018899532632385115,-0.010114495785896389,0.017066832768418454,0.01360173179565655,0.0015920317498924457,0.012066095889545055,-0.0014148090096892975,0.007813256102054272,0.004724320574876817,-0.03832063546994256,0.0025858557079480537,0.015451813094366815,-0.004839785167990729,-0.009514203868504892,0.00412870423700165,-0.017088485455796963,-0.004416491342124397,-0.00542450316013509,0.022010064794393935,0.01252423539149239,-0.00920738156617088,0.007590483119509231,-0.022758887676780293,-0.004863254479169824,-0.017663833733711172,0.01427083662758453,-0.009154342708807916,-0.00860143719634289,-0.013321448243290226,0.012773090075384243,-0.00883468643779854,-0.009288664594149808,-0.0034707445374746334,-0.0077646812224391425,-0.01576474027095782,0.011057443922198672,0.0006367256324805483,0.012487078930237374,-0.010187820341315015,-0.004531615740807503,0.006434824584583633,0.004252471912646846,0.013349131783666819,-0.010136241486227247,-0.011570230744437488,-0.0022924569313087003,0.008718610999189632,-0.0046731070768606916,0.00762532146087966,-0.018185625394469468,-0.022463708756611325,-0.005299823516402104,-0.014847978885870389
2024-09-26,-0.008210732701846642,-0.0041403851608228775,-0.011594203802457459,-0.0008393033511249143,-0.009956610220678315,0.019567423076202996,-0.009516292616569798,0.002970468705059173,0.0035559205912134508,-0.0034190805763759874,0.031146645451825015,0.014268041331359792,0.003235304115352746,0.012566795111291953,-0.00387096334623386,-0.006171670030958483,-0.0042464964287790745,-0.002313500658324452,-0.0036793532382119252,0.008269388190520845,-0.02264791405522113,0.0076371934138476675,-0.005738039021482115,0.00643475410741812,0.027488206235408378,-0.011031532866273092,-0.01018382212653426,0.004792293072290689,0.024652147472526763,-0.012402735179327341,-0.0037401214965608197,-0.0036418043683265925,0.0006219556786880021,-0.010204890986140327,0.00033348936403727056,0.011087453803567626,-0.007591896366292739,0.015881486497945373,0.02106312304994822,0.01127872356726403,0.013302135565888488,0.016079200589680886,-0.0002370199443327732,-0.017334458368970337,-0.00939742210033654,0.01863478297898608,-0.01552421757192274,0.0005444793025998101,0.0004959398119474307,-0.006498484086674947,0.022571391839981074,0.012655226214478432,0.01778978351974108,0.020740188203890786,0.007149319606338863,-0.01838292698023023,-0.011930569785910831,0.005694759309814494,0.0015943921416561179,0.0001779891761563273,-0.0017412227203493713,0.038255690968842695,-0.0029572741953249643,-0.0016205394874940673,0.0015088380192685615,0.012366166091388221,0.010111400288916703,0.006570622086757426,-0.008278331206942335,-0.0011754236636562117,-0.003494245105138332,-0.0013495717976940462,-0.013429213375876234,-0.011297473682095847,0.013098233096433685,-0.00931884267657942,0.0025782342710902913,0.027669168888018722,-0.023724932000529105,0.002222340272373397
2024-09-27,-0.011895411006633086,-0.010767877885605303,-0.019238335282931136,-0.009494527345144839,0.0049428953288955515,0.007042212692655091,-0.012959024921013418,-0.016848180389998677,-0.005897066508965734,0.0144101953150626,-0.009964877687679351,0.030352170224661894,-0.005237348671260094,-0.006650450690881986,-0.014671669403694451,-0.008627306209167759,-0.007999825383356779,0.005232243436667003,0.01582739923959991,-0.011960132942981205,-0.004764364590398381,-0.029856515924326577,-0.02749480683089968,-0.001251441475818518,-0.001850688586436164,0.002472788327291888,-0.002837732879069916,-0.0015417258677036425,-0.03305637305504481,-0.0038429817372077663,-0.01340526421869068,-0.020156585710057955,-0.005185811517354914,-0.006245629299612589,0.007017279826080679,0.019874402796560046,-0.027626249849974357,-0.022464818307862594,-0.031663501819234226,-0.0003725165633590632,-0.018915086525604603,-0.008488625042707636,0.0010589097025840372,-0.018771099952984368,-0.0063262599965517065,-0.0008400010404459183,-0.03384713976686911,-0.012181460213850661,-0.015894362782523024,-0.0077240255386208795,-0.0168048908576817,0.03848893092810326,-0.001840347394195997,-0.009254920684010235,-0.011124974805347378,-0.009055350907915701,-0.008703381385860992,-0.01426709153494057,-0.008669221465563863,0.0042692274152916435,-0.02186162391920673,-0.02355333454269792,-0.0030806948815409827,0.015224488406404649,-0.005957837441139944,-0.004990593901756525,-0.005850302380001526,-0.0014433876561701536,0.004482219575004419,-0.013385476285617186,-0.004153183433044709,-0.010400435356714427,-0.007412364407566669,-0.013877516146238576,-0.019917019339550337,0.004454039108864993,-0.001033235908338241,-0.01871399671298342,-0.01193070987478258,-0.006548279464671547
2024-09-30,-0.015059352661084349,-0.026575839457433508,-0.01700690100619741,-0.012558203483285128,-0.007326016351360546,-0.011880597546017592,-0.01567387261703619,-0.02678764749406989,0.0006509296154728547,-0.008036492611495619,-0.02350852777740719,-0.03394299059131556,-0.026293621937985047,-0.012103898048490849,-0.02414367290774312,-0.010093578890691794,0.008130598022664526,-0.03016407588488873,-0.016123412949017594,0.004567458097780053,-0.01536155044157543,-0.03441674614661159,-0.021448510484127055,-0.001575371284913564,-0.0029389631804768845,-0.032230729537767455,-0.027276923637534863,-0.03334958587905979,-0.008247529617326228,-0.0033803744000910595,-0.01731750248641174,-0.028100117364466937,-0.011305987638184049,-0.03860622384118306,-0.022064506377699494,-0.008695795718389014,-0.006327594255688196,-0.01157724932705298,-0.04583670327881831,-0.03275524313032256,-0.018125145779064444,-0.010878715154246814,-0.021659533773194583,-0.018822993491069563,-0.007673028797789196,-0.015015458503998705,-0.023357473853511734,-0.027812491016540014,-0.016351283476060706,-0.017550388261737833,0.0013720633117741549,-0.021638666113228646,-0.01257250068129441,-0.010948496683662693,0.004147407228969219,-0.009120798261924655,-0.02741267990018384,-0.02674814497582153,-0.02561491693604254,-0.022872295117402686,-0.012452252526406752,0.003469091820156967,-0.015774743548426857,-0.010605883512126754,-0.026273081815818423,-0.00572433334841318,-0.015122215650778419,-0.004907736440065034,0.002525917472000429,-0.02633071304350334,-0.03933721176428726,-0.01729031799743011,-0.012603239121872346,-0.021896150844176728,0.0005378738496482453,0.0053852350657561795,-0.005459172339814605,-0.02676847439269596,0.022554859277875414,-0.009466494479272084
2024-10-01,0.01259959998243495,-0.0005115079031246632,0.005622187746255549,-0.004826822803013039,-0.0030270822283076752,0.008522653954907563,0.01930338060217437,0.0061578146515742175,-0.021992673854857252,0.024386375638139758,-0.010861206717924133,-0.0032495941280832955,0.02430946525677439,0.018724592055600096,0.021959544949071555,0.017503073559309915,0.023782382591176814,-0.004366703326809058,-0.002118325247025073,0.008144149616717354,0.0073744764534777974,0.011763110652185708,0.022035993060986952,0.019145941004216745,0.027617472368652567,0.0028339991444975734,0.005473773369620159,0.017215041022930068,-0.014436334436459477,0.023064311268539497,0.0022754288545248328,0.007263830046263989,0.002590811118658335,0.0080319805773716,0.01521230910149269,0.008209306409903238,-0.004428844552688781,0.026193544950777525,-0.012377025183337734,0.014289591665685348,0.0009459728369714572,-0.0008482980448105328,-0.01584072818769595,-0.010193415724483108,0.03111119990340517,0.008714225812372222,0.00704413165840494,0.008182903993346273,0.019055094181462583,0.006406139463931964,0.00745068829333725,0.007921118975456758,0.010614128033109745,0.002529527924474699,0.013005424697249825,0.0024311183669142276,0.025349170273005053,0.01850089217223925,0.018201769111953835,-0.006434601530020455,0.026096171835643646,0.01823585177336765,-0.011964833452914872,0.00036741549708743226,0.03538377762007312,0.0034000261575249523,0.026042800149837432,0.01695719379922947,0.0026875268503094678,0.01707183037232373,0.005882176724153447,-0.008628751460835768,0.004602987150195942,0.016437147045479137,0.006180502406945928,-0.008712687360940694,0.025673810173407065,0.006864819164946446,0.025027292211366983,-0.003887399645950215
2024-10-02,0.022487072893170867,-0.0011941365668125857,0.00997219140557981,0.01261882307376878,-0.0056287288465532975,-0.01843999073516521,-0.009459788737608655,0.003551284633688768,0.0002773303163585664,0.0007849875301662035,0.004205025302979817,0.005227063092344181,-0.0031244183385120737,0.011300494444661462,-0.006151360083344514,-0.010453687486973362,0.010720110293169806,-0.03658039825105362,0.004812860497337266,-0.005411657700634296,0.0033275795841831834,-0.023167878808175116,0.012839610803186702,-0.026886853891781713,-0.009097301609682525,-0.006605992883156336,-0.009534976741917021,0.004158797709351806,-0.017341414505696682,-0.007741981610849862,0.01304666133303457,-0.00458954951042103,0.01797579378806388,-0.012168781825070661,0.01051442117884371,0.009450867439493645,0.020351091361927084,0.03084135129526925,0.009896626785192602,-0.01616087770455476,-0.006978499321725838,0.0035419492253591558,-0.004580454821015,0.00751211115490232,-0.01724749266066526,-0.0064328536121384255,0.0015720966981925713,-0.011419017784709789,0.016168877493946028,-0.0016995040528469726,0.010039905724682184,0.009330716010637754,-0.01932896939233093,0.0038854230205298966,-0.0062520442902164845,-0.01576288733548737,-0.0057625181802524565,0.014513268459353522,0.003569903443233449,0.008725528045584945,0.012390021548595523,-0.010356836078443926,0.020838841960790586,-0.01378063915371609,-0.0007701262328150477,-0.012012699566970996,-0.007231726007656345,0.003014186908086581,0.008737703943553537,0.021782354154147584,-0.02008260278572868,0.007793725448781883,0.0022483362646928736,-0.008630808801512041,0.0009958435637541438,0.020264389139758292,0.005349940114060647,-0.011619063676077639,0.012667957968854053,-0.009405539624015162
2024-10-03,0.005409927165237521,-0.015531552143022978,-0.009771713584390943,0.0036499950973648975,-0.00906465005762438,0.010641163955722045,0.01794629741096758,-0.004909537748145303,0.009095761452318859,-0.019142893308498762,0.015687587603602633,0.01209824252716592,-0.0039406558264549335,0.001434879163846524,0.003683861827685339,0.0020884621387392338,0.01855396040441669,-0.0016062490399296162,-0.0010525064462780383,0.007938447021777317,0.004887933019629427,0.025686819195165307,0.017012146989442277,-0.01372171011753702,0.011692284057162605,-0.005325476475227669,-0.009179873006318074,0.0002556310297122719,0.008595787777561249,0.0012207967748167547,0.007587078131004751,0.0025856051685241434,0.016920541796229274,-0.014744620767038901,0.019560574718979314,0.004192817075884382,-0.008802639344018426,0.030449620817052818,0.000876224052317894,-0.006312954412708728,0.013487665261975076,0.004310933484044679,0.013688779320016399,0.01522755050262264,0.0014856018023248763,0.008353218787738075,-0.008166901138856621,0.019844944640391757,0.001607497579562413,0.0019387252164601142,0.013047032726993969,-0.007755579390098749,0.01157959039484407,-0.0031664582260545796,0.009669979234245382,0.005118933136307485,-0.0070768064041221,0.001485206434731109,-0.004895953250545202,0.01962825286029691,-0.004290555317997534,0.002473271613616253,0.0026185031247562486,-0.00951130889265408,0.025151412793076047,-0.034760315604216746,0.007194094689196565,0.005388766956478259,-0.01850396241271712,0.004119381046216045,0.004978997258192466,-0.0011779560780769763,0.009293764224925408,-0.018308665492376197,-0.003602146329894649,0.006300096916047101,0.00023717176649043535,-0.004213106710165775,0.004547883291524795,0.0010571097591872483
2024-10-04,-0.019802331341989474,-0.012470061733781517,-0.0107564692704466,-0.011603993430396446,-0.022416189418267785,0.0005483720964443231,-0.01265747298877036,-0.025307190911684208,-0.008363122892342482,0.0004927885670495142,-0.008587062883868894,-0.0019177848262883898,-0.014498921225912927,0.0002832195197117141,-0.022733146885314262,-0.025355743368683743,-0.03272498713441235,-0.029553069901778844,0.0245226082196511,-0.021987708394619644,-0.005602973197085253,-0.015606722757287597,-0.014889063580068456,0.008108495771027825,-0.01871745109594849,-0.02165608848979801,-0.01047558126311125,-0.006476645876711667,-0.004792641372012816,-0.012579330173448124,-0.005654611398285433,-0.020552986725667202,-0.019894756365144397,-0.023700798335972283,0.013536672805350876,-0.018489588834385652,0.008454727264062838,-0.021118135815130668,-0.029481926216776626,-0.01410067472806669,-0.02229269483555825,-0.01573456556855131,-0.03013869063735206,-0.02470205056844781,-0.0036054721126219874,-0.005006294232654213,-0.031524682756062496,-0.016714969506706184,-0.02864129474680789,-0.005325257026010303,0.00873960824064709,-0.027307812856250942,-0.0032183321478214417,-0.028337356367672782,-0.001380786150027031,0.010962530158504881,-0.012208207083354386,-0.022880493675799047,-0.009979634807751152,-0.0040109795124850705,-0.0022516469879132897,-0.02151247647586291,-0.022188877310369358,-0.0014748022279940445,-0.011115256345561778,-0.01638145371608178,0.012848536213992692,-0.012026792332961018,-0.026887750576230038,-0.021299086087464905,-0.0003220397535734776,-0.005321465013697367,-0.007777652573474705,0.002755935568637362,0.0004554392844759343,-0.01663343814229229,-0.018935509788146735,-0.01738907713004497,-0.014017692243517718,-0.006995510262348383
2024-10-07,0.008324345073035491,0.012591694240824066,0.002321037120929995,0.006658641603609017,0.005463203437314619,-0.014306594065113023,-0.0072598124888179315,-0.013221911587842068,-0.025447953459526336,0.012802400600330367,-0.01743474288986541,-0.009389752159310991,-0.0008832503286072065,-0.010761196236056186,-0.01587640998438187,-0.01600455884865499,-0.028709439789320383,-0.002560862152036911,0.007425290090843369,-0.005471739437928641,-0.010765282457282869,-0.014764060823976237,-0.0034490756672036363,0.0018869638575169032,-0.013033493126748924,-0.020608074222265294,-0.024261283750441336,-0.0030576543092153676,-0.01947138861504055,-0.019825710549752976,-0.008039920760051656,0.012541623145873999,-0.01142314130330515,0.001658590832773239,-0.02820349499972779,-0.014037662406695513,-0.023863354628680184,-0.006857384574491978,-0.01932648808843372,-0.0027763227826910924,-0.013428539986185182,0.007593187930091474,-0.01634973737852547,-0.013833315812767465,-0.007960530965591604,-0.008670735586875596,-0.006378452066939223,-0.014651253853878828,-0.00469420367861492,-0.0022260063265881307,0.0052118502382419545,0.002863344999508388,0.004708139579021009,0.005752986688875146,-0.021873656423293832,0.010316381422459331,-0.002426097385933374,-0.01419317809427496,-0.016932225114053772,0.0037841591067704844,-0.007284413309238008,-0.008903589672825236,-0.0016371193278802727,0.0071867371272797045,-0.021529028735909544,-0.009019910130924591,-0.0032925021525480828,0.009527914736240784,-0.007310988752194171,0.009859551650817998,-0.008518024798321052,-0.02339987310958818,0.0015715742423498633,-0.008336691148801414,-0.02067352651640837,-0.025228055040138142,-0.0012855129862924712,-0.004088645651535587,-0.006029371433113901,-0.00903481949469178
2024-10-08,-0.03446048480211274,0.006785974497986669,-0.01263879852808233,-0.051921479840194164,-0.017267692885354534,-0.006117054727157609,0.0007780387059619642,-0.006856288762817232,-0.01256179012555748,-0.014936546679517337,0.0006270229340991952,-0.0005362258860533171,-0.014419294665416771,-0.009520728044139138,-0.008917397438232952,-0.02620399296069928,-0.023057259220810714,0.005383623048228581,-0.012223146322493637,-0.008544535029672822,-0.02187885045039634,-0.0013084538154494764,-0.007659143798788493,-0.03777768390992184,-0.016748826117312307,-0.0048175332694126195,0.006573580597620294,-0.017375031775778857,-0.02119951361895821,-0.020265856214256396,0.013242797921652835,-0.004923618831091183,-0.011489487900227332,-0.011686427780058831,-0.037315181573257535,-0.02230923906891777,-0.0408399567218585,-0.027355960438163258,-0.02629748479561443,-0.0168914940389915,-0.014325923907478727,-0.003982351893732718,-0.0010889083631806535,-0.019357130250851923,-0.030814622804061408,-0.02837899676711257,-0.03299244014997284,-0.011288751170929878,-0.027839007053575254,-0.029432376724287845,-0.010594226632371691,-0.0167951886241258,-0.010990366830603098,-0.009259874586904226,-0.023872596191772517,-0.0011362654848469066,-0.026395281891932645,-0.03119609783175798,0.0003033242293081981,-0.0005645306600616708,-0.03764588244247955,-0.029974562650784443,0.012336914025499685,-0.026579962681626188,-0.03464128228917436,0.010143454965341376,0.003792891029545647,-0.024284562718395485,-0.004714570544587853,-0.0012886821257152015,-0.029565555000472525,-0.027029670284171737,-0.03391517965518147,-0.00567490645274966,-0.0042740548573380645,-0.0036842555958670003,-0.01908198544443543,-0.009572947124377408,-0.04183332743333273,-0.030232984835285272
2024-10-09,0.024558271800440998,0.015558814194623575,0.012990929519705112,-0.000618732893329468,-0.01582972375178756,-0.009716761308976163,0.005506971670314315,0.019320517439237014,0.0053726712059392265,0.007349517073439168,0.004328696159580651,0.03294869121692095,-0.013874419739144236,0.024269728609888363,0.010545089405662976,0.020551644505045034,0.002529257928674512,0.02837814015673408,0.002993033438458144,0.02141203180635177,0.003618991946880053,0.0054197093299953964,-0.007581031396539463,-0.0018309123207218754,0.008710168582057424,0.001975062618706164,0.0033571590165084515,0.01568872336195029,-0.02675946299095582,-0.018684998221494636,0.020455415701622574,0.016328794341842187,0.0023442787050634876,0.006775260548459738,-0.005203262193169182,0.0026152339490770147,-0.009035271806941856,-0.0016337440788393009,0.024470657552603546,-0.00343062810875121,-0.0021176760369844595,-0.011568721094687909,-0.011338597359713801,0.007501824361349249,-0.0004694105966462751,-0.002366294214245421,-0.016561553394543176,0.004600927174501578,0.00356619453978821,0.031622070104160245,-0.0052070706444197565,0.011533118332420782,-0.005068795530888925,0.0013631051271426613,0.005923979161829006,0.012912886032635075,0.003724236956593951,-0.0004783957765018224,-0.013226785908560702,0.004025994073237456,-0.012832487114205381,-0.006850360403422979,-0.011262735364540376,0.010945135005483664,-0.00837339248469915,0.005625822184477956,0.01313982572317874,0.0019800706769294296,0.0020067271026850634,0.020466645807240287,-0.014204896900440906,0.0053892765220472354,0.007589653536818135,0.007370453949820311,-0.013681853033513729,0.008837057584197196,0.01372640028046789,-0.008467469119516987,0.011281158285916162,-0.006056933270694682
2024-10-10,0.018071907225026818,0.00436141011560005,-0.01931546763505697,-0.005655203374831197,-0.012915966452493056,-0.002137226957665702,-0.00021943913297411185,0.005210937457465169,0.00837758946372165,0.024894018492817263,-0.011375641424099112,-0.004767677694115138,0.0019756856648828008,0.006924454171598168,0.0055239004693093535,0.0017502798057478417,-0.015694621954966962,0.011294019285276798,-0.003956359855478169,0.013254504091606792,-0.0004318593833100491,-0.00098525522108045,-0.008272068670942103,-0.017689630753354075,-0.0017911405087722764,0.00016859487538275347,-0.034158428195037234,-0.003795991809295644,-0.002320626080631351,-0.026027831004210356,-0.01272363926048271,0.0146960167517729,-0.005367161200176118,-0.001128076315444087,-0.010911091253929115,0.004081279542097738,0.018398787156540388,0.01291067231962039,-0.0005773966421242227,0.021951200613658392,-0.009178527922916097,0.017725945885464077,0.006248503839445736,-0.03180789621697888,0.007385539419370712,0.024243151339921207,0.0013496723088287157,0.02261533842888784,0.0025598701514633806,0.0014919479449335814,-0.004731242561441619,-0.004846334926805411,-0.0064435180456276775,0.0017076117330284332,-0.0024676385089977635,0.009562923988595765,0.025447667471565853,0.01785462831965791,-0.006077345718664627,-0.003468714324033179,0.015545775333632864,-0.001343792200283695,-0.020353778044369997,-0.0004604609390665539,0.007290134245297959,-0.0017297678282595808,-0.005827193959991715,-0.0005294144114027649,0.0007408489947892149,-0.018994350480905225,-0.0065890352313078635,0.0026068241034912665,-0.007240416627211724,0.009495602144020768,-0.006643434724276469,-0.011298003094455864,-0.0036489037608524607,-0.011003760527929854,-0.0036170014177427444,-0.004968837507803337
2024-10-11,0.0015323245629002462,0.00678124245840704,-0.00941727273096624,0.006105608143190718,0.0009173505112858743,0.01225991633115247,0.018575490839397316,0.01045879708845541,0.0056394635902906175,0.015879096080658798,0.009983221608297116,0.0221638134383744,-0.0016064771891522184,0.011409982123831675,-0.009652642015589342,0.007621172730435208,0.0023734079280750666,0.024256059771084686,0.01065732148190408,0.03537785793640866,0.011687681771580354,0.03268156291174034,0.022029533242589338,0.005226331027227992,0.02103098319249117,0.021780653477107923,-0.010873269309538537,0.0020568558681151507,0.0007189235780767234,0.003004577983732208,0.003589315037461845,0.015219915812403674,0.0034875529878328586,-0.0030453837501539065,0.015621682674119737,-0.009288428990294105,-0.005069744768523336,0.010728078794462678,-0.018641341385185466,0.0071306535353053944,-0.002625823549988097,0.02627532690750014,-0.005752047123592497,0.02327575127348925,0.01536221719737599,0.01957496665834154,0.007966122898003311,0.020188433195739493,0.0065980837900324095,0.0019371728557541958,0.029411342799316655,0.021171001957492976,0.008257752579309054,0.013878216660366505,-0.0008848428330188662,0.013182689250809303,0.024049017269900753,0.002438425834543732,0.017503826312326533,0.007073681775234016,-0.015703190516455637,-0.0132972907177821,-0.013307716594778486,-0.004206617035244196,-0.009894529463345923,0.014678290118943803,6.253271006106086e-05,0.0261158301245593,0.022384382221358377,0.026283678053061827,0.013495429654136346,0.03611857860030332,0.006274704785991752,0.015362407604712604,0.017742555810882514,0.02658688060147177,-0.004772703050522347,0.017348895639102524,-0.007096365199612935,0.031086774768690033
2024-10-14,-0.006796668329710753,-0.0019194778344648073,-0.007449034984868721,-0.018396089590493526,-0.00690929330548781,0.005475667489368415,0.022357857100757147,-0.011273603564449293,-0.002384143468408163,-0.03107364545949666,0.024467601294945098,-0.02095057342090973,-0.00042389382418302375,0.011376827570864133,-0.014215099276832366,-0.008369720998611765,0.0016593827394277179,-0.012983838801473932,-0.007858577421931422,0.003797446771238053,0.0012780100553074604,-0.015205476292166033,0.025489038377870615,-0.029743122965578784,-0.02680832947353117,0.009832039270045386,-0.01635359069928508,-0.012730498405077784,0.007499977949474076,-0.02587574395589859,0.008127336260579302,0.00011301192175378234,-0.0063416314232706905,0.03202765549795317,0.009776846399234386,-0.0034390213308206742,0.0017466979873416505,-0.01686968443963256,0.009678939931479833,0.0008863920223111943,-0.015627317636403147,-0.0062170725660924886,-0.0025202736730094593,-0.016420453035859674,-0.0028000633626839183,-0.014497913445654334,-0.005207092917546295,-0.004335053081240331,-0.010755217148610222,-0.009441506564616054,0.007264995229057507,-0.003286880446516369,-0.014623456997826639,-0.030290055090218315,0.004901521458868309,-0.010517260577960263,-0.003197785392110148,0.0037526361350605974,0.011827632162852894,-0.05005411137097437,0.013850015440710338,-0.01606931976846339,-0.016836609425409595,-0.013407990559858021,-0.03210100885151473,0.004343664615581557,0.014368466629659406,-0.01514461080241468,0.006887010202898235,-0.003197377847223807,0.0034596562980763346,-0.024630096538707617,-0.002307195581079797,0.011035601144053608,-0.00522416158463777,0.008915476746681795,0.006604304047984318,0.018089004082853927,-0.004307499477322146,0.00754354425812272
2024-10-15,-0.0006638176733718207,-0.013813265685592761,-0.03601381611161261,-0.015017110131826732,0.004705682730400789,0.0032915223732782857,-0.01164515593547359,-0.0017930379963351853,-0.001685228178786997,-0.012288331296103667,-0.002509128535771345,-0.01808560194217869,-0.012998375732012237,-0.010366921182112021,0.000992824442222635,-0.016034543024332437,-0.015968505031650475,-0.0015748226255280578,-0.011574048014618539,-0.01999937430285738,0.002067151533780216,-0.03099930984120504,-0.011614329731954778,0.000996941731027122,-0.01991807248257413,-0.013439228037644644,-0.027591977792224123,-0.01587071694968836,-0.027630913254078144,0.017213953908176406,-0.027915912701326283,-0.005881078042351234,0.011097180561095857,-0.033117194714015176,-0.00046262894059094506,-0.01949932769786655,-0.006509221531250367,-0.00860634134293017,-0.02788305102098842,-0.014301752106093097,-0.014967502743318116,0.007019422006137376,-0.017948333112289265,-0.0075067552385232016,-0.012860276255075038,-0.012050897762590607,-0.014768243202071972,-0.0028033825543014304,-0.011421085903737336,0.018515742598811093,-0.002981237581034246,0.0024306489218401802,0.0005066136968860917,0.02126355842478265,-0.0037766054821986115,0.009079018396015487,-0.0016158940125215824,-0.008125230487902105,-0.03251049210195838,0.003211942838322354,-0.025476669818138408,-0.0035606007524751067,-0.015577137221781504,-0.010026845855658828,0.0005278720660018364,-0.017123203937868856,-0.0021883093841963564,-0.01958356026704245,0.004226893364925984,-0.003537168042968013,-0.008775381422508761,0.011030609033102018,-0.02211525392288314,-0.023280373372130108,-0.006062756846398821,-0.01179425434330442,0.006501683164677998,-0.015408655307106226,-0.006488477585627589,-0.006883491992902167
2024-10-16,-0.019148233846139305,-0.0014590141987108982,-0.02735455835674323,-0.002343045424912416,-0.015568740011809107,0.002898466566039517,-0.0054723342991156,-0.0012127007978283936,-0.025319894669309825,-0.017922820073090012,-0.024350385164565384,-0.009920196186143338,-0.01658001121425314,0.012199117576670982,-0.006696030595105378,0.005276522338363846,0.0021043584318342374,-0.02512529230229434,0.014109645610678175,-0.0032879692053375503,-0.028330210009660375,-0.0002607732051415502,-0.005343033343444125,-0.014582543531628776,0.01931493479393616,-0.03350186388028197,-0.01241704934028786,0.00043550567308742183,0.0033466807258947812,0.008310658308148474,-0.010834160712747109,-0.015762325574006086,-0.0013488627061817218,-0.018855264813512154,-0.006770028921727407,-0.00833422841413007,-0.009924884843517877,0.019041596819824178,-0.02571557286712164,-0.01360045937901051,-0.004481482225638977,-0.025978110205552997,0.003346692294280647,-0.044098113833155594,-0.0261141164479643,-0.0036756181658422708,-0.0015897546699530588,-0.006921066315006394,-0.005519436485038841,0.001956539077906454,-0.002464057194202512,-0.0068467926609171266,-0.005794737585139554,-0.006635906600525795,0.02411136029224477,-0.01958525661335446,-0.017042705871008618,-0.001569364621050633,-0.01611713090012966,0.015370186659267438,0.016580526540077203,0.002399941971508872,-0.01067299932175484,-0.019173892084962688,-0.02514448549217335,-0.04320725484013374,-0.01716427950722261,0.016079004463707434,-0.019211851718759936,0.004554515472840172,-0.0027298758484713267,-0.019244109916761152,0.002539307796466649,-0.012709901019723325,0.00622204143791262,-0.005187848473714871,0.012738813332636682,-0.032457496335156745,-0.0066149923682007235,-0.029751989210645844
2024-10-17,-0.021938047838645336,0.01466575531537866,-0.017252385310491926,-0.011480409209648212,0.006715866702801821,0.011886814843109933,0.01420332644583188,0.007624631684209347,0.003942218137453784,-0.0052777382189168505,-0.015463569960259561,0.022979227082743796,0.016358499883185513,0.013610295153668352,0.004283727257617954,0.0050660998640329104,0.009642422520935126,0.009148395694332668,-0.013214079818125214,0.0005100735713317725,-0.008142878978453578,0.011273654737733424,-0.00022121047377261435,0.007950399888286764,-0.008703965281563673,0.008812734668585086,0.02104054537653375,0.0023813149463439588,0.02031880995096401,0.01587389873630112,0.01809037156844222,0.0009688860480193988,0.019284915388086812,0.020247675085895978,0.00578789996473644,-0.019261408837602113,0.02722246615479685,0.011090743108819707,0.025600659290141353,0.01721863244871335,0.008205156941553514,-0.005335941851585998,-0.024795396536452782,0.020287041002942492,0.027971447042713704,-0.002712447888419979,0.0010378800296691748,-0.0033629018539495445,-0.0027133349613216624,0.002602931471511071,0.00590726457943345,0.0021247195564806955,-9.104043807391105e-06,0.01438399480197117,0.007733717567867501,0.019523371796598455,0.006472691769345072,0.007034728398588002,-0.010781701933833644,0.029762789484666506,0.01828644012513351,0.0021476795292009695,-0.0043718642370658865,-0.01478327632708776,-0.0011103646546794365,0.02721193651368417,0.013307011453200878,-0.017533235194236697,0.004824796688463914,-3.28606871897643e-05,0.006578786279823508,0.01293807670997358,-0.015561222881363,0.018430031306654653,-0.003226973829511479,0.00951262877579164,0.02041149423583071,0.0012941950795966667,0.01218570671896815,0.003119756435473566
2024-10-18,0.029287746364469444,0.026962384113196357,0.04144322470190037,0.04070458494647816,0.006563516293820932,0.02641804080365068,0.02423859731659965,0.016803700404231646,0.017194841426641003,0.01953980812525663,0.015934173695647574,0.01556523404260308,0.040294795826413175,0.04980170827639275,0.03196092847799874,0.00846669762241674,0.0353331141983718,0.04037381818395716,0.018877933176667746,0.018853134117768625,0.01577182905837717,0.02386092471017666,0.02631410774248071,0.02497808160353472,0.02655009660107614,-0.0028216798774594667,0.01978634871341088,0.00475358507500696,0.026268136277640484,0.005860982379815895,0.01419122793836063,0.01625706826649804,0.021235482296808425,0.022275487879845388,0.029341962070083008,0.03033502418273247,0.030820495035283658,-0.00600294718446805,0.04288016975697535,0.00890851771975132,0.016315753130169416,0.04340626836928352,0.023926230350583458,0.030283611902902678,0.012108789025285983,0.017700960282278546,0.04763311315253536,0.012717052482948642,0.01415426447643156,0.03728739220648265,0.020005564854128938,0.031286505148216535,0.01308341089815093,0.0124914281697114,0.032692706984592215,0.016636864113491655,0.032345878296836834,0.02372501322712162,0.013476323157499144,0.02283311911226985,0.017414598835203448,-0.002829705509813008,0.015581407915367782,0.01937146887182032,0.02539747499805882,-0.0020668058018542997,0.05333398538488829,0.0243950492852467,-0.005372370335260489,0.013284566318054894,0.03973904595873727,0.03247665479588691,0.030894731229704875,-0.014380752777537281,0.04340349511346149,0.024869087902378455,0.03933225031289141,0.011739151351450913,0.031633774063601273,0.03785573517801141
2024-10-21,0.008370643338989422,-0.020947542824910615,0.005150643688086892,-0.01546670544468059,-0.002149837750616518,-0.0011149019577298726,-0.0016050547554515378,-0.005183794733288915,0.011709900391542453,-0.004867669227978321,0.009998589980634073,0.0065941916393399995,0.009442130674795364,0.0026782739294465875,0.023981209839355165,0.018369948875177296,-0.0063525844133566055,-0.0307725685002288,-0.008785395551269753,0.016352388112595442,-0.002238681553329585,0.0015190353031339782,0.004394070867403379,-0.012242908301371556,0.015366729868063991,0.008468225197192565,0.004425739057981885,0.021158405981225148,-0.00843229853906076,-0.004263190982852148,-0.008174456378068993,-0.0034812230590323284,-0.00848678640151302,-0.004675480687501366,0.0013021434658427164,0.0068332914582338545,0.002646935401227827,-0.011028491241576375,0.00490701889257782,-0.004367012056760419,-0.010331265341208377,0.007065227737476209,-0.0033074162162354793,-0.013072304300083142,0.0026913289761700317,-0.031147495311966818,-0.01854676494648031,0.0026166376255623352,-0.01822178790744774,0.031201908404613992,-0.0025159651492321095,-0.020407320391814116,-0.00856842534251142,-0.005501515638100635,0.0020619959882125552,-0.022739249102391973,0.0048962801869664035,-0.021216928797567373,0.011403451387600794,-0.013876716577389727,-0.0068771680418744366,0.004039812621197946,0.009871105635402458,0.0065558037344799714,0.012146839167161099,0.0043860578755166284,-0.020423160254370767,-0.025539737934483685,0.000550720202188006,-0.008660426091714864,0.008505201257774238,-0.015428420065185239,-0.008886479127355372,-0.0003949563102387402,-0.010100781434527709,-0.023144281831784737,-0.00019453242558081796,0.02102681760781897,0.002311366678973751,0.008259131271665191
2024-10-22,0.02452644921390596,0.009116857209924629,0.014585548527369483,-0.0039900024153537005,-0.01698766276656291,-0.005238721127652434,0.024628440302756696,0.004032773063136012,0.003743703338798617,-0.002955979060946954,0.009318165102224494,0.012668494005676975,0.019943603860328146,-0.01879346640747718,0.003655234602806487,0.017505226383611492,0.015811263248068058,0.018888662532251396,-0.00035826506029910943,-0.018886854412596417,0.01406844892625293,0.007564329780628442,0.008309026860472527,0.018910021160325512,0.00464015633050972,0.014183969616518695,-0.017844964107584384,0.010310312225622302,0.011078877292220752,0.006036894064543087,-0.00023472841158754879,0.010763374949267381,0.01916737393967137,0.015126997723887328,0.012554445404086682,0.009131782133933978,0.005010208702912291,-0.0032899750339812524,0.00714691392627236,0.02262831088689448,0.0054926384108377035,-0.0059463461044198,-0.002979959421935955,-0.006184421801601382,-0.016200848924680048,-0.008801272258706727,0.030761230316844974,0.007960916995601997,0.023413496722313267,0.02014792162245967,-0.007398424987824825,-0.00496601822924212,-0.014171321084276794,0.008615051515418802,0.005674830216996635,-0.008852565857568311,0.0023301689426931437,0.008383140979675663,0.009819542579879343,-0.011556886572694833,-0.009320666995340916,0.003210326282601025,0.008323853631505247,-0.004398531473451565,0.0048120188101810095,0.0015206245598771966,0.016348036079256986,-0.004129620367576286,0.0037829226355202516,0.01406902188845369,0.014188217894059149,0.02116328625418184,0.0019060536828408555,-0.008424998580250066,-0.008041653849902013,0.0058106838218255725,0.020900965342391335,-0.005578858820950053,0.024531357830608037,-0.008078281023787734
2024-10-23,-0.00956871547931449,-0.02327440423127766,-0.019415144227653773,-0.026263260825168215,0.018220149663837934,0.015520768012352575,-0.025601865127123362,-0.010111853129079263,0.017812952629609552,0.015970700885256837,-0.0038685232049831073,-0.018734957010607317,-0.008180660259448422,-0.011762023930209338,-0.01140002697798058,0.011553591043449154,-0.014228468409476978,-0.002325463325145749,0.020792672962597847,-0.01404191509756687,0.003516034982875488,0.007131875086346537,0.005136954858324472,0.0032838414267983623,-0.03150588107006297,0.020839503462906625,-0.002271608628795576,-0.004493923482680587,0.020389088479392338,0.0074263623884004235,-0.00535467098486931,0.022864818073264848,-0.016899917731562877,-0.028189653349812972,-0.013924242568431944,-0.030605349512597087,0.007699637372783471,-0.014759817099502134,-0.0033506614875931403,-0.00471610707626092,-0.0065014068872442056,-0.015447655253853828,-0.01796413453851138,-0.03430224839973887,0.00792282200402771,0.003646134477371314,0.0035751363599041096,-0.008113552583478088,-0.004627476354599957,-0.012132299735726344,-0.016415706762700998,-0.039401109234369264,0.0076451270614843435,-0.005516603866929594,0.0007258796520652486,0.025589438796834743,-0.02446299040296198,0.011046656514754078,-0.005967390462296858,-0.020122288299943347,0.014474665419871283,-0.005822075726829141,0.001549914645431462,-0.010091484134671761,-0.014226154389871841,-0.01815090721386311,-0.002111492996348061,0.009262446016226044,-0.0012517964598335856,-0.0013033272534021811,-0.01150982309969101,-0.022497541118331188,-0.012710103314612557,-0.003939645391199439,0.0003177845373566711,-0.004371279033794331,0.008288876438712043,-0.00063004983915278,-0.02534040882958212,0.03483649856414596
2024-10-24,-0.01784750391510418,0.013954394601094593,-0.018738692896597138,-0.004125712359731132,0.013015349232555241,0.016596693488549384,-0.004509858829311354,-0.012028680466980494,-0.008018808152617928,-0.010146603631918692,-0.014581947894394834,0.01173761135355526,-0.016409979961755826,-0.01960170151818797,-0.010261854810474647,0.017197803352734062,-0.005768288466852071,0.0028691394302110427,0.004082340913518056,-0.019687806094724643,-0.003485357982726202,-0.002681307191607773,0.00325855909131418,0.003918194056964978,-0.004145017445081294,-0.00827745984909294,-0.007210987923304238,0.026249098405038834,-0.020002579934536753,-0.0051847283334737785,-0.0005614325579886793,-0.01628037105302378,0.012971787535084829,-0.014084163401676685,-0.006946516763853109,-0.020474096711793923,-0.01949104204620649,-0.007564962787778897,-0.011099905247583797,-0.004936572734055069,0.007290713881704958,0.014279173248200772,-0.0147815765623499,-0.031442120914839826,-0.022897717016150863,-0.008534249833487455,-0.018538186232151255,-0.000559806281196595,-0.018741974673897724,-0.018539862028306084,-0.02037242593337889,-0.015654201814182128,-0.013256278806328561,-0.004796443943689629,-0.0005206448900871123,-0.007548005929413454,0.0030660934146295006,-0.005686684772097708,-0.0228985588848888,0.000390027678541913,-0.010089067685775922,-0.03053154160604246,-0.011885231579347535,-0.019464344206947346,0.00312525866176663,0.002439636331985914,-0.018005148029328576,-0.00749375003297605,0.008525027663801765,-0.011622849856895424,-0.0022235541903244792,-0.0071655750318767855,0.0051255060218635745,-0.00019041681352977534,-0.0023422170178980916,-0.00699662760054029,-0.016580312476111445,-0.004233209122798452,-0.002233741456878046,-0.015089204923375881
2024-10-25,-0.02017484013711149,-0.005325274227598291,-0.001675389118314094,0.015221309055914975,-0.014317591534126066,-0.004593695253610534,-0.005013695397307755,-0.008210943869252106,-0.030739755176511643,-0.017822264969162567,-0.013982924985900319,-0.026509921320387334,-0.028570013731208686,-0.024850174419343236,-0.0020819025622137496,-0.03688103594343821,-0.006726987904563858,0.013376755545672397,0.0012176531961094871,-0.024982455262290152,-0.013517211608377626,-0.004984510168033724,-0.029983094972322308,-0.0013621028236319496,-0.01502917806826982,0.009779674696636886,-0.028713165594827318,-0.0024799424591057436,-0.008546815104277298,0.02166216396158543,-0.019021480358640742,-0.044998534293858444,-0.006036434391032226,-0.013949362684301195,0.0012543203520352375,-0.028800717688848714,-0.010796428658298357,-0.013747143012525966,-0.006540311604907012,-0.009456194190800842,-0.005862123098558283,0.0036125803616546617,-0.004083225944636338,-0.030042938392850792,-0.002269585051187871,-0.007438978951703723,-0.0066570220530748365,-0.015759101485688595,-0.002538652113277815,-0.00029459612341223166,-0.002880195415530273,-0.02394775786597548,-0.005409902982244389,-0.00562529777706916,-0.028334158705485227,-0.022924812334936748,-0.010259286600653832,0.005685561117850775,-0.0009205630363377255,-0.024041727031383117,-0.016542481514859937,-0.019913272993948433,-0.011962559891552592,-0.020837743578475523,-0.010887598025359,0.011607847917046308,0.008685766537877474,-0.009113349638740414,-0.020788516513370055,-0.03042733847802743,-0.005562898623602542,-0.0008097535414982593,0.0037103102947435886,-0.0065703109083883,-0.012670482701967342,-0.0071515240105686296,-0.015897848565822575,-0.021984622373905985,-0.028546535764857495,-0.0004993620731453645
2024-10-28,0.020231574195930187,-0.010765014187351693,0.01428493899483359,0.009846489997459386,-0.004380730414252828,0.0033665133142450512,0.013592295522823712,-0.00321020613898858,0.002050615304944208,-0.01442843943420803,-0.017663957334752744,0.01403672215916612,-0.01590764839792432,0.005119734178914881,0.009079823899478884,0.000679702757256641,0.011567286964388794,-0.011077872103566415,0.02301199006614987,-0.00494170932030069,0.025643628417503794,-0.014019884859896503,-0.010443914118750394,-0.0023258558105483974,0.012916874257521634,-0.009311976824758803,0.024404863931073127,0.0017092274818417403,0.005476056556351857,0.0005879305915933962,-0.008555585356932446,-0.0061513384074452105,0.010009418208432031,-0.0019016242131018424,-0.035137097926436024,0.01058146007844385,-0.005035976024943916,0.016454695138195894,-0.004163720631668066,0.005449387226465496,0.006108243491317148,-0.01310378648461559,0.0027592238445981456,0.004138287003518322,0.010976891991601793,-0.005766786468735388,-0.010428700902942652,0.017699696131108687,0.019852651718911624,-0.015901102955546836,-0.002511116944756321,0.011385309084229626,-0.02178882384219218,-0.005750492850334026,-0.0035886678151423436,0.0026482789693083693,0.007026370468662686,-0.013883563930776324,0.01278128599098061,0.0009088735902337132,-0.011394207050755722,0.009220281001945729,0.010931219493064956,0.006334297081469259,0.02248670507971927,-0.017591721958457776,0.007866664270273917,-0.007626365700129076,0.013941138916925444,0.008750967944555219,0.012575513515181113,0.021179000595982943,0.012238722613249285,-0.00796849065398156,-0.013992905227242003,-0.00045529368566333325,-0.008205187628978936,-0.0016183864355608798,0.009642448345525927,-0.0014448458117594818
2024-10-29,0.010211379137615252,-0.015591295992097706,-0.012715170619769772,0.004065024985741539,-0.002787905402172358,0.0029635195127876456,-0.008637180133201828,-0.01790025491809413,0.009753827675817738,-0.03337929788380249,0.00688854478961295,0.008235810681258837,0.010624133777691294,0.012050891961935442,-0.0015118629690790658,0.01532841148377272,-0.0006225467518840998,-0.02680382816141713,-0.0024420073336739495,-0.011679088400427626,0.013795344289501606,0.00026440251171877885,-0.008859675888195351,0.007542042023751176,-0.00045087585190642463,-0.005746082616775314,-0.010052772839680549,0.014374829204857305,-0.02470670278214439,0.003932437932130846,0.009437849234513455,-0.006954256327182803,-0.005004194626375906,0.007607030663262827,0.008720389678226893,-0.006715292678796444,-0.008928395388783577,-0.00933306349408332,-0.025499548163009964,0.0011584955175707994,-0.01927919527038135,-0.008670954598984325,0.0005368098286301255,-0.022325506623612615,0.02187872195007273,0.010121299416320163,-0.009967926419271994,-0.021730016601959376,-0.019207388826951204,-0.012882385222958655,0.006823204586310926,-0.003986831642348034,-0.00545930845452447,-0.01838787609347699,0.01382410315946238,-0.0022753958698888254,-0.012169463745328072,-0.017136499028694165,0.012854572802851075,-0.0015571821587750693,0.007557256122682744,0.01646615619137251,0.01230824798321228,0.008077285743743197,0.0002557083912337957,-0.00530466801548074,0.012092237766936664,0.002967735954822768,0.0053436200717106135,-0.008423306809205507,0.002917600530765529,-0.028120947250400437,-0.015292455842006657,-0.0009034887073288266,0.014362257629959189,0.0007251760633767055,0.012783219760204832,0.016271256858716342,-0.023980992104289955,-0.03189837953294322
2024-10-30,-0.025149401882382294,-0.020192951167136042,-0.01655119026905419,0.02898063070892748,-0.02837652743765643,-0.020579966000683254,0.012217495179281532,0.016613402754643687,-0.007484461138937685,-0.033141779987126266,-0.01831498597879254,-0.01994041064741293,-0.010816172200639254,-0.010685362344945642,0.024800444667683757,0.0012827260981827342,-0.0142700429636235,-0.004449999192937312,-0.030245338680956278,-0.031708944257923775,0.01795543918717317,-0.013094702424215315,-0.030007870121810644,0.0019789530604664863,0.004302581370391204,0.016148619380369246,-0.010223575319797458,-0.007954490706717965,-0.008730350810835001,-0.005898429316223533,-0.0055151976615119445,-0.03087645305511757,-0.02334955809532215,-0.009185848342222604,-0.03105715992573418,-0.02935584238700469,-0.02079583477736526,0.0025654923098702527,-0.014073642192228673,-0.01104108877703759,-0.019796840611608295,-0.007108282943076718,-0.013421935776782455,-0.02025448130756501,0.015734847044833397,-0.01745938910470416,-0.007646031293569227,-0.011231691392263009,-0.005124651057156143,0.004436300575937068,-0.0064880959348064815,-0.013469090255406472,-0.012917190087947547,-0.006621390806142208,-0.01877193391799638,0.00043529823118251994,0.0069630007193226175,0.03687923459608478,-0.0026229005012283705,-0.03111988363856573,0.008967630195041253,-0.007304396676371861,0.0003735478194650827,-0.00948330945327893,0.0012656465316606101,-0.012280924654740885,-0.013287407447502762,-0.024896845423796027,-0.009659548424614677,3.0468061309602e-05,0.003140540994147744,-0.0028491899298194196,-0.030299042240802307,-0.022704690660533405,-0.002907875977450033,0.019825269504570565,-0.015541732753984882,0.0036745237205016885,-0.0060565708146794964,0.0020033507240226796
2024-10-31,0.013912809943532806,0.012050992552220214,0.00353776145783478,0.01019789030029733,0.012305894996501626,-0.003646828762722559,0.016541725439342327,0.007497449082775771,0.04618587681075991,0.018581898829891752,0.01848114687075604,0.0069165990213099875,0.019803723072100453,0.013750470339138232,-0.01417589922834166,0.016294526192577756,0.039413094422557776,-0.015129928704112068,0.025995667215746223,0.023947331118883697,-0.003254425978013245,-0.005126823285528735,0.016962869931518847,-0.009537469740302802,0.01653571287781968,0.018672740485381225,0.018460428253362884,0.004206088352382491,0.01488965822880646,0.0074895862882977645,0.0074172579179139254,0.020049460604952628,0.0324394183145648,0.0028260168481922367,0.029325954830131316,0.03449295988625092,0.0011645225602837355,-0.003677812097620581,-0.01716601447237251,-0.006470646847330884,-0.0007045725313025736,0.0036110363179098683,0.012386585414939253,0.0021849503389415083,0.006616080211187914,0.02595469456732542,0.025804863885773806,0.01743319294538236,0.03636094341720018,0.003310854951497264,0.0020435943229910308,0.018102470203303765,0.0190881996495029,0.0048787405246742965,-0.0038225309850066823,0.014339315351858742,0.015188744119502013,-0.0021483015974036596,0.0008817566511029103,-0.00033836565977308965,0.0050378534017098,-0.002983098936472154,0.0005078537387322108,-0.0040907580678884135,0.0061629038960728764,0.013882608296933063,0.016019154198042278,0.00890390323747103,0.004514457440807702,0.0009087591901123879,-0.004877774508270114,0.017336045975170026,0.01766852082376169,0.024767078332277655,0.01921487202691996,0.01642184252188371,0.013988971493214047,0.008226124198393654,0.004664452854256651,9.597924435130085e-05
2024-11-01,0.018425385427777413,0.020510109459995148,0.004067191860156396,0.005515479850530614,0.007469393674166801,0.02181895504029631,0.015965244148119374,0.013394408741789975,0.015808940605492983,-0.00763684230259023,0.012495654729797842,-0.004154957602708523,0.03191244755614253,0.019765239013265736,0.033790935423609836,0.009808759667941872,0.0072552448161018745,-0.02413124885668251,0.0036058557726279233,0.007398965018538461,0.0029181012825281565,0.00017803314571436264,0.0030446447941600337,0.007052163903860217,-0.003173975123338977,0.0004511809714923213,0.00876033540640131,-0.004132779826814115,0.02638520622529772,0.015057068108694775,0.006045749332984967,-0.004774867000332996,0.014180286552953943,0.007908852288029365,0.006335087930699873,0.019123489809831286,0.008086786884921034,0.016158297641246877,0.02508550285335448,-0.012506739663223453,0.005879647273126507,-0.022632857041526226,0.00757742606605551,-0.011792830408312844,0.016972857257117734,-0.011596881102547684,0.011873695379150808,0.008701399751365782,-0.006771625361181671,0.002971968104432505,0.013431394588973581,0.003689183015285808,0.01714153643246099,0.008418480170583458,0.01353330856559459,0.009903781209295338,-0.010958639028770065,-0.0029227254993551325,0.011597952971517512,0.00814120589907482,-0.006808841558189909,0.009800141291843853,0.007314545342447364,0.013565317413665522,-0.002735916024217154,0.013817334066732991,0.008035652735670445,-0.01511083365608151,0.008913388945744737,0.019584092611274993,-0.0021867960117513616,0.007743873910283666,-0.019915978121403666,0.013143746471533362,0.010512968759570685,0.019947786825258832,0.014436766779337345,-0.017444695222777334,0.003869466032096489,-0.005139064972861834
2024-11-04,-0.003992607834218475,0.019550925983455234,0.004366318003624187,0.010315517630375765,0.013396478618737082,0.0038659066673679045,0.014133611958021272,0.0289630117012436,0.009052097521246005,0.009822977925346282,0.02682538109810234,0.0030513259830437936,0.012819435066978392,-0.002192554675149932,0.029302437993568846,0.01064336040418988,0.004547620676053683,0.00873079232071343,0.03167432437213285,0.018113057552767365,0.00025724076880597954,0.006959318752748031,0.025842702000191932,-0.0013137162922707245,0.0012087299089496477,0.012766088127191627,0.016786824819175362,0.00033312327725701883,0.014693716418510718,0.008787317458922984,0.024425963078081644,0.01640592097712891,0.002430856295821718,0.01712490473076236,-0.0043558750444563955,-0.0003670123440154497,0.004785043466668609,0.016596133097073834,0.022852325132798453,0.02214930608546705,0.03603381011984047,0.015817263289405338,0.018532222154600375,0.01596079581272556,0.04733153315010742,0.013247534211029647,0.0036986271589062765,0.01116269068817686,-0.028479093174692733,0.007572812138169065,0.009205095795989483,0.0023073628929960524,0.03454053271495188,0.03724824680275281,0.025034107363503158,0.037505644736754974,0.008440020442913181,0.03572141662140737,0.0029384297125310196,0.007393212958988433,0.016570395277714315,0.03367043194954199,0.03592618817335923,0.0003110385324577077,0.010966647718521023,0.01013935044953044,0.020858594757740767,0.011858639177049775,0.016386760527700106,0.02519006432096731,0.021878138822610502,0.013912675476264742,0.009642006441978108,-0.01020632701568586,0.006456112378758894,-0.00604365290951384,0.02042323492234606,0.013613890202249734,0.028903628192550396,0.005843232785629658
2024-11-05,0.006404588536280194,-0.01318604947674799,0.01485831870866426,-0.019505385168121264,0.01596739191155797,-0.02448942980135055,-0.003797766024713104,-0.011829974744631084,0.015359352415320259,0.017795623369903625,-0.012214042636530927,0.023869414295131692,-0.006582778188898224,0.017084225568753608,-6.694769406667515e-06,0.011200027778577357,-0.00403536945754015,0.00381130299464923,-0.01807919950485594,-0.007865265072694257,0.005781186747804727,-0.021168622567766963,0.0033702234652241356,0.003381783312180669,0.016436885255188712,0.008658632402993152,-0.0026439198547766464,0.012454456390280845,-0.0040678068191983534,0.003548610362566839,0.006934881002794089,-0.012790890087308444,0.00033413213747828657,0.0016015411428151188,-0.0062993034091748095,-0.00644895171501865,0.0205914619695085,0.010055930280419501,0.0014238650515437188,-0.003376904364166884,-0.00932938797895117,0.01223577339761487,0.005584254148755744,0.004606576971042917,-0.0021847137557561257,0.03382118813647058,0.002130033239059674,-0.01351692548599927,-0.0029964042355563564,0.008507332483401376,-0.013544267130788355,-0.006958795486240502,0.0029421199072331376,-0.0015234994041180639,0.006628711669739181,-0.011573460297147417,0.006267725978856137,-0.0037845472548049637,0.010117469625536755,-0.018012065101934954,0.011378269533596507,-0.015074295572990119,0.018923708138998616,0.00762993540981549,7.810163651673428e-05,6.706140932123163e-06,-0.00019511500748819964,-0.013574489523284078,0.010938599440524412,0.023067498865285616,0.0006103230143470802,-0.0052690631332697226,-0.02055507302466169,0.014523362229571912,-0.006843830715538348,0.0012150770584813367,0.0022944777796953452,0.0005457927268758293,0.011388143250984313,0.008028794096664195
2024-11-06,-0.018983826522214156,-0.008021232454145509,-0.011449119150657761,0.021384780455282845,-0.02105169229682852,0.0022431236281087123,-0.017783197847635178,-0.0073453445830683785,-0.0015769759025355936,-0.027573170974504277,0.01339975637536289,-0.009860941296481181,-0.017069816307503625,-0.020845533979814774,0.0028284946417909025,0.0006215240047373295,0.005102503755368849,-0.006282304979092298,-0.016014445960445465,-0.00839398576031988,0.015992819025284582,-0.007429213202540211,0.00037228553263752955,-0.004149459177962934,-0.012811391473399235,-0.0175019627889135,-0.0015161552557690946,0.007241818028872503,-0.00925933228003455,0.0046199620672168675,-0.00806427738838781,-0.018699503792576577,-0.015049912767320896,-0.022051360306007996,-0.011203152206425237,-0.008833664399767861,0.004673911246956537,-0.01097742817554229,-0.0198023024811214,-0.01060441758638666,-0.011663654573226774,-0.01807445959682639,-0.011162034651682891,-0.011537379221995743,-0.022440327115901094,-0.0216289698662333,-0.02079019484276775,0.01339558476375547,0.002981885836988928,-0.016387635723805492,0.009456017162682098,-0.013627885757703306,-0.032572850292272776,0.0063484986813941244,-0.009852741100825308,-0.014010489755864247,-0.011675169450905163,0.0037729312663007768,-0.004720036240549997,0.021891602318632467,-0.00672911509972583,-0.024779364709220278,0.014762103782213971,-0.015576068884026087,-0.009334701833532778,-0.025798459679291542,-0.00746281739490041,-0.012019500172987564,-0.0004736754696095069,-0.0013515025354424058,-0.0055740136174853416,-0.008883206989850602,-0.01155742882097799,-0.008441732309908134,0.008658114385150295,0.011599197454653461,0.002771651879117692,-0.010535823415298868,-0.013544408019560961,-0.021419532549532126
2024-11-07,0.017388053267702822,0.025999521099270846,-0.01656218219319698,0.01700463425757722,0.011946076486099055,0.000667573039422852,0.019510301377387407,-0.0010799935541147667,0.013148686495123855,-0.003240997721251582,0.008646199837154258,0.017625111017199744,0.029519816235206147,0.019228921157518557,-0.010202274572488991,-0.0009836919523243835,-0.00187984484088018,-0.013460685938009953,-0.005030739257071877,0.026740544378755244,0.005956851391471318,0.011336654286591722,0.02584965226061047,0.013206682476263758,-0.009410676612045449,-0.0031301498482570445,0.001423237022402401,-0.0029618831829507893,0.019819608909765134,0.006242206950719613,-0.01479304872725991,-0.00335446301798734,0.002833829369229409,-0.013778135400238721,0.02326237512570573,0.00617469491876621,-0.029365301765486778,0.04041812593276673,0.0073129070876378575,0.018443100520120766,0.003626652880757922,-0.005485492976046087,0.002121570057419399,0.020718833976892635,0.008486315028851048,-0.014861916723954226,0.02587899040589,0.00457490196226054,0.0014566323115919495,0.0042975463070809815,0.03634921722445743,0.007677542720394227,0.0035344835154794375,-0.0028136682949256244,0.010243383211722667,0.0129288144786225,0.012503570776258148,0.0004073988188527531,0.01408313589748426,0.005129863821467108,-0.0032002909819959634,0.011010590908589378,0.01046432146644634,-0.0003358669088112569,-0.008433347601816693,0.00317079276396483,0.006982225372607066,-0.011855567962952005,-0.01755077323011608,0.012037572116488055,0.008177716163582364,0.015540439282270817,0.010123791569811871,-0.01831534580082437,-0.026385854117873704,0.008531381823847474,-0.003906872621353749,0.006957995179172583,0.02887682052496633,-0.0005941034621368864
2024-11-08,-0.0198006230671813,-0.0038020223602019095,0.011763024483452176,0.024784132862456437,-0.014935439497776695,0.004939748953936283,-0.005049283973785837,0.0031866836786509636,0.00865477136558538,-0.009337563776732172,0.016066048931776208,-0.00039377688909191313,-0.012590974062271758,0.026093784019367794,-0.004690641161920053,0.019013292998313218,-0.011973046963637192,0.016743400612338033,0.0043822729795098235,0.011580231692851394,-0.013155900846054072,-0.011456233660876464,0.019711854073968242,0.002314213700624606,-0.015388368173954226,0.031498034541112836,-0.006105068489082319,-0.020296096320636968,4.1214972506019645e-05,0.009347598435177563,0.015442940708847474,0.02285305422059325,-0.0063196100315209384,0.011220643649465869,0.00947020671300013,-0.01206069024122213,0.0007461936488332571,0.02560644111121718,0.015102039479196442,0.0012400873126364766,-0.0003436732149357134,0.01619022080091923,-0.006989860491752249,0.004446751662157396,-0.019092367019434935,-0.013854823300147479,-0.0036825634480678647,-0.016154606783421864,-0.00694986186943013,0.004018919533211035,-0.0012787433717839818,0.01290496552782995,0.0029844901467440004,0.00885718494862573,0.004136257623352118,-0.00791756401881173,-0.001068841039943166,-0.006978738790910145,-0.010661666944065496,-0.003955120400660108,-0.024390772627903557,-0.013602987463115813,0.010627730838591892,0.006097295493223538,-0.017524402876981423,0.012238428443597916,0.009053987514062414,-0.017497898976015797,-0.009586863730921984,0.015266781753841007,0.012181594721548169,0.01541201748229417,-0.006641823198834831,0.015172777946012331,0.006404287393364108,0.014689232607205201,0.016980895966686685,0.008420996680716771,0.024003871460058265,0.006638874997213929
2024-11-11,-0.018998826048215293,0.009361743510046991,-0.0003044563082023038,-0.0022918585040877515,0.0055523925537728225,0.019001063100873555,-0.014102561094427934,-0.010386815149821869,-0.028567489553869597,-0.002587465101460776,0.0036947382716789354,-0.003678282985653105,-0.025948397757725065,0.027440947813770433,0.0020416420739289183,-0.005194769859410118,-0.01918044275544718,0.0009879963646926351,-0.0032773340474598423,-0.020893317256218985,-0.0102563670238421,-0.003792623984830529,-0.013557568739109705,-0.0032152842303209,0.022935484766814777,-0.02158149404490381,-0.007205764181770946,0.00506052274591447,-0.0029661289693778785,0.01440850054197292,0.007246029991258679,-0.02686376749270554,-0.002957482426166934,-0.02106949081392453,-0.01638882144461476,0.003760073602000073,-0.020012176311507222,-0.0021571767627443904,-0.009876657844730836,-0.022325414088196237,0.0166119950614896,-0.007417828699782322,-0.007840680050726278,-0.00803944093006742,-0.0003613901562168863,-0.008405202736607829,-0.027661609605421578,-0.005159538118961797,0.0045740444870052376,-0.012275466050679968,-0.016165820564550078,0.02426403855650323,-0.0208785614540289,-0.0009955413698144156,-0.0058402080337791595,-0.015910724142006408,0.0030322074516468747,-0.0009808754368348296,-0.00856788769667611,-0.033486676434128,-0.009787904116322108,0.01554373348455973,-0.0030064988039859393,-0.0010203294960387556,-0.01417658959697497,0.0009963778731067133,-0.0036284146207569714,0.002557980912181155,0.0032185436772751274,0.008278465588212876,-0.003594352798286439,-0.01662131786289739,-0.012640779647751513,-0.015116431169784552,0.006341320996980239,-0.02789951581038304,-0.015895887837274546,-0.012150211641610509,-0.008008906146821133,-0.025684652741942357
2024-11-12,0.011635826166176793,0.004043160140490032,0.0189265846581498,0.02082907343812542,0.00597100469762204,0.012895529286576944,0.042347377815054266,0.004845873129869746,0.02815725212271218,0.03342678311805443,0.018410190152570612,0.023489777992771348,0.03331698352231689,0.05018992645115136,0.04058822743287469,0.03924312939177618,0.013656251003315797,0.023158209226776954,0.018652384283714817,0.028252262976748255,0.03160245425888528,0.01634023419531264,0.022202275041106674,0.0020792906479923517,0.0263031020536903,-0.004824051221622407,0.018470772422538258,0.027368028432436277,0.015462447529989232,-0.004826613127433651,0.03684228797235566,0.004245738177569333,0.021068304096834273,0.005400041681894139,0.01686938293961627,0.01619879388219412,0.02275516531097911,0.010966289295406875,0.01945898251557609,0.01836097832013912,0.001632431195210341,0.03735958417011613,0.01930136400851141,0.02637422126650453,0.0519944595779708,0.011646690359809718,0.02487974108402662,0.014686217135657115,0.032140837844091635,0.010992095384374694,0.005263301185420746,0.008777883318054855,0.01566706787461594,0.008197012263147067,0.012091968098636122,0.013790412965502995,0.013817299722253854,0.02555603963253535,0.024634352415953586,0.04581310011517972,0.012808943932992988,-0.0017451538661421538,0.024053565976530862,0.013721094649035322,0.013326191107144484,0.01774235379587443,0.005912645109282275,0.013622750305190107,0.01408199314832852,0.03904023692257425,0.022306260200159307,0.019365910323274248,0.0018936396052277073,0.0021924766619953965,0.0166492387164659,0.019077533740216146,0.012522663135400484,0.021437909045635896,0.01464088564614363,0.013020093556992268
2024-11-13,0.0005700101761386134,-0.0026402794470704307,-0.0008494764034696375,0.017358274519608648,-0.010377191621366298,-0.008551487629395171,-0.008283219373967247,-0.0016260688558126521,-0.002915689462848014,0.01520963694802292,-0.005143247344469829,0.032278321966095314,-0.0026251253229156854,0.01533836880654433,0.001813956314913396,-0.006190203272930505,-0.0020898212024076357,0.004888334843185802,-0.024038361626714213,0.003525477646841323,-0.015360663544376742,0.016401381955228285,-0.0200820609626612,-0.017526164473819418,0.0010559177653733463,-0.011234247269592264,0.005510426625067189,0.0011509360023002051,-0.023616619700812906,-0.03322015184838537,-0.005395326247449664,0.03204886935690231,-0.01570729362113311,0.02127822572024771,-0.005126116339896583,-0.0022508644546604907,0.0036792648361354276,0.010255999313857136,-0.005316442664156895,-0.00667770310317458,0.0020493750394144964,-0.01197413789166215,0.0006233245931972629,-0.0031417816475516943,0.014797404609270363,-0.007031572399602129,-0.01808631628960721,0.01073646165069819,0.017695528684685047,-0.006464735144640118,-0.00904981324942347,-0.005012345843958314,-0.008636571765324659,0.012876770257688004,0.015313091670099577,0.004167607782073771,-0.00656287344668351,-0.01648901255069963,-0.008747901846900991,0.005626533546722914,-0.004444801400756343,-0.0018021504167756094,-0.013703488509629578,-0.014422683222686975,0.013111309939628831,-0.008930951709205904,-0.0013642010184734359,0.022852673570909563,-0.02651195398769051,-0.0015810735007102741,-0.01078610103927104,0.007357311017504202,-0.01948403295486813,0.015651480665384947,-0.02019056017042927,0.008266774644952953,-0.010025576249557383,0.02167576320773256,0.005263334765248599,-0.009035450218061613
2024-11-14,0.0017358062013438128,0.014398435250003838,0.00578518324923485,-0.023789929545655814,0.010779407467958971,0.015547081711721776,-0.011407057807964091,0.0006483992468051254,-0.01008489471653066,-0.016252223625973464,0.0010269320478794716,-0.028988868717590578,-0.0030102680729427356,-0.004674796006708947,-0.01599919981452066,0.006484687910624062,0.02065098167796947,0.02227519770984922,0.008736650068905127,-0.01857554024663519,0.011879655510656582,0.011357474168156646,-0.0025813633298626465,0.013442604122703454,-0.010167050959041022,-0.00934825964720247,-0.008488136002406544,-0.0057628813997567425,0.00877956807079179,-0.0036455928214094,0.013735257207164519,-0.0027624234313158944,0.032860858978924955,0.012753687743325075,0.010789493180046884,0.00631147821881894,0.03772375504832487,0.00234668427102183,0.008979803954164015,-0.0005330946202046715,-0.008158571830753004,-0.009122446752219161,0.0036201230794582224,-0.0014710510102728044,0.006972412654958586,0.012913504819223555,0.017630723764521176,0.029721970812870264,-0.017667368731955055,0.0009514786233187924,0.01980539768863039,-0.009047249977121986,-0.0022164311433666628,0.019164471682561517,0.02318140160600042,0.0010073041683446398,0.0008105651309618165,0.004413791896582984,-0.0082198590308724,0.002092228104383486,-0.018531857101236816,-0.015063796744170023,-0.00915392934271975,0.007708968645799102,0.0018525854528490637,-0.0015149049500525426,0.008620261937631043,0.00887338208651231,0.008514623300429187,0.014662326468287487,0.01139629996590786,-0.014628987114668996,0.01098238387326757,-0.023868172398095487,0.007509012795181587,-0.016937453149453895,0.005321295806865373,-0.010521105618163265,-0.0013033729857962087,0.0032184226278052707
2024-11-15,0.016433782036617328,0.002930495150995654,0.005698612667841788,0.024077125400648994,-0.011674906228264028,-0.0068372362585657435,0.007109034209520825,0.010903072385575896,0.029257514998998667,0.002484027553462942,-0.00825857248720746,-0.008727759741131543,0.014983880428520394,0.00876787959834515,-0.021094360457786537,0.00477102582312364,0.014810990719500233,0.002775120665686867,0.009682151294716453,-0.024445677951425323,-0.0018498387259706147,-0.02121834044237225,0.00454294687932194,0.023075180378445845,0.005607906443013479,-0.007128354353897798,0.0005321472123025637,0.01435004525206064,-0.0017705102331728893,-0.009076923718821536,0.002291833582655888,0.01876681499520994,0.004270061259931409,0.018277628976414564,-0.002347166244832297,-0.024216232374441857,-0.00523078352444278,-0.008691253547316279,-0.01911340475172346,0.017416774608458557,-0.005205832405687262,0.004874877056486738,-0.03373572669603289,-0.0032745982164849993,-0.0016191363555479025,0.006458507440216682,0.00807034869232147,0.000505848698380466,0.022206684267657664,-0.011829009283648247,-0.00019290762832898295,0.010598893734078668,-0.0014638418581349795,-0.011732751086171335,-0.012595182099256445,0.02226843027769295,0.011125088081508286,0.005248447492341616,0.0039473060017374455,0.004883023658065338,-0.008968627892831113,-0.006984128007047448,-0.0020757497711563324,0.018547302783515192,0.016568490526008936,0.000772566291600866,0.0035380860787497777,0.016665883979987726,-0.00849545998585057,0.026423907552957968,0.011588836515458223,-0.005592521838309212,0.001191680073519075,-0.0009304690115115892,0.007761164969967551,-0.013929928742037344,0.026841996522375837,0.004929273613714442,-0.01582625177220648,0.002957855796162436
2024-11-18,0.018364806943134606,0.01644693869988317,-0.013947504246100091,0.03879639778773841,-0.022339243525883668,-0.020505933988494783,0.012419783048835505,-0.0011734963210246342,0.009132701420896418,0.0020717557003671156,-0.012363243231155601,0.003608547660627167,0.008986177705669538,-0.00927767994478844,-0.008796938160796618,0.013388238239961344,0.008858271505597625,0.0020462056942284887,-0.009250085526974866,0.03698603927791726,0.014314847259905287,-0.01583929158322151,0.0015402813282818827,-0.006869929637850352,0.00877538946669982,0.017513281480361596,0.010864106616501584,0.03204097676769535,-0.0049420683870484185,0.0033966519348629775,-0.022318202353518505,0.00819175689555204,-0.01984593183110729,-0.018375424594441397,0.02136677501056293,0.0257421292891016,-0.0027157339650938682,-0.006063357168100868,0.003625058839410752,-0.0056768545427156435,0.0008858233175022276,0.004126469671262575,0.0015162685622294274,0.008003134643655997,0.023136480380582684,-0.0007585522500207168,-0.005236736815753406,-0.011103871141300717,0.0068245809684761285,0.016259239127766292,-0.0004816346195093161,0.008731082942624797,0.009651841079428703,-0.016111888148138673,-0.012987873527770267,-0.013145860233255017,0.014745993117487605,0.0107681604612234,0.005757590895724822,-0.0025492903524839197,0.0062323663201018925,-0.006115570476259451,0.008426669161647117,0.011083089297372563,0.004237710216312054,0.0035411403228573736,0.013641723632203739,0.005479839383005069,-0.0015570700280601096,0.021627485654427823,-0.0022347179621079313,-0.010620226968881126,0.0172601388878252,-0.008991224211915077,0.01221735532230203,0.009620876549713133,0.015030872123752807,0.00352013221622231,-0.005336511886399199,-0.001422983016575436
2024-11-19,0.0048063508010029315,0.012830881507455474,-0.016140695794835694,0.014994149198404876,0.010956437867891064,0.014978488564558764,-0.008964351976455788,-0.028885892908338692,0.006911651981459084,0.013868537592965,0.01032322437717512,-0.02375399727861845,3.697660480318321e-05,-0.0012794975502581907,-0.00152253283343373,-0.01325506757808748,-0.0022850931877399063,-0.006477421935901226,-0.004780134247648024,-0.020474809702250796,-0.002864628321888346,0.008762247921348781,-0.012183267179183731,-0.0038508532860891216,-0.004132200117323528,0.0016439322346666453,-0.005440573082103638,0.02017393059239546,-0.004875526964161368,0.004901599346782174,-0.008672273885038667,-0.012428118865550232,-0.014618296841979937,-0.024902410699654876,0.019108754114032206,-0.0023963661898377337,-0.027701332274351596,-0.009616136471055798,-0.019916606614581868,0.003833239919349538,0.002848163819629459,-0.014243748003114332,0.014669976291999322,7.798805047060878e-05,0.010996621343944054,0.004651368579953841,0.004015563176601239,-0.0037031855925166012,-0.013873149341696575,-0.002671173112359925,0.0031494657933074446,0.012721748283654384,-0.012088116046432631,0.004371525610188036,0.0019835605144013797,-0.007253033609558199,0.005327003287846703,-0.0108785881206645,-0.024312602128119528,0.015128211547699798,-0.020885610046272568,-0.017871491274978075,-0.015032111089440088,-0.006656248965641118,0.010565107862569603,0.0016039540080483089,-0.013836397675437683,-0.00599254048914015,-0.00726699461856725,0.01132022064410019,0.004560517921952171,-0.03220781147753682,-0.0020017592255965784,-0.006799347832967206,-0.014349118037245003,0.00944622356934436,0.0017927987596024768,0.004659554002824235,0.0011029089311819975,0.005338066453351968
2024-11-20,0.017727833231549167,0.011294491957645484,0.012225042831427016,-0.004422305332826441,-0.0037188404473253445,0.0065487642623856,-0.0012537248142011122,-0.008112282640158912,0.030701893022595957,0.006424164142203865,0.0081834515362879,0.008135978023058155,0.021202453376186148,0.016228974081462046,0.026611460718396908,-0.008706856266195311,0.03551358356894242,-0.007965940321182186,0.006182861535472903,0.012727463124148502,0.01167310943325601,0.029806361149411348,0.014210809528914665,-0.005196707626606699,-0.005724537069630154,0.023520287466260198,0.0267765319269957,-0.006385318898048669,0.005622331641323633,0.019150264251725932,-0.0038840941733823704,0.005430751262903729,0.017252135892534513,-0.003980516255307109,0.022770911740003057,0.03793087712404732,0.010074436381826965,-0.006803564437054554,0.018574387334581315,0.0017497650894623303,-0.0036323697029566285,-0.008656199935300962,0.02587012713051609,0.008229336083906545,0.012957922785214128,0.011326357656124695,0.016125538833768507,0.002648443321050977,0.0033968936593334453,0.006278318864100709,0.0035271461077360095,0.0316720010469799,0.020810178490550734,0.028004412649816006,0.0023551254141100783,0.011503282007233783,0.023838817256116536,0.021708630702759243,0.0009080795832010838,0.018692330718144877,0.012460693234236016,0.052565994689360365,0.00012133208403740468,0.016404796413224343,0.0019217021977742405,0.00886556515472885,0.00559447105316032,0.03558419054595721,0.021160594173124204,0.006282866048482282,0.016539124040133434,0.014875045852715414,0.019329062129355427,-0.001051970279480014,-0.001605697431331923,-0.0006035505751630105,-0.009328136345036195,0.01685252446085268,0.005238519828362834,-0.0030233445237251577
2024-11-21,0.02101446697489463,0.0381294248345561,0.02161421602428518,-0.0003227521096722235,0.011510493085090015,0.009090556131446536,0.008105613004342425,0.014796517094104867,0.019145630460861582,0.01515765880199232,0.03043223702961135,0.022784087672132768,0.004429629867561144,-0.0006157401586402728,0.015209683965061498,0.010218121285573072,0.021644467543399815,0.0007204655066612043,0.005835967090700298,0.015573682054160577,0.015111511936067364,-0.024167510590202872,-0.005649590873995882,0.01220566491853523,0.01186662917742324,0.035855827098725326,0.00793744143664037,0.014379492019658293,0.010767411375627317,0.013478381376366297,0.021653776052138987,0.017348103940602384,0.0244754820476474,0.00827839124594211,0.010307240116943953,0.015008426601818439,0.01831125595375966,0.010314924592235555,0.01769247829258587,0.022432800494294084,0.016491902426951137,0.022692128705266015,0.013482401420306208,0.02094982475473739,0.016250943254582047,-0.0027457826131305355,0.017437893550589712,0.017996342001768792,0.010343129285894894,0.02431964082062095,0.01703039348863445,0.01890968001374913,-0.00017112666364403097,0.028865250525729223,-5.0932131461746064e-05,0.007164546393166181,0.011084483073396037,0.011895983557796438,0.0027401047897479235,-0.014454388901680954,0.011914463702383808,0.026891273172555005,0.018974921761655758,0.0017827429136844522,0.03201487144260601,0.008880427605788702,0.0013557977193163415,0.026832788599621064,0.025293138207901446,0.03815069816507945,-0.014486334505874384,0.01555744619670391,0.035185166031721025,0.02213038330955021,0.015155571315596065,0.005518482635720568,0.01512555044007589,0.009822093469318269,0.042850167934371845,0.019759203263448672
2024-11-22,-0.019856611440302388,-0.019764966251861835,-0.016915882427229387,-0.03804366897925982,-0.017098363262001724,-0.006543380614023658,-0.014788455260912294,-0.02387498674864554,-0.02672498774984794,-0.010582059741769966,-0.021054702663117958,0.010854653833379194,-0.011902619642688171,-0.015328491436718755,-0.021713177314462435,-0.028994221482821308,-0.020000780161171888,-0.003305032822320725,-0.002706680171970153,-0.01297213438439175,-0.04085591226718906,-0.006644102230499013,-0.002042691629439118,-0.023862399396431682,-0.03007279200255353,-0.006480136785926432,-0.011542102700649376,-0.018123301598900445,-0.007554558675668007,-0.012840294981077836,0.0006985706272692512,-0.01975999560149428,-0.02856958348804024,-0.023389501907427793,-0.0031773612031390994,-0.012640926343142862,-0.009178108459377806,0.005084203298712694,-0.03664456510081521,-0.024806160800243067,-0.027270966720538033,-0.03052162055569961,-0.02913926272562882,-0.02069488465885403,-0.03971748568180894,-0.010443429088331815,-0.006625027657322891,0.002955642480611533,-0.001945087661166349,-0.023550778265361352,-0.043054663849286426,-0.020160233698779118,-0.03797595929398735,-0.014380203021671926,-0.004315170850125001,-0.0276732806227972,-0.006515032931146407,0.010420274000601245,0.0164530004872821,-0.031407970433233505,0.006471447651313644,-0.0020895643675180996,-0.01649701621592572,-0.015243294793046069,-0.029077508232925427,-0.02654556787295922,-0.024327408795610076,-0.008128322451411747,-0.02060955248883756,-0.008873749749333058,-0.006169609992053947,-0.017671897896127248,-0.02528744269313051,-0.011492529983298866,-0.01024463709050614,-0.017862932076059282,-0.012744475003177507,-0.004409685136750972,-0.00944349802815082,-0.010528785885176726
2024-11-25,2.6727315963859504e-05,-0.006233636469758252,-0.006617143508376869,0.022027944252007735,0.001901374267747074,-0.01746254117074405,0.012840372866932391,-0.003026635547711417,-0.005158972462826147,-0.006169480447952609,0.0023197433297610275,0.016733660602784927,-0.0071016225669838055,-0.0035208850334378155,-0.015468428516489552,0.010145659791315658,-0.014116598346783677,0.012812557080063944,0.001481431091760809,0.007728188493305595,-0.004800072344421336,-0.006374364505602433,-0.005629180875393958,0.0023541823285677024,0.008291822032844313,0.015638832398003802,0.010572810560662706,-0.0032556882855471325,0.023652918417303062,0.0057551569172535275,-0.008018064389213242,-0.0071803528845208135,-0.011346053623427063,0.010135821011347915,0.006197146463547036,-0.000673910895420517,0.00975141547991602,-0.007746228744399454,-0.00654452948370906,0.02366852912648804,-0.011757741673719308,-0.0003314097083000466,0.004423316744425495,-0.0005854539596367196,0.010882516889484736,-0.03076047191465642,-0.0042987046685661855,0.009328520956621556,-0.010731706232915295,0.008876192091118614,-0.007842224190725656,0.009662268320735344,-0.008305696389460139,-0.01178815097079821,-0.014379070209764089,-0.012714100633436833,-0.012753158259273442,0.010218206191166361,0.00868550284305114,-0.010650763125855226,0.01572574838772746,0.01572450216018571,-0.00025639715506368347,-0.0007803594454629647,-0.015305167642957137,0.021946938174421074,-0.009728017534499372,0.0004636761976552343,-0.02133361106503749,0.013126718748241194,-0.012325894754897154,-0.0222207981545066,-0.010220062885150594,0.006609728515710436,0.0014095425593872667,0.0054457198483492475,0.011384136027882227,0.001849442318863684,0.008305828222011358,0.01214672100653392
2024-11-26,0.0012776020989938661,0.021852307056515547,0.006348714844412893,0.014049593612436947,0.009488661929400337,0.028779284526822123,-0.0020556191712350295,0.013585847968528166,0.011307266658685613,0.010344524734216758,-0.0065547738112376654,-0.0025069728446418874,0.017197887932361062,-0.006013186349956613,0.0364184272580054,0.012522043772375525,0.022466732444936445,-0.005934880702593106,0.01693078263301777,0.032368020091409926,0.017685845545745295,0.016788303964089372,0.014492354620413005,0.002697889580268757,0.010041060013151554,0.01977979371967737,0.0040315817357031184,0.02713265368040043,0.010510874919394418,0.003749878870120463,0.014782724879185973,-0.000521920067352525,-0.00808946914791665,0.013862701280354104,0.01867058629997288,0.005384812976170605,0.017148077931287958,-0.014150582533620703,-0.0028411060457432594,-0.004925570890501557,0.006193580035762283,0.006582917914048084,0.015376123091701523,0.0004970788503291107,0.04264636691501128,0.00400944374421704,0.01926037471424075,0.03297284545886935,0.0021802806640377143,-0.007844402708765168,-0.008756114396249794,0.034494879839039316,0.005195630507554557,-0.005318542323768661,0.011892729962188781,0.01465050439838628,0.030385166262731515,0.007425158089182988,0.016034310857698707,0.0050579841062952345,0.01991609426204613,0.008152159611287464,0.01306663188808009,0.030633632877551113,0.028298694163906256,-0.006209829952776138,0.008028087448497093,-0.0026462941236153233,0.03267447264274485,-0.0030297210981287924,0.029324751897005202,0.02840896045558422,-0.007192353812010259,-0.013270925020960932,-0.014722959712858922,0.019958335680798106,0.02158949895865974,0.010490585459585271,0.028978723473194697,-0.0007903202737395698
2024-11-27,0.015874989287188942,0.03420918742606997,0.015476037743071805,-0.009328665088401626,0.01091847411746559,0.02612094881289112,-0.002796884029476746,0.01723663582935631,0.01734500814395109,-0.0016094171791545147,0.0025436954666036397,0.016574009074747847,-0.009151480425800126,0.0005165298602475689,0.018141045923263446,0.005137532916358214,0.026080169641271134,-0.005271058190766824,0.00538927031371025,0.019515184128435913,0.004452752010031778,0.015843788939138764,0.00901865665159569,-0.01295786708013508,0.022182198968485226,-0.011189246699461928,0.00792848548251593,0.02975190540774953,-0.0017384967195063481,-0.008522537531835468,0.008862456746087797,0.010336595477461824,0.009741436357813892,0.007332384266532743,0.0166184127752583,-0.00836508411062092,0.0033404382799537445,0.0035591413630876602,-0.002341002984675213,0.010580675460128126,0.040766243491538165,-0.007408434876651871,0.019054082713868672,-0.011835158080766753,-0.019253958198425573,0.006378091344896587,-0.01943824460526848,-0.003567361612538341,0.011849820320486693,0.015628909315638612,-0.013621759891759486,0.009059364763070765,-0.00294341330023989,-0.009972820630161314,-0.00221795856334192,-0.0005111956492664432,0.03888666905361583,-0.0060215121306941444,0.00448217565077952,0.03283013144130688,0.002940324807937392,-0.0010321834745860969,0.023365213293935812,-0.01628177204513435,0.026550051848610548,-0.02422675838363743,-0.008453120459397548,0.017115420706037447,-0.012019524951529597,-0.00011057839307464668,-0.003102968798418297,0.003991898990179044,0.03879369455945821,-0.020728583205831586,-0.0026575921668534324,0.01147176635239794,-0.009356680629249685,0.006985173323182971,0.018979293576746232,-0.008909064853775421
2024-11-28,-0.02502105466644246,0.0033150456421431225,0.0012236781484838465,0.004886783051669941,-0.006827055704714006,0.00024810657108485963,-0.010170123144042068,0.003515034497325582,0.0056136449917196,-0.000574954172992307,0.004866124998195095,-0.011752443559900664,-0.009596711972222198,-0.03483267354308569,-0.0066727137793195865,-0.004789148175869151,-0.006004573961857193,-0.001105941508948485,0.000634825217505173,-0.0024332681868326914,-0.02527034847149344,-0.013694493592571704,-0.0014529628390935673,-0.03602353178895011,0.008122318348037729,0.010735158216077177,-0.008275503794616964,0.002537064000648586,-0.0018765472596416997,0.0024434446672118876,0.025348132955938074,0.00991116571898468,-0.00796720082371118,-0.013076643446561493,0.006687145603980508,0.0002990964907529066,-0.01314774561858773,-0.03986721884684683,-0.01616667830726677,0.01447841449531187,-0.005825730450065426,-0.014006097669721926,-0.013239717603299823,-0.002883451470473364,-0.01639401245549165,-0.0028527153505081664,-0.012039751853999438,-0.011600204847734125,-0.027637699376267564,-0.017712177137825337,-0.012092981930743889,-0.007196571737798192,0.0027709383245094754,-0.020371993620066864,0.02044038069893691,-0.00409012859446048,-0.0062789505369818,-0.017022134569589356,-0.008796671954375144,0.0071005369122751376,-0.017955225487842813,0.00944925569721689,0.001691365381273382,-0.00039343568334053274,-0.015171343571297125,-0.0008142299378498131,0.010461320476858375,0.014410961581308848,-0.011569664360028674,0.0017962274272334787,-0.01350960159403403,-0.015010215611149715,-0.0025395501117142947,0.012878682291095164,-0.015084454404220494,-0.005405961275684788,-0.011138953770260824,0.009077947792816007,-0.011105727763298384,-0.006940408037913378
2024-11-29,0.012892011017205664,-0.02025593238011317,-0.001462668613846958,0.01474259141076029,-0.02778762987637131,0.0069260582171358125,0.01873200741762991,-0.0005940552118878515,-0.0003693780483207239,-0.011149409274233538,-0.028652478337679935,0.013685368479078867,-0.006723018932934821,0.00776347960030644,0.008451925767588775,-0.011418764735419548,-0.0069087979790598275,-0.003037817450787476,0.011346985473976712,0.0019000611087472202,-0.012557222721720326,-0.00966635286547046,0.005353154871461305,-0.004256568203015294,-0.012705615060012977,0.004603173567186871,-0.01285021098045919,0.0009972428241308623,-0.017821090801278444,0.0009131912360413872,-0.014435973491368813,-0.011316146187478568,-0.003933453466141938,-0.01983191718468954,-0.004343577420003113,-0.01241357926644273,0.0011985362595126788,-0.00022706273120995987,0.000179041308349958,-0.01453244166708868,-0.009199827700468474,-0.013894888295930802,0.0032002512836286565,-0.012403870256844793,0.012375230647141688,-0.00755561743920413,-0.015430180450800721,0.0007981134723831157,-0.007929031409645694,-0.02158907399622218,-0.003834965625030967,0.004903355130994475,-0.007304699689727299,-0.003451895886509076,-0.018401382133468,-0.02639043083016605,-0.013847819202051312,-0.012209373993042016,-0.031192271836465703,0.006511978907629598,-0.003948755994081899,0.01502056186463437,-0.007547995434405973,-0.019346977568874435,0.02727696497976244,-0.027822001327211535,-0.010575061898253557,-0.006358025505013688,-0.005562096232189427,-0.010498184195228594,-0.008389683926759726,-0.0026098864627867226,-0.006190659073512855,0.006000807541241639,-0.01662679517822243,-0.009878954530016726,0.002812631522379594,0.001798239703119178,-5.666976938135601e-05,-0.006365304288325742
2024-12-02,0.002551056031335293,0.009898501389282898,0.01534648779621644,0.0006207193081785942,0.024273070803965728,0.028250809849382764,0.0008717667913973014,0.010723445674889498,0.010210049330820984,-0.0022247713900949376,0.00045190445388488404,0.022676005068864566,0.02342114790682641,0.009584966841586643,0.00285828478096606,0.015378989516830099,0.01646586841320025,0.012386471541629501,-0.00018410908556491974,0.01186963569073061,0.014167044179423955,0.02840226906580266,0.014493400974972087,0.03491129532549955,0.026123727540586186,0.01750278144057567,0.013055166486088465,0.010192044553087578,0.025351121449917385,0.0010121938202172723,0.022737361171766897,0.018269251683879426,0.0218580683913073,0.02784966194581408,0.014949170880752885,0.006460135053396789,0.008880062795310489,-0.0022319332734932456,0.01892923725429621,0.034695628225558266,0.024441409053538567,0.02852031070136899,0.01870717733143728,0.003613826474907624,0.021577881794062982,-0.011024354375058444,0.009020991488013792,0.029075859715783924,-0.006884304663692373,0.024139410573884107,0.008322341557112221,0.010438473317998968,-0.0023239487124731475,-0.02012875020310866,0.008528454081283412,0.02862613075735923,0.03582887298933449,0.02479047593977357,0.03232653690110461,0.008109046618393349,1.4435433402760003e-05,0.013007476523300594,0.03168389435641265,0.02005318242668027,0.0028913382189606415,0.006366340939372508,0.015893999697747623,0.015378793848638885,0.006295076713929787,0.0066917546698576046,0.006104710873924427,0.01973800608957693,0.0158855580668579,0.016604616893060684,-0.000947625213674164,0.01736897015568886,-0.003066819403053058,-0.0025103168533460504,0.012689988098775777,0.02705598688253931
2024-12-03,0.004276573936444258,-0.024796042168916545,-0.004805778385652021,-0.02499451801037138,0.003909805405312284,-0.015088042125270176,-0.02778868170301183,0.001193403383269424,-0.019716205899889743,-0.01944064579777135,-0.009990273247783728,-0.023565721654341978,-0.016166389980852597,-0.017307593463763895,0.004832629705850175,-0.037495824919864584,-0.0261276561211689,-0.005446339189603374,-0.003928437064800179,-0.012343985513792005,-0.0297709259728648,-0.01426750612718495,-0.0312994942608516,0.00566720521400586,-0.00963697550495195,-0.01746295087992897,0.007071023773193158,0.006467938957790513,0.0004629894180197044,0.0031300581004044745,-0.015583424827970038,-0.010489308978898566,-0.021165241818879594,0.0004580605366988656,-0.010880165655724038,0.0003328142895864198,-0.007749022332204421,-0.007326823582621669,-0.025166720380203657,-0.035383165294718966,-0.025323523874114788,-0.047482058865381774,-0.014625632565513183,-0.01630926979157991,-0.02609009671122492,0.006056991014310923,-0.001213236002430007,-0.015456127620371235,-0.001798299961743144,-0.01259046641011556,-0.0041816008147637935,-0.017121390839361823,-0.0010041590252174541,-0.019621053410683438,0.016833752890007346,-0.02379490627515343,-0.029033659414207456,-0.028191862030938517,-0.008620452940879273,-0.008411337121425826,-0.024150950021365556,-0.0027415056700945753,-0.007310038375702846,-0.004946605837237364,-0.021982902387400034,-0.012660483061756322,-0.006036924882459127,0.012306174565543572,-0.01987636014304634,-0.0175594988276608,-0.04111350480650006,-0.015276103955719093,-0.033463951995871224,-0.01933597048437031,-0.016285338730309167,-0.020106154364629855,-0.0017400477494734822,-0.0008834719630050145,-0.015886974650693116,-0.024049352164091424
2024-12-04,-0.018791162003600564,-0.00035633377058925985,-0.004864498653062406,-0.0030041606343787827,0.010085472198875008,-0.001953358211870082,-0.015029852983896256,-0.009201693044687013,-0.008779900232204768,-0.02346525257158525,0.02989246515596031,-0.008711151094283963,-0.00444203635894419,0.012314772729684807,0.020855417008299387,0.0042583696942659725,0.017829465033603765,-0.015585104967364573,-0.0051805435679293235,0.009122627119833061,-0.008281154509571492,-0.00691360858063814,-0.003907002717860876,-0.009827097495983874,-0.011098720313546757,-0.002422858369385623,-0.01778179636035985,-0.013568507794391742,0.0013716245733046317,-0.003046429347634839,0.004493092037787827,-0.009845814674959466,0.013263739930468275,-0.013139173022077457,-0.005644603435684187,0.012818544621588338,0.006414751621397546,0.009976294498491984,0.005650588712148372,0.0016302277715206273,-0.009055926226226385,-0.014954603512741,0.012370681441890746,0.009000003425559386,-0.0027832305549488614,0.016779403281407194,0.018088413823672395,-0.0013268645234317498,0.009301311905285227,0.004864510809136795,0.006327860640591936,-0.004827728662075507,0.016246472637730488,-0.007196355330738466,-0.008168333665315101,0.005241818339673227,0.009134065272985397,0.0221442959713987,-0.023167263211677273,0.010660366680090745,-0.0011010781267130664,0.020721860659637808,-0.007775227723755397,0.007370816345277538,-0.006870298331036771,-0.011959913683425864,0.021587228130329844,0.007394710024554648,0.008958214904989104,-0.009020474579096997,0.01933254129959457,-0.0012354086827662935,0.0059658515923746,-0.009845801370606347,0.008175508175910482,0.016850954574836888,-0.007282644724050246,0.0025425958420934713,0.020818763126899786,-0.019948870113626564
2024-12-05,0.008428860552742466,-0.017320408363495854,0.01157133226188233,0.019286223958102464,-0.006874875444991636,0.0056220793084169225,0.0015659314389239944,0.011124849929078246,-0.02279128210828958,-0.01722814238664886,-0.011277489823634844,-0.013483954012642713,-0.007658381002057773,-0.0015034822653508752,-0.003718008500147111,0.006363931617950625,-0.0016481592475274414,-0.005195547470582301,-0.019056119684558906,-0.0029537047746111935,-0.008226992717947633,0.0081749498426794,-0.021749921172341747,-0.012972203198941537,-0.017060250153014295,-0.017975451962358887,-0.00385494183471198,0.004595243285036697,0.014349738390162216,-0.0015619223886039993,-0.014293684943651519,-0.007386924039430205,-0.005426615720773397,0.0029468236495917978,-0.008767883904744056,-0.00879419081140278,-0.007625788132149122,0.008039590955756393,-0.010443514012054903,0.020637681377519455,-0.009279203518295587,-0.0010509284450842776,-0.006399346404687969,0.010376780874105807,-0.005903044783389437,-0.006434514419232011,0.00658059521843537,0.014336228351711106,-0.0004264272342193471,-0.004340885223826997,-0.011244346610385904,-0.00937255021487873,0.019049554689137757,-0.017757375908495052,0.0035881308167142736,0.00019478284735269854,-0.013927733514378059,-0.012486432425595884,-0.01920944325346829,0.008727879052294987,-0.005125477483240473,0.0048926588517528985,-0.0015653459543801531,-0.003765619726231382,-0.003612834595903179,0.014455272263197105,-0.0017678647913222235,0.00544154759583841,0.01558262803377494,0.013645988941449954,-4.179650171655478e-05,0.004855776282913748,-0.00833933282525173,-0.0035390229209447924,0.009548404481331907,0.01175960001645562,0.008264742535481304,0.0007275071215061698,-0.001633713556033348,0.006486344273220684
